clave_conceptual,termino_preferido_provisional,variantes,numero_variantes,apariciones,capas,fuentes_distintas,fuentes,tipos_evidencia,definiciones_explicitas,estado_10_3,canonizado,mef_dic_id,resolucion_autoridad_10_4,autoridad_principal,evidencia_subordinada,fundamento_autoridad,conflicto_detectado,decision_10_5,nombre_canonico_pre_id,aliases_provisionales,fundamento_10_5,estado_catalogo
accuracy,Accuracy,Accuracy,1,3,ENG,2,ENG-079;ENG-080,DEFINICION_EXPLICITA;ENCABEZADO,1,CANDIDATO_ENG_DEFINIDO,NO,NO_ASIGNADO,ENG_SUBORDINADO,,ENG-079;ENG-080,Sólo existe evidencia ENG; se conserva como evidencia técnica subordinada.,NO,DIFERIDO_ENG_ONLY,,,"Sólo posee evidencia ENG subordinada. Se conserva para compatibilidad/evolución, pero no se canoniza automáticamente.",DIFERIDO_ENG_ONLY
acknowledgement,Acknowledgement,Acknowledgement,1,5,ENG,4,ENG-032;ENG-041;ENG-077;ENG-087,CODIGO_INLINE;DEFINICION_EXPLICITA;ENCABEZADO,1,CANDIDATO_ENG_DEFINIDO,NO,NO_ASIGNADO,ENG_SUBORDINADO,,ENG-032;ENG-041;ENG-077;ENG-087,Sólo existe evidencia ENG; se conserva como evidencia técnica subordinada.,NO,DIFERIDO_ENG_ONLY,,,"Sólo posee evidencia ENG subordinada. Se conserva para compatibilidad/evolución, pero no se canoniza automáticamente.",DIFERIDO_ENG_ONLY
action,Action,Action,1,4,ENG,2,ENG-015;ENG-046,CODIGO_INLINE;ENCABEZADO,0,CANDIDATO_ENG_REPETIDO,NO,NO_ASIGNADO,ENG_SUBORDINADO,,ENG-015;ENG-046,Sólo existe evidencia ENG; se conserva como evidencia técnica subordinada.,NO,DIFERIDO_ENG_ONLY,,,"Sólo posee evidencia ENG subordinada. Se conserva para compatibilidad/evolución, pero no se canoniza automáticamente.",DIFERIDO_ENG_ONLY
activation,Activation,Activation,1,4,ENG,3,ENG-027;ENG-028;ENG-055,DEFINICION_EXPLICITA;ENCABEZADO,1,CANDIDATO_ENG_DEFINIDO,NO,NO_ASIGNADO,ENG_SUBORDINADO,,ENG-027;ENG-028;ENG-055,Sólo existe evidencia ENG; se conserva como evidencia técnica subordinada.,NO,DIFERIDO_ENG_ONLY,,,"Sólo posee evidencia ENG subordinada. Se conserva para compatibilidad/evolución, pero no se canoniza automáticamente.",DIFERIDO_ENG_ONLY
activation failure,Activation Failure,Activation Failure,1,5,ENG,3,ENG-027;ENG-028;ENG-029,ENCABEZADO,0,CANDIDATO_ENG_REPETIDO,NO,NO_ASIGNADO,ENG_SUBORDINADO,,ENG-027;ENG-028;ENG-029,Sólo existe evidencia ENG; se conserva como evidencia técnica subordinada.,NO,DIFERIDO_ENG_ONLY,,,"Sólo posee evidencia ENG subordinada. Se conserva para compatibilidad/evolución, pero no se canoniza automáticamente.",DIFERIDO_ENG_ONLY
activation precondition,Activation Preconditions,Activation Preconditions,1,3,ENG,3,ENG-028;ENG-047;ENG-060,ENCABEZADO,0,CANDIDATO_ENG_REPETIDO,NO,NO_ASIGNADO,ENG_SUBORDINADO,,ENG-028;ENG-047;ENG-060,Sólo existe evidencia ENG; se conserva como evidencia técnica subordinada.,NO,DIFERIDO_ENG_ONLY,,,"Sólo posee evidencia ENG subordinada. Se conserva para compatibilidad/evolución, pero no se canoniza automáticamente.",DIFERIDO_ENG_ONLY
active,Active,ACTIVE; Active,2,15,ENG,9,ENG-015;ENG-016;ENG-018;ENG-019;ENG-020;ENG-027;ENG-028;ENG-047;ENG-049,CODIGO_INLINE;ENCABEZADO;TABLA_COLUMNA_PRINCIPAL,0,CANDIDATO_ENG_REPETIDO,NO,NO_ASIGNADO,ENG_SUBORDINADO,,ENG-015;ENG-016;ENG-018;ENG-019;ENG-020;ENG-027;ENG-028;ENG-047;ENG-049,Sólo existe evidencia ENG; se conserva como evidencia técnica subordinada.,NO,DIFERIDO_ENG_ONLY,,,"Sólo posee evidencia ENG subordinada. Se conserva para compatibilidad/evolución, pero no se canoniza automáticamente.",DIFERIDO_ENG_ONLY
actor,Actor,Actor,1,4,ENG,2,ENG-035;ENG-046,CODIGO_INLINE;DEFINICION_EXPLICITA;ENCABEZADO,1,CANDIDATO_ENG_DEFINIDO,NO,NO_ASIGNADO,ENG_SUBORDINADO,,ENG-035;ENG-046,Sólo existe evidencia ENG; se conserva como evidencia técnica subordinada.,NO,DIFERIDO_ENG_ONLY,,,"Sólo posee evidencia ENG subordinada. Se conserva para compatibilidad/evolución, pero no se canoniza automáticamente.",DIFERIDO_ENG_ONLY
administrative permission,Administrative Permissions,Administrative Permission; Administrative Permissions,2,4,ENG,4,ENG-046;ENG-047;ENG-049;ENG-051,ENCABEZADO,0,CANDIDATO_ENG_REPETIDO,NO,NO_ASIGNADO,ENG_SUBORDINADO,,ENG-046;ENG-047;ENG-049;ENG-051,Sólo existe evidencia ENG; se conserva como evidencia técnica subordinada.,NO,DIFERIDO_ENG_ONLY,,Administrative Permission,"Sólo posee evidencia ENG subordinada. Se conserva para compatibilidad/evolución, pero no se canoniza automáticamente.",DIFERIDO_ENG_ONLY
admission control,Admission Control,Admission Control,1,5,ENG,4,ENG-026;ENG-039;ENG-071;ENG-073,DEFINICION_EXPLICITA;ENCABEZADO,1,CANDIDATO_ENG_DEFINIDO,NO,NO_ASIGNADO,ENG_SUBORDINADO,,ENG-026;ENG-039;ENG-071;ENG-073,Sólo existe evidencia ENG; se conserva como evidencia técnica subordinada.,NO,DIFERIDO_ENG_ONLY,,,"Sólo posee evidencia ENG subordinada. Se conserva para compatibilidad/evolución, pero no se canoniza automáticamente.",DIFERIDO_ENG_ONLY
advice,Advice,Advice,1,3,ENG,2,ENG-046;ENG-051,CODIGO_INLINE;DEFINICION_EXPLICITA;ENCABEZADO,1,CANDIDATO_ENG_DEFINIDO,NO,NO_ASIGNADO,ENG_SUBORDINADO,,ENG-046;ENG-051,Sólo existe evidencia ENG; se conserva como evidencia técnica subordinada.,NO,DIFERIDO_ENG_ONLY,,,"Sólo posee evidencia ENG subordinada. Se conserva para compatibilidad/evolución, pero no se canoniza automáticamente.",DIFERIDO_ENG_ONLY
aggregate,Aggregate,Aggregate,1,4,ENG,3,ENG-022;ENG-029;ENG-035,CODIGO_INLINE;ENCABEZADO,0,CANDIDATO_ENG_REPETIDO,NO,NO_ASIGNADO,ENG_SUBORDINADO,,ENG-022;ENG-029;ENG-035,Sólo existe evidencia ENG; se conserva como evidencia técnica subordinada.,NO,DIFERIDO_ENG_ONLY,,,"Sólo posee evidencia ENG subordinada. Se conserva para compatibilidad/evolución, pero no se canoniza automáticamente.",DIFERIDO_ENG_ONLY
aggregation,Aggregation,Aggregation,1,3,ENG,3,ENG-041;ENG-081;ENG-082,ENCABEZADO,0,CANDIDATO_ENG_REPETIDO,NO,NO_ASIGNADO,ENG_SUBORDINADO,,ENG-041;ENG-081;ENG-082,Sólo existe evidencia ENG; se conserva como evidencia técnica subordinada.,NO,DIFERIDO_ENG_ONLY,,,"Sólo posee evidencia ENG subordinada. Se conserva para compatibilidad/evolución, pero no se canoniza automáticamente.",DIFERIDO_ENG_ONLY
alerting,Alerting,Alerting,1,4,ENG,4,ENG-023;ENG-024;ENG-025;ENG-041,ENCABEZADO,0,CANDIDATO_ENG_REPETIDO,NO,NO_ASIGNADO,ENG_SUBORDINADO,,ENG-023;ENG-024;ENG-025;ENG-041,Sólo existe evidencia ENG; se conserva como evidencia técnica subordinada.,NO,DIFERIDO_ENG_ONLY,,,"Sólo posee evidencia ENG subordinada. Se conserva para compatibilidad/evolución, pero no se canoniza automáticamente.",DIFERIDO_ENG_ONLY
allow,ALLOW,ALLOW; Allow,2,3,ENG,3,ENG-040;ENG-046;ENG-051,CODIGO_INLINE;ENCABEZADO,0,CANDIDATO_ENG_REPETIDO,NO,NO_ASIGNADO,ENG_SUBORDINADO,,ENG-040;ENG-046;ENG-051,Sólo existe evidencia ENG; se conserva como evidencia técnica subordinada.,NO,DIFERIDO_ENG_ONLY,,,"Sólo posee evidencia ENG subordinada. Se conserva para compatibilidad/evolución, pero no se canoniza automáticamente.",DIFERIDO_ENG_ONLY
annotation,Annotation,Annotation,1,2,ENG,1,ENG-057,DEFINICION_EXPLICITA,2,CANDIDATO_ENG_DEFINIDO,NO,NO_ASIGNADO,ENG_SUBORDINADO,,ENG-057,Sólo existe evidencia ENG; se conserva como evidencia técnica subordinada.,NO,DIFERIDO_ENG_ONLY,,,"Sólo posee evidencia ENG subordinada. Se conserva para compatibilidad/evolución, pero no se canoniza automáticamente.",DIFERIDO_ENG_ONLY
api compatibility,API Compatibility,API Compatibility,1,3,ENG,3,ENG-016;ENG-044;ENG-066,ENCABEZADO,0,CANDIDATO_ENG_REPETIDO,NO,NO_ASIGNADO,ENG_SUBORDINADO,,ENG-016;ENG-044;ENG-066,Sólo existe evidencia ENG; se conserva como evidencia técnica subordinada.,NO,DIFERIDO_ENG_ONLY,,,"Sólo posee evidencia ENG subordinada. Se conserva para compatibilidad/evolución, pero no se canoniza automáticamente.",DIFERIDO_ENG_ONLY
api engineering,API Engineering,API Engineering,1,4,ENG,3,ENG-043;ENG-044;ENG-061,DEFINICION_EXPLICITA;ENCABEZADO;TERMINO_DESTACADO,1,CANDIDATO_ENG_DEFINIDO,NO,NO_ASIGNADO,ENG_SUBORDINADO,,ENG-043;ENG-044;ENG-061,Sólo existe evidencia ENG; se conserva como evidencia técnica subordinada.,NO,DIFERIDO_ENG_ONLY,,,"Sólo posee evidencia ENG subordinada. Se conserva para compatibilidad/evolución, pero no se canoniza automáticamente.",DIFERIDO_ENG_ONLY
api integration,API Integration,API Integration,1,13,ENG,13,ENG-015;ENG-034;ENG-035;ENG-045;ENG-046;ENG-047;ENG-048;ENG-049;ENG-050;ENG-051;ENG-052;ENG-054;ENG-055,ENCABEZADO,0,CANDIDATO_ENG_REPETIDO,NO,NO_ASIGNADO,ENG_SUBORDINADO,,ENG-015;ENG-034;ENG-035;ENG-045;ENG-046;ENG-047;ENG-048;ENG-049;ENG-050;ENG-051;ENG-052;ENG-054;ENG-055,Sólo existe evidencia ENG; se conserva como evidencia técnica subordinada.,NO,DIFERIDO_ENG_ONLY,,,"Sólo posee evidencia ENG subordinada. Se conserva para compatibilidad/evolución, pero no se canoniza automáticamente.",DIFERIDO_ENG_ONLY
api key,API Key,API Key,1,3,ENG,2,ENG-044;ENG-045,CODIGO_INLINE;ENCABEZADO,0,CANDIDATO_ENG_REPETIDO,NO,NO_ASIGNADO,ENG_SUBORDINADO,,ENG-044;ENG-045,Sólo existe evidencia ENG; se conserva como evidencia técnica subordinada.,NO,DIFERIDO_ENG_ONLY,,,"Sólo posee evidencia ENG subordinada. Se conserva para compatibilidad/evolución, pero no se canoniza automáticamente.",DIFERIDO_ENG_ONLY
api key in url,API Key in URL,API Key in URL,1,3,ENG,2,ENG-044;ENG-045,ENCABEZADO,0,CANDIDATO_ENG_REPETIDO,NO,NO_ASIGNADO,ENG_SUBORDINADO,,ENG-044;ENG-045,Sólo existe evidencia ENG; se conserva como evidencia técnica subordinada.,NO,DIFERIDO_ENG_ONLY,,,"Sólo posee evidencia ENG subordinada. Se conserva para compatibilidad/evolución, pero no se canoniza automáticamente.",DIFERIDO_ENG_ONLY
api validation,API Validation,API Validation,1,3,ENG,3,ENG-035;ENG-036;ENG-044,ENCABEZADO,0,CANDIDATO_ENG_REPETIDO,NO,NO_ASIGNADO,ENG_SUBORDINADO,,ENG-035;ENG-036;ENG-044,Sólo existe evidencia ENG; se conserva como evidencia técnica subordinada.,NO,DIFERIDO_ENG_ONLY,,,"Sólo posee evidencia ENG subordinada. Se conserva para compatibilidad/evolución, pero no se canoniza automáticamente.",DIFERIDO_ENG_ONLY
application,Application,/Application; Application,2,5,ENG,4,ENG-006;ENG-039;ENG-040;ENG-041,CODIGO_INLINE;ENCABEZADO,0,CANDIDATO_ENG_REPETIDO,NO,NO_ASIGNADO,ENG_SUBORDINADO,,ENG-006;ENG-039;ENG-040;ENG-041,Sólo existe evidencia ENG; se conserva como evidencia técnica subordinada.,NO,DIFERIDO_ENG_ONLY,,/Application,"Sólo posee evidencia ENG subordinada. Se conserva para compatibilidad/evolución, pero no se canoniza automáticamente.",DIFERIDO_ENG_ONLY
application health,Application Health,Application Health,1,2,ENG,1,ENG-069,DEFINICION_EXPLICITA;ENCABEZADO,1,CANDIDATO_ENG_DEFINIDO,NO,NO_ASIGNADO,ENG_SUBORDINADO,,ENG-069,Sólo existe evidencia ENG; se conserva como evidencia técnica subordinada.,NO,DIFERIDO_ENG_ONLY,,,"Sólo posee evidencia ENG subordinada. Se conserva para compatibilidad/evolución, pero no se canoniza automáticamente.",DIFERIDO_ENG_ONLY
application integration,Application Integration,Application Integration,1,10,ENG,10,ENG-035;ENG-042;ENG-046;ENG-047;ENG-048;ENG-049;ENG-050;ENG-051;ENG-052;ENG-053,ENCABEZADO,0,CANDIDATO_ENG_REPETIDO,NO,NO_ASIGNADO,ENG_SUBORDINADO,,ENG-035;ENG-042;ENG-046;ENG-047;ENG-048;ENG-049;ENG-050;ENG-051;ENG-052;ENG-053,Sólo existe evidencia ENG; se conserva como evidencia técnica subordinada.,NO,DIFERIDO_ENG_ONLY,,,"Sólo posee evidencia ENG subordinada. Se conserva para compatibilidad/evolución, pero no se canoniza automáticamente.",DIFERIDO_ENG_ONLY
application layer,Application Layer,Application Layer,1,3,ENG,1,ENG-034,CODIGO_INLINE;DEFINICION_EXPLICITA;ENCABEZADO,1,CANDIDATO_ENG_DEFINIDO,NO,NO_ASIGNADO,ENG_SUBORDINADO,,ENG-034,Sólo existe evidencia ENG; se conserva como evidencia técnica subordinada.,NO,DIFERIDO_ENG_ONLY,,,"Sólo posee evidencia ENG subordinada. Se conserva para compatibilidad/evolución, pero no se canoniza automáticamente.",DIFERIDO_ENG_ONLY
application lifecycle,Application Lifecycle,Application Lifecycle,1,3,ENG,3,ENG-015;ENG-034;ENG-055,ENCABEZADO,0,CANDIDATO_ENG_REPETIDO,NO,NO_ASIGNADO,ENG_SUBORDINADO,,ENG-015;ENG-034;ENG-055,Sólo existe evidencia ENG; se conserva como evidencia técnica subordinada.,NO,DIFERIDO_ENG_ONLY,,,"Sólo posee evidencia ENG subordinada. Se conserva para compatibilidad/evolución, pero no se canoniza automáticamente.",DIFERIDO_ENG_ONLY
application precondition,Application Precondition,Application Precondition,1,3,ENG,2,ENG-034;ENG-036,CODIGO_INLINE;ENCABEZADO,0,CANDIDATO_ENG_REPETIDO,NO,NO_ASIGNADO,ENG_SUBORDINADO,,ENG-034;ENG-036,Sólo existe evidencia ENG; se conserva como evidencia técnica subordinada.,NO,DIFERIDO_ENG_ONLY,,,"Sólo posee evidencia ENG subordinada. Se conserva para compatibilidad/evolución, pero no se canoniza automáticamente.",DIFERIDO_ENG_ONLY
approval,Approval,Approval,1,3,ENG,3,ENG-017;ENG-021;ENG-047,ENCABEZADO,0,CANDIDATO_ENG_REPETIDO,NO,NO_ASIGNADO,ENG_SUBORDINADO,,ENG-017;ENG-021;ENG-047,Sólo existe evidencia ENG; se conserva como evidencia técnica subordinada.,NO,DIFERIDO_ENG_ONLY,,,"Sólo posee evidencia ENG subordinada. Se conserva para compatibilidad/evolución, pero no se canoniza automáticamente.",DIFERIDO_ENG_ONLY
approved,Approved,APPROVED; Approved,2,4,ENG,2,ENG-017;ENG-084,CODIGO_INLINE;ENCABEZADO;TABLA_COLUMNA_PRINCIPAL,0,CANDIDATO_ENG_REPETIDO,NO,NO_ASIGNADO,ENG_SUBORDINADO,,ENG-017;ENG-084,Sólo existe evidencia ENG; se conserva como evidencia técnica subordinada.,NO,DIFERIDO_ENG_ONLY,,,"Sólo posee evidencia ENG subordinada. Se conserva para compatibilidad/evolución, pero no se canoniza automáticamente.",DIFERIDO_ENG_ONLY
architectural fitness function,Architectural Fitness Functions,Architectural Fitness Functions,1,4,ENG,2,ENG-001;ENG-009,ENCABEZADO;TERMINO_DESTACADO,0,CANDIDATO_ENG_REPETIDO,NO,NO_ASIGNADO,ENG_SUBORDINADO,,ENG-001;ENG-009,Sólo existe evidencia ENG; se conserva como evidencia técnica subordinada.,NO,DIFERIDO_ENG_ONLY,,,"Sólo posee evidencia ENG subordinada. Se conserva para compatibilidad/evolución, pero no se canoniza automáticamente.",DIFERIDO_ENG_ONLY
architectural state machine,Architectural State Machine,Architectural State Machine,1,3,ENG,2,ENG-015;ENG-052,ENCABEZADO;TERMINO_DESTACADO,0,CANDIDATO_ENG_REPETIDO,NO,NO_ASIGNADO,ENG_SUBORDINADO,,ENG-015;ENG-052,Sólo existe evidencia ENG; se conserva como evidencia técnica subordinada.,NO,DIFERIDO_ENG_ONLY,,,"Sólo posee evidencia ENG subordinada. Se conserva para compatibilidad/evolución, pero no se canoniza automáticamente.",DIFERIDO_ENG_ONLY
architecture graph,architecture graph,Architecture Graph; architecture graph,2,3,ENG,2,ENG-007;ENG-020,CODIGO_INLINE;ENCABEZADO,0,CANDIDATO_ENG_REPETIDO,NO,NO_ASIGNADO,ENG_SUBORDINADO,,ENG-007;ENG-020,Sólo existe evidencia ENG; se conserva como evidencia técnica subordinada.,NO,DIFERIDO_ENG_ONLY,,,"Sólo posee evidencia ENG subordinada. Se conserva para compatibilidad/evolución, pero no se canoniza automáticamente.",DIFERIDO_ENG_ONLY
architecture test,Architecture Test,Architecture Test; Architecture Tests,2,64,ENG,64,ENG-002;ENG-009;ENG-015;ENG-018;ENG-019;ENG-035;ENG-036;ENG-038;ENG-039;ENG-040;ENG-041;ENG-042;ENG-043;ENG-044;ENG-045;ENG-046;ENG-047;ENG-048;ENG-049;ENG-050;ENG-051;ENG-052;ENG-053;ENG-054;ENG-055;ENG-056;ENG-057;ENG-058;ENG-059;ENG-060;ENG-061;ENG-062;ENG-063;ENG-064;ENG-065;ENG-066;ENG-067;ENG-068;ENG-069;ENG-070;ENG-071;ENG-072;ENG-073;ENG-074;ENG-075;ENG-076;ENG-077;ENG-078;ENG-079;ENG-080;ENG-081;ENG-082;ENG-083;ENG-084;ENG-085;ENG-086;ENG-087;ENG-088;ENG-089;ENG-090;ENG-091;ENG-092;ENG-093;ENG-094,ENCABEZADO,0,CANDIDATO_ENG_REPETIDO,NO,NO_ASIGNADO,ENG_SUBORDINADO,,ENG-002;ENG-009;ENG-015;ENG-018;ENG-019;ENG-035;ENG-036;ENG-038;ENG-039;ENG-040;ENG-041;ENG-042;ENG-043;ENG-044;ENG-045;ENG-046;ENG-047;ENG-048;ENG-049;ENG-050;ENG-051;ENG-052;ENG-053;ENG-054;ENG-055;ENG-056;ENG-057;ENG-058;ENG-059;ENG-060;ENG-061;ENG-062;ENG-063;ENG-064;ENG-065;ENG-066;ENG-067;ENG-068;ENG-069;ENG-070;ENG-071;ENG-072;ENG-073;ENG-074;ENG-075;ENG-076;ENG-077;ENG-078;ENG-079;ENG-080;ENG-081;ENG-082;ENG-083;ENG-084;ENG-085;ENG-086;ENG-087;ENG-088;ENG-089;ENG-090;ENG-091;ENG-092;ENG-093;ENG-094,Sólo existe evidencia ENG; se conserva como evidencia técnica subordinada.,NO,DIFERIDO_ENG_ONLY,,Architecture Tests,"Sólo posee evidencia ENG subordinada. Se conserva para compatibilidad/evolución, pero no se canoniza automáticamente.",DIFERIDO_ENG_ONLY
arquitectura recomendada,Arquitectura Recomendada,Arquitectura Recomendada,1,11,ENG,11,ENG-010;ENG-011;ENG-013;ENG-014;ENG-015;ENG-018;ENG-019;ENG-020;ENG-021;ENG-022;ENG-023,ENCABEZADO,0,CANDIDATO_ENG_REPETIDO,NO,NO_ASIGNADO,ENG_SUBORDINADO,,ENG-010;ENG-011;ENG-013;ENG-014;ENG-015;ENG-018;ENG-019;ENG-020;ENG-021;ENG-022;ENG-023,Sólo existe evidencia ENG; se conserva como evidencia técnica subordinada.,NO,DIFERIDO_ENG_ONLY,,,"Sólo posee evidencia ENG subordinada. Se conserva para compatibilidad/evolución, pero no se canoniza automáticamente.",DIFERIDO_ENG_ONLY
artifact identity,Artifact Identity,Artifact Identity,1,3,ENG,3,ENG-012;ENG-066;ENG-067,ENCABEZADO,0,CANDIDATO_ENG_REPETIDO,NO,NO_ASIGNADO,ENG_SUBORDINADO,,ENG-012;ENG-066;ENG-067,Sólo existe evidencia ENG; se conserva como evidencia técnica subordinada.,NO,DIFERIDO_ENG_ONLY,,,"Sólo posee evidencia ENG subordinada. Se conserva para compatibilidad/evolución, pero no se canoniza automáticamente.",DIFERIDO_ENG_ONLY
artifact promotion,Artifact Promotion,Artifact Promotion,1,4,ENG,4,ENG-014;ENG-017;ENG-067;ENG-068,ENCABEZADO,0,CANDIDATO_ENG_REPETIDO,NO,NO_ASIGNADO,ENG_SUBORDINADO,,ENG-014;ENG-017;ENG-067;ENG-068,Sólo existe evidencia ENG; se conserva como evidencia técnica subordinada.,NO,DIFERIDO_ENG_ONLY,,,"Sólo posee evidencia ENG subordinada. Se conserva para compatibilidad/evolución, pero no se canoniza automáticamente.",DIFERIDO_ENG_ONLY
at-least-once,At-Least-Once,At-Least-Once,1,5,ENG,5,ENG-022;ENG-032;ENG-040;ENG-041;ENG-064,ENCABEZADO,0,CANDIDATO_ENG_REPETIDO,NO,NO_ASIGNADO,ENG_SUBORDINADO,,ENG-022;ENG-032;ENG-040;ENG-041;ENG-064,Sólo existe evidencia ENG; se conserva como evidencia técnica subordinada.,NO,DIFERIDO_ENG_ONLY,,,"Sólo posee evidencia ENG subordinada. Se conserva para compatibilidad/evolución, pero no se canoniza automáticamente.",DIFERIDO_ENG_ONLY
at-most-once,At-Most-Once,At-Most-Once,1,5,ENG,5,ENG-022;ENG-032;ENG-040;ENG-041;ENG-064,ENCABEZADO,0,CANDIDATO_ENG_REPETIDO,NO,NO_ASIGNADO,ENG_SUBORDINADO,,ENG-022;ENG-032;ENG-040;ENG-041;ENG-064,Sólo existe evidencia ENG; se conserva como evidencia técnica subordinada.,NO,DIFERIDO_ENG_ONLY,,,"Sólo posee evidencia ENG subordinada. Se conserva para compatibilidad/evolución, pero no se canoniza automáticamente.",DIFERIDO_ENG_ONLY
atomicity,Atomicity,Atomicity,1,4,ENG,4,ENG-030;ENG-038;ENG-041;ENG-042,ENCABEZADO,0,CANDIDATO_ENG_REPETIDO,NO,NO_ASIGNADO,ENG_SUBORDINADO,,ENG-030;ENG-038;ENG-041;ENG-042,Sólo existe evidencia ENG; se conserva como evidencia técnica subordinada.,NO,DIFERIDO_ENG_ONLY,,,"Sólo posee evidencia ENG subordinada. Se conserva para compatibilidad/evolución, pero no se canoniza automáticamente.",DIFERIDO_ENG_ONLY
audit,Audit,Audit,1,15,ENG,15,ENG-011;ENG-013;ENG-015;ENG-017;ENG-020;ENG-021;ENG-024;ENG-030;ENG-034;ENG-045;ENG-047;ENG-048;ENG-049;ENG-069;ENG-083,DEFINICION_EXPLICITA;ENCABEZADO,1,CANDIDATO_ENG_DEFINIDO,NO,NO_ASIGNADO,ENG_SUBORDINADO,,ENG-011;ENG-013;ENG-015;ENG-017;ENG-020;ENG-021;ENG-024;ENG-030;ENG-034;ENG-045;ENG-047;ENG-048;ENG-049;ENG-069;ENG-083,Sólo existe evidencia ENG; se conserva como evidencia técnica subordinada.,NO,DIFERIDO_ENG_ONLY,,,"Sólo posee evidencia ENG subordinada. Se conserva para compatibilidad/evolución, pero no se canoniza automáticamente.",DIFERIDO_ENG_ONLY
audit event,Audit Events,Audit Event; Audit Events; Audit ≠ Event,3,23,ENG,23,ENG-024;ENG-034;ENG-056;ENG-065;ENG-066;ENG-067;ENG-068;ENG-069;ENG-070;ENG-071;ENG-072;ENG-073;ENG-074;ENG-075;ENG-076;ENG-077;ENG-078;ENG-079;ENG-080;ENG-081;ENG-083;ENG-084;ENG-085,ENCABEZADO,0,CANDIDATO_ENG_REPETIDO,NO,NO_ASIGNADO,ENG_SUBORDINADO,,ENG-024;ENG-034;ENG-056;ENG-065;ENG-066;ENG-067;ENG-068;ENG-069;ENG-070;ENG-071;ENG-072;ENG-073;ENG-074;ENG-075;ENG-076;ENG-077;ENG-078;ENG-079;ENG-080;ENG-081;ENG-083;ENG-084;ENG-085,Sólo existe evidencia ENG; se conserva como evidencia técnica subordinada.,NO,DIFERIDO_ENG_ONLY,,Audit Event; Audit ≠ Event,"Sólo posee evidencia ENG subordinada. Se conserva para compatibilidad/evolución, pero no se canoniza automáticamente.",DIFERIDO_ENG_ONLY
audit record,Audit Record,Audit Record,1,20,ENG,20,ENG-024;ENG-049;ENG-050;ENG-051;ENG-052;ENG-053;ENG-054;ENG-055;ENG-057;ENG-059;ENG-060;ENG-061;ENG-062;ENG-063;ENG-064;ENG-065;ENG-066;ENG-067;ENG-068;ENG-076,ENCABEZADO,0,CANDIDATO_ENG_REPETIDO,NO,NO_ASIGNADO,ENG_SUBORDINADO,,ENG-024;ENG-049;ENG-050;ENG-051;ENG-052;ENG-053;ENG-054;ENG-055;ENG-057;ENG-059;ENG-060;ENG-061;ENG-062;ENG-063;ENG-064;ENG-065;ENG-066;ENG-067;ENG-068;ENG-076,Sólo existe evidencia ENG; se conserva como evidencia técnica subordinada.,NO,DIFERIDO_ENG_ONLY,,,"Sólo posee evidencia ENG subordinada. Se conserva para compatibilidad/evolución, pero no se canoniza automáticamente.",DIFERIDO_ENG_ONLY
authentication,Authentication,Authentication,1,8,ENG,7,ENG-024;ENG-032;ENG-041;ENG-044;ENG-045;ENG-061;ENG-082,CODIGO_INLINE;ENCABEZADO,0,CANDIDATO_ENG_REPETIDO,NO,NO_ASIGNADO,ENG_SUBORDINADO,,ENG-024;ENG-032;ENG-041;ENG-044;ENG-045;ENG-061;ENG-082,Sólo existe evidencia ENG; se conserva como evidencia técnica subordinada.,NO,DIFERIDO_ENG_ONLY,,,"Sólo posee evidencia ENG subordinada. Se conserva para compatibilidad/evolución, pero no se canoniza automáticamente.",DIFERIDO_ENG_ONLY
authentication authorization,Authentication ≠ Authorization,Authentication = Authorization; Authentication ≠ Authorization,2,4,ENG,3,ENG-024;ENG-032;ENG-045,ENCABEZADO,0,CANDIDATO_ENG_REPETIDO,NO,NO_ASIGNADO,ENG_SUBORDINADO,,ENG-024;ENG-032;ENG-045,Sólo existe evidencia ENG; se conserva como evidencia técnica subordinada.,NO,DIFERIDO_ENG_ONLY,,Authentication = Authorization,"Sólo posee evidencia ENG subordinada. Se conserva para compatibilidad/evolución, pero no se canoniza automáticamente.",DIFERIDO_ENG_ONLY
authentication engineering,Authentication Engineering,Authentication Engineering,1,3,ENG,2,ENG-044;ENG-045,ENCABEZADO;TERMINO_DESTACADO,0,CANDIDATO_ENG_REPETIDO,NO,NO_ASIGNADO,ENG_SUBORDINADO,,ENG-044;ENG-045,Sólo existe evidencia ENG; se conserva como evidencia técnica subordinada.,NO,DIFERIDO_ENG_ONLY,,,"Sólo posee evidencia ENG subordinada. Se conserva para compatibilidad/evolución, pero no se canoniza automáticamente.",DIFERIDO_ENG_ONLY
authentication integration,Authentication Integration,Authentication Integration,1,9,ENG,9,ENG-046;ENG-047;ENG-048;ENG-049;ENG-050;ENG-051;ENG-052;ENG-053;ENG-054,ENCABEZADO,0,CANDIDATO_ENG_REPETIDO,NO,NO_ASIGNADO,ENG_SUBORDINADO,,ENG-046;ENG-047;ENG-048;ENG-049;ENG-050;ENG-051;ENG-052;ENG-053;ENG-054,Sólo existe evidencia ENG; se conserva como evidencia técnica subordinada.,NO,DIFERIDO_ENG_ONLY,,,"Sólo posee evidencia ENG subordinada. Se conserva para compatibilidad/evolución, pero no se canoniza automáticamente.",DIFERIDO_ENG_ONLY
authenticity,Authenticity,Authenticity,1,3,ENG,2,ENG-024;ENG-093,DEFINICION_EXPLICITA;ENCABEZADO,1,CANDIDATO_ENG_DEFINIDO,NO,NO_ASIGNADO,ENG_SUBORDINADO,,ENG-024;ENG-093,Sólo existe evidencia ENG; se conserva como evidencia técnica subordinada.,NO,DIFERIDO_ENG_ONLY,,,"Sólo posee evidencia ENG subordinada. Se conserva para compatibilidad/evolución, pero no se canoniza automáticamente.",DIFERIDO_ENG_ONLY
authority scope,Authority Scope,Authority Scope,1,3,ENG,3,ENG-079;ENG-081;ENG-085,ENCABEZADO,0,CANDIDATO_ENG_REPETIDO,NO,NO_ASIGNADO,ENG_SUBORDINADO,,ENG-079;ENG-081;ENG-085,Sólo existe evidencia ENG; se conserva como evidencia técnica subordinada.,NO,DIFERIDO_ENG_ONLY,,,"Sólo posee evidencia ENG subordinada. Se conserva para compatibilidad/evolución, pero no se canoniza automáticamente.",DIFERIDO_ENG_ONLY
authorization,Authorization,Authorization,1,15,ENG,14,ENG-015;ENG-024;ENG-031;ENG-034;ENG-041;ENG-042;ENG-044;ENG-046;ENG-061;ENG-082;ENG-088;ENG-091;ENG-092;ENG-093,CODIGO_INLINE;ENCABEZADO,0,CANDIDATO_ENG_REPETIDO,NO,NO_ASIGNADO,ENG_SUBORDINADO,,ENG-015;ENG-024;ENG-031;ENG-034;ENG-041;ENG-042;ENG-044;ENG-046;ENG-061;ENG-082;ENG-088;ENG-091;ENG-092;ENG-093,Sólo existe evidencia ENG; se conserva como evidencia técnica subordinada.,NO,DIFERIDO_ENG_ONLY,,,"Sólo posee evidencia ENG subordinada. Se conserva para compatibilidad/evolución, pero no se canoniza automáticamente.",DIFERIDO_ENG_ONLY
authorization engineering,Authorization Engineering,Authorization Engineering,1,3,ENG,2,ENG-045;ENG-046,ENCABEZADO;TERMINO_DESTACADO,0,CANDIDATO_ENG_REPETIDO,NO,NO_ASIGNADO,ENG_SUBORDINADO,,ENG-045;ENG-046,Sólo existe evidencia ENG; se conserva como evidencia técnica subordinada.,NO,DIFERIDO_ENG_ONLY,,,"Sólo posee evidencia ENG subordinada. Se conserva para compatibilidad/evolución, pero no se canoniza automáticamente.",DIFERIDO_ENG_ONLY
authorization error,Authorization Error,Authorization Error,1,3,ENG,3,ENG-039;ENG-044;ENG-046,ENCABEZADO,0,CANDIDATO_ENG_REPETIDO,NO,NO_ASIGNADO,ENG_SUBORDINADO,,ENG-039;ENG-044;ENG-046,Sólo existe evidencia ENG; se conserva como evidencia técnica subordinada.,NO,DIFERIDO_ENG_ONLY,,,"Sólo posee evidencia ENG subordinada. Se conserva para compatibilidad/evolución, pero no se canoniza automáticamente.",DIFERIDO_ENG_ONLY
authorization failure,Authorization Failure,Authorization Failure,1,3,ENG,3,ENG-024;ENG-039;ENG-040,ENCABEZADO,0,CANDIDATO_ENG_REPETIDO,NO,NO_ASIGNADO,ENG_SUBORDINADO,,ENG-024;ENG-039;ENG-040,Sólo existe evidencia ENG; se conserva como evidencia técnica subordinada.,NO,DIFERIDO_ENG_ONLY,,,"Sólo posee evidencia ENG subordinada. Se conserva para compatibilidad/evolución, pero no se canoniza automáticamente.",DIFERIDO_ENG_ONLY
authorization integration,Authorization Integration,Authorization Integration,1,8,ENG,8,ENG-047;ENG-048;ENG-049;ENG-050;ENG-051;ENG-052;ENG-053;ENG-054,ENCABEZADO,0,CANDIDATO_ENG_REPETIDO,NO,NO_ASIGNADO,ENG_SUBORDINADO,,ENG-047;ENG-048;ENG-049;ENG-050;ENG-051;ENG-052;ENG-053;ENG-054,Sólo existe evidencia ENG; se conserva como evidencia técnica subordinada.,NO,DIFERIDO_ENG_ONLY,,,"Sólo posee evidencia ENG subordinada. Se conserva para compatibilidad/evolución, pero no se canoniza automáticamente.",DIFERIDO_ENG_ONLY
authorization test,Authorization Test,Authorization Test; Authorization Tests,2,4,ENG,4,ENG-024;ENG-034;ENG-044;ENG-049,ENCABEZADO,0,CANDIDATO_ENG_REPETIDO,NO,NO_ASIGNADO,ENG_SUBORDINADO,,ENG-024;ENG-034;ENG-044;ENG-049,Sólo existe evidencia ENG; se conserva como evidencia técnica subordinada.,NO,DIFERIDO_ENG_ONLY,,Authorization Tests,"Sólo posee evidencia ENG subordinada. Se conserva para compatibilidad/evolución, pero no se canoniza automáticamente.",DIFERIDO_ENG_ONLY
automatic rollback,Automatic Rollback,Automatic Rollback,1,4,ENG,4,ENG-013;ENG-042;ENG-049;ENG-050,ENCABEZADO,0,CANDIDATO_ENG_REPETIDO,NO,NO_ASIGNADO,ENG_SUBORDINADO,,ENG-013;ENG-042;ENG-049;ENG-050,Sólo existe evidencia ENG; se conserva como evidencia técnica subordinada.,NO,DIFERIDO_ENG_ONLY,,,"Sólo posee evidencia ENG subordinada. Se conserva para compatibilidad/evolución, pero no se canoniza automáticamente.",DIFERIDO_ENG_ONLY
availability,Availability,Availability,1,8,ENG,4,ENG-024;ENG-073;ENG-088;ENG-093,CODIGO_INLINE;DEFINICION_EXPLICITA;ENCABEZADO,4,CANDIDATO_ENG_DEFINIDO,NO,NO_ASIGNADO,ENG_SUBORDINADO,,ENG-024;ENG-073;ENG-088;ENG-093,Sólo existe evidencia ENG; se conserva como evidencia técnica subordinada.,NO,DIFERIDO_ENG_ONLY,,,"Sólo posee evidencia ENG subordinada. Se conserva para compatibilidad/evolución, pero no se canoniza automáticamente.",DIFERIDO_ENG_ONLY
availability engineering,Availability Engineering,Availability Engineering,1,3,ENG,1,ENG-073,ENCABEZADO;TERMINO_DESTACADO,0,CANDIDATO_ENG_REPETIDO,NO,NO_ASIGNADO,ENG_SUBORDINADO,,ENG-073,Sólo existe evidencia ENG; se conserva como evidencia técnica subordinada.,NO,DIFERIDO_ENG_ONLY,,,"Sólo posee evidencia ENG subordinada. Se conserva para compatibilidad/evolución, pero no se canoniza automáticamente.",DIFERIDO_ENG_ONLY
background work,Background Work,Background Work,1,3,ENG,1,ENG-040,CODIGO_INLINE;DEFINICION_EXPLICITA;ENCABEZADO,1,CANDIDATO_ENG_DEFINIDO,NO,NO_ASIGNADO,ENG_SUBORDINADO,,ENG-040,Sólo existe evidencia ENG; se conserva como evidencia técnica subordinada.,NO,DIFERIDO_ENG_ONLY,,,"Sólo posee evidencia ENG subordinada. Se conserva para compatibilidad/evolución, pero no se canoniza automáticamente.",DIFERIDO_ENG_ONLY
backoff,Backoff,Backoff,1,6,ENG,5,ENG-022;ENG-030;ENG-032;ENG-038;ENG-039,CODIGO_INLINE;ENCABEZADO,0,CANDIDATO_ENG_REPETIDO,NO,NO_ASIGNADO,ENG_SUBORDINADO,,ENG-022;ENG-030;ENG-032;ENG-038;ENG-039,Sólo existe evidencia ENG; se conserva como evidencia técnica subordinada.,NO,DIFERIDO_ENG_ONLY,,,"Sólo posee evidencia ENG subordinada. Se conserva para compatibilidad/evolución, pero no se canoniza automáticamente.",DIFERIDO_ENG_ONLY
backpressure,Backpressure,Backpressure,1,15,ENG,14,ENG-022;ENG-024;ENG-025;ENG-026;ENG-032;ENG-038;ENG-039;ENG-040;ENG-041;ENG-044;ENG-061;ENG-064;ENG-070;ENG-071,CODIGO_INLINE;ENCABEZADO,0,CANDIDATO_ENG_REPETIDO,NO,NO_ASIGNADO,ENG_SUBORDINADO,,ENG-022;ENG-024;ENG-025;ENG-026;ENG-032;ENG-038;ENG-039;ENG-040;ENG-041;ENG-044;ENG-061;ENG-064;ENG-070;ENG-071,Sólo existe evidencia ENG; se conserva como evidencia técnica subordinada.,NO,DIFERIDO_ENG_ONLY,,,"Sólo posee evidencia ENG subordinada. Se conserva para compatibilidad/evolución, pero no se canoniza automáticamente.",DIFERIDO_ENG_ONLY
backpressure test,Backpressure Test,Backpressure Test,1,3,ENG,3,ENG-032;ENG-054;ENG-064,ENCABEZADO,0,CANDIDATO_ENG_REPETIDO,NO,NO_ASIGNADO,ENG_SUBORDINADO,,ENG-032;ENG-054;ENG-064,Sólo existe evidencia ENG; se conserva como evidencia técnica subordinada.,NO,DIFERIDO_ENG_ONLY,,,"Sólo posee evidencia ENG subordinada. Se conserva para compatibilidad/evolución, pero no se canoniza automáticamente.",DIFERIDO_ENG_ONLY
backup,Backup,Backup; Backups,2,5,ENG,4,ENG-030;ENG-076;ENG-081;ENG-092,DEFINICION_EXPLICITA;ENCABEZADO,2,CANDIDATO_ENG_DEFINIDO,NO,NO_ASIGNADO,ENG_SUBORDINADO,,ENG-030;ENG-076;ENG-081;ENG-092,Sólo existe evidencia ENG; se conserva como evidencia técnica subordinada.,NO,DIFERIDO_ENG_ONLY,,Backups,"Sólo posee evidencia ENG subordinada. Se conserva para compatibilidad/evolución, pero no se canoniza automáticamente.",DIFERIDO_ENG_ONLY
backward compatibility,Backward Compatibility,Backward Compatibility,1,9,ENG,9,ENG-007;ENG-011;ENG-014;ENG-016;ENG-020;ENG-031;ENG-052;ENG-057;ENG-062,ENCABEZADO,0,CANDIDATO_ENG_REPETIDO,NO,NO_ASIGNADO,ENG_SUBORDINADO,,ENG-007;ENG-011;ENG-014;ENG-016;ENG-020;ENG-031;ENG-052;ENG-057;ENG-062,Sólo existe evidencia ENG; se conserva como evidencia técnica subordinada.,NO,DIFERIDO_ENG_ONLY,,,"Sólo posee evidencia ENG subordinada. Se conserva para compatibilidad/evolución, pero no se canoniza automáticamente.",DIFERIDO_ENG_ONLY
baggage,Baggage,Baggage,1,2,ENG,1,ENG-056,DEFINICION_EXPLICITA;TABLA_COLUMNA_PRINCIPAL,1,CANDIDATO_ENG_DEFINIDO,NO,NO_ASIGNADO,ENG_SUBORDINADO,,ENG-056,Sólo existe evidencia ENG; se conserva como evidencia técnica subordinada.,NO,DIFERIDO_ENG_ONLY,,,"Sólo posee evidencia ENG subordinada. Se conserva para compatibilidad/evolución, pero no se canoniza automáticamente.",DIFERIDO_ENG_ONLY
baseline condition,Baseline Conditions,Baseline Conditions,1,3,ENG,3,ENG-070;ENG-071;ENG-074,ENCABEZADO,0,CANDIDATO_ENG_REPETIDO,NO,NO_ASIGNADO,ENG_SUBORDINADO,,ENG-070;ENG-071;ENG-074,Sólo existe evidencia ENG; se conserva como evidencia técnica subordinada.,NO,DIFERIDO_ENG_ONLY,,,"Sólo posee evidencia ENG subordinada. Se conserva para compatibilidad/evolución, pero no se canoniza automáticamente.",DIFERIDO_ENG_ONLY
batch size,Batch Size,Batch Size,1,4,ENG,4,ENG-041;ENG-064;ENG-066;ENG-070,ENCABEZADO,0,CANDIDATO_ENG_REPETIDO,NO,NO_ASIGNADO,ENG_SUBORDINADO,,ENG-041;ENG-064;ENG-066;ENG-070,Sólo existe evidencia ENG; se conserva como evidencia técnica subordinada.,NO,DIFERIDO_ENG_ONLY,,,"Sólo posee evidencia ENG subordinada. Se conserva para compatibilidad/evolución, pero no se canoniza automáticamente.",DIFERIDO_ENG_ONLY
behavioral compatibility,Behavioral Compatibility,Behavioral Compatibility,1,3,ENG,3,ENG-014;ENG-016;ENG-021,ENCABEZADO,0,CANDIDATO_ENG_REPETIDO,NO,NO_ASIGNADO,ENG_SUBORDINADO,,ENG-014;ENG-016;ENG-021,Sólo existe evidencia ENG; se conserva como evidencia técnica subordinada.,NO,DIFERIDO_ENG_ONLY,,,"Sólo posee evidencia ENG subordinada. Se conserva para compatibilidad/evolución, pero no se canoniza automáticamente.",DIFERIDO_ENG_ONLY
benchmark,Benchmark,Benchmark,1,4,ENG,3,ENG-026;ENG-038;ENG-070,DEFINICION_EXPLICITA;ENCABEZADO,1,CANDIDATO_ENG_DEFINIDO,NO,NO_ASIGNADO,ENG_SUBORDINADO,,ENG-026;ENG-038;ENG-070,Sólo existe evidencia ENG; se conserva como evidencia técnica subordinada.,NO,DIFERIDO_ENG_ONLY,,,"Sólo posee evidencia ENG subordinada. Se conserva para compatibilidad/evolución, pero no se canoniza automáticamente.",DIFERIDO_ENG_ONLY
binding,Binding,Binding,1,3,ENG,2,ENG-018;ENG-019,CODIGO_INLINE;ENCABEZADO,0,CANDIDATO_ENG_REPETIDO,NO,NO_ASIGNADO,ENG_SUBORDINADO,,ENG-018;ENG-019,Sólo existe evidencia ENG; se conserva como evidencia técnica subordinada.,NO,DIFERIDO_ENG_ONLY,,,"Sólo posee evidencia ENG subordinada. Se conserva para compatibilidad/evolución, pero no se canoniza automáticamente.",DIFERIDO_ENG_ONLY
blast radius,Blast Radius,Blast Radius,1,3,ENG,3,ENG-024;ENG-073;ENG-080,ENCABEZADO,0,CANDIDATO_ENG_REPETIDO,NO,NO_ASIGNADO,ENG_SUBORDINADO,,ENG-024;ENG-073;ENG-080,Sólo existe evidencia ENG; se conserva como evidencia técnica subordinada.,NO,DIFERIDO_ENG_ONLY,,,"Sólo posee evidencia ENG subordinada. Se conserva para compatibilidad/evolución, pero no se canoniza automáticamente.",DIFERIDO_ENG_ONLY
bootstrap,Bootstrap,Bootstrap,1,33,ENG,32,ENG-027;ENG-032;ENG-037;ENG-039;ENG-041;ENG-043;ENG-044;ENG-045;ENG-046;ENG-047;ENG-049;ENG-050;ENG-051;ENG-052;ENG-053;ENG-054;ENG-055;ENG-056;ENG-057;ENG-058;ENG-059;ENG-060;ENG-061;ENG-062;ENG-063;ENG-064;ENG-065;ENG-066;ENG-068;ENG-069;ENG-071;ENG-073,DEFINICION_EXPLICITA;ENCABEZADO,1,CANDIDATO_ENG_DEFINIDO,NO,NO_ASIGNADO,ENG_SUBORDINADO,,ENG-027;ENG-032;ENG-037;ENG-039;ENG-041;ENG-043;ENG-044;ENG-045;ENG-046;ENG-047;ENG-049;ENG-050;ENG-051;ENG-052;ENG-053;ENG-054;ENG-055;ENG-056;ENG-057;ENG-058;ENG-059;ENG-060;ENG-061;ENG-062;ENG-063;ENG-064;ENG-065;ENG-066;ENG-068;ENG-069;ENG-071;ENG-073,Sólo existe evidencia ENG; se conserva como evidencia técnica subordinada.,NO,DIFERIDO_ENG_ONLY,,,"Sólo posee evidencia ENG subordinada. Se conserva para compatibilidad/evolución, pero no se canoniza automáticamente.",DIFERIDO_ENG_ONLY
bootstrap event,Bootstrap Events,Bootstrap Events,1,3,ENG,3,ENG-020;ENG-022;ENG-027,ENCABEZADO,0,CANDIDATO_ENG_REPETIDO,NO,NO_ASIGNADO,ENG_SUBORDINADO,,ENG-020;ENG-022;ENG-027,Sólo existe evidencia ENG; se conserva como evidencia técnica subordinada.,NO,DIFERIDO_ENG_ONLY,,,"Sólo posee evidencia ENG subordinada. Se conserva para compatibilidad/evolución, pero no se canoniza automáticamente.",DIFERIDO_ENG_ONLY
bootstrap failure,Bootstrap Failure,Bootstrap Failure,1,28,ENG,27,ENG-025;ENG-027;ENG-044;ENG-045;ENG-046;ENG-047;ENG-048;ENG-049;ENG-050;ENG-051;ENG-052;ENG-053;ENG-054;ENG-055;ENG-056;ENG-057;ENG-058;ENG-059;ENG-060;ENG-061;ENG-062;ENG-063;ENG-064;ENG-065;ENG-066;ENG-068;ENG-069,ENCABEZADO,0,CANDIDATO_ENG_REPETIDO,NO,NO_ASIGNADO,ENG_SUBORDINADO,,ENG-025;ENG-027;ENG-044;ENG-045;ENG-046;ENG-047;ENG-048;ENG-049;ENG-050;ENG-051;ENG-052;ENG-053;ENG-054;ENG-055;ENG-056;ENG-057;ENG-058;ENG-059;ENG-060;ENG-061;ENG-062;ENG-063;ENG-064;ENG-065;ENG-066;ENG-068;ENG-069,Sólo existe evidencia ENG; se conserva como evidencia técnica subordinada.,NO,DIFERIDO_ENG_ONLY,,,"Sólo posee evidencia ENG subordinada. Se conserva para compatibilidad/evolución, pero no se canoniza automáticamente.",DIFERIDO_ENG_ONLY
bootstrap flow,Bootstrap Flow,Bootstrap Flow,1,26,ENG,26,ENG-041;ENG-043;ENG-044;ENG-045;ENG-046;ENG-047;ENG-048;ENG-049;ENG-050;ENG-051;ENG-052;ENG-053;ENG-054;ENG-055;ENG-056;ENG-057;ENG-058;ENG-059;ENG-060;ENG-061;ENG-062;ENG-063;ENG-064;ENG-065;ENG-068;ENG-069,ENCABEZADO,0,CANDIDATO_ENG_REPETIDO,NO,NO_ASIGNADO,ENG_SUBORDINADO,,ENG-041;ENG-043;ENG-044;ENG-045;ENG-046;ENG-047;ENG-048;ENG-049;ENG-050;ENG-051;ENG-052;ENG-053;ENG-054;ENG-055;ENG-056;ENG-057;ENG-058;ENG-059;ENG-060;ENG-061;ENG-062;ENG-063;ENG-064;ENG-065;ENG-068;ENG-069,Sólo existe evidencia ENG; se conserva como evidencia técnica subordinada.,NO,DIFERIDO_ENG_ONLY,,,"Sólo posee evidencia ENG subordinada. Se conserva para compatibilidad/evolución, pero no se canoniza automáticamente.",DIFERIDO_ENG_ONLY
boundary ownership,Boundary Ownership,Boundary Ownership,1,3,ENG,3,ENG-042;ENG-043;ENG-061,ENCABEZADO,0,CANDIDATO_ENG_REPETIDO,NO,NO_ASIGNADO,ENG_SUBORDINADO,,ENG-042;ENG-043;ENG-061,Sólo existe evidencia ENG; se conserva como evidencia técnica subordinada.,NO,DIFERIDO_ENG_ONLY,,,"Sólo posee evidencia ENG subordinada. Se conserva para compatibilidad/evolución, pero no se canoniza automáticamente.",DIFERIDO_ENG_ONLY
boundary validation,Boundary Validation,Boundary Validation,1,3,ENG,3,ENG-024;ENG-036;ENG-061,ENCABEZADO,0,CANDIDATO_ENG_REPETIDO,NO,NO_ASIGNADO,ENG_SUBORDINADO,,ENG-024;ENG-036;ENG-061,Sólo existe evidencia ENG; se conserva como evidencia técnica subordinada.,NO,DIFERIDO_ENG_ONLY,,,"Sólo posee evidencia ENG subordinada. Se conserva para compatibilidad/evolución, pero no se canoniza automáticamente.",DIFERIDO_ENG_ONLY
breaking change,Breaking Change,Breaking Change,1,6,ENG,5,ENG-014;ENG-021;ENG-041;ENG-044;ENG-062,CODIGO_INLINE;ENCABEZADO,0,CANDIDATO_ENG_REPETIDO,NO,NO_ASIGNADO,ENG_SUBORDINADO,,ENG-014;ENG-021;ENG-041;ENG-044;ENG-062,Sólo existe evidencia ENG; se conserva como evidencia técnica subordinada.,NO,DIFERIDO_ENG_ONLY,,,"Sólo posee evidencia ENG subordinada. Se conserva para compatibilidad/evolución, pero no se canoniza automáticamente.",DIFERIDO_ENG_ONLY
buffering,Buffering,Buffering,1,3,ENG,3,ENG-010;ENG-025;ENG-077,ENCABEZADO,0,CANDIDATO_ENG_REPETIDO,NO,NO_ASIGNADO,ENG_SUBORDINADO,,ENG-010;ENG-025;ENG-077,Sólo existe evidencia ENG; se conserva como evidencia técnica subordinada.,NO,DIFERIDO_ENG_ONLY,,,"Sólo posee evidencia ENG subordinada. Se conserva para compatibilidad/evolución, pero no se canoniza automáticamente.",DIFERIDO_ENG_ONLY
build environment,Build Environment,Build Environment,1,3,ENG,3,ENG-012;ENG-017;ENG-024,ENCABEZADO,0,CANDIDATO_ENG_REPETIDO,NO,NO_ASIGNADO,ENG_SUBORDINADO,,ENG-012;ENG-017;ENG-024,Sólo existe evidencia ENG; se conserva como evidencia técnica subordinada.,NO,DIFERIDO_ENG_ONLY,,,"Sólo posee evidencia ENG subordinada. Se conserva para compatibilidad/evolución, pero no se canoniza automáticamente.",DIFERIDO_ENG_ONLY
build gate,Build Gate,Build Gate,1,6,ENG,6,ENG-016;ENG-017;ENG-031;ENG-032;ENG-034;ENG-035,ENCABEZADO,0,CANDIDATO_ENG_REPETIDO,NO,NO_ASIGNADO,ENG_SUBORDINADO,,ENG-016;ENG-017;ENG-031;ENG-032;ENG-034;ENG-035,Sólo existe evidencia ENG; se conserva como evidencia técnica subordinada.,NO,DIFERIDO_ENG_ONLY,,,"Sólo posee evidencia ENG subordinada. Se conserva para compatibilidad/evolución, pero no se canoniza automáticamente.",DIFERIDO_ENG_ONLY
build integration,Build Integration,Build Integration,1,74,ENG,74,ENG-011;ENG-013;ENG-014;ENG-016;ENG-017;ENG-020;ENG-021;ENG-022;ENG-023;ENG-024;ENG-025;ENG-026;ENG-028;ENG-029;ENG-030;ENG-031;ENG-032;ENG-034;ENG-037;ENG-038;ENG-039;ENG-040;ENG-041;ENG-042;ENG-043;ENG-044;ENG-045;ENG-046;ENG-047;ENG-048;ENG-049;ENG-050;ENG-051;ENG-052;ENG-053;ENG-054;ENG-055;ENG-056;ENG-057;ENG-058;ENG-059;ENG-060;ENG-061;ENG-062;ENG-063;ENG-064;ENG-065;ENG-066;ENG-067;ENG-068;ENG-069;ENG-070;ENG-071;ENG-072;ENG-073;ENG-074;ENG-075;ENG-076;ENG-077;ENG-078;ENG-079;ENG-080;ENG-081;ENG-082;ENG-083;ENG-084;ENG-085;ENG-087;ENG-088;ENG-090;ENG-091;ENG-092;ENG-093;ENG-094,ENCABEZADO,0,CANDIDATO_ENG_REPETIDO,NO,NO_ASIGNADO,ENG_SUBORDINADO,,ENG-011;ENG-013;ENG-014;ENG-016;ENG-017;ENG-020;ENG-021;ENG-022;ENG-023;ENG-024;ENG-025;ENG-026;ENG-028;ENG-029;ENG-030;ENG-031;ENG-032;ENG-034;ENG-037;ENG-038;ENG-039;ENG-040;ENG-041;ENG-042;ENG-043;ENG-044;ENG-045;ENG-046;ENG-047;ENG-048;ENG-049;ENG-050;ENG-051;ENG-052;ENG-053;ENG-054;ENG-055;ENG-056;ENG-057;ENG-058;ENG-059;ENG-060;ENG-061;ENG-062;ENG-063;ENG-064;ENG-065;ENG-066;ENG-067;ENG-068;ENG-069;ENG-070;ENG-071;ENG-072;ENG-073;ENG-074;ENG-075;ENG-076;ENG-077;ENG-078;ENG-079;ENG-080;ENG-081;ENG-082;ENG-083;ENG-084;ENG-085;ENG-087;ENG-088;ENG-090;ENG-091;ENG-092;ENG-093;ENG-094,Sólo existe evidencia ENG; se conserva como evidencia técnica subordinada.,NO,DIFERIDO_ENG_ONLY,,,"Sólo posee evidencia ENG subordinada. Se conserva para compatibilidad/evolución, pero no se canoniza automáticamente.",DIFERIDO_ENG_ONLY
build pipeline,Build Pipeline,Build Pipeline,1,2,ENG,1,ENG-012,DEFINICION_EXPLICITA;ENCABEZADO,1,CANDIDATO_ENG_DEFINIDO,NO,NO_ASIGNADO,ENG_SUBORDINADO,,ENG-012,Sólo existe evidencia ENG; se conserva como evidencia técnica subordinada.,NO,DIFERIDO_ENG_ONLY,,,"Sólo posee evidencia ENG subordinada. Se conserva para compatibilidad/evolución, pero no se canoniza automáticamente.",DIFERIDO_ENG_ONLY
build system,Build System,Build System,1,3,ENG,1,ENG-012,DEFINICION_EXPLICITA;ENCABEZADO;TERMINO_DESTACADO,1,CANDIDATO_ENG_DEFINIDO,NO,NO_ASIGNADO,ENG_SUBORDINADO,,ENG-012,Sólo existe evidencia ENG; se conserva como evidencia técnica subordinada.,NO,DIFERIDO_ENG_ONLY,,,"Sólo posee evidencia ENG subordinada. Se conserva para compatibilidad/evolución, pero no se canoniza automáticamente.",DIFERIDO_ENG_ONLY
bulkhead,Bulkhead,Bulkhead,1,6,ENG,5,ENG-032;ENG-039;ENG-041;ENG-061;ENG-074,CODIGO_INLINE;ENCABEZADO,0,CANDIDATO_ENG_REPETIDO,NO,NO_ASIGNADO,ENG_SUBORDINADO,,ENG-032;ENG-039;ENG-041;ENG-061;ENG-074,Sólo existe evidencia ENG; se conserva como evidencia técnica subordinada.,NO,DIFERIDO_ENG_ONLY,,,"Sólo posee evidencia ENG subordinada. Se conserva para compatibilidad/evolución, pero no se canoniza automáticamente.",DIFERIDO_ENG_ONLY
business rule,Business Rule,Business Rule,1,3,ENG,3,ENG-035;ENG-062;ENG-079,ENCABEZADO,0,CANDIDATO_ENG_REPETIDO,NO,NO_ASIGNADO,ENG_SUBORDINADO,,ENG-035;ENG-062;ENG-079,Sólo existe evidencia ENG; se conserva como evidencia técnica subordinada.,NO,DIFERIDO_ENG_ONLY,,,"Sólo posee evidencia ENG subordinada. Se conserva para compatibilidad/evolución, pero no se canoniza automáticamente.",DIFERIDO_ENG_ONLY
cache,Cache,Cache,1,11,ENG,9,ENG-006;ENG-020;ENG-026;ENG-030;ENG-037;ENG-044;ENG-053;ENG-077;ENG-079,CODIGO_INLINE;DEFINICION_EXPLICITA;ENCABEZADO,2,CANDIDATO_ENG_DEFINIDO,NO,NO_ASIGNADO,ENG_SUBORDINADO,,ENG-006;ENG-020;ENG-026;ENG-030;ENG-037;ENG-044;ENG-053;ENG-077;ENG-079,Sólo existe evidencia ENG; se conserva como evidencia técnica subordinada.,NO,DIFERIDO_ENG_ONLY,,,"Sólo posee evidencia ENG subordinada. Se conserva para compatibilidad/evolución, pero no se canoniza automáticamente.",DIFERIDO_ENG_ONLY
cache integration,Cache Integration,Cache Integration,1,8,ENG,8,ENG-045;ENG-046;ENG-047;ENG-048;ENG-049;ENG-050;ENG-051;ENG-053,ENCABEZADO,0,CANDIDATO_ENG_REPETIDO,NO,NO_ASIGNADO,ENG_SUBORDINADO,,ENG-045;ENG-046;ENG-047;ENG-048;ENG-049;ENG-050;ENG-051;ENG-053,Sólo existe evidencia ENG; se conserva como evidencia técnica subordinada.,NO,DIFERIDO_ENG_ONLY,,,"Sólo posee evidencia ENG subordinada. Se conserva para compatibilidad/evolución, pero no se canoniza automáticamente.",DIFERIDO_ENG_ONLY
cache invalidation,Cache Invalidation,Cache Invalidation,1,20,ENG,19,ENG-012;ENG-016;ENG-019;ENG-020;ENG-026;ENG-030;ENG-031;ENG-034;ENG-042;ENG-043;ENG-048;ENG-049;ENG-050;ENG-051;ENG-057;ENG-058;ENG-059;ENG-062;ENG-078,ENCABEZADO,0,CANDIDATO_ENG_REPETIDO,NO,NO_ASIGNADO,ENG_SUBORDINADO,,ENG-012;ENG-016;ENG-019;ENG-020;ENG-026;ENG-030;ENG-031;ENG-034;ENG-042;ENG-043;ENG-048;ENG-049;ENG-050;ENG-051;ENG-057;ENG-058;ENG-059;ENG-062;ENG-078,Sólo existe evidencia ENG; se conserva como evidencia técnica subordinada.,NO,DIFERIDO_ENG_ONLY,,,"Sólo posee evidencia ENG subordinada. Se conserva para compatibilidad/evolución, pero no se canoniza automáticamente.",DIFERIDO_ENG_ONLY
cache key,Cache Key,Cache Key,1,12,ENG,12,ENG-019;ENG-026;ENG-037;ENG-043;ENG-046;ENG-048;ENG-049;ENG-058;ENG-059;ENG-062;ENG-063;ENG-069,ENCABEZADO,0,CANDIDATO_ENG_REPETIDO,NO,NO_ASIGNADO,ENG_SUBORDINADO,,ENG-019;ENG-026;ENG-037;ENG-043;ENG-046;ENG-048;ENG-049;ENG-058;ENG-059;ENG-062;ENG-063;ENG-069,Sólo existe evidencia ENG; se conserva como evidencia técnica subordinada.,NO,DIFERIDO_ENG_ONLY,,,"Sólo posee evidencia ENG subordinada. Se conserva para compatibilidad/evolución, pero no se canoniza automáticamente.",DIFERIDO_ENG_ONLY
cache poisoning,Cache Poisoning,Cache Poisoning,1,3,ENG,2,ENG-037;ENG-079,ENCABEZADO,0,CANDIDATO_ENG_REPETIDO,NO,NO_ASIGNADO,ENG_SUBORDINADO,,ENG-037;ENG-079,Sólo existe evidencia ENG; se conserva como evidencia técnica subordinada.,NO,DIFERIDO_ENG_ONLY,,,"Sólo posee evidencia ENG subordinada. Se conserva para compatibilidad/evolución, pero no se canoniza automáticamente.",DIFERIDO_ENG_ONLY
cache stampede,Cache Stampede,Cache Stampede,1,5,ENG,5,ENG-026;ENG-037;ENG-038;ENG-043;ENG-078,ENCABEZADO,0,CANDIDATO_ENG_REPETIDO,NO,NO_ASIGNADO,ENG_SUBORDINADO,,ENG-026;ENG-037;ENG-038;ENG-043;ENG-078,Sólo existe evidencia ENG; se conserva como evidencia técnica subordinada.,NO,DIFERIDO_ENG_ONLY,,,"Sólo posee evidencia ENG subordinada. Se conserva para compatibilidad/evolución, pero no se canoniza automáticamente.",DIFERIDO_ENG_ONLY
cache test,Cache Test,Cache Test,1,6,ENG,6,ENG-046;ENG-050;ENG-051;ENG-058;ENG-059;ENG-069,ENCABEZADO,0,CANDIDATO_ENG_REPETIDO,NO,NO_ASIGNADO,ENG_SUBORDINADO,,ENG-046;ENG-050;ENG-051;ENG-058;ENG-059;ENG-069,Sólo existe evidencia ENG; se conserva como evidencia técnica subordinada.,NO,DIFERIDO_ENG_ONLY,,,"Sólo posee evidencia ENG subordinada. Se conserva para compatibilidad/evolución, pero no se canoniza automáticamente.",DIFERIDO_ENG_ONLY
cachestore,CacheStore,CacheStore,1,2,ENG,1,ENG-037,CODIGO_INLINE;DEFINICION_EXPLICITA,1,CANDIDATO_ENG_DEFINIDO,NO,NO_ASIGNADO,ENG_SUBORDINADO,,ENG-037,Sólo existe evidencia ENG; se conserva como evidencia técnica subordinada.,NO,DIFERIDO_ENG_ONLY,,,"Sólo posee evidencia ENG subordinada. Se conserva para compatibilidad/evolución, pero no se canoniza automáticamente.",DIFERIDO_ENG_ONLY
cancellation,Cancellation,Cancellation,1,12,ENG,12,ENG-015;ENG-021;ENG-022;ENG-023;ENG-032;ENG-034;ENG-036;ENG-038;ENG-039;ENG-043;ENG-056;ENG-065,ENCABEZADO;TABLA_COLUMNA_PRINCIPAL,0,CANDIDATO_ENG_REPETIDO,NO,NO_ASIGNADO,ENG_SUBORDINADO,,ENG-015;ENG-021;ENG-022;ENG-023;ENG-032;ENG-034;ENG-036;ENG-038;ENG-039;ENG-043;ENG-056;ENG-065,Sólo existe evidencia ENG; se conserva como evidencia técnica subordinada.,NO,DIFERIDO_ENG_ONLY,,,"Sólo posee evidencia ENG subordinada. Se conserva para compatibilidad/evolución, pero no se canoniza automáticamente.",DIFERIDO_ENG_ONLY
cancellation safety,Cancellation Safety,Cancellation Safety,1,3,ENG,3,ENG-034;ENG-055;ENG-056,ENCABEZADO,0,CANDIDATO_ENG_REPETIDO,NO,NO_ASIGNADO,ENG_SUBORDINADO,,ENG-034;ENG-055;ENG-056,Sólo existe evidencia ENG; se conserva como evidencia técnica subordinada.,NO,DIFERIDO_ENG_ONLY,,,"Sólo posee evidencia ENG subordinada. Se conserva para compatibilidad/evolución, pero no se canoniza automáticamente.",DIFERIDO_ENG_ONLY
cancellation test,Cancellation Test,Cancellation Test,1,6,ENG,6,ENG-032;ENG-034;ENG-052;ENG-055;ENG-056;ENG-069,ENCABEZADO,0,CANDIDATO_ENG_REPETIDO,NO,NO_ASIGNADO,ENG_SUBORDINADO,,ENG-032;ENG-034;ENG-052;ENG-055;ENG-056;ENG-069,Sólo existe evidencia ENG; se conserva como evidencia técnica subordinada.,NO,DIFERIDO_ENG_ONLY,,,"Sólo posee evidencia ENG subordinada. Se conserva para compatibilidad/evolución, pero no se canoniza automáticamente.",DIFERIDO_ENG_ONLY
candidate,Candidate,Candidate; candidate,2,7,ENG,1,ENG-017,CODIGO_INLINE;DEFINICION_EXPLICITA;ENCABEZADO;TABLA_COLUMNA_PRINCIPAL,1,CANDIDATO_ENG_DEFINIDO,NO,NO_ASIGNADO,ENG_SUBORDINADO,,ENG-017,Sólo existe evidencia ENG; se conserva como evidencia técnica subordinada.,NO,DIFERIDO_ENG_ONLY,,,"Sólo posee evidencia ENG subordinada. Se conserva para compatibilidad/evolución, pero no se canoniza automáticamente.",DIFERIDO_ENG_ONLY
canonicalization,Canonicalization,Canonicalization,1,4,ENG,3,ENG-024;ENG-031;ENG-036,CODIGO_INLINE;ENCABEZADO,0,CANDIDATO_ENG_REPETIDO,NO,NO_ASIGNADO,ENG_SUBORDINADO,,ENG-024;ENG-031;ENG-036,Sólo existe evidencia ENG; se conserva como evidencia técnica subordinada.,NO,DIFERIDO_ENG_ONLY,,,"Sólo posee evidencia ENG subordinada. Se conserva para compatibilidad/evolución, pero no se canoniza automáticamente.",DIFERIDO_ENG_ONLY
capability,Capability,Capability; capabilities,2,7,ENG,6,ENG-003;ENG-016;ENG-020;ENG-024;ENG-028;ENG-046,CODIGO_INLINE;ENCABEZADO;TABLA_COLUMNA_PRINCIPAL,0,CANDIDATO_ENG_REPETIDO,NO,NO_ASIGNADO,ENG_SUBORDINADO,,ENG-003;ENG-016;ENG-020;ENG-024;ENG-028;ENG-046,Sólo existe evidencia ENG; se conserva como evidencia técnica subordinada.,NO,DIFERIDO_ENG_ONLY,,capabilities,"Sólo posee evidencia ENG subordinada. Se conserva para compatibilidad/evolución, pero no se canoniza automáticamente.",DIFERIDO_ENG_ONLY
capability declaration,Capability Declaration,Capability Declaration,1,3,ENG,3,ENG-019;ENG-024;ENG-068,ENCABEZADO,0,CANDIDATO_ENG_REPETIDO,NO,NO_ASIGNADO,ENG_SUBORDINADO,,ENG-019;ENG-024;ENG-068,Sólo existe evidencia ENG; se conserva como evidencia técnica subordinada.,NO,DIFERIDO_ENG_ONLY,,,"Sólo posee evidencia ENG subordinada. Se conserva para compatibilidad/evolución, pero no se canoniza automáticamente.",DIFERIDO_ENG_ONLY
capability registry,Capability Registry,Capability Registry,1,3,ENG,3,ENG-020;ENG-022;ENG-024,ENCABEZADO,0,CANDIDATO_ENG_REPETIDO,NO,NO_ASIGNADO,ENG_SUBORDINADO,,ENG-020;ENG-022;ENG-024,Sólo existe evidencia ENG; se conserva como evidencia técnica subordinada.,NO,DIFERIDO_ENG_ONLY,,,"Sólo posee evidencia ENG subordinada. Se conserva para compatibilidad/evolución, pero no se canoniza automáticamente.",DIFERIDO_ENG_ONLY
capability requirement,Capability Requirement,Capability Requirement; Capability Requirements,2,4,ENG,4,ENG-016;ENG-022;ENG-028;ENG-059,ENCABEZADO,0,CANDIDATO_ENG_REPETIDO,NO,NO_ASIGNADO,ENG_SUBORDINADO,,ENG-016;ENG-022;ENG-028;ENG-059,Sólo existe evidencia ENG; se conserva como evidencia técnica subordinada.,NO,DIFERIDO_ENG_ONLY,,Capability Requirements,"Sólo posee evidencia ENG subordinada. Se conserva para compatibilidad/evolución, pero no se canoniza automáticamente.",DIFERIDO_ENG_ONLY
capability validation,Capability Validation,Capability Validation,1,3,ENG,3,ENG-032;ENG-057;ENG-060,ENCABEZADO,0,CANDIDATO_ENG_REPETIDO,NO,NO_ASIGNADO,ENG_SUBORDINADO,,ENG-032;ENG-057;ENG-060,Sólo existe evidencia ENG; se conserva como evidencia técnica subordinada.,NO,DIFERIDO_ENG_ONLY,,,"Sólo posee evidencia ENG subordinada. Se conserva para compatibilidad/evolución, pero no se canoniza automáticamente.",DIFERIDO_ENG_ONLY
capacidad,Capacidades,Capacidades; capacidad,2,3,ENG,3,ENG-001;ENG-002;ENG-003,ENCABEZADO;TERMINO_DESTACADO,0,CANDIDATO_ENG_REPETIDO,NO,NO_ASIGNADO,ENG_SUBORDINADO,,ENG-001;ENG-002;ENG-003,Sólo existe evidencia ENG; se conserva como evidencia técnica subordinada.,NO,DIFERIDO_ENG_ONLY,,capacidad,"Sólo posee evidencia ENG subordinada. Se conserva para compatibilidad/evolución, pero no se canoniza automáticamente.",DIFERIDO_ENG_ONLY
capacity,Capacity,Capacity,1,6,ENG,2,ENG-026;ENG-071,CODIGO_INLINE;DEFINICION_EXPLICITA;ENCABEZADO,3,CANDIDATO_ENG_DEFINIDO,NO,NO_ASIGNADO,ENG_SUBORDINADO,,ENG-026;ENG-071,Sólo existe evidencia ENG; se conserva como evidencia técnica subordinada.,NO,DIFERIDO_ENG_ONLY,,,"Sólo posee evidencia ENG subordinada. Se conserva para compatibilidad/evolución, pero no se canoniza automáticamente.",DIFERIDO_ENG_ONLY
capacity engineering,Capacity Engineering,Capacity Engineering,1,3,ENG,1,ENG-071,ENCABEZADO;TERMINO_DESTACADO,0,CANDIDATO_ENG_REPETIDO,NO,NO_ASIGNADO,ENG_SUBORDINADO,,ENG-071,Sólo existe evidencia ENG; se conserva como evidencia técnica subordinada.,NO,DIFERIDO_ENG_ONLY,,,"Sólo posee evidencia ENG subordinada. Se conserva para compatibilidad/evolución, pero no se canoniza automáticamente.",DIFERIDO_ENG_ONLY
capacity limit,Capacity Limit,Capacity Limit; Capacity ≠ Limit,2,4,ENG,4,ENG-026;ENG-054;ENG-070;ENG-071,ENCABEZADO,0,CANDIDATO_ENG_REPETIDO,NO,NO_ASIGNADO,ENG_SUBORDINADO,,ENG-026;ENG-054;ENG-070;ENG-071,Sólo existe evidencia ENG; se conserva como evidencia técnica subordinada.,NO,DIFERIDO_ENG_ONLY,,Capacity ≠ Limit,"Sólo posee evidencia ENG subordinada. Se conserva para compatibilidad/evolución, pero no se canoniza automáticamente.",DIFERIDO_ENG_ONLY
capacity planning,Capacity Planning,Capacity Planning,1,3,ENG,3,ENG-026;ENG-067;ENG-071,ENCABEZADO,0,CANDIDATO_ENG_REPETIDO,NO,NO_ASIGNADO,ENG_SUBORDINADO,,ENG-026;ENG-067;ENG-071,Sólo existe evidencia ENG; se conserva como evidencia técnica subordinada.,NO,DIFERIDO_ENG_ONLY,,,"Sólo posee evidencia ENG subordinada. Se conserva para compatibilidad/evolución, pero no se canoniza automáticamente.",DIFERIDO_ENG_ONLY
capacity test,Capacity Test,Capacity Test; capacity:test,2,3,ENG,2,ENG-067;ENG-071,ENCABEZADO,0,CANDIDATO_ENG_REPETIDO,NO,NO_ASIGNADO,ENG_SUBORDINADO,,ENG-067;ENG-071,Sólo existe evidencia ENG; se conserva como evidencia técnica subordinada.,NO,DIFERIDO_ENG_ONLY,,capacity:test,"Sólo posee evidencia ENG subordinada. Se conserva para compatibilidad/evolución, pero no se canoniza automáticamente.",DIFERIDO_ENG_ONLY
captive dependency,Captive Dependency,Captive Dependencies; Captive Dependency,2,4,ENG,2,ENG-018;ENG-019,ENCABEZADO,0,CANDIDATO_ENG_REPETIDO,NO,NO_ASIGNADO,ENG_SUBORDINADO,,ENG-018;ENG-019,Sólo existe evidencia ENG; se conserva como evidencia técnica subordinada.,NO,DIFERIDO_ENG_ONLY,,Captive Dependencies,"Sólo posee evidencia ENG subordinada. Se conserva para compatibilidad/evolución, pero no se canoniza automáticamente.",DIFERIDO_ENG_ONLY
cardinality,Cardinality,Cardinality,1,4,ENG,4,ENG-025;ENG-038;ENG-043;ENG-080,ENCABEZADO,0,CANDIDATO_ENG_REPETIDO,NO,NO_ASIGNADO,ENG_SUBORDINADO,,ENG-025;ENG-038;ENG-043;ENG-080,Sólo existe evidencia ENG; se conserva como evidencia técnica subordinada.,NO,DIFERIDO_ENG_ONLY,,,"Sólo posee evidencia ENG subordinada. Se conserva para compatibilidad/evolución, pero no se canoniza automáticamente.",DIFERIDO_ENG_ONLY
case sensitivity,Case Sensitivity,Case Sensitivity,1,4,ENG,4,ENG-005;ENG-006;ENG-011;ENG-020,ENCABEZADO,0,CANDIDATO_ENG_REPETIDO,NO,NO_ASIGNADO,ENG_SUBORDINADO,,ENG-005;ENG-006;ENG-011;ENG-020,Sólo existe evidencia ENG; se conserva como evidencia técnica subordinada.,NO,DIFERIDO_ENG_ONLY,,,"Sólo posee evidencia ENG subordinada. Se conserva para compatibilidad/evolución, pero no se canoniza automáticamente.",DIFERIDO_ENG_ONLY
catalog integration,Catalog Integration,Catalog Integration,1,4,ENG,4,ENG-088;ENG-091;ENG-093;ENG-094,ENCABEZADO,0,CANDIDATO_ENG_REPETIDO,NO,NO_ASIGNADO,ENG_SUBORDINADO,,ENG-088;ENG-091;ENG-093;ENG-094,Sólo existe evidencia ENG; se conserva como evidencia técnica subordinada.,NO,DIFERIDO_ENG_ONLY,,,"Sólo posee evidencia ENG subordinada. Se conserva para compatibilidad/evolución, pero no se canoniza automáticamente.",DIFERIDO_ENG_ONLY
category,category,Categories; category,2,3,ENG,2,ENG-010;ENG-023,CODIGO_INLINE;ENCABEZADO,0,CANDIDATO_ENG_REPETIDO,NO,NO_ASIGNADO,ENG_SUBORDINADO,,ENG-010;ENG-023,Sólo existe evidencia ENG; se conserva como evidencia técnica subordinada.,NO,DIFERIDO_ENG_ONLY,,Categories,"Sólo posee evidencia ENG subordinada. Se conserva para compatibilidad/evolución, pero no se canoniza automáticamente.",DIFERIDO_ENG_ONLY
causation,Causation,Causation,1,4,ENG,4,ENG-032;ENG-040;ENG-041;ENG-056,ENCABEZADO;TABLA_COLUMNA_PRINCIPAL,0,CANDIDATO_ENG_REPETIDO,NO,NO_ASIGNADO,ENG_SUBORDINADO,,ENG-032;ENG-040;ENG-041;ENG-056,Sólo existe evidencia ENG; se conserva como evidencia técnica subordinada.,NO,DIFERIDO_ENG_ONLY,,,"Sólo posee evidencia ENG subordinada. Se conserva para compatibilidad/evolución, pero no se canoniza automáticamente.",DIFERIDO_ENG_ONLY
changelog,Changelog,CHANGELOG; Changelog,2,5,ENG,5,ENG-002;ENG-006;ENG-014;ENG-017;ENG-044,ENCABEZADO,0,CANDIDATO_ENG_REPETIDO,NO,NO_ASIGNADO,ENG_SUBORDINADO,,ENG-002;ENG-006;ENG-014;ENG-017;ENG-044,Sólo existe evidencia ENG; se conserva como evidencia técnica subordinada.,NO,DIFERIDO_ENG_ONLY,,,"Sólo posee evidencia ENG subordinada. Se conserva para compatibilidad/evolución, pero no se canoniza automáticamente.",DIFERIDO_ENG_ONLY
checkpoint,Checkpoint,Checkpoint,1,4,ENG,4,ENG-040;ENG-064;ENG-076;ENG-077,ENCABEZADO,0,CANDIDATO_ENG_REPETIDO,NO,NO_ASIGNADO,ENG_SUBORDINADO,,ENG-040;ENG-064;ENG-076;ENG-077,Sólo existe evidencia ENG; se conserva como evidencia técnica subordinada.,NO,DIFERIDO_ENG_ONLY,,,"Sólo posee evidencia ENG subordinada. Se conserva para compatibilidad/evolución, pero no se canoniza automáticamente.",DIFERIDO_ENG_ONLY
checksum,Checksum,Checksum,1,3,ENG,3,ENG-012;ENG-079;ENG-093,ENCABEZADO,0,CANDIDATO_ENG_REPETIDO,NO,NO_ASIGNADO,ENG_SUBORDINADO,,ENG-012;ENG-079;ENG-093,Sólo existe evidencia ENG; se conserva como evidencia técnica subordinada.,NO,DIFERIDO_ENG_ONLY,,,"Sólo posee evidencia ENG subordinada. Se conserva para compatibilidad/evolución, pero no se canoniza automáticamente.",DIFERIDO_ENG_ONLY
ci integration,CI Integration,CI Integration,1,3,ENG,3,ENG-012;ENG-016;ENG-018,ENCABEZADO,0,CANDIDATO_ENG_REPETIDO,NO,NO_ASIGNADO,ENG_SUBORDINADO,,ENG-012;ENG-016;ENG-018,Sólo existe evidencia ENG; se conserva como evidencia técnica subordinada.,NO,DIFERIDO_ENG_ONLY,,,"Sólo posee evidencia ENG subordinada. Se conserva para compatibilidad/evolución, pero no se canoniza automáticamente.",DIFERIDO_ENG_ONLY
circuit breaker,Circuit Breaker,Circuit Breaker,1,7,ENG,6,ENG-022;ENG-023;ENG-030;ENG-032;ENG-039;ENG-041,CODIGO_INLINE;ENCABEZADO,0,CANDIDATO_ENG_REPETIDO,NO,NO_ASIGNADO,ENG_SUBORDINADO,,ENG-022;ENG-023;ENG-030;ENG-032;ENG-039;ENG-041,Sólo existe evidencia ENG; se conserva como evidencia técnica subordinada.,NO,DIFERIDO_ENG_ONLY,,,"Sólo posee evidencia ENG subordinada. Se conserva para compatibilidad/evolución, pero no se canoniza automáticamente.",DIFERIDO_ENG_ONLY
circular dependency,Circular Dependency,Circular Dependencies; Circular Dependency,2,5,ENG,5,ENG-013;ENG-018;ENG-019;ENG-050;ENG-075,ENCABEZADO,0,CANDIDATO_ENG_REPETIDO,NO,NO_ASIGNADO,ENG_SUBORDINADO,,ENG-013;ENG-018;ENG-019;ENG-050;ENG-075,Sólo existe evidencia ENG; se conserva como evidencia técnica subordinada.,NO,DIFERIDO_ENG_ONLY,,Circular Dependencies,"Sólo posee evidencia ENG subordinada. Se conserva para compatibilidad/evolución, pero no se canoniza automáticamente.",DIFERIDO_ENG_ONLY
cleanup failure,Cleanup Failure,Cleanup Failure,1,3,ENG,3,ENG-015;ENG-023;ENG-028,ENCABEZADO,0,CANDIDATO_ENG_REPETIDO,NO,NO_ASIGNADO,ENG_SUBORDINADO,,ENG-015;ENG-023;ENG-028,Sólo existe evidencia ENG; se conserva como evidencia técnica subordinada.,NO,DIFERIDO_ENG_ONLY,,,"Sólo posee evidencia ENG subordinada. Se conserva para compatibilidad/evolución, pero no se canoniza automáticamente.",DIFERIDO_ENG_ONLY
cli,CLI,CLI,1,59,ENG,57,ENG-005;ENG-007;ENG-011;ENG-040;ENG-041;ENG-042;ENG-043;ENG-044;ENG-045;ENG-046;ENG-047;ENG-048;ENG-049;ENG-050;ENG-051;ENG-052;ENG-053;ENG-054;ENG-055;ENG-056;ENG-057;ENG-058;ENG-059;ENG-060;ENG-061;ENG-062;ENG-063;ENG-064;ENG-065;ENG-066;ENG-067;ENG-068;ENG-069;ENG-070;ENG-071;ENG-072;ENG-073;ENG-074;ENG-075;ENG-076;ENG-077;ENG-078;ENG-079;ENG-080;ENG-081;ENG-082;ENG-083;ENG-084;ENG-085;ENG-087;ENG-088;ENG-089;ENG-090;ENG-091;ENG-092;ENG-093;ENG-094,DEFINICION_EXPLICITA;ENCABEZADO;TABLA_COLUMNA_PRINCIPAL,2,CANDIDATO_ENG_DEFINIDO,NO,NO_ASIGNADO,ENG_SUBORDINADO,,ENG-005;ENG-007;ENG-011;ENG-040;ENG-041;ENG-042;ENG-043;ENG-044;ENG-045;ENG-046;ENG-047;ENG-048;ENG-049;ENG-050;ENG-051;ENG-052;ENG-053;ENG-054;ENG-055;ENG-056;ENG-057;ENG-058;ENG-059;ENG-060;ENG-061;ENG-062;ENG-063;ENG-064;ENG-065;ENG-066;ENG-067;ENG-068;ENG-069;ENG-070;ENG-071;ENG-072;ENG-073;ENG-074;ENG-075;ENG-076;ENG-077;ENG-078;ENG-079;ENG-080;ENG-081;ENG-082;ENG-083;ENG-084;ENG-085;ENG-087;ENG-088;ENG-089;ENG-090;ENG-091;ENG-092;ENG-093;ENG-094,Sólo existe evidencia ENG; se conserva como evidencia técnica subordinada.,NO,DIFERIDO_ENG_ONLY,,,"Sólo posee evidencia ENG subordinada. Se conserva para compatibilidad/evolución, pero no se canoniza automáticamente.",DIFERIDO_ENG_ONLY
cli integration,CLI Integration,CLI Integration,1,15,ENG,15,ENG-017;ENG-019;ENG-020;ENG-021;ENG-022;ENG-023;ENG-024;ENG-025;ENG-026;ENG-028;ENG-029;ENG-030;ENG-031;ENG-032;ENG-034,ENCABEZADO,0,CANDIDATO_ENG_REPETIDO,NO,NO_ASIGNADO,ENG_SUBORDINADO,,ENG-017;ENG-019;ENG-020;ENG-021;ENG-022;ENG-023;ENG-024;ENG-025;ENG-026;ENG-028;ENG-029;ENG-030;ENG-031;ENG-032;ENG-034,Sólo existe evidencia ENG; se conserva como evidencia técnica subordinada.,NO,DIFERIDO_ENG_ONLY,,,"Sólo posee evidencia ENG subordinada. Se conserva para compatibilidad/evolución, pero no se canoniza automáticamente.",DIFERIDO_ENG_ONLY
clock,Clock,Clock,1,6,ENG,6,ENG-009;ENG-025;ENG-034;ENG-035;ENG-038;ENG-040,ENCABEZADO,0,CANDIDATO_ENG_REPETIDO,NO,NO_ASIGNADO,ENG_SUBORDINADO,,ENG-009;ENG-025;ENG-034;ENG-035;ENG-038;ENG-040,Sólo existe evidencia ENG; se conserva como evidencia técnica subordinada.,NO,DIFERIDO_ENG_ONLY,,,"Sólo posee evidencia ENG subordinada. Se conserva para compatibilidad/evolución, pero no se canoniza automáticamente.",DIFERIDO_ENG_ONLY
clock skew,Clock Skew,Clock Skew,1,5,ENG,5,ENG-025;ENG-040;ENG-045;ENG-078;ENG-079,ENCABEZADO,0,CANDIDATO_ENG_REPETIDO,NO,NO_ASIGNADO,ENG_SUBORDINADO,,ENG-025;ENG-040;ENG-045;ENG-078;ENG-079,Sólo existe evidencia ENG; se conserva como evidencia técnica subordinada.,NO,DIFERIDO_ENG_ONLY,,,"Sólo posee evidencia ENG subordinada. Se conserva para compatibilidad/evolución, pero no se canoniza automáticamente.",DIFERIDO_ENG_ONLY
command,Commands,Command; Commands,2,6,ENG,5,ENG-002;ENG-005;ENG-018;ENG-034;ENG-041,CODIGO_INLINE;ENCABEZADO,0,CANDIDATO_ENG_REPETIDO,NO,NO_ASIGNADO,ENG_SUBORDINADO,,ENG-002;ENG-005;ENG-018;ENG-034;ENG-041,Sólo existe evidencia ENG; se conserva como evidencia técnica subordinada.,NO,DIFERIDO_ENG_ONLY,,Command,"Sólo posee evidencia ENG subordinada. Se conserva para compatibilidad/evolución, pero no se canoniza automáticamente.",DIFERIDO_ENG_ONLY
commit,Commit,Commit,1,3,ENG,3,ENG-008;ENG-037;ENG-042,CODIGO_INLINE;ENCABEZADO,0,CANDIDATO_ENG_REPETIDO,NO,NO_ASIGNADO,ENG_SUBORDINADO,,ENG-008;ENG-037;ENG-042,Sólo existe evidencia ENG; se conserva como evidencia técnica subordinada.,NO,DIFERIDO_ENG_ONLY,,,"Sólo posee evidencia ENG subordinada. Se conserva para compatibilidad/evolución, pero no se canoniza automáticamente.",DIFERIDO_ENG_ONLY
compare-and-swap,Compare-And-Swap,Compare-And-Swap; Compare-and-Swap,2,3,ENG,3,ENG-038;ENG-049;ENG-078,ENCABEZADO,0,CANDIDATO_ENG_REPETIDO,NO,NO_ASIGNADO,ENG_SUBORDINADO,,ENG-038;ENG-049;ENG-078,Sólo existe evidencia ENG; se conserva como evidencia técnica subordinada.,NO,DIFERIDO_ENG_ONLY,,,"Sólo posee evidencia ENG subordinada. Se conserva para compatibilidad/evolución, pero no se canoniza automáticamente.",DIFERIDO_ENG_ONLY
compatibility,Compatibility,Compatibility; compatibility,2,16,ENG,14,ENG-003;ENG-008;ENG-016;ENG-021;ENG-029;ENG-031;ENG-036;ENG-037;ENG-040;ENG-041;ENG-044;ENG-057;ENG-062;ENG-094,DEFINICION_EXPLICITA;ENCABEZADO;TABLA_COLUMNA_PRINCIPAL;TERMINO_DESTACADO,1,CANDIDATO_ENG_DEFINIDO,NO,NO_ASIGNADO,ENG_SUBORDINADO,,ENG-003;ENG-008;ENG-016;ENG-021;ENG-029;ENG-031;ENG-036;ENG-037;ENG-040;ENG-041;ENG-044;ENG-057;ENG-062;ENG-094,Sólo existe evidencia ENG; se conserva como evidencia técnica subordinada.,NO,DIFERIDO_ENG_ONLY,,,"Sólo posee evidencia ENG subordinada. Se conserva para compatibilidad/evolución, pero no se canoniza automáticamente.",DIFERIDO_ENG_ONLY
compatibility gate,Compatibility Gate,Compatibility Gate; Compatibility Gates,2,3,ENG,3,ENG-016;ENG-017;ENG-031,ENCABEZADO,0,CANDIDATO_ENG_REPETIDO,NO,NO_ASIGNADO,ENG_SUBORDINADO,,ENG-016;ENG-017;ENG-031,Sólo existe evidencia ENG; se conserva como evidencia técnica subordinada.,NO,DIFERIDO_ENG_ONLY,,Compatibility Gates,"Sólo posee evidencia ENG subordinada. Se conserva para compatibilidad/evolución, pero no se canoniza automáticamente.",DIFERIDO_ENG_ONLY
compatibility integration,Compatibility Integration,Compatibility Integration,1,6,ENG,6,ENG-017;ENG-018;ENG-019;ENG-020;ENG-024;ENG-026,ENCABEZADO,0,CANDIDATO_ENG_REPETIDO,NO,NO_ASIGNADO,ENG_SUBORDINADO,,ENG-017;ENG-018;ENG-019;ENG-020;ENG-024;ENG-026,Sólo existe evidencia ENG; se conserva como evidencia técnica subordinada.,NO,DIFERIDO_ENG_ONLY,,,"Sólo posee evidencia ENG subordinada. Se conserva para compatibilidad/evolución, pero no se canoniza automáticamente.",DIFERIDO_ENG_ONLY
compatibility matrix,Compatibility Matrix,Compatibility Matrix,1,6,ENG,6,ENG-009;ENG-014;ENG-016;ENG-021;ENG-028;ENG-061,ENCABEZADO,0,CANDIDATO_ENG_REPETIDO,NO,NO_ASIGNADO,ENG_SUBORDINADO,,ENG-009;ENG-014;ENG-016;ENG-021;ENG-028;ENG-061,Sólo existe evidencia ENG; se conserva como evidencia técnica subordinada.,NO,DIFERIDO_ENG_ONLY,,,"Sólo posee evidencia ENG subordinada. Se conserva para compatibilidad/evolución, pero no se canoniza automáticamente.",DIFERIDO_ENG_ONLY
compatibility requirement,Compatibility Requirement,Compatibility Requirement; Compatibility Requirements,2,3,ENG,3,ENG-016;ENG-017;ENG-029,ENCABEZADO,0,CANDIDATO_ENG_REPETIDO,NO,NO_ASIGNADO,ENG_SUBORDINADO,,ENG-016;ENG-017;ENG-029,Sólo existe evidencia ENG; se conserva como evidencia técnica subordinada.,NO,DIFERIDO_ENG_ONLY,,Compatibility Requirements,"Sólo posee evidencia ENG subordinada. Se conserva para compatibilidad/evolución, pero no se canoniza automáticamente.",DIFERIDO_ENG_ONLY
compatibility test,Compatibility Test,Compatibility Test; Compatibility Tests,2,13,ENG,13,ENG-009;ENG-016;ENG-021;ENG-028;ENG-029;ENG-031;ENG-040;ENG-044;ENG-059;ENG-060;ENG-061;ENG-062;ENG-063,ENCABEZADO,0,CANDIDATO_ENG_REPETIDO,NO,NO_ASIGNADO,ENG_SUBORDINADO,,ENG-009;ENG-016;ENG-021;ENG-028;ENG-029;ENG-031;ENG-040;ENG-044;ENG-059;ENG-060;ENG-061;ENG-062;ENG-063,Sólo existe evidencia ENG; se conserva como evidencia técnica subordinada.,NO,DIFERIDO_ENG_ONLY,,Compatibility Tests,"Sólo posee evidencia ENG subordinada. Se conserva para compatibilidad/evolución, pero no se canoniza automáticamente.",DIFERIDO_ENG_ONLY
compatibility validation,Compatibility Validation,Compatibility Validation,1,3,ENG,3,ENG-013;ENG-049;ENG-051,ENCABEZADO,0,CANDIDATO_ENG_REPETIDO,NO,NO_ASIGNADO,ENG_SUBORDINADO,,ENG-013;ENG-049;ENG-051,Sólo existe evidencia ENG; se conserva como evidencia técnica subordinada.,NO,DIFERIDO_ENG_ONLY,,,"Sólo posee evidencia ENG subordinada. Se conserva para compatibilidad/evolución, pero no se canoniza automáticamente.",DIFERIDO_ENG_ONLY
compensation,Compensation,Compensation,1,5,ENG,4,ENG-034;ENG-042;ENG-065;ENG-078,CODIGO_INLINE;ENCABEZADO,0,CANDIDATO_ENG_REPETIDO,NO,NO_ASIGNADO,ENG_SUBORDINADO,,ENG-034;ENG-042;ENG-065;ENG-078,Sólo existe evidencia ENG; se conserva como evidencia técnica subordinada.,NO,DIFERIDO_ENG_ONLY,,,"Sólo posee evidencia ENG subordinada. Se conserva para compatibilidad/evolución, pero no se canoniza automáticamente.",DIFERIDO_ENG_ONLY
compensation rollback,Compensation ≠ Rollback,Compensation = Rollback; Compensation ≠ Rollback,2,3,ENG,3,ENG-042;ENG-052;ENG-065,ENCABEZADO,0,CANDIDATO_ENG_REPETIDO,NO,NO_ASIGNADO,ENG_SUBORDINADO,,ENG-042;ENG-052;ENG-065,Sólo existe evidencia ENG; se conserva como evidencia técnica subordinada.,NO,DIFERIDO_ENG_ONLY,,Compensation = Rollback,"Sólo posee evidencia ENG subordinada. Se conserva para compatibilidad/evolución, pero no se canoniza automáticamente.",DIFERIDO_ENG_ONLY
completeness,Completeness,Completeness,1,3,ENG,3,ENG-079;ENG-080;ENG-094,ENCABEZADO,0,CANDIDATO_ENG_REPETIDO,NO,NO_ASIGNADO,ENG_SUBORDINADO,,ENG-079;ENG-080;ENG-094,Sólo existe evidencia ENG; se conserva como evidencia técnica subordinada.,NO,DIFERIDO_ENG_ONLY,,,"Sólo posee evidencia ENG subordinada. Se conserva para compatibilidad/evolución, pero no se canoniza automáticamente.",DIFERIDO_ENG_ONLY
compliance,Compliance,Compliance,1,10,ENG,7,ENG-010;ENG-013;ENG-083;ENG-088;ENG-092;ENG-093;ENG-094,CODIGO_INLINE;DEFINICION_EXPLICITA;ENCABEZADO,2,CANDIDATO_ENG_DEFINIDO,NO,NO_ASIGNADO,ENG_SUBORDINADO,,ENG-010;ENG-013;ENG-083;ENG-088;ENG-092;ENG-093;ENG-094,Sólo existe evidencia ENG; se conserva como evidencia técnica subordinada.,NO,DIFERIDO_ENG_ONLY,,,"Sólo posee evidencia ENG subordinada. Se conserva para compatibilidad/evolución, pero no se canoniza automáticamente.",DIFERIDO_ENG_ONLY
compliance control,Compliance Control,Compliance Control; compliance:controls,2,3,ENG,1,ENG-083,ENCABEZADO,0,CANDIDATO_ENG_REPETIDO,NO,NO_ASIGNADO,ENG_SUBORDINADO,,ENG-083,Sólo existe evidencia ENG; se conserva como evidencia técnica subordinada.,NO,DIFERIDO_ENG_ONLY,,compliance:controls,"Sólo posee evidencia ENG subordinada. Se conserva para compatibilidad/evolución, pero no se canoniza automáticamente.",DIFERIDO_ENG_ONLY
compliance evidence,Compliance Evidence,Compliance Evidence; compliance:evidence,2,4,ENG,2,ENG-012;ENG-083,ENCABEZADO,0,CANDIDATO_ENG_REPETIDO,NO,NO_ASIGNADO,ENG_SUBORDINADO,,ENG-012;ENG-083,Sólo existe evidencia ENG; se conserva como evidencia técnica subordinada.,NO,DIFERIDO_ENG_ONLY,,compliance:evidence,"Sólo posee evidencia ENG subordinada. Se conserva para compatibilidad/evolución, pero no se canoniza automáticamente.",DIFERIDO_ENG_ONLY
compliance exception,Compliance Exception,Compliance Exception; compliance:exceptions,2,3,ENG,1,ENG-083,ENCABEZADO,0,CANDIDATO_ENG_REPETIDO,NO,NO_ASIGNADO,ENG_SUBORDINADO,,ENG-083,Sólo existe evidencia ENG; se conserva como evidencia técnica subordinada.,NO,DIFERIDO_ENG_ONLY,,compliance:exceptions,"Sólo posee evidencia ENG subordinada. Se conserva para compatibilidad/evolución, pero no se canoniza automáticamente.",DIFERIDO_ENG_ONLY
compliance finding,Compliance Finding,Compliance Finding; compliance:findings,2,3,ENG,1,ENG-083,ENCABEZADO,0,CANDIDATO_ENG_REPETIDO,NO,NO_ASIGNADO,ENG_SUBORDINADO,,ENG-083,Sólo existe evidencia ENG; se conserva como evidencia técnica subordinada.,NO,DIFERIDO_ENG_ONLY,,compliance:findings,"Sólo posee evidencia ENG subordinada. Se conserva para compatibilidad/evolución, pero no se canoniza automáticamente.",DIFERIDO_ENG_ONLY
compliance requirement,Compliance Requirement,Compliance Requirement; compliance:requirements,2,3,ENG,1,ENG-083,ENCABEZADO,0,CANDIDATO_ENG_REPETIDO,NO,NO_ASIGNADO,ENG_SUBORDINADO,,ENG-083,Sólo existe evidencia ENG; se conserva como evidencia técnica subordinada.,NO,DIFERIDO_ENG_ONLY,,compliance:requirements,"Sólo posee evidencia ENG subordinada. Se conserva para compatibilidad/evolución, pero no se canoniza automáticamente.",DIFERIDO_ENG_ONLY
compliant,COMPLIANT,COMPLIANT; Compliant,2,5,ENG,3,ENG-081;ENG-083;ENG-093,CODIGO_INLINE;ENCABEZADO,0,CANDIDATO_ENG_REPETIDO,NO,NO_ASIGNADO,ENG_SUBORDINADO,,ENG-081;ENG-083;ENG-093,Sólo existe evidencia ENG; se conserva como evidencia técnica subordinada.,NO,DIFERIDO_ENG_ONLY,,,"Sólo posee evidencia ENG subordinada. Se conserva para compatibilidad/evolución, pero no se canoniza automáticamente.",DIFERIDO_ENG_ONLY
composition test,Composition Tests,Composition Test; Composition Tests,2,3,ENG,3,ENG-018;ENG-019;ENG-063,ENCABEZADO,0,CANDIDATO_ENG_REPETIDO,NO,NO_ASIGNADO,ENG_SUBORDINADO,,ENG-018;ENG-019;ENG-063,Sólo existe evidencia ENG; se conserva como evidencia técnica subordinada.,NO,DIFERIDO_ENG_ONLY,,Composition Test,"Sólo posee evidencia ENG subordinada. Se conserva para compatibilidad/evolución, pero no se canoniza automáticamente.",DIFERIDO_ENG_ONLY
compression,Compression,Compression,1,6,ENG,5,ENG-026;ENG-031;ENG-032;ENG-044;ENG-070,DEFINICION_EXPLICITA;ENCABEZADO,1,CANDIDATO_ENG_DEFINIDO,NO,NO_ASIGNADO,ENG_SUBORDINADO,,ENG-026;ENG-031;ENG-032;ENG-044;ENG-070,Sólo existe evidencia ENG; se conserva como evidencia técnica subordinada.,NO,DIFERIDO_ENG_ONLY,,,"Sólo posee evidencia ENG subordinada. Se conserva para compatibilidad/evolución, pero no se canoniza automáticamente.",DIFERIDO_ENG_ONLY
concepto fundamental,Conceptos Fundamentales,Conceptos Fundamentales,1,3,ENG,3,ENG-013;ENG-015;ENG-019,ENCABEZADO,0,CANDIDATO_ENG_REPETIDO,NO,NO_ASIGNADO,ENG_SUBORDINADO,,ENG-013;ENG-015;ENG-019,Sólo existe evidencia ENG; se conserva como evidencia técnica subordinada.,NO,DIFERIDO_ENG_ONLY,,,"Sólo posee evidencia ENG subordinada. Se conserva para compatibilidad/evolución, pero no se canoniza automáticamente.",DIFERIDO_ENG_ONLY
conceptual directory structure,Conceptual Directory Structure,Conceptual Directory Structure,1,27,ENG,27,ENG-027;ENG-028;ENG-029;ENG-030;ENG-031;ENG-032;ENG-034;ENG-035;ENG-036;ENG-037;ENG-038;ENG-039;ENG-040;ENG-041;ENG-042;ENG-043;ENG-044;ENG-045;ENG-046;ENG-047;ENG-048;ENG-049;ENG-050;ENG-051;ENG-052;ENG-053;ENG-054,ENCABEZADO,0,CANDIDATO_ENG_REPETIDO,NO,NO_ASIGNADO,ENG_SUBORDINADO,,ENG-027;ENG-028;ENG-029;ENG-030;ENG-031;ENG-032;ENG-034;ENG-035;ENG-036;ENG-037;ENG-038;ENG-039;ENG-040;ENG-041;ENG-042;ENG-043;ENG-044;ENG-045;ENG-046;ENG-047;ENG-048;ENG-049;ENG-050;ENG-051;ENG-052;ENG-053;ENG-054,Sólo existe evidencia ENG; se conserva como evidencia técnica subordinada.,NO,DIFERIDO_ENG_ONLY,,,"Sólo posee evidencia ENG subordinada. Se conserva para compatibilidad/evolución, pero no se canoniza automáticamente.",DIFERIDO_ENG_ONLY
concurrency,Concurrency,Concurrency,1,14,ENG,12,ENG-013;ENG-015;ENG-022;ENG-026;ENG-030;ENG-034;ENG-038;ENG-039;ENG-040;ENG-041;ENG-070;ENG-072,CODIGO_INLINE;DEFINICION_EXPLICITA;ENCABEZADO,2,CANDIDATO_ENG_DEFINIDO,NO,NO_ASIGNADO,ENG_SUBORDINADO,,ENG-013;ENG-015;ENG-022;ENG-026;ENG-030;ENG-034;ENG-038;ENG-039;ENG-040;ENG-041;ENG-070;ENG-072,Sólo existe evidencia ENG; se conserva como evidencia técnica subordinada.,NO,DIFERIDO_ENG_ONLY,,,"Sólo posee evidencia ENG subordinada. Se conserva para compatibilidad/evolución, pero no se canoniza automáticamente.",DIFERIDO_ENG_ONLY
concurrency conflict,Concurrency Conflict,Concurrency Conflict,1,3,ENG,3,ENG-030;ENG-039;ENG-040,ENCABEZADO,0,CANDIDATO_ENG_REPETIDO,NO,NO_ASIGNADO,ENG_SUBORDINADO,,ENG-030;ENG-039;ENG-040,Sólo existe evidencia ENG; se conserva como evidencia técnica subordinada.,NO,DIFERIDO_ENG_ONLY,,,"Sólo posee evidencia ENG subordinada. Se conserva para compatibilidad/evolución, pero no se canoniza automáticamente.",DIFERIDO_ENG_ONLY
concurrency engineering,Concurrency Engineering,Concurrency Engineering,1,4,ENG,3,ENG-026;ENG-037;ENG-038,ENCABEZADO;TERMINO_DESTACADO,0,CANDIDATO_ENG_REPETIDO,NO,NO_ASIGNADO,ENG_SUBORDINADO,,ENG-026;ENG-037;ENG-038,Sólo existe evidencia ENG; se conserva como evidencia técnica subordinada.,NO,DIFERIDO_ENG_ONLY,,,"Sólo posee evidencia ENG subordinada. Se conserva para compatibilidad/evolución, pero no se canoniza automáticamente.",DIFERIDO_ENG_ONLY
concurrency integration,Concurrency Integration,Concurrency Integration,1,11,ENG,11,ENG-042;ENG-045;ENG-046;ENG-047;ENG-048;ENG-049;ENG-050;ENG-051;ENG-052;ENG-053;ENG-054,ENCABEZADO,0,CANDIDATO_ENG_REPETIDO,NO,NO_ASIGNADO,ENG_SUBORDINADO,,ENG-042;ENG-045;ENG-046;ENG-047;ENG-048;ENG-049;ENG-050;ENG-051;ENG-052;ENG-053;ENG-054,Sólo existe evidencia ENG; se conserva como evidencia técnica subordinada.,NO,DIFERIDO_ENG_ONLY,,,"Sólo posee evidencia ENG subordinada. Se conserva para compatibilidad/evolución, pero no se canoniza automáticamente.",DIFERIDO_ENG_ONLY
concurrency limit,Concurrency Limit,Concurrency Limit,1,3,ENG,3,ENG-032;ENG-044;ENG-070,ENCABEZADO,0,CANDIDATO_ENG_REPETIDO,NO,NO_ASIGNADO,ENG_SUBORDINADO,,ENG-032;ENG-044;ENG-070,Sólo existe evidencia ENG; se conserva como evidencia técnica subordinada.,NO,DIFERIDO_ENG_ONLY,,,"Sólo posee evidencia ENG subordinada. Se conserva para compatibilidad/evolución, pero no se canoniza automáticamente.",DIFERIDO_ENG_ONLY
concurrency test,Concurrency Test,Concurrency Test; Concurrency Tests,2,17,ENG,17,ENG-019;ENG-020;ENG-022;ENG-030;ENG-038;ENG-045;ENG-047;ENG-049;ENG-050;ENG-051;ENG-052;ENG-053;ENG-056;ENG-058;ENG-059;ENG-066;ENG-067,ENCABEZADO,0,CANDIDATO_ENG_REPETIDO,NO,NO_ASIGNADO,ENG_SUBORDINADO,,ENG-019;ENG-020;ENG-022;ENG-030;ENG-038;ENG-045;ENG-047;ENG-049;ENG-050;ENG-051;ENG-052;ENG-053;ENG-056;ENG-058;ENG-059;ENG-066;ENG-067,Sólo existe evidencia ENG; se conserva como evidencia técnica subordinada.,NO,DIFERIDO_ENG_ONLY,,Concurrency Tests,"Sólo posee evidencia ENG subordinada. Se conserva para compatibilidad/evolución, pero no se canoniza automáticamente.",DIFERIDO_ENG_ONLY
confidence,Confidence,Confidence,1,2,ENG,2,ENG-085;ENG-091,DEFINICION_EXPLICITA;ENCABEZADO,1,CANDIDATO_ENG_DEFINIDO,NO,NO_ASIGNADO,ENG_SUBORDINADO,,ENG-085;ENG-091,Sólo existe evidencia ENG; se conserva como evidencia técnica subordinada.,NO,DIFERIDO_ENG_ONLY,,,"Sólo posee evidencia ENG subordinada. Se conserva para compatibilidad/evolución, pero no se canoniza automáticamente.",DIFERIDO_ENG_ONLY
configuration cache,Configuration Cache,Configuration Cache,1,4,ENG,4,ENG-011;ENG-037;ENG-048;ENG-049,ENCABEZADO,0,CANDIDATO_ENG_REPETIDO,NO,NO_ASIGNADO,ENG_SUBORDINADO,,ENG-011;ENG-037;ENG-048;ENG-049,Sólo existe evidencia ENG; se conserva como evidencia técnica subordinada.,NO,DIFERIDO_ENG_ONLY,,,"Sólo posee evidencia ENG subordinada. Se conserva para compatibilidad/evolución, pero no se canoniza automáticamente.",DIFERIDO_ENG_ONLY
configuration compatibility,Configuration Compatibility,Configuration Compatibility,1,3,ENG,2,ENG-016;ENG-066,ENCABEZADO,0,CANDIDATO_ENG_REPETIDO,NO,NO_ASIGNADO,ENG_SUBORDINADO,,ENG-016;ENG-066,Sólo existe evidencia ENG; se conserva como evidencia técnica subordinada.,NO,DIFERIDO_ENG_ONLY,,,"Sólo posee evidencia ENG subordinada. Se conserva para compatibilidad/evolución, pero no se canoniza automáticamente.",DIFERIDO_ENG_ONLY
configuration injection,Configuration Injection,Configuration Injection,1,3,ENG,3,ENG-011;ENG-018;ENG-049,ENCABEZADO,0,CANDIDATO_ENG_REPETIDO,NO,NO_ASIGNADO,ENG_SUBORDINADO,,ENG-011;ENG-018;ENG-049,Sólo existe evidencia ENG; se conserva como evidencia técnica subordinada.,NO,DIFERIDO_ENG_ONLY,,,"Sólo posee evidencia ENG subordinada. Se conserva para compatibilidad/evolución, pero no se canoniza automáticamente.",DIFERIDO_ENG_ONLY
configuration integration,Configuration Integration,Configuration Integration,1,11,ENG,11,ENG-016;ENG-017;ENG-050;ENG-051;ENG-052;ENG-053;ENG-054;ENG-055;ENG-065;ENG-067;ENG-068,ENCABEZADO,0,CANDIDATO_ENG_REPETIDO,NO,NO_ASIGNADO,ENG_SUBORDINADO,,ENG-016;ENG-017;ENG-050;ENG-051;ENG-052;ENG-053;ENG-054;ENG-055;ENG-065;ENG-067;ENG-068,Sólo existe evidencia ENG; se conserva como evidencia técnica subordinada.,NO,DIFERIDO_ENG_ONLY,,,"Sólo posee evidencia ENG subordinada. Se conserva para compatibilidad/evolución, pero no se canoniza automáticamente.",DIFERIDO_ENG_ONLY
configuration lifecycle,Configuration Lifecycle,Configuration Lifecycle,1,3,ENG,3,ENG-011;ENG-015;ENG-049,ENCABEZADO,0,CANDIDATO_ENG_REPETIDO,NO,NO_ASIGNADO,ENG_SUBORDINADO,,ENG-011;ENG-015;ENG-049,Sólo existe evidencia ENG; se conserva como evidencia técnica subordinada.,NO,DIFERIDO_ENG_ONLY,,,"Sólo posee evidencia ENG subordinada. Se conserva para compatibilidad/evolución, pero no se canoniza automáticamente.",DIFERIDO_ENG_ONLY
configuration management engineering,Configuration Management Engineering,Configuration Management Engineering,1,3,ENG,2,ENG-048;ENG-049,ENCABEZADO;TERMINO_DESTACADO,0,CANDIDATO_ENG_REPETIDO,NO,NO_ASIGNADO,ENG_SUBORDINADO,,ENG-048;ENG-049,Sólo existe evidencia ENG; se conserva como evidencia técnica subordinada.,NO,DIFERIDO_ENG_ONLY,,,"Sólo posee evidencia ENG subordinada. Se conserva para compatibilidad/evolución, pero no se canoniza automáticamente.",DIFERIDO_ENG_ONLY
configuration namespace,Configuration Namespace,Configuration Namespace,1,3,ENG,3,ENG-028;ENG-029;ENG-060,ENCABEZADO,0,CANDIDATO_ENG_REPETIDO,NO,NO_ASIGNADO,ENG_SUBORDINADO,,ENG-028;ENG-029;ENG-060,Sólo existe evidencia ENG; se conserva como evidencia técnica subordinada.,NO,DIFERIDO_ENG_ONLY,,,"Sólo posee evidencia ENG subordinada. Se conserva para compatibilidad/evolución, pero no se canoniza automáticamente.",DIFERIDO_ENG_ONLY
configuration reload,Configuration Reload,Configuration Reload,1,4,ENG,4,ENG-011;ENG-037;ENG-049;ENG-055,ENCABEZADO,0,CANDIDATO_ENG_REPETIDO,NO,NO_ASIGNADO,ENG_SUBORDINADO,,ENG-011;ENG-037;ENG-049;ENG-055,Sólo existe evidencia ENG; se conserva como evidencia técnica subordinada.,NO,DIFERIDO_ENG_ONLY,,,"Sólo posee evidencia ENG subordinada. Se conserva para compatibilidad/evolución, pero no se canoniza automáticamente.",DIFERIDO_ENG_ONLY
configuration resolution,Configuration Resolution,Configuration Resolution,1,3,ENG,3,ENG-027;ENG-048;ENG-049,ENCABEZADO,0,CANDIDATO_ENG_REPETIDO,NO,NO_ASIGNADO,ENG_SUBORDINADO,,ENG-027;ENG-048;ENG-049,Sólo existe evidencia ENG; se conserva como evidencia técnica subordinada.,NO,DIFERIDO_ENG_ONLY,,,"Sólo posee evidencia ENG subordinada. Se conserva para compatibilidad/evolución, pero no se canoniza automáticamente.",DIFERIDO_ENG_ONLY
configuration schema,Configuration Schema,Configuration Schema,1,6,ENG,5,ENG-011;ENG-029;ENG-049;ENG-060;ENG-062,DEFINICION_EXPLICITA;ENCABEZADO,1,CANDIDATO_ENG_DEFINIDO,NO,NO_ASIGNADO,ENG_SUBORDINADO,,ENG-011;ENG-029;ENG-049;ENG-060;ENG-062,Sólo existe evidencia ENG; se conserva como evidencia técnica subordinada.,NO,DIFERIDO_ENG_ONLY,,,"Sólo posee evidencia ENG subordinada. Se conserva para compatibilidad/evolución, pero no se canoniza automáticamente.",DIFERIDO_ENG_ONLY
configuration secret,Configuration Secrets,Configuration Secrets; Configuration ≠ Secret,2,3,ENG,3,ENG-049;ENG-060;ENG-065,ENCABEZADO,0,CANDIDATO_ENG_REPETIDO,NO,NO_ASIGNADO,ENG_SUBORDINADO,,ENG-049;ENG-060;ENG-065,Sólo existe evidencia ENG; se conserva como evidencia técnica subordinada.,NO,DIFERIDO_ENG_ONLY,,Configuration ≠ Secret,"Sólo posee evidencia ENG subordinada. Se conserva para compatibilidad/evolución, pero no se canoniza automáticamente.",DIFERIDO_ENG_ONLY
configuration source,Configuration Source,Configuration Source,1,3,ENG,2,ENG-011;ENG-049,CODIGO_INLINE;ENCABEZADO,0,CANDIDATO_ENG_REPETIDO,NO,NO_ASIGNADO,ENG_SUBORDINADO,,ENG-011;ENG-049,Sólo existe evidencia ENG; se conserva como evidencia técnica subordinada.,NO,DIFERIDO_ENG_ONLY,,,"Sólo posee evidencia ENG subordinada. Se conserva para compatibilidad/evolución, pero no se canoniza automáticamente.",DIFERIDO_ENG_ONLY
configuration validation,Configuration Validation,Configuration Validation,1,16,ENG,16,ENG-012;ENG-022;ENG-027;ENG-036;ENG-038;ENG-039;ENG-040;ENG-041;ENG-042;ENG-043;ENG-044;ENG-045;ENG-046;ENG-047;ENG-048;ENG-049,ENCABEZADO,0,CANDIDATO_ENG_REPETIDO,NO,NO_ASIGNADO,ENG_SUBORDINADO,,ENG-012;ENG-022;ENG-027;ENG-036;ENG-038;ENG-039;ENG-040;ENG-041;ENG-042;ENG-043;ENG-044;ENG-045;ENG-046;ENG-047;ENG-048;ENG-049,Sólo existe evidencia ENG; se conserva como evidencia técnica subordinada.,NO,DIFERIDO_ENG_ONLY,,,"Sólo posee evidencia ENG subordinada. Se conserva para compatibilidad/evolución, pero no se canoniza automáticamente.",DIFERIDO_ENG_ONLY
conflict,Conflict,CONFLICT; Conflict; Conflicts,3,4,ENG,4,ENG-003;ENG-038;ENG-078;ENG-079,ENCABEZADO,0,CANDIDATO_ENG_REPETIDO,NO,NO_ASIGNADO,ENG_SUBORDINADO,,ENG-003;ENG-038;ENG-078;ENG-079,Sólo existe evidencia ENG; se conserva como evidencia técnica subordinada.,NO,DIFERIDO_ENG_ONLY,,Conflicts,"Sólo posee evidencia ENG subordinada. Se conserva para compatibilidad/evolución, pero no se canoniza automáticamente.",DIFERIDO_ENG_ONLY
conflict detection,Conflict Detection,Conflict Detection,1,3,ENG,3,ENG-013;ENG-053;ENG-078,ENCABEZADO,0,CANDIDATO_ENG_REPETIDO,NO,NO_ASIGNADO,ENG_SUBORDINADO,,ENG-013;ENG-053;ENG-078,Sólo existe evidencia ENG; se conserva como evidencia técnica subordinada.,NO,DIFERIDO_ENG_ONLY,,,"Sólo posee evidencia ENG subordinada. Se conserva para compatibilidad/evolución, pero no se canoniza automáticamente.",DIFERIDO_ENG_ONLY
conflict resolution,Conflict Resolution,Conflict Resolution,1,4,ENG,4,ENG-050;ENG-051;ENG-058;ENG-078,ENCABEZADO,0,CANDIDATO_ENG_REPETIDO,NO,NO_ASIGNADO,ENG_SUBORDINADO,,ENG-050;ENG-051;ENG-058;ENG-078,Sólo existe evidencia ENG; se conserva como evidencia técnica subordinada.,NO,DIFERIDO_ENG_ONLY,,,"Sólo posee evidencia ENG subordinada. Se conserva para compatibilidad/evolución, pero no se canoniza automáticamente.",DIFERIDO_ENG_ONLY
conflict test,Conflict Test,Conflict Test; Conflict Tests,2,5,ENG,5,ENG-020;ENG-050;ENG-051;ENG-057;ENG-058,ENCABEZADO,0,CANDIDATO_ENG_REPETIDO,NO,NO_ASIGNADO,ENG_SUBORDINADO,,ENG-020;ENG-050;ENG-051;ENG-057;ENG-058,Sólo existe evidencia ENG; se conserva como evidencia técnica subordinada.,NO,DIFERIDO_ENG_ONLY,,Conflict Tests,"Sólo posee evidencia ENG subordinada. Se conserva para compatibilidad/evolución, pero no se canoniza automáticamente.",DIFERIDO_ENG_ONLY
connection,Connection,Connection,1,3,ENG,2,ENG-030;ENG-032,CODIGO_INLINE;ENCABEZADO,0,CANDIDATO_ENG_REPETIDO,NO,NO_ASIGNADO,ENG_SUBORDINADO,,ENG-030;ENG-032,Sólo existe evidencia ENG; se conserva como evidencia técnica subordinada.,NO,DIFERIDO_ENG_ONLY,,,"Sólo posee evidencia ENG subordinada. Se conserva para compatibilidad/evolución, pero no se canoniza automáticamente.",DIFERIDO_ENG_ONLY
connection leak,Connection Leak,Connection Leak,1,3,ENG,3,ENG-030;ENG-032;ENG-043,ENCABEZADO,0,CANDIDATO_ENG_REPETIDO,NO,NO_ASIGNADO,ENG_SUBORDINADO,,ENG-030;ENG-032;ENG-043,Sólo existe evidencia ENG; se conserva como evidencia técnica subordinada.,NO,DIFERIDO_ENG_ONLY,,,"Sólo posee evidencia ENG subordinada. Se conserva para compatibilidad/evolución, pero no se canoniza automáticamente.",DIFERIDO_ENG_ONLY
connection pool,Connection Pool,Connection Pool,1,6,ENG,6,ENG-030;ENG-032;ENG-038;ENG-043;ENG-048;ENG-070,ENCABEZADO,0,CANDIDATO_ENG_REPETIDO,NO,NO_ASIGNADO,ENG_SUBORDINADO,,ENG-030;ENG-032;ENG-038;ENG-043;ENG-048;ENG-070,Sólo existe evidencia ENG; se conserva como evidencia técnica subordinada.,NO,DIFERIDO_ENG_ONLY,,,"Sólo posee evidencia ENG subordinada. Se conserva para compatibilidad/evolución, pero no se canoniza automáticamente.",DIFERIDO_ENG_ONLY
consent,Consent,Consent,1,3,ENG,1,ENG-082,DEFINICION_EXPLICITA;ENCABEZADO,1,CANDIDATO_ENG_DEFINIDO,NO,NO_ASIGNADO,ENG_SUBORDINADO,,ENG-082,Sólo existe evidencia ENG; se conserva como evidencia técnica subordinada.,NO,DIFERIDO_ENG_ONLY,,,"Sólo posee evidencia ENG subordinada. Se conserva para compatibilidad/evolución, pero no se canoniza automáticamente.",DIFERIDO_ENG_ONLY
consistency,Consistency,Consistency; consistency,2,8,ENG,4,ENG-030;ENG-042;ENG-078;ENG-080,CODIGO_INLINE;DEFINICION_EXPLICITA;ENCABEZADO,3,CANDIDATO_ENG_DEFINIDO,NO,NO_ASIGNADO,ENG_SUBORDINADO,,ENG-030;ENG-042;ENG-078;ENG-080,Sólo existe evidencia ENG; se conserva como evidencia técnica subordinada.,NO,DIFERIDO_ENG_ONLY,,,"Sólo posee evidencia ENG subordinada. Se conserva para compatibilidad/evolución, pero no se canoniza automáticamente.",DIFERIDO_ENG_ONLY
consistency engineering,Consistency Engineering,Consistency Engineering,1,3,ENG,1,ENG-078,ENCABEZADO;TERMINO_DESTACADO,0,CANDIDATO_ENG_REPETIDO,NO,NO_ASIGNADO,ENG_SUBORDINADO,,ENG-078,Sólo existe evidencia ENG; se conserva como evidencia técnica subordinada.,NO,DIFERIDO_ENG_ONLY,,,"Sólo posee evidencia ENG subordinada. Se conserva para compatibilidad/evolución, pero no se canoniza automáticamente.",DIFERIDO_ENG_ONLY
consistency model,Consistency Model,Consistency Model; Consistency Models,2,3,ENG,3,ENG-042;ENG-053;ENG-078,ENCABEZADO,0,CANDIDATO_ENG_REPETIDO,NO,NO_ASIGNADO,ENG_SUBORDINADO,,ENG-042;ENG-053;ENG-078,Sólo existe evidencia ENG; se conserva como evidencia técnica subordinada.,NO,DIFERIDO_ENG_ONLY,,Consistency Models,"Sólo posee evidencia ENG subordinada. Se conserva para compatibilidad/evolución, pero no se canoniza automáticamente.",DIFERIDO_ENG_ONLY
consistency requirement,Consistency Requirement,Consistency Requirement; consistency:requirements,2,4,ENG,3,ENG-043;ENG-076;ENG-078,ENCABEZADO,0,CANDIDATO_ENG_REPETIDO,NO,NO_ASIGNADO,ENG_SUBORDINADO,,ENG-043;ENG-076;ENG-078,Sólo existe evidencia ENG; se conserva como evidencia técnica subordinada.,NO,DIFERIDO_ENG_ONLY,,consistency:requirements,"Sólo posee evidencia ENG subordinada. Se conserva para compatibilidad/evolución, pero no se canoniza automáticamente.",DIFERIDO_ENG_ONLY
consumer,Consumer,Consumer,1,3,ENG,2,ENG-041;ENG-080,CODIGO_INLINE;ENCABEZADO,0,CANDIDATO_ENG_REPETIDO,NO,NO_ASIGNADO,ENG_SUBORDINADO,,ENG-041;ENG-080,Sólo existe evidencia ENG; se conserva como evidencia técnica subordinada.,NO,DIFERIDO_ENG_ONLY,,,"Sólo posee evidencia ENG subordinada. Se conserva para compatibilidad/evolución, pero no se canoniza automáticamente.",DIFERIDO_ENG_ONLY
consumer responsibility,Consumer Responsibility,Consumer Responsibility,1,3,ENG,3,ENG-062;ENG-080;ENG-081,ENCABEZADO,0,CANDIDATO_ENG_REPETIDO,NO,NO_ASIGNADO,ENG_SUBORDINADO,,ENG-062;ENG-080;ENG-081,Sólo existe evidencia ENG; se conserva como evidencia técnica subordinada.,NO,DIFERIDO_ENG_ONLY,,,"Sólo posee evidencia ENG subordinada. Se conserva para compatibilidad/evolución, pero no se canoniza automáticamente.",DIFERIDO_ENG_ONLY
container integration,Container Integration,Container Integration,1,8,ENG,8,ENG-020;ENG-021;ENG-022;ENG-025;ENG-028;ENG-029;ENG-030;ENG-032,ENCABEZADO,0,CANDIDATO_ENG_REPETIDO,NO,NO_ASIGNADO,ENG_SUBORDINADO,,ENG-020;ENG-021;ENG-022;ENG-025;ENG-028;ENG-029;ENG-030;ENG-032,Sólo existe evidencia ENG; se conserva como evidencia técnica subordinada.,NO,DIFERIDO_ENG_ONLY,,,"Sólo posee evidencia ENG subordinada. Se conserva para compatibilidad/evolución, pero no se canoniza automáticamente.",DIFERIDO_ENG_ONLY
content negotiation,Content Negotiation,Content Negotiation,1,3,ENG,3,ENG-031;ENG-032;ENG-044,ENCABEZADO,0,CANDIDATO_ENG_REPETIDO,NO,NO_ASIGNADO,ENG_SUBORDINADO,,ENG-031;ENG-032;ENG-044,Sólo existe evidencia ENG; se conserva como evidencia técnica subordinada.,NO,DIFERIDO_ENG_ONLY,,,"Sólo posee evidencia ENG subordinada. Se conserva para compatibilidad/evolución, pero no se canoniza automáticamente.",DIFERIDO_ENG_ONLY
content type,Content Type,Content Type,1,3,ENG,3,ENG-032;ENG-041;ENG-044,ENCABEZADO,0,CANDIDATO_ENG_REPETIDO,NO,NO_ASIGNADO,ENG_SUBORDINADO,,ENG-032;ENG-041;ENG-044,Sólo existe evidencia ENG; se conserva como evidencia técnica subordinada.,NO,DIFERIDO_ENG_ONLY,,,"Sólo posee evidencia ENG subordinada. Se conserva para compatibilidad/evolución, pero no se canoniza automáticamente.",DIFERIDO_ENG_ONLY
contention test,Contention Test,Contention Test,1,3,ENG,3,ENG-054;ENG-070;ENG-072,ENCABEZADO,0,CANDIDATO_ENG_REPETIDO,NO,NO_ASIGNADO,ENG_SUBORDINADO,,ENG-054;ENG-070;ENG-072,Sólo existe evidencia ENG; se conserva como evidencia técnica subordinada.,NO,DIFERIDO_ENG_ONLY,,,"Sólo posee evidencia ENG subordinada. Se conserva para compatibilidad/evolución, pero no se canoniza automáticamente.",DIFERIDO_ENG_ONLY
context,Context,Context; context,2,5,ENG,3,ENG-023;ENG-056;ENG-069,CODIGO_INLINE;ENCABEZADO,0,CANDIDATO_ENG_REPETIDO,NO,NO_ASIGNADO,ENG_SUBORDINADO,,ENG-023;ENG-056;ENG-069,Sólo existe evidencia ENG; se conserva como evidencia técnica subordinada.,NO,DIFERIDO_ENG_ONLY,,,"Sólo posee evidencia ENG subordinada. Se conserva para compatibilidad/evolución, pero no se canoniza automáticamente.",DIFERIDO_ENG_ONLY
context injection,Context Injection,Context Injection,1,3,ENG,3,ENG-025;ENG-052;ENG-056,ENCABEZADO,0,CANDIDATO_ENG_REPETIDO,NO,NO_ASIGNADO,ENG_SUBORDINADO,,ENG-025;ENG-052;ENG-056,Sólo existe evidencia ENG; se conserva como evidencia técnica subordinada.,NO,DIFERIDO_ENG_ONLY,,,"Sólo posee evidencia ENG subordinada. Se conserva para compatibilidad/evolución, pero no se canoniza automáticamente.",DIFERIDO_ENG_ONLY
context management engineering,Context Management Engineering,Context Management Engineering,1,5,ENG,2,ENG-055;ENG-056,CODIGO_INLINE;ENCABEZADO;TERMINO_DESTACADO,0,CANDIDATO_ENG_REPETIDO,NO,NO_ASIGNADO,ENG_SUBORDINADO,,ENG-055;ENG-056,Sólo existe evidencia ENG; se conserva como evidencia técnica subordinada.,NO,DIFERIDO_ENG_ONLY,,,"Sólo posee evidencia ENG subordinada. Se conserva para compatibilidad/evolución, pero no se canoniza automáticamente.",DIFERIDO_ENG_ONLY
context minimality,Context Minimality,Context Minimality,1,4,ENG,4,ENG-050;ENG-051;ENG-052;ENG-059,ENCABEZADO,0,CANDIDATO_ENG_REPETIDO,NO,NO_ASIGNADO,ENG_SUBORDINADO,,ENG-050;ENG-051;ENG-052;ENG-059,Sólo existe evidencia ENG; se conserva como evidencia técnica subordinada.,NO,DIFERIDO_ENG_ONLY,,,"Sólo posee evidencia ENG subordinada. Se conserva para compatibilidad/evolución, pero no se canoniza automáticamente.",DIFERIDO_ENG_ONLY
context propagation,Context Propagation,Context Propagation,1,5,ENG,5,ENG-024;ENG-025;ENG-038;ENG-042;ENG-056,ENCABEZADO,0,CANDIDATO_ENG_REPETIDO,NO,NO_ASIGNADO,ENG_SUBORDINADO,,ENG-024;ENG-025;ENG-038;ENG-042;ENG-056,Sólo existe evidencia ENG; se conserva como evidencia técnica subordinada.,NO,DIFERIDO_ENG_ONLY,,,"Sólo posee evidencia ENG subordinada. Se conserva para compatibilidad/evolución, pero no se canoniza automáticamente.",DIFERIDO_ENG_ONLY
continuidad de invariant,Continuidad de Invariantes,Continuidad de Invariantes,1,72,ENG,72,ENG-023;ENG-024;ENG-025;ENG-026;ENG-027;ENG-028;ENG-029;ENG-030;ENG-031;ENG-032;ENG-034;ENG-035;ENG-036;ENG-037;ENG-038;ENG-039;ENG-040;ENG-041;ENG-042;ENG-043;ENG-044;ENG-045;ENG-046;ENG-047;ENG-048;ENG-049;ENG-050;ENG-051;ENG-052;ENG-053;ENG-054;ENG-055;ENG-056;ENG-057;ENG-058;ENG-059;ENG-060;ENG-061;ENG-062;ENG-063;ENG-064;ENG-065;ENG-066;ENG-067;ENG-068;ENG-069;ENG-070;ENG-071;ENG-072;ENG-073;ENG-074;ENG-075;ENG-076;ENG-077;ENG-078;ENG-079;ENG-080;ENG-081;ENG-082;ENG-083;ENG-084;ENG-085;ENG-086;ENG-087;ENG-088;ENG-089;ENG-090;ENG-091;ENG-092;ENG-093;ENG-094;ENG-100,ENCABEZADO,0,CANDIDATO_ENG_REPETIDO,NO,NO_ASIGNADO,ENG_SUBORDINADO,,ENG-023;ENG-024;ENG-025;ENG-026;ENG-027;ENG-028;ENG-029;ENG-030;ENG-031;ENG-032;ENG-034;ENG-035;ENG-036;ENG-037;ENG-038;ENG-039;ENG-040;ENG-041;ENG-042;ENG-043;ENG-044;ENG-045;ENG-046;ENG-047;ENG-048;ENG-049;ENG-050;ENG-051;ENG-052;ENG-053;ENG-054;ENG-055;ENG-056;ENG-057;ENG-058;ENG-059;ENG-060;ENG-061;ENG-062;ENG-063;ENG-064;ENG-065;ENG-066;ENG-067;ENG-068;ENG-069;ENG-070;ENG-071;ENG-072;ENG-073;ENG-074;ENG-075;ENG-076;ENG-077;ENG-078;ENG-079;ENG-080;ENG-081;ENG-082;ENG-083;ENG-084;ENG-085;ENG-086;ENG-087;ENG-088;ENG-089;ENG-090;ENG-091;ENG-092;ENG-093;ENG-094;ENG-100,Sólo existe evidencia ENG; se conserva como evidencia técnica subordinada.,NO,DIFERIDO_ENG_ONLY,,,"Sólo posee evidencia ENG subordinada. Se conserva para compatibilidad/evolución, pero no se canoniza automáticamente.",DIFERIDO_ENG_ONLY
contract compatibility,Contract Compatibility,Contract Compatibility,1,3,ENG,3,ENG-016;ENG-023;ENG-027,ENCABEZADO,0,CANDIDATO_ENG_REPETIDO,NO,NO_ASIGNADO,ENG_SUBORDINADO,,ENG-016;ENG-023;ENG-027,Sólo existe evidencia ENG; se conserva como evidencia técnica subordinada.,NO,DIFERIDO_ENG_ONLY,,,"Sólo posee evidencia ENG subordinada. Se conserva para compatibilidad/evolución, pero no se canoniza automáticamente.",DIFERIDO_ENG_ONLY
contract consumer,contract consumers,Contract Consumer; contract consumers,2,3,ENG,1,ENG-021,CODIGO_INLINE;ENCABEZADO,0,CANDIDATO_ENG_REPETIDO,NO,NO_ASIGNADO,ENG_SUBORDINADO,,ENG-021,Sólo existe evidencia ENG; se conserva como evidencia técnica subordinada.,NO,DIFERIDO_ENG_ONLY,,Contract Consumer,"Sólo posee evidencia ENG subordinada. Se conserva para compatibilidad/evolución, pero no se canoniza automáticamente.",DIFERIDO_ENG_ONLY
contract diff,Contract Diff,Contract Diff; contract diff,2,5,ENG,3,ENG-014;ENG-017;ENG-021,CODIGO_INLINE;ENCABEZADO,0,CANDIDATO_ENG_REPETIDO,NO,NO_ASIGNADO,ENG_SUBORDINADO,,ENG-014;ENG-017;ENG-021,Sólo existe evidencia ENG; se conserva como evidencia técnica subordinada.,NO,DIFERIDO_ENG_ONLY,,,"Sólo posee evidencia ENG subordinada. Se conserva para compatibilidad/evolución, pero no se canoniza automáticamente.",DIFERIDO_ENG_ONLY
contract error,Contract Error,Contract Error; Contract Errors,2,3,ENG,1,ENG-023,ENCABEZADO,0,CANDIDATO_ENG_REPETIDO,NO,NO_ASIGNADO,ENG_SUBORDINADO,,ENG-023,Sólo existe evidencia ENG; se conserva como evidencia técnica subordinada.,NO,DIFERIDO_ENG_ONLY,,Contract Errors,"Sólo posee evidencia ENG subordinada. Se conserva para compatibilidad/evolución, pero no se canoniza automáticamente.",DIFERIDO_ENG_ONLY
contract integration,Contract Integration,Contract Integration; Contracts Integration,2,4,ENG,4,ENG-023;ENG-025;ENG-028;ENG-042,ENCABEZADO,0,CANDIDATO_ENG_REPETIDO,NO,NO_ASIGNADO,ENG_SUBORDINADO,,ENG-023;ENG-025;ENG-028;ENG-042,Sólo existe evidencia ENG; se conserva como evidencia técnica subordinada.,NO,DIFERIDO_ENG_ONLY,,Contracts Integration,"Sólo posee evidencia ENG subordinada. Se conserva para compatibilidad/evolución, pero no se canoniza automáticamente.",DIFERIDO_ENG_ONLY
contract ownership,Contract Ownership,Contract Ownership,1,3,ENG,3,ENG-018;ENG-021;ENG-028,ENCABEZADO,0,CANDIDATO_ENG_REPETIDO,NO,NO_ASIGNADO,ENG_SUBORDINADO,,ENG-018;ENG-021;ENG-028,Sólo existe evidencia ENG; se conserva como evidencia técnica subordinada.,NO,DIFERIDO_ENG_ONLY,,,"Sólo posee evidencia ENG subordinada. Se conserva para compatibilidad/evolución, pero no se canoniza automáticamente.",DIFERIDO_ENG_ONLY
contract provider,Contract Provider,Contract Provider; contract providers,2,4,ENG,2,ENG-021;ENG-028,CODIGO_INLINE;ENCABEZADO,0,CANDIDATO_ENG_REPETIDO,NO,NO_ASIGNADO,ENG_SUBORDINADO,,ENG-021;ENG-028,Sólo existe evidencia ENG; se conserva como evidencia técnica subordinada.,NO,DIFERIDO_ENG_ONLY,,contract providers,"Sólo posee evidencia ENG subordinada. Se conserva para compatibilidad/evolución, pero no se canoniza automáticamente.",DIFERIDO_ENG_ONLY
contract requirement,Contract Requirements,Contract Requirement; Contract Requirements,2,3,ENG,2,ENG-016;ENG-028,ENCABEZADO,0,CANDIDATO_ENG_REPETIDO,NO,NO_ASIGNADO,ENG_SUBORDINADO,,ENG-016;ENG-028,Sólo existe evidencia ENG; se conserva como evidencia técnica subordinada.,NO,DIFERIDO_ENG_ONLY,,Contract Requirement,"Sólo posee evidencia ENG subordinada. Se conserva para compatibilidad/evolución, pero no se canoniza automáticamente.",DIFERIDO_ENG_ONLY
contract test,Contract Tests,Contract Test; Contract Tests; contract test,3,14,ENG,11,ENG-002;ENG-009;ENG-013;ENG-019;ENG-021;ENG-022;ENG-027;ENG-032;ENG-036;ENG-044;ENG-061,CODIGO_INLINE;ENCABEZADO;TERMINO_DESTACADO,0,CANDIDATO_ENG_REPETIDO,NO,NO_ASIGNADO,ENG_SUBORDINADO,,ENG-002;ENG-009;ENG-013;ENG-019;ENG-021;ENG-022;ENG-027;ENG-032;ENG-036;ENG-044;ENG-061,Sólo existe evidencia ENG; se conserva como evidencia técnica subordinada.,NO,DIFERIDO_ENG_ONLY,,Contract Test; contract test,"Sólo posee evidencia ENG subordinada. Se conserva para compatibilidad/evolución, pero no se canoniza automáticamente.",DIFERIDO_ENG_ONLY
contract validation,Contract Validation,Contract Validation,1,5,ENG,5,ENG-021;ENG-024;ENG-026;ENG-028;ENG-036,ENCABEZADO,0,CANDIDATO_ENG_REPETIDO,NO,NO_ASIGNADO,ENG_SUBORDINADO,,ENG-021;ENG-024;ENG-026;ENG-028;ENG-036,Sólo existe evidencia ENG; se conserva como evidencia técnica subordinada.,NO,DIFERIDO_ENG_ONLY,,,"Sólo posee evidencia ENG subordinada. Se conserva para compatibilidad/evolución, pero no se canoniza automáticamente.",DIFERIDO_ENG_ONLY
convencion,Convenciones,Convenciones; Convención,2,3,ENG,2,ENG-000;ENG-004,ENCABEZADO;TABLA_COLUMNA_PRINCIPAL,0,CANDIDATO_ENG_REPETIDO,NO,NO_ASIGNADO,ENG_SUBORDINADO,,ENG-000;ENG-004,Sólo existe evidencia ENG; se conserva como evidencia técnica subordinada.,NO,DIFERIDO_ENG_ONLY,,Convención,"Sólo posee evidencia ENG subordinada. Se conserva para compatibilidad/evolución, pero no se canoniza automáticamente.",DIFERIDO_ENG_ONLY
correlation,Correlation,Correlation,1,11,ENG,11,ENG-017;ENG-021;ENG-023;ENG-027;ENG-032;ENG-034;ENG-040;ENG-041;ENG-052;ENG-056;ENG-074,ENCABEZADO;TABLA_COLUMNA_PRINCIPAL,0,CANDIDATO_ENG_REPETIDO,NO,NO_ASIGNADO,ENG_SUBORDINADO,,ENG-017;ENG-021;ENG-023;ENG-027;ENG-032;ENG-034;ENG-040;ENG-041;ENG-052;ENG-056;ENG-074,Sólo existe evidencia ENG; se conserva como evidencia técnica subordinada.,NO,DIFERIDO_ENG_ONLY,,,"Sólo posee evidencia ENG subordinada. Se conserva para compatibilidad/evolución, pero no se canoniza automáticamente.",DIFERIDO_ENG_ONLY
correlation id,Correlation ID,Correlation ID,1,5,ENG,4,ENG-010;ENG-025;ENG-044;ENG-056,CODIGO_INLINE;ENCABEZADO,0,CANDIDATO_ENG_REPETIDO,NO,NO_ASIGNADO,ENG_SUBORDINADO,,ENG-010;ENG-025;ENG-044;ENG-056,Sólo existe evidencia ENG; se conserva como evidencia técnica subordinada.,NO,DIFERIDO_ENG_ONLY,,,"Sólo posee evidencia ENG subordinada. Se conserva para compatibilidad/evolución, pero no se canoniza automáticamente.",DIFERIDO_ENG_ONLY
correlation propagation,Correlation Propagation,Correlation Propagation,1,3,ENG,3,ENG-022;ENG-025;ENG-041,ENCABEZADO,0,CANDIDATO_ENG_REPETIDO,NO,NO_ASIGNADO,ENG_SUBORDINADO,,ENG-022;ENG-025;ENG-041,Sólo existe evidencia ENG; se conserva como evidencia técnica subordinada.,NO,DIFERIDO_ENG_ONLY,,,"Sólo posee evidencia ENG subordinada. Se conserva para compatibilidad/evolución, pero no se canoniza automáticamente.",DIFERIDO_ENG_ONLY
correlation test,Correlation Tests,Correlation Test; Correlation Tests,2,3,ENG,3,ENG-010;ENG-022;ENG-025,ENCABEZADO,0,CANDIDATO_ENG_REPETIDO,NO,NO_ASIGNADO,ENG_SUBORDINADO,,ENG-010;ENG-022;ENG-025,Sólo existe evidencia ENG; se conserva como evidencia técnica subordinada.,NO,DIFERIDO_ENG_ONLY,,Correlation Test,"Sólo posee evidencia ENG subordinada. Se conserva para compatibilidad/evolución, pero no se canoniza automáticamente.",DIFERIDO_ENG_ONLY
correlationid,correlationId,correlationId,1,9,ENG,6,ENG-010;ENG-017;ENG-022;ENG-023;ENG-032;ENG-041,CODIGO_INLINE;ENCABEZADO,0,CANDIDATO_ENG_REPETIDO,NO,NO_ASIGNADO,ENG_SUBORDINADO,,ENG-010;ENG-017;ENG-022;ENG-023;ENG-032;ENG-041,Sólo existe evidencia ENG; se conserva como evidencia técnica subordinada.,NO,DIFERIDO_ENG_ONLY,,,"Sólo posee evidencia ENG subordinada. Se conserva para compatibilidad/evolución, pero no se canoniza automáticamente.",DIFERIDO_ENG_ONLY
credential,Credentials,Credential; Credentials,2,5,ENG,4,ENG-030;ENG-032;ENG-041;ENG-045,CODIGO_INLINE;ENCABEZADO,0,CANDIDATO_ENG_REPETIDO,NO,NO_ASIGNADO,ENG_SUBORDINADO,,ENG-030;ENG-032;ENG-041;ENG-045,Sólo existe evidencia ENG; se conserva como evidencia técnica subordinada.,NO,DIFERIDO_ENG_ONLY,,Credential,"Sólo posee evidencia ENG subordinada. Se conserva para compatibilidad/evolución, pero no se canoniza automáticamente.",DIFERIDO_ENG_ONLY
credential logging,Credential Logging,Credential Logging,1,3,ENG,1,ENG-045,ENCABEZADO,0,CANDIDATO_ENG_REPETIDO,NO,NO_ASIGNADO,ENG_SUBORDINADO,,ENG-045,Sólo existe evidencia ENG; se conserva como evidencia técnica subordinada.,NO,DIFERIDO_ENG_ONLY,,,"Sólo posee evidencia ENG subordinada. Se conserva para compatibilidad/evolución, pero no se canoniza automáticamente.",DIFERIDO_ENG_ONLY
criteria,Criteria,Criteria,1,3,ENG,1,ENG-043,CODIGO_INLINE;DEFINICION_EXPLICITA;ENCABEZADO,1,CANDIDATO_ENG_DEFINIDO,NO,NO_ASIGNADO,ENG_SUBORDINADO,,ENG-043,Sólo existe evidencia ENG; se conserva como evidencia técnica subordinada.,NO,DIFERIDO_ENG_ONLY,,,"Sólo posee evidencia ENG subordinada. Se conserva para compatibilidad/evolución, pero no se canoniza automáticamente.",DIFERIDO_ENG_ONLY
criterio de conformidad,Criterios de Conformidad,Criterios de Conformidad,1,95,ENG,95,ENG-000;ENG-001;ENG-002;ENG-003;ENG-004;ENG-005;ENG-006;ENG-007;ENG-008;ENG-009;ENG-010;ENG-011;ENG-012;ENG-013;ENG-014;ENG-015;ENG-016;ENG-017;ENG-018;ENG-019;ENG-020;ENG-021;ENG-022;ENG-023;ENG-024;ENG-025;ENG-026;ENG-027;ENG-028;ENG-029;ENG-030;ENG-031;ENG-032;ENG-034;ENG-035;ENG-036;ENG-037;ENG-038;ENG-039;ENG-040;ENG-041;ENG-042;ENG-043;ENG-044;ENG-045;ENG-046;ENG-047;ENG-048;ENG-049;ENG-050;ENG-051;ENG-052;ENG-053;ENG-054;ENG-055;ENG-056;ENG-057;ENG-058;ENG-059;ENG-060;ENG-061;ENG-062;ENG-063;ENG-064;ENG-065;ENG-066;ENG-067;ENG-068;ENG-069;ENG-070;ENG-071;ENG-072;ENG-073;ENG-074;ENG-075;ENG-076;ENG-077;ENG-078;ENG-079;ENG-080;ENG-081;ENG-082;ENG-083;ENG-084;ENG-085;ENG-086;ENG-087;ENG-088;ENG-089;ENG-090;ENG-091;ENG-092;ENG-093;ENG-094;ENG-100,ENCABEZADO,0,CANDIDATO_ENG_REPETIDO,NO,NO_ASIGNADO,ENG_SUBORDINADO,,ENG-000;ENG-001;ENG-002;ENG-003;ENG-004;ENG-005;ENG-006;ENG-007;ENG-008;ENG-009;ENG-010;ENG-011;ENG-012;ENG-013;ENG-014;ENG-015;ENG-016;ENG-017;ENG-018;ENG-019;ENG-020;ENG-021;ENG-022;ENG-023;ENG-024;ENG-025;ENG-026;ENG-027;ENG-028;ENG-029;ENG-030;ENG-031;ENG-032;ENG-034;ENG-035;ENG-036;ENG-037;ENG-038;ENG-039;ENG-040;ENG-041;ENG-042;ENG-043;ENG-044;ENG-045;ENG-046;ENG-047;ENG-048;ENG-049;ENG-050;ENG-051;ENG-052;ENG-053;ENG-054;ENG-055;ENG-056;ENG-057;ENG-058;ENG-059;ENG-060;ENG-061;ENG-062;ENG-063;ENG-064;ENG-065;ENG-066;ENG-067;ENG-068;ENG-069;ENG-070;ENG-071;ENG-072;ENG-073;ENG-074;ENG-075;ENG-076;ENG-077;ENG-078;ENG-079;ENG-080;ENG-081;ENG-082;ENG-083;ENG-084;ENG-085;ENG-086;ENG-087;ENG-088;ENG-089;ENG-090;ENG-091;ENG-092;ENG-093;ENG-094;ENG-100,Sólo existe evidencia ENG; se conserva como evidencia técnica subordinada.,NO,DIFERIDO_ENG_ONLY,,,"Sólo posee evidencia ENG subordinada. Se conserva para compatibilidad/evolución, pero no se canoniza automáticamente.",DIFERIDO_ENG_ONLY
critical component,Critical Component,Critical Component; Critical Components,2,3,ENG,3,ENG-009;ENG-025;ENG-055,ENCABEZADO,0,CANDIDATO_ENG_REPETIDO,NO,NO_ASIGNADO,ENG_SUBORDINADO,,ENG-009;ENG-025;ENG-055,Sólo existe evidencia ENG; se conserva como evidencia técnica subordinada.,NO,DIFERIDO_ENG_ONLY,,Critical Components,"Sólo posee evidencia ENG subordinada. Se conserva para compatibilidad/evolución, pero no se canoniza automáticamente.",DIFERIDO_ENG_ONLY
critical dependency,Critical Dependency,Critical Dependency,1,3,ENG,3,ENG-015;ENG-069;ENG-073,ENCABEZADO,0,CANDIDATO_ENG_REPETIDO,NO,NO_ASIGNADO,ENG_SUBORDINADO,,ENG-015;ENG-069;ENG-073,Sólo existe evidencia ENG; se conserva como evidencia técnica subordinada.,NO,DIFERIDO_ENG_ONLY,,,"Sólo posee evidencia ENG subordinada. Se conserva para compatibilidad/evolución, pero no se canoniza automáticamente.",DIFERIDO_ENG_ONLY
critical section,Critical Section,Critical Section,1,4,ENG,3,ENG-026;ENG-038;ENG-072,CODIGO_INLINE;ENCABEZADO,0,CANDIDATO_ENG_REPETIDO,NO,NO_ASIGNADO,ENG_SUBORDINADO,,ENG-026;ENG-038;ENG-072,Sólo existe evidencia ENG; se conserva como evidencia técnica subordinada.,NO,DIFERIDO_ENG_ONLY,,,"Sólo posee evidencia ENG subordinada. Se conserva para compatibilidad/evolución, pero no se canoniza automáticamente.",DIFERIDO_ENG_ONLY
cross-tenant access,Cross-Tenant Access,Cross-Tenant Access,1,3,ENG,3,ENG-024;ENG-043;ENG-046,ENCABEZADO,0,CANDIDATO_ENG_REPETIDO,NO,NO_ASIGNADO,ENG_SUBORDINADO,,ENG-024;ENG-043;ENG-046,Sólo existe evidencia ENG; se conserva como evidencia técnica subordinada.,NO,DIFERIDO_ENG_ONLY,,,"Sólo posee evidencia ENG subordinada. Se conserva para compatibilidad/evolución, pero no se canoniza automáticamente.",DIFERIDO_ENG_ONLY
cross-tenant query,Cross-Tenant Query,Cross-Tenant Query,1,3,ENG,3,ENG-043;ENG-046;ENG-048,ENCABEZADO,0,CANDIDATO_ENG_REPETIDO,NO,NO_ASIGNADO,ENG_SUBORDINADO,,ENG-043;ENG-046;ENG-048,Sólo existe evidencia ENG; se conserva como evidencia técnica subordinada.,NO,DIFERIDO_ENG_ONLY,,,"Sólo posee evidencia ENG subordinada. Se conserva para compatibilidad/evolución, pero no se canoniza automáticamente.",DIFERIDO_ENG_ONLY
cross-tenant test,Cross-Tenant Test,Cross-Tenant Test,1,3,ENG,3,ENG-043;ENG-046;ENG-048,ENCABEZADO,0,CANDIDATO_ENG_REPETIDO,NO,NO_ASIGNADO,ENG_SUBORDINADO,,ENG-043;ENG-046;ENG-048,Sólo existe evidencia ENG; se conserva como evidencia técnica subordinada.,NO,DIFERIDO_ENG_ONLY,,,"Sólo posee evidencia ENG subordinada. Se conserva para compatibilidad/evolución, pero no se canoniza automáticamente.",DIFERIDO_ENG_ONLY
csrf,CSRF,CSRF,1,3,ENG,3,ENG-024;ENG-044;ENG-045,ENCABEZADO,0,CANDIDATO_ENG_REPETIDO,NO,NO_ASIGNADO,ENG_SUBORDINADO,,ENG-024;ENG-044;ENG-045,Sólo existe evidencia ENG; se conserva como evidencia técnica subordinada.,NO,DIFERIDO_ENG_ONLY,,,"Sólo posee evidencia ENG subordinada. Se conserva para compatibilidad/evolución, pero no se canoniza automáticamente.",DIFERIDO_ENG_ONLY
cycle detection,Cycle Detection,Cycle Detection,1,3,ENG,3,ENG-019;ENG-036;ENG-059,ENCABEZADO,0,CANDIDATO_ENG_REPETIDO,NO,NO_ASIGNADO,ENG_SUBORDINADO,,ENG-019;ENG-036;ENG-059,Sólo existe evidencia ENG; se conserva como evidencia técnica subordinada.,NO,DIFERIDO_ENG_ONLY,,,"Sólo posee evidencia ENG subordinada. Se conserva para compatibilidad/evolución, pero no se canoniza automáticamente.",DIFERIDO_ENG_ONLY
data,Data,Data,1,2,ENG,2,ENG-057;ENG-079,DEFINICION_EXPLICITA,2,CANDIDATO_ENG_DEFINIDO,NO,NO_ASIGNADO,ENG_SUBORDINADO,,ENG-057;ENG-079,Sólo existe evidencia ENG; se conserva como evidencia técnica subordinada.,NO,DIFERIDO_ENG_ONLY,,,"Sólo posee evidencia ENG subordinada. Se conserva para compatibilidad/evolución, pero no se canoniza automáticamente.",DIFERIDO_ENG_ONLY
data access,Data Access,Data Access,1,3,ENG,1,ENG-043,CODIGO_INLINE;DEFINICION_EXPLICITA;ENCABEZADO,1,CANDIDATO_ENG_DEFINIDO,NO,NO_ASIGNADO,ENG_SUBORDINADO,,ENG-043,Sólo existe evidencia ENG; se conserva como evidencia técnica subordinada.,NO,DIFERIDO_ENG_ONLY,,,"Sólo posee evidencia ENG subordinada. Se conserva para compatibilidad/evolución, pero no se canoniza automáticamente.",DIFERIDO_ENG_ONLY
data access engineering,Data Access Engineering,Data Access Engineering,1,3,ENG,2,ENG-042;ENG-043,ENCABEZADO;TERMINO_DESTACADO,0,CANDIDATO_ENG_REPETIDO,NO,NO_ASIGNADO,ENG_SUBORDINADO,,ENG-042;ENG-043,Sólo existe evidencia ENG; se conserva como evidencia técnica subordinada.,NO,DIFERIDO_ENG_ONLY,,,"Sólo posee evidencia ENG subordinada. Se conserva para compatibilidad/evolución, pero no se canoniza automáticamente.",DIFERIDO_ENG_ONLY
data access integration,Data Access Integration,Data Access Integration,1,12,ENG,11,ENG-045;ENG-046;ENG-047;ENG-048;ENG-049;ENG-051;ENG-052;ENG-053;ENG-054;ENG-064;ENG-065,ENCABEZADO,0,CANDIDATO_ENG_REPETIDO,NO,NO_ASIGNADO,ENG_SUBORDINADO,,ENG-045;ENG-046;ENG-047;ENG-048;ENG-049;ENG-051;ENG-052;ENG-053;ENG-054;ENG-064;ENG-065,Sólo existe evidencia ENG; se conserva como evidencia técnica subordinada.,NO,DIFERIDO_ENG_ONLY,,,"Sólo posee evidencia ENG subordinada. Se conserva para compatibilidad/evolución, pero no se canoniza automáticamente.",DIFERIDO_ENG_ONLY
data archival,Data Archival,Data Archival,1,3,ENG,1,ENG-093,CODIGO_INLINE;DEFINICION_EXPLICITA;ENCABEZADO,1,CANDIDATO_ENG_DEFINIDO,NO,NO_ASIGNADO,ENG_SUBORDINADO,,ENG-093,Sólo existe evidencia ENG; se conserva como evidencia técnica subordinada.,NO,DIFERIDO_ENG_ONLY,,,"Sólo posee evidencia ENG subordinada. Se conserva para compatibilidad/evolución, pero no se canoniza automáticamente.",DIFERIDO_ENG_ONLY
data archival preservation engineering,Data Archival & Preservation Engineering,Data Archival & Preservation Engineering,1,3,ENG,3,ENG-092;ENG-093;ENG-094,TERMINO_DESTACADO,0,CANDIDATO_ENG_REPETIDO,NO,NO_ASIGNADO,ENG_SUBORDINADO,,ENG-092;ENG-093;ENG-094,Sólo existe evidencia ENG; se conserva como evidencia técnica subordinada.,NO,DIFERIDO_ENG_ONLY,,,"Sólo posee evidencia ENG subordinada. Se conserva para compatibilidad/evolución, pero no se canoniza automáticamente.",DIFERIDO_ENG_ONLY
data catalog,Data Catalog,Data Catalog,1,4,ENG,2,ENG-081;ENG-090,CODIGO_INLINE;DEFINICION_EXPLICITA;ENCABEZADO,1,CANDIDATO_ENG_DEFINIDO,NO,NO_ASIGNADO,ENG_SUBORDINADO,,ENG-081;ENG-090,Sólo existe evidencia ENG; se conserva como evidencia técnica subordinada.,NO,DIFERIDO_ENG_ONLY,,,"Sólo posee evidencia ENG subordinada. Se conserva para compatibilidad/evolución, pero no se canoniza automáticamente.",DIFERIDO_ENG_ONLY
data classification,Data Classification,Data Classification,1,5,ENG,3,ENG-024;ENG-081;ENG-091,CODIGO_INLINE;DEFINICION_EXPLICITA;ENCABEZADO,1,CANDIDATO_ENG_DEFINIDO,NO,NO_ASIGNADO,ENG_SUBORDINADO,,ENG-024;ENG-081;ENG-091,Sólo existe evidencia ENG; se conserva como evidencia técnica subordinada.,NO,DIFERIDO_ENG_ONLY,,,"Sólo posee evidencia ENG subordinada. Se conserva para compatibilidad/evolución, pero no se canoniza automáticamente.",DIFERIDO_ENG_ONLY
data compliance engineering,Data Compliance Engineering,Data Compliance Engineering,1,3,ENG,1,ENG-083,ENCABEZADO;TERMINO_DESTACADO,0,CANDIDATO_ENG_REPETIDO,NO,NO_ASIGNADO,ENG_SUBORDINADO,,ENG-083,Sólo existe evidencia ENG; se conserva como evidencia técnica subordinada.,NO,DIFERIDO_ENG_ONLY,,,"Sólo posee evidencia ENG subordinada. Se conserva para compatibilidad/evolución, pero no se canoniza automáticamente.",DIFERIDO_ENG_ONLY
data discovery,Data Discovery,Data Discovery,1,3,ENG,1,ENG-091,CODIGO_INLINE;DEFINICION_EXPLICITA;ENCABEZADO,1,CANDIDATO_ENG_DEFINIDO,NO,NO_ASIGNADO,ENG_SUBORDINADO,,ENG-091,Sólo existe evidencia ENG; se conserva como evidencia técnica subordinada.,NO,DIFERIDO_ENG_ONLY,,,"Sólo posee evidencia ENG subordinada. Se conserva para compatibilidad/evolución, pero no se canoniza automáticamente.",DIFERIDO_ENG_ONLY
data disposal,Data Disposal,Data Disposal,1,3,ENG,1,ENG-092,CODIGO_INLINE;DEFINICION_EXPLICITA;ENCABEZADO,1,CANDIDATO_ENG_DEFINIDO,NO,NO_ASIGNADO,ENG_SUBORDINADO,,ENG-092,Sólo existe evidencia ENG; se conserva como evidencia técnica subordinada.,NO,DIFERIDO_ENG_ONLY,,,"Sólo posee evidencia ENG subordinada. Se conserva para compatibilidad/evolución, pero no se canoniza automáticamente.",DIFERIDO_ENG_ONLY
data ethic,Data Ethics,Data Ethics,1,3,ENG,1,ENG-084,CODIGO_INLINE;DEFINICION_EXPLICITA;ENCABEZADO,1,CANDIDATO_ENG_DEFINIDO,NO,NO_ASIGNADO,ENG_SUBORDINADO,,ENG-084,Sólo existe evidencia ENG; se conserva como evidencia técnica subordinada.,NO,DIFERIDO_ENG_ONLY,,,"Sólo posee evidencia ENG subordinada. Se conserva para compatibilidad/evolución, pero no se canoniza automáticamente.",DIFERIDO_ENG_ONLY
data ethic engineering,Data Ethics Engineering,Data Ethics Engineering,1,4,ENG,2,ENG-083;ENG-084,ENCABEZADO;TERMINO_DESTACADO,0,CANDIDATO_ENG_REPETIDO,NO,NO_ASIGNADO,ENG_SUBORDINADO,,ENG-083;ENG-084,Sólo existe evidencia ENG; se conserva como evidencia técnica subordinada.,NO,DIFERIDO_ENG_ONLY,,,"Sólo posee evidencia ENG subordinada. Se conserva para compatibilidad/evolución, pero no se canoniza automáticamente.",DIFERIDO_ENG_ONLY
data exchange,Data Exchange,Data Exchange,1,2,ENG,1,ENG-087,CODIGO_INLINE;DEFINICION_EXPLICITA,1,CANDIDATO_ENG_DEFINIDO,NO,NO_ASIGNADO,ENG_SUBORDINADO,,ENG-087,Sólo existe evidencia ENG; se conserva como evidencia técnica subordinada.,NO,DIFERIDO_ENG_ONLY,,,"Sólo posee evidencia ENG subordinada. Se conserva para compatibilidad/evolución, pero no se canoniza automáticamente.",DIFERIDO_ENG_ONLY
data federation,Data Federation,Data Federation,1,3,ENG,1,ENG-088,CODIGO_INLINE;DEFINICION_EXPLICITA;ENCABEZADO,1,CANDIDATO_ENG_DEFINIDO,NO,NO_ASIGNADO,ENG_SUBORDINADO,,ENG-088,Sólo existe evidencia ENG; se conserva como evidencia técnica subordinada.,NO,DIFERIDO_ENG_ONLY,,,"Sólo posee evidencia ENG subordinada. Se conserva para compatibilidad/evolución, pero no se canoniza automáticamente.",DIFERIDO_ENG_ONLY
data governance,Data Governance,Data Governance,1,3,ENG,1,ENG-081,CODIGO_INLINE;DEFINICION_EXPLICITA;ENCABEZADO,1,CANDIDATO_ENG_DEFINIDO,NO,NO_ASIGNADO,ENG_SUBORDINADO,,ENG-081,Sólo existe evidencia ENG; se conserva como evidencia técnica subordinada.,NO,DIFERIDO_ENG_ONLY,,,"Sólo posee evidencia ENG subordinada. Se conserva para compatibilidad/evolución, pero no se canoniza automáticamente.",DIFERIDO_ENG_ONLY
data governance engineering,Data Governance Engineering,Data Governance Engineering,1,3,ENG,1,ENG-081,ENCABEZADO;TERMINO_DESTACADO,0,CANDIDATO_ENG_REPETIDO,NO,NO_ASIGNADO,ENG_SUBORDINADO,,ENG-081,Sólo existe evidencia ENG; se conserva como evidencia técnica subordinada.,NO,DIFERIDO_ENG_ONLY,,,"Sólo posee evidencia ENG subordinada. Se conserva para compatibilidad/evolución, pero no se canoniza automáticamente.",DIFERIDO_ENG_ONLY
data integrity,Data Integrity,Data Integrity,1,3,ENG,1,ENG-079,CODIGO_INLINE;DEFINICION_EXPLICITA;ENCABEZADO,1,CANDIDATO_ENG_DEFINIDO,NO,NO_ASIGNADO,ENG_SUBORDINADO,,ENG-079,Sólo existe evidencia ENG; se conserva como evidencia técnica subordinada.,NO,DIFERIDO_ENG_ONLY,,,"Sólo posee evidencia ENG subordinada. Se conserva para compatibilidad/evolución, pero no se canoniza automáticamente.",DIFERIDO_ENG_ONLY
data integrity engineering,Data Integrity Engineering,Data Integrity Engineering,1,3,ENG,1,ENG-079,ENCABEZADO;TERMINO_DESTACADO,0,CANDIDATO_ENG_REPETIDO,NO,NO_ASIGNADO,ENG_SUBORDINADO,,ENG-079,Sólo existe evidencia ENG; se conserva como evidencia técnica subordinada.,NO,DIFERIDO_ENG_ONLY,,,"Sólo posee evidencia ENG subordinada. Se conserva para compatibilidad/evolución, pero no se canoniza automáticamente.",DIFERIDO_ENG_ONLY
data lineage,Data Lineage,Data Lineage,1,3,ENG,2,ENG-064;ENG-089,CODIGO_INLINE;DEFINICION_EXPLICITA;ENCABEZADO,1,CANDIDATO_ENG_DEFINIDO,NO,NO_ASIGNADO,ENG_SUBORDINADO,,ENG-064;ENG-089,Sólo existe evidencia ENG; se conserva como evidencia técnica subordinada.,NO,DIFERIDO_ENG_ONLY,,,"Sólo posee evidencia ENG subordinada. Se conserva para compatibilidad/evolución, pero no se canoniza automáticamente.",DIFERIDO_ENG_ONLY
data locality,Data Locality,Data Locality,1,3,ENG,3,ENG-072;ENG-073;ENG-078,ENCABEZADO,0,CANDIDATO_ENG_REPETIDO,NO,NO_ASIGNADO,ENG_SUBORDINADO,,ENG-072;ENG-073;ENG-078,Sólo existe evidencia ENG; se conserva como evidencia técnica subordinada.,NO,DIFERIDO_ENG_ONLY,,,"Sólo posee evidencia ENG subordinada. Se conserva para compatibilidad/evolución, pero no se canoniza automáticamente.",DIFERIDO_ENG_ONLY
data mapper,Data Mapper,Data Mapper,1,3,ENG,2,ENG-030;ENG-043,CODIGO_INLINE;ENCABEZADO,0,CANDIDATO_ENG_REPETIDO,NO,NO_ASIGNADO,ENG_SUBORDINADO,,ENG-030;ENG-043,Sólo existe evidencia ENG; se conserva como evidencia técnica subordinada.,NO,DIFERIDO_ENG_ONLY,,,"Sólo posee evidencia ENG subordinada. Se conserva para compatibilidad/evolución, pero no se canoniza automáticamente.",DIFERIDO_ENG_ONLY
data masking,Data Masking,Data Masking,1,3,ENG,3,ENG-043;ENG-068;ENG-082,ENCABEZADO,0,CANDIDATO_ENG_REPETIDO,NO,NO_ASIGNADO,ENG_SUBORDINADO,,ENG-043;ENG-068;ENG-082,Sólo existe evidencia ENG; se conserva como evidencia técnica subordinada.,NO,DIFERIDO_ENG_ONLY,,,"Sólo posee evidencia ENG subordinada. Se conserva para compatibilidad/evolución, pero no se canoniza automáticamente.",DIFERIDO_ENG_ONLY
data migration,Data Migration,Data Migration,1,3,ENG,3,ENG-013;ENG-060;ENG-065,DEFINICION_EXPLICITA;ENCABEZADO,1,CANDIDATO_ENG_DEFINIDO,NO,NO_ASIGNADO,ENG_SUBORDINADO,,ENG-013;ENG-060;ENG-065,Sólo existe evidencia ENG; se conserva como evidencia técnica subordinada.,NO,DIFERIDO_ENG_ONLY,,,"Sólo posee evidencia ENG subordinada. Se conserva para compatibilidad/evolución, pero no se canoniza automáticamente.",DIFERIDO_ENG_ONLY
data minimization,Data Minimization,Data Minimization,1,7,ENG,7,ENG-022;ENG-024;ENG-025;ENG-047;ENG-080;ENG-081;ENG-082,ENCABEZADO,0,CANDIDATO_ENG_REPETIDO,NO,NO_ASIGNADO,ENG_SUBORDINADO,,ENG-022;ENG-024;ENG-025;ENG-047;ENG-080;ENG-081;ENG-082,Sólo existe evidencia ENG; se conserva como evidencia técnica subordinada.,NO,DIFERIDO_ENG_ONLY,,,"Sólo posee evidencia ENG subordinada. Se conserva para compatibilidad/evolución, pero no se canoniza automáticamente.",DIFERIDO_ENG_ONLY
data ownership,Data Ownership,Data Ownership,1,3,ENG,3,ENG-021;ENG-030;ENG-081,ENCABEZADO,0,CANDIDATO_ENG_REPETIDO,NO,NO_ASIGNADO,ENG_SUBORDINADO,,ENG-021;ENG-030;ENG-081,Sólo existe evidencia ENG; se conserva como evidencia técnica subordinada.,NO,DIFERIDO_ENG_ONLY,,,"Sólo posee evidencia ENG subordinada. Se conserva para compatibilidad/evolución, pero no se canoniza automáticamente.",DIFERIDO_ENG_ONLY
data pipeline engineering,Data Pipeline Engineering,Data Pipeline Engineering,1,4,ENG,2,ENG-063;ENG-064,ENCABEZADO;TERMINO_DESTACADO,0,CANDIDATO_ENG_REPETIDO,NO,NO_ASIGNADO,ENG_SUBORDINADO,,ENG-063;ENG-064,Sólo existe evidencia ENG; se conserva como evidencia técnica subordinada.,NO,DIFERIDO_ENG_ONLY,,,"Sólo posee evidencia ENG subordinada. Se conserva para compatibilidad/evolución, pero no se canoniza automáticamente.",DIFERIDO_ENG_ONLY
data portability,Data Portability,Data Portability,1,4,ENG,2,ENG-030;ENG-094,CODIGO_INLINE;DEFINICION_EXPLICITA;ENCABEZADO,1,CANDIDATO_ENG_DEFINIDO,NO,NO_ASIGNADO,ENG_SUBORDINADO,,ENG-030;ENG-094,Sólo existe evidencia ENG; se conserva como evidencia técnica subordinada.,NO,DIFERIDO_ENG_ONLY,,,"Sólo posee evidencia ENG subordinada. Se conserva para compatibilidad/evolución, pero no se canoniza automáticamente.",DIFERIDO_ENG_ONLY
data preservation,Data Preservation,Data Preservation,1,3,ENG,1,ENG-093,CODIGO_INLINE;DEFINICION_EXPLICITA;ENCABEZADO,1,CANDIDATO_ENG_DEFINIDO,NO,NO_ASIGNADO,ENG_SUBORDINADO,,ENG-093,Sólo existe evidencia ENG; se conserva como evidencia técnica subordinada.,NO,DIFERIDO_ENG_ONLY,,,"Sólo posee evidencia ENG subordinada. Se conserva para compatibilidad/evolución, pero no se canoniza automáticamente.",DIFERIDO_ENG_ONLY
data privacy engineering,Data Privacy Engineering,Data Privacy Engineering,1,4,ENG,2,ENG-081;ENG-082,ENCABEZADO;TERMINO_DESTACADO,0,CANDIDATO_ENG_REPETIDO,NO,NO_ASIGNADO,ENG_SUBORDINADO,,ENG-081;ENG-082,Sólo existe evidencia ENG; se conserva como evidencia técnica subordinada.,NO,DIFERIDO_ENG_ONLY,,,"Sólo posee evidencia ENG subordinada. Se conserva para compatibilidad/evolución, pero no se canoniza automáticamente.",DIFERIDO_ENG_ONLY
data product,Data Product,Data Product,1,4,ENG,2,ENG-081;ENG-086,CODIGO_INLINE;DEFINICION_EXPLICITA;ENCABEZADO,1,CANDIDATO_ENG_DEFINIDO,NO,NO_ASIGNADO,ENG_SUBORDINADO,,ENG-081;ENG-086,Sólo existe evidencia ENG; se conserva como evidencia técnica subordinada.,NO,DIFERIDO_ENG_ONLY,,,"Sólo posee evidencia ENG subordinada. Se conserva para compatibilidad/evolución, pero no se canoniza automáticamente.",DIFERIDO_ENG_ONLY
data product integration,Data Product Integration,Data Product Integration,1,5,ENG,5,ENG-088;ENG-090;ENG-092;ENG-093;ENG-094,ENCABEZADO,0,CANDIDATO_ENG_REPETIDO,NO,NO_ASIGNADO,ENG_SUBORDINADO,,ENG-088;ENG-090;ENG-092;ENG-093;ENG-094,Sólo existe evidencia ENG; se conserva como evidencia técnica subordinada.,NO,DIFERIDO_ENG_ONLY,,,"Sólo posee evidencia ENG subordinada. Se conserva para compatibilidad/evolución, pero no se canoniza automáticamente.",DIFERIDO_ENG_ONLY
data provenance,Data Provenance,Data Provenance,1,2,ENG,1,ENG-089,CODIGO_INLINE;DEFINICION_EXPLICITA,1,CANDIDATO_ENG_DEFINIDO,NO,NO_ASIGNADO,ENG_SUBORDINADO,,ENG-089,Sólo existe evidencia ENG; se conserva como evidencia técnica subordinada.,NO,DIFERIDO_ENG_ONLY,,,"Sólo posee evidencia ENG subordinada. Se conserva para compatibilidad/evolución, pero no se canoniza automáticamente.",DIFERIDO_ENG_ONLY
data quality,Data Quality,Data Quality,1,5,ENG,3,ENG-064;ENG-079;ENG-080,CODIGO_INLINE;DEFINICION_EXPLICITA;ENCABEZADO,2,CANDIDATO_ENG_DEFINIDO,NO,NO_ASIGNADO,ENG_SUBORDINADO,,ENG-064;ENG-079;ENG-080,Sólo existe evidencia ENG; se conserva como evidencia técnica subordinada.,NO,DIFERIDO_ENG_ONLY,,,"Sólo posee evidencia ENG subordinada. Se conserva para compatibilidad/evolución, pero no se canoniza automáticamente.",DIFERIDO_ENG_ONLY
data quality engineering,Data Quality Engineering,Data Quality Engineering,1,3,ENG,1,ENG-080,ENCABEZADO;TERMINO_DESTACADO,0,CANDIDATO_ENG_REPETIDO,NO,NO_ASIGNADO,ENG_SUBORDINADO,,ENG-080,Sólo existe evidencia ENG; se conserva como evidencia técnica subordinada.,NO,DIFERIDO_ENG_ONLY,,,"Sólo posee evidencia ENG subordinada. Se conserva para compatibilidad/evolución, pero no se canoniza automáticamente.",DIFERIDO_ENG_ONLY
data retention,Data Retention,Data Retention,1,4,ENG,2,ENG-024;ENG-092,CODIGO_INLINE;DEFINICION_EXPLICITA;ENCABEZADO,1,CANDIDATO_ENG_DEFINIDO,NO,NO_ASIGNADO,ENG_SUBORDINADO,,ENG-024;ENG-092,Sólo existe evidencia ENG; se conserva como evidencia técnica subordinada.,NO,DIFERIDO_ENG_ONLY,,,"Sólo posee evidencia ENG subordinada. Se conserva para compatibilidad/evolución, pero no se canoniza automáticamente.",DIFERIDO_ENG_ONLY
data retention disposal engineering,Data Retention & Disposal Engineering,Data Retention & Disposal Engineering,1,3,ENG,3,ENG-091;ENG-092;ENG-093,TERMINO_DESTACADO,0,CANDIDATO_ENG_REPETIDO,NO,NO_ASIGNADO,ENG_SUBORDINADO,,ENG-091;ENG-092;ENG-093,Sólo existe evidencia ENG; se conserva como evidencia técnica subordinada.,NO,DIFERIDO_ENG_ONLY,,,"Sólo posee evidencia ENG subordinada. Se conserva para compatibilidad/evolución, pero no se canoniza automáticamente.",DIFERIDO_ENG_ONLY
data sharing,Data Sharing,Data Sharing,1,2,ENG,1,ENG-087,CODIGO_INLINE;DEFINICION_EXPLICITA,1,CANDIDATO_ENG_DEFINIDO,NO,NO_ASIGNADO,ENG_SUBORDINADO,,ENG-087,Sólo existe evidencia ENG; se conserva como evidencia técnica subordinada.,NO,DIFERIDO_ENG_ONLY,,,"Sólo posee evidencia ENG subordinada. Se conserva para compatibilidad/evolución, pero no se canoniza automáticamente.",DIFERIDO_ENG_ONLY
data transformation engineering,Data Transformation Engineering,Data Transformation Engineering,1,4,ENG,2,ENG-062;ENG-063,ENCABEZADO;TERMINO_DESTACADO,0,CANDIDATO_ENG_REPETIDO,NO,NO_ASIGNADO,ENG_SUBORDINADO,,ENG-062;ENG-063,Sólo existe evidencia ENG; se conserva como evidencia técnica subordinada.,NO,DIFERIDO_ENG_ONLY,,,"Sólo posee evidencia ENG subordinada. Se conserva para compatibilidad/evolución, pero no se canoniza automáticamente.",DIFERIDO_ENG_ONLY
data trust,Data Trust,Data Trust,1,3,ENG,1,ENG-085,CODIGO_INLINE;DEFINICION_EXPLICITA;ENCABEZADO,1,CANDIDATO_ENG_DEFINIDO,NO,NO_ASIGNADO,ENG_SUBORDINADO,,ENG-085,Sólo existe evidencia ENG; se conserva como evidencia técnica subordinada.,NO,DIFERIDO_ENG_ONLY,,,"Sólo posee evidencia ENG subordinada. Se conserva para compatibilidad/evolución, pero no se canoniza automáticamente.",DIFERIDO_ENG_ONLY
data trust engineering,Data Trust Engineering,Data Trust Engineering,1,4,ENG,2,ENG-084;ENG-085,ENCABEZADO;TERMINO_DESTACADO,0,CANDIDATO_ENG_REPETIDO,NO,NO_ASIGNADO,ENG_SUBORDINADO,,ENG-084;ENG-085,Sólo existe evidencia ENG; se conserva como evidencia técnica subordinada.,NO,DIFERIDO_ENG_ONLY,,,"Sólo posee evidencia ENG subordinada. Se conserva para compatibilidad/evolución, pero no se canoniza automáticamente.",DIFERIDO_ENG_ONLY
database as api,Database as API,Database as API,1,3,ENG,3,ENG-030;ENG-043;ENG-044,ENCABEZADO,0,CANDIDATO_ENG_REPETIDO,NO,NO_ASIGNADO,ENG_SUBORDINADO,,ENG-030;ENG-043;ENG-044,Sólo existe evidencia ENG; se conserva como evidencia técnica subordinada.,NO,DIFERIDO_ENG_ONLY,,,"Sólo posee evidencia ENG subordinada. Se conserva para compatibilidad/evolución, pero no se canoniza automáticamente.",DIFERIDO_ENG_ONLY
database constraint,Database Constraint,Database Constraint; Database Constraints,2,3,ENG,3,ENG-030;ENG-038;ENG-079,ENCABEZADO,0,CANDIDATO_ENG_REPETIDO,NO,NO_ASIGNADO,ENG_SUBORDINADO,,ENG-030;ENG-038;ENG-079,Sólo existe evidencia ENG; se conserva como evidencia técnica subordinada.,NO,DIFERIDO_ENG_ONLY,,Database Constraints,"Sólo posee evidencia ENG subordinada. Se conserva para compatibilidad/evolución, pero no se canoniza automáticamente.",DIFERIDO_ENG_ONLY
database strategy,Database Strategy,Database Strategy,1,2,ENG,1,ENG-048,DEFINICION_EXPLICITA;ENCABEZADO,1,CANDIDATO_ENG_DEFINIDO,NO,NO_ASIGNADO,ENG_SUBORDINADO,,ENG-048,Sólo existe evidencia ENG; se conserva como evidencia técnica subordinada.,NO,DIFERIDO_ENG_ONLY,,,"Sólo posee evidencia ENG subordinada. Se conserva para compatibilidad/evolución, pero no se canoniza automáticamente.",DIFERIDO_ENG_ONLY
dead letter,Dead Letter,Dead Letter,1,10,ENG,6,ENG-022;ENG-032;ENG-040;ENG-041;ENG-048;ENG-064,CODIGO_INLINE;DEFINICION_EXPLICITA;ENCABEZADO,1,CANDIDATO_ENG_DEFINIDO,NO,NO_ASIGNADO,ENG_SUBORDINADO,,ENG-022;ENG-032;ENG-040;ENG-041;ENG-048;ENG-064,Sólo existe evidencia ENG; se conserva como evidencia técnica subordinada.,NO,DIFERIDO_ENG_ONLY,,,"Sólo posee evidencia ENG subordinada. Se conserva para compatibilidad/evolución, pero no se canoniza automáticamente.",DIFERIDO_ENG_ONLY
deadline,Deadline,Deadline,1,8,ENG,6,ENG-026;ENG-032;ENG-036;ENG-039;ENG-052;ENG-056,CODIGO_INLINE;ENCABEZADO;TABLA_COLUMNA_PRINCIPAL,0,CANDIDATO_ENG_REPETIDO,NO,NO_ASIGNADO,ENG_SUBORDINADO,,ENG-026;ENG-032;ENG-036;ENG-039;ENG-052;ENG-056,Sólo existe evidencia ENG; se conserva como evidencia técnica subordinada.,NO,DIFERIDO_ENG_ONLY,,,"Sólo posee evidencia ENG subordinada. Se conserva para compatibilidad/evolución, pero no se canoniza automáticamente.",DIFERIDO_ENG_ONLY
deadline propagation,Deadline Propagation,Deadline Propagation,1,7,ENG,7,ENG-026;ENG-032;ENG-034;ENG-039;ENG-044;ENG-055;ENG-056,ENCABEZADO,0,CANDIDATO_ENG_REPETIDO,NO,NO_ASIGNADO,ENG_SUBORDINADO,,ENG-026;ENG-032;ENG-034;ENG-039;ENG-044;ENG-055;ENG-056,Sólo existe evidencia ENG; se conserva como evidencia técnica subordinada.,NO,DIFERIDO_ENG_ONLY,,,"Sólo posee evidencia ENG subordinada. Se conserva para compatibilidad/evolución, pero no se canoniza automáticamente.",DIFERIDO_ENG_ONLY
deadlock,Deadlock,Deadlock,1,8,ENG,5,ENG-026;ENG-030;ENG-038;ENG-042;ENG-053,CODIGO_INLINE;ENCABEZADO,0,CANDIDATO_ENG_REPETIDO,NO,NO_ASIGNADO,ENG_SUBORDINADO,,ENG-026;ENG-030;ENG-038;ENG-042;ENG-053,Sólo existe evidencia ENG; se conserva como evidencia técnica subordinada.,NO,DIFERIDO_ENG_ONLY,,,"Sólo posee evidencia ENG subordinada. Se conserva para compatibilidad/evolución, pero no se canoniza automáticamente.",DIFERIDO_ENG_ONLY
deadlock retry,Deadlock Retry,Deadlock Retry,1,3,ENG,3,ENG-030;ENG-039;ENG-042,ENCABEZADO,0,CANDIDATO_ENG_REPETIDO,NO,NO_ASIGNADO,ENG_SUBORDINADO,,ENG-030;ENG-039;ENG-042,Sólo existe evidencia ENG; se conserva como evidencia técnica subordinada.,NO,DIFERIDO_ENG_ONLY,,,"Sólo posee evidencia ENG subordinada. Se conserva para compatibilidad/evolución, pero no se canoniza automáticamente.",DIFERIDO_ENG_ONLY
deduplication,Deduplication,Deduplication,1,7,ENG,6,ENG-022;ENG-040;ENG-041;ENG-064;ENG-079;ENG-080,CODIGO_INLINE;ENCABEZADO,0,CANDIDATO_ENG_REPETIDO,NO,NO_ASIGNADO,ENG_SUBORDINADO,,ENG-022;ENG-040;ENG-041;ENG-064;ENG-079;ENG-080,Sólo existe evidencia ENG; se conserva como evidencia técnica subordinada.,NO,DIFERIDO_ENG_ONLY,,,"Sólo posee evidencia ENG subordinada. Se conserva para compatibilidad/evolución, pero no se canoniza automáticamente.",DIFERIDO_ENG_ONLY
default,Defaults,Default; Defaults,2,3,ENG,3,ENG-011;ENG-030;ENG-031,ENCABEZADO,0,CANDIDATO_ENG_REPETIDO,NO,NO_ASIGNADO,ENG_SUBORDINADO,,ENG-011;ENG-030;ENG-031,Sólo existe evidencia ENG; se conserva como evidencia técnica subordinada.,NO,DIFERIDO_ENG_ONLY,,Default,"Sólo posee evidencia ENG subordinada. Se conserva para compatibilidad/evolución, pero no se canoniza automáticamente.",DIFERIDO_ENG_ONLY
default value,Default Value,Default Value,1,4,ENG,4,ENG-039;ENG-049;ENG-062;ENG-079,ENCABEZADO,0,CANDIDATO_ENG_REPETIDO,NO,NO_ASIGNADO,ENG_SUBORDINADO,,ENG-039;ENG-049;ENG-062;ENG-079,Sólo existe evidencia ENG; se conserva como evidencia técnica subordinada.,NO,DIFERIDO_ENG_ONLY,,,"Sólo posee evidencia ENG subordinada. Se conserva para compatibilidad/evolución, pero no se canoniza automáticamente.",DIFERIDO_ENG_ONLY
defense in depth,Defense in Depth,Defense in Depth,1,9,ENG,8,ENG-024;ENG-028;ENG-035;ENG-036;ENG-043;ENG-046;ENG-048;ENG-079,ENCABEZADO,0,CANDIDATO_ENG_REPETIDO,NO,NO_ASIGNADO,ENG_SUBORDINADO,,ENG-024;ENG-028;ENG-035;ENG-036;ENG-043;ENG-046;ENG-048;ENG-079,Sólo existe evidencia ENG; se conserva como evidencia técnica subordinada.,NO,DIFERIDO_ENG_ONLY,,,"Sólo posee evidencia ENG subordinada. Se conserva para compatibilidad/evolución, pero no se canoniza automáticamente.",DIFERIDO_ENG_ONLY
definition test,Definition Test,Definition Test,1,5,ENG,5,ENG-021;ENG-050;ENG-051;ENG-052;ENG-064,ENCABEZADO,0,CANDIDATO_ENG_REPETIDO,NO,NO_ASIGNADO,ENG_SUBORDINADO,,ENG-021;ENG-050;ENG-051;ENG-052;ENG-064,Sólo existe evidencia ENG; se conserva como evidencia técnica subordinada.,NO,DIFERIDO_ENG_ONLY,,,"Sólo posee evidencia ENG subordinada. Se conserva para compatibilidad/evolución, pero no se canoniza automáticamente.",DIFERIDO_ENG_ONLY
degraded,DEGRADED,DEGRADED; Degraded,2,18,ENG,15,ENG-015;ENG-025;ENG-027;ENG-069;ENG-071;ENG-072;ENG-073;ENG-074;ENG-075;ENG-077;ENG-078;ENG-079;ENG-080;ENG-081;ENG-085,CODIGO_INLINE;ENCABEZADO,0,CANDIDATO_ENG_REPETIDO,NO,NO_ASIGNADO,ENG_SUBORDINADO,,ENG-015;ENG-025;ENG-027;ENG-069;ENG-071;ENG-072;ENG-073;ENG-074;ENG-075;ENG-077;ENG-078;ENG-079;ENG-080;ENG-081;ENG-085,Sólo existe evidencia ENG; se conserva como evidencia técnica subordinada.,NO,DIFERIDO_ENG_ONLY,,,"Sólo posee evidencia ENG subordinada. Se conserva para compatibilidad/evolución, pero no se canoniza automáticamente.",DIFERIDO_ENG_ONLY
delegated authority,Delegated Authority,Delegated Authority,1,3,ENG,3,ENG-024;ENG-027;ENG-081,ENCABEZADO,0,CANDIDATO_ENG_REPETIDO,NO,NO_ASIGNADO,ENG_SUBORDINADO,,ENG-024;ENG-027;ENG-081,Sólo existe evidencia ENG; se conserva como evidencia técnica subordinada.,NO,DIFERIDO_ENG_ONLY,,,"Sólo posee evidencia ENG subordinada. Se conserva para compatibilidad/evolución, pero no se canoniza automáticamente.",DIFERIDO_ENG_ONLY
delete,Delete,DELETE; Delete,2,3,ENG,3,ENG-043;ENG-044;ENG-092,ENCABEZADO,0,CANDIDATO_ENG_REPETIDO,NO,NO_ASIGNADO,ENG_SUBORDINADO,,ENG-043;ENG-044;ENG-092,Sólo existe evidencia ENG; se conserva como evidencia técnica subordinada.,NO,DIFERIDO_ENG_ONLY,,,"Sólo posee evidencia ENG subordinada. Se conserva para compatibilidad/evolución, pero no se canoniza automáticamente.",DIFERIDO_ENG_ONLY
delivery,Delivery,Delivery,1,4,ENG,2,ENG-022;ENG-087,CODIGO_INLINE;DEFINICION_EXPLICITA;ENCABEZADO,2,CANDIDATO_ENG_DEFINIDO,NO,NO_ASIGNADO,ENG_SUBORDINADO,,ENG-022;ENG-087,Sólo existe evidencia ENG; se conserva como evidencia técnica subordinada.,NO,DIFERIDO_ENG_ONLY,,,"Sólo posee evidencia ENG subordinada. Se conserva para compatibilidad/evolución, pero no se canoniza automáticamente.",DIFERIDO_ENG_ONLY
delivery semantic,Delivery Semantics,Delivery Semantics,1,5,ENG,5,ENG-032;ENG-040;ENG-041;ENG-064;ENG-087,ENCABEZADO,0,CANDIDATO_ENG_REPETIDO,NO,NO_ASIGNADO,ENG_SUBORDINADO,,ENG-032;ENG-040;ENG-041;ENG-064;ENG-087,Sólo existe evidencia ENG; se conserva como evidencia técnica subordinada.,NO,DIFERIDO_ENG_ONLY,,,"Sólo posee evidencia ENG subordinada. Se conserva para compatibilidad/evolución, pero no se canoniza automáticamente.",DIFERIDO_ENG_ONLY
dependencia opcional,Dependencias Opcionales,Dependencia Opcional; Dependencias Opcionales,2,3,ENG,3,ENG-002;ENG-003;ENG-018,ENCABEZADO,0,CANDIDATO_ENG_REPETIDO,NO,NO_ASIGNADO,ENG_SUBORDINADO,,ENG-002;ENG-003;ENG-018,Sólo existe evidencia ENG; se conserva como evidencia técnica subordinada.,NO,DIFERIDO_ENG_ONLY,,Dependencia Opcional,"Sólo posee evidencia ENG subordinada. Se conserva para compatibilidad/evolución, pero no se canoniza automáticamente.",DIFERIDO_ENG_ONLY
dependency confusion,Dependency Confusion,Dependency Confusion,1,3,ENG,3,ENG-013;ENG-024;ENG-060,ENCABEZADO,0,CANDIDATO_ENG_REPETIDO,NO,NO_ASIGNADO,ENG_SUBORDINADO,,ENG-013;ENG-024;ENG-060,Sólo existe evidencia ENG; se conserva como evidencia técnica subordinada.,NO,DIFERIDO_ENG_ONLY,,,"Sólo posee evidencia ENG subordinada. Se conserva para compatibilidad/evolución, pero no se canoniza automáticamente.",DIFERIDO_ENG_ONLY
dependency cycle,Dependency Cycle,Dependency Cycle,1,10,ENG,8,ENG-027;ENG-050;ENG-051;ENG-055;ENG-058;ENG-060;ENG-065;ENG-069,ENCABEZADO,0,CANDIDATO_ENG_REPETIDO,NO,NO_ASIGNADO,ENG_SUBORDINADO,,ENG-027;ENG-050;ENG-051;ENG-055;ENG-058;ENG-060;ENG-065;ENG-069,Sólo existe evidencia ENG; se conserva como evidencia técnica subordinada.,NO,DIFERIDO_ENG_ONLY,,,"Sólo posee evidencia ENG subordinada. Se conserva para compatibilidad/evolución, pero no se canoniza automáticamente.",DIFERIDO_ENG_ONLY
dependency direction,Dependency Direction,Dependency Direction,1,6,ENG,6,ENG-011;ENG-018;ENG-035;ENG-037;ENG-051;ENG-075,ENCABEZADO,0,CANDIDATO_ENG_REPETIDO,NO,NO_ASIGNADO,ENG_SUBORDINADO,,ENG-011;ENG-018;ENG-035;ENG-037;ENG-051;ENG-075,Sólo existe evidencia ENG; se conserva como evidencia técnica subordinada.,NO,DIFERIDO_ENG_ONLY,,,"Sólo posee evidencia ENG subordinada. Se conserva para compatibilidad/evolución, pero no se canoniza automáticamente.",DIFERIDO_ENG_ONLY
dependency drift,Dependency Drift,Dependency Drift,1,3,ENG,3,ENG-012;ENG-017;ENG-066,ENCABEZADO,0,CANDIDATO_ENG_REPETIDO,NO,NO_ASIGNADO,ENG_SUBORDINADO,,ENG-012;ENG-017;ENG-066,Sólo existe evidencia ENG; se conserva como evidencia técnica subordinada.,NO,DIFERIDO_ENG_ONLY,,,"Sólo posee evidencia ENG subordinada. Se conserva para compatibilidad/evolución, pero no se canoniza automáticamente.",DIFERIDO_ENG_ONLY
dependency failure,Dependency Failure,Dependency Failure,1,5,ENG,5,ENG-015;ENG-025;ENG-040;ENG-044;ENG-061,ENCABEZADO,0,CANDIDATO_ENG_REPETIDO,NO,NO_ASIGNADO,ENG_SUBORDINADO,,ENG-015;ENG-025;ENG-040;ENG-044;ENG-061,Sólo existe evidencia ENG; se conserva como evidencia técnica subordinada.,NO,DIFERIDO_ENG_ONLY,,,"Sólo posee evidencia ENG subordinada. Se conserva para compatibilidad/evolución, pero no se canoniza automáticamente.",DIFERIDO_ENG_ONLY
dependency graph,Dependency Graph,Dependency Graph,1,11,ENG,11,ENG-013;ENG-018;ENG-019;ENG-027;ENG-050;ENG-051;ENG-055;ENG-059;ENG-060;ENG-065;ENG-075,ENCABEZADO,0,CANDIDATO_ENG_REPETIDO,NO,NO_ASIGNADO,ENG_SUBORDINADO,,ENG-013;ENG-018;ENG-019;ENG-027;ENG-050;ENG-051;ENG-055;ENG-059;ENG-060;ENG-065;ENG-075,Sólo existe evidencia ENG; se conserva como evidencia técnica subordinada.,NO,DIFERIDO_ENG_ONLY,,,"Sólo posee evidencia ENG subordinada. Se conserva para compatibilidad/evolución, pero no se canoniza automáticamente.",DIFERIDO_ENG_ONLY
dependency injection integration,Dependency Injection Integration,Dependency Injection Integration,1,3,ENG,3,ENG-020;ENG-021;ENG-054,ENCABEZADO,0,CANDIDATO_ENG_REPETIDO,NO,NO_ASIGNADO,ENG_SUBORDINADO,,ENG-020;ENG-021;ENG-054,Sólo existe evidencia ENG; se conserva como evidencia técnica subordinada.,NO,DIFERIDO_ENG_ONLY,,,"Sólo posee evidencia ENG subordinada. Se conserva para compatibilidad/evolución, pero no se canoniza automáticamente.",DIFERIDO_ENG_ONLY
dependency lock,Dependency Lock,Dependency Lock,1,5,ENG,4,ENG-012;ENG-013;ENG-014;ENG-017,CODIGO_INLINE;ENCABEZADO,0,CANDIDATO_ENG_REPETIDO,NO,NO_ASIGNADO,ENG_SUBORDINADO,,ENG-012;ENG-013;ENG-014;ENG-017,Sólo existe evidencia ENG; se conserva como evidencia técnica subordinada.,NO,DIFERIDO_ENG_ONLY,,,"Sólo posee evidencia ENG subordinada. Se conserva para compatibilidad/evolución, pero no se canoniza automáticamente.",DIFERIDO_ENG_ONLY
dependency test,Dependency Test,Dependency Test,1,8,ENG,8,ENG-027;ENG-028;ENG-050;ENG-051;ENG-060;ENG-065;ENG-068;ENG-069,ENCABEZADO,0,CANDIDATO_ENG_REPETIDO,NO,NO_ASIGNADO,ENG_SUBORDINADO,,ENG-027;ENG-028;ENG-050;ENG-051;ENG-060;ENG-065;ENG-068;ENG-069,Sólo existe evidencia ENG; se conserva como evidencia técnica subordinada.,NO,DIFERIDO_ENG_ONLY,,,"Sólo posee evidencia ENG subordinada. Se conserva para compatibilidad/evolución, pero no se canoniza automáticamente.",DIFERIDO_ENG_ONLY
dependency validation,Dependency Validation,Dependency Validation,1,3,ENG,3,ENG-008;ENG-028;ENG-051,ENCABEZADO,0,CANDIDATO_ENG_REPETIDO,NO,NO_ASIGNADO,ENG_SUBORDINADO,,ENG-008;ENG-028;ENG-051,Sólo existe evidencia ENG; se conserva como evidencia técnica subordinada.,NO,DIFERIDO_ENG_ONLY,,,"Sólo posee evidencia ENG subordinada. Se conserva para compatibilidad/evolución, pero no se canoniza automáticamente.",DIFERIDO_ENG_ONLY
deployment,Deployment,Deployment,1,4,ENG,3,ENG-040;ENG-041;ENG-067,CODIGO_INLINE;ENCABEZADO,0,CANDIDATO_ENG_REPETIDO,NO,NO_ASIGNADO,ENG_SUBORDINADO,,ENG-040;ENG-041;ENG-067,Sólo existe evidencia ENG; se conserva como evidencia técnica subordinada.,NO,DIFERIDO_ENG_ONLY,,,"Sólo posee evidencia ENG subordinada. Se conserva para compatibilidad/evolución, pero no se canoniza automáticamente.",DIFERIDO_ENG_ONLY
deployment engineering,Deployment Engineering,Deployment Engineering,1,3,ENG,1,ENG-067,ENCABEZADO;TERMINO_DESTACADO,0,CANDIDATO_ENG_REPETIDO,NO,NO_ASIGNADO,ENG_SUBORDINADO,,ENG-067,Sólo existe evidencia ENG; se conserva como evidencia técnica subordinada.,NO,DIFERIDO_ENG_ONLY,,,"Sólo posee evidencia ENG subordinada. Se conserva para compatibilidad/evolución, pero no se canoniza automáticamente.",DIFERIDO_ENG_ONLY
deployment integration,Deployment Integration,Deployment Integration,1,3,ENG,3,ENG-068;ENG-071;ENG-073,ENCABEZADO,0,CANDIDATO_ENG_REPETIDO,NO,NO_ASIGNADO,ENG_SUBORDINADO,,ENG-068;ENG-071;ENG-073,Sólo existe evidencia ENG; se conserva como evidencia técnica subordinada.,NO,DIFERIDO_ENG_ONLY,,,"Sólo posee evidencia ENG subordinada. Se conserva para compatibilidad/evolución, pero no se canoniza automáticamente.",DIFERIDO_ENG_ONLY
deprecation,Deprecation,Deprecation,1,12,ENG,11,ENG-008;ENG-011;ENG-014;ENG-021;ENG-029;ENG-031;ENG-034;ENG-035;ENG-036;ENG-044;ENG-075,ENCABEZADO,0,CANDIDATO_ENG_REPETIDO,NO,NO_ASIGNADO,ENG_SUBORDINADO,,ENG-008;ENG-011;ENG-014;ENG-021;ENG-029;ENG-031;ENG-034;ENG-035;ENG-036;ENG-044;ENG-075,Sólo existe evidencia ENG; se conserva como evidencia técnica subordinada.,NO,DIFERIDO_ENG_ONLY,,,"Sólo posee evidencia ENG subordinada. Se conserva para compatibilidad/evolución, pero no se canoniza automáticamente.",DIFERIDO_ENG_ONLY
deprecation metadata,Deprecation Metadata,Deprecation Metadata,1,6,ENG,6,ENG-014;ENG-020;ENG-021;ENG-029;ENG-057;ENG-075,ENCABEZADO,0,CANDIDATO_ENG_REPETIDO,NO,NO_ASIGNADO,ENG_SUBORDINADO,,ENG-014;ENG-020;ENG-021;ENG-029;ENG-057;ENG-075,Sólo existe evidencia ENG; se conserva como evidencia técnica subordinada.,NO,DIFERIDO_ENG_ONLY,,,"Sólo posee evidencia ENG subordinada. Se conserva para compatibilidad/evolución, pero no se canoniza automáticamente.",DIFERIDO_ENG_ONLY
deprovisioning,Deprovisioning,DEPROVISIONING; Deprovisioning,2,3,ENG,1,ENG-047,ENCABEZADO,0,CANDIDATO_ENG_REPETIDO,NO,NO_ASIGNADO,ENG_SUBORDINADO,,ENG-047,Sólo existe evidencia ENG; se conserva como evidencia técnica subordinada.,NO,DIFERIDO_ENG_ONLY,,,"Sólo posee evidencia ENG subordinada. Se conserva para compatibilidad/evolución, pero no se canoniza automáticamente.",DIFERIDO_ENG_ONLY
derived state,Derived State,Derived State,1,3,ENG,3,ENG-053;ENG-077;ENG-079,ENCABEZADO,0,CANDIDATO_ENG_REPETIDO,NO,NO_ASIGNADO,ENG_SUBORDINADO,,ENG-053;ENG-077;ENG-079,Sólo existe evidencia ENG; se conserva como evidencia técnica subordinada.,NO,DIFERIDO_ENG_ONLY,,,"Sólo posee evidencia ENG subordinada. Se conserva para compatibilidad/evolución, pero no se canoniza automáticamente.",DIFERIDO_ENG_ONLY
deserialization,Deserialization,Deserialization,1,4,ENG,2,ENG-024;ENG-031,CODIGO_INLINE;DEFINICION_EXPLICITA;ENCABEZADO,1,CANDIDATO_ENG_DEFINIDO,NO,NO_ASIGNADO,ENG_SUBORDINADO,,ENG-024;ENG-031,Sólo existe evidencia ENG; se conserva como evidencia técnica subordinada.,NO,DIFERIDO_ENG_ONLY,,,"Sólo posee evidencia ENG subordinada. Se conserva para compatibilidad/evolución, pero no se canoniza automáticamente.",DIFERIDO_ENG_ONLY
deserialization security,Deserialization Security,Deserialization Security,1,3,ENG,3,ENG-031;ENG-041;ENG-061,ENCABEZADO,0,CANDIDATO_ENG_REPETIDO,NO,NO_ASIGNADO,ENG_SUBORDINADO,,ENG-031;ENG-041;ENG-061,Sólo existe evidencia ENG; se conserva como evidencia técnica subordinada.,NO,DIFERIDO_ENG_ONLY,,,"Sólo posee evidencia ENG subordinada. Se conserva para compatibilidad/evolución, pero no se canoniza automáticamente.",DIFERIDO_ENG_ONLY
destination,Destination,Destination,1,3,ENG,2,ENG-041;ENG-089,CODIGO_INLINE;DEFINICION_EXPLICITA;ENCABEZADO,1,CANDIDATO_ENG_DEFINIDO,NO,NO_ASIGNADO,ENG_SUBORDINADO,,ENG-041;ENG-089,Sólo existe evidencia ENG; se conserva como evidencia técnica subordinada.,NO,DIFERIDO_ENG_ONLY,,,"Sólo posee evidencia ENG subordinada. Se conserva para compatibilidad/evolución, pero no se canoniza automáticamente.",DIFERIDO_ENG_ONLY
destroy,Destroy,Destroy,1,2,ENG,1,ENG-092,DEFINICION_EXPLICITA;ENCABEZADO,1,CANDIDATO_ENG_DEFINIDO,NO,NO_ASIGNADO,ENG_SUBORDINADO,,ENG-092,Sólo existe evidencia ENG; se conserva como evidencia técnica subordinada.,NO,DIFERIDO_ENG_ONLY,,,"Sólo posee evidencia ENG subordinada. Se conserva para compatibilidad/evolución, pero no se canoniza automáticamente.",DIFERIDO_ENG_ONLY
determinism,Determinism,Determinism,1,5,ENG,5,ENG-015;ENG-018;ENG-026;ENG-031;ENG-052,ENCABEZADO,0,CANDIDATO_ENG_REPETIDO,NO,NO_ASIGNADO,ENG_SUBORDINADO,,ENG-015;ENG-018;ENG-026;ENG-031;ENG-052,Sólo existe evidencia ENG; se conserva como evidencia técnica subordinada.,NO,DIFERIDO_ENG_ONLY,,,"Sólo posee evidencia ENG subordinada. Se conserva para compatibilidad/evolución, pero no se canoniza automáticamente.",DIFERIDO_ENG_ONLY
determinism test,Determinism Test,Determinism Test,1,5,ENG,5,ENG-031;ENG-057;ENG-058;ENG-059;ENG-063,ENCABEZADO,0,CANDIDATO_ENG_REPETIDO,NO,NO_ASIGNADO,ENG_SUBORDINADO,,ENG-031;ENG-057;ENG-058;ENG-059;ENG-063,Sólo existe evidencia ENG; se conserva como evidencia técnica subordinada.,NO,DIFERIDO_ENG_ONLY,,,"Sólo posee evidencia ENG subordinada. Se conserva para compatibilidad/evolución, pero no se canoniza automáticamente.",DIFERIDO_ENG_ONLY
determinismo,Determinismo,Determinismo,1,5,ENG,5,ENG-003;ENG-007;ENG-008;ENG-009;ENG-012,ENCABEZADO,0,CANDIDATO_ENG_REPETIDO,NO,NO_ASIGNADO,ENG_SUBORDINADO,,ENG-003;ENG-007;ENG-008;ENG-009;ENG-012,Sólo existe evidencia ENG; se conserva como evidencia técnica subordinada.,NO,DIFERIDO_ENG_ONLY,,,"Sólo posee evidencia ENG subordinada. Se conserva para compatibilidad/evolución, pero no se canoniza automáticamente.",DIFERIDO_ENG_ONLY
di,DI,DI,1,3,ENG,3,ENG-005;ENG-018;ENG-035,DEFINICION_EXPLICITA;ENCABEZADO;TABLA_COLUMNA_PRINCIPAL,1,CANDIDATO_ENG_DEFINIDO,NO,NO_ASIGNADO,ENG_SUBORDINADO,,ENG-005;ENG-018;ENG-035,Sólo existe evidencia ENG; se conserva como evidencia técnica subordinada.,NO,DIFERIDO_ENG_ONLY,,,"Sólo posee evidencia ENG subordinada. Se conserva para compatibilidad/evolución, pero no se canoniza automáticamente.",DIFERIDO_ENG_ONLY
di integration,DI Integration,DI Integration,1,5,ENG,5,ENG-028;ENG-029;ENG-030;ENG-032;ENG-042,ENCABEZADO,0,CANDIDATO_ENG_REPETIDO,NO,NO_ASIGNADO,ENG_SUBORDINADO,,ENG-028;ENG-029;ENG-030;ENG-032;ENG-042,Sólo existe evidencia ENG; se conserva como evidencia técnica subordinada.,NO,DIFERIDO_ENG_ONLY,,,"Sólo posee evidencia ENG subordinada. Se conserva para compatibilidad/evolución, pero no se canoniza automáticamente.",DIFERIDO_ENG_ONLY
diagnosability,Diagnosability,Diagnosability,1,2,ENG,1,ENG-075,DEFINICION_EXPLICITA;ENCABEZADO,1,CANDIDATO_ENG_DEFINIDO,NO,NO_ASIGNADO,ENG_SUBORDINADO,,ENG-075,Sólo existe evidencia ENG; se conserva como evidencia técnica subordinada.,NO,DIFERIDO_ENG_ONLY,,,"Sólo posee evidencia ENG subordinada. Se conserva para compatibilidad/evolución, pero no se canoniza automáticamente.",DIFERIDO_ENG_ONLY
diagnostic,Diagnostics,Diagnostics,1,17,ENG,15,ENG-013;ENG-014;ENG-018;ENG-020;ENG-022;ENG-025;ENG-063;ENG-069;ENG-074;ENG-077;ENG-089;ENG-091;ENG-092;ENG-093;ENG-094,DEFINICION_EXPLICITA;ENCABEZADO,1,CANDIDATO_ENG_DEFINIDO,NO,NO_ASIGNADO,ENG_SUBORDINADO,,ENG-013;ENG-014;ENG-018;ENG-020;ENG-022;ENG-025;ENG-063;ENG-069;ENG-074;ENG-077;ENG-089;ENG-091;ENG-092;ENG-093;ENG-094,Sólo existe evidencia ENG; se conserva como evidencia técnica subordinada.,NO,DIFERIDO_ENG_ONLY,,,"Sólo posee evidencia ENG subordinada. Se conserva para compatibilidad/evolución, pero no se canoniza automáticamente.",DIFERIDO_ENG_ONLY
dirty read,Dirty Read,Dirty Read,1,3,ENG,3,ENG-038;ENG-042;ENG-078,ENCABEZADO,0,CANDIDATO_ENG_REPETIDO,NO,NO_ASIGNADO,ENG_SUBORDINADO,,ENG-038;ENG-042;ENG-078,Sólo existe evidencia ENG; se conserva como evidencia técnica subordinada.,NO,DIFERIDO_ENG_ONLY,,,"Sólo posee evidencia ENG subordinada. Se conserva para compatibilidad/evolución, pero no se canoniza automáticamente.",DIFERIDO_ENG_ONLY
discovery,Discovery,Discovery,1,7,ENG,4,ENG-020;ENG-028;ENG-029;ENG-058,CODIGO_INLINE;DEFINICION_EXPLICITA;ENCABEZADO,2,CANDIDATO_ENG_DEFINIDO,NO,NO_ASIGNADO,ENG_SUBORDINADO,,ENG-020;ENG-028;ENG-029;ENG-058,Sólo existe evidencia ENG; se conserva como evidencia técnica subordinada.,NO,DIFERIDO_ENG_ONLY,,,"Sólo posee evidencia ENG subordinada. Se conserva para compatibilidad/evolución, pero no se canoniza automáticamente.",DIFERIDO_ENG_ONLY
discovery determinism,Discovery Determinism,Discovery Determinism,1,3,ENG,3,ENG-020;ENG-057;ENG-058,ENCABEZADO,0,CANDIDATO_ENG_REPETIDO,NO,NO_ASIGNADO,ENG_SUBORDINADO,,ENG-020;ENG-057;ENG-058,Sólo existe evidencia ENG; se conserva como evidencia técnica subordinada.,NO,DIFERIDO_ENG_ONLY,,,"Sólo posee evidencia ENG subordinada. Se conserva para compatibilidad/evolución, pero no se canoniza automáticamente.",DIFERIDO_ENG_ONLY
discovery engineering,Discovery Engineering,Discovery Engineering,1,4,ENG,2,ENG-057;ENG-058,ENCABEZADO;TERMINO_DESTACADO,0,CANDIDATO_ENG_REPETIDO,NO,NO_ASIGNADO,ENG_SUBORDINADO,,ENG-057;ENG-058,Sólo existe evidencia ENG; se conserva como evidencia técnica subordinada.,NO,DIFERIDO_ENG_ONLY,,,"Sólo posee evidencia ENG subordinada. Se conserva para compatibilidad/evolución, pero no se canoniza automáticamente.",DIFERIDO_ENG_ONLY
discovery sourc,Discovery Sources,Discovery Sources; discovery:sources,2,6,ENG,6,ENG-029;ENG-057;ENG-058;ENG-060;ENG-062;ENG-063,ENCABEZADO,0,CANDIDATO_ENG_REPETIDO,NO,NO_ASIGNADO,ENG_SUBORDINADO,,ENG-029;ENG-057;ENG-058;ENG-060;ENG-062;ENG-063,Sólo existe evidencia ENG; se conserva como evidencia técnica subordinada.,NO,DIFERIDO_ENG_ONLY,,discovery:sources,"Sólo posee evidencia ENG subordinada. Se conserva para compatibilidad/evolución, pero no se canoniza automáticamente.",DIFERIDO_ENG_ONLY
discovery source,Discovery Source,Discovery Source,1,3,ENG,2,ENG-058;ENG-091,CODIGO_INLINE;DEFINICION_EXPLICITA;ENCABEZADO,1,CANDIDATO_ENG_DEFINIDO,NO,NO_ASIGNADO,ENG_SUBORDINADO,,ENG-058;ENG-091,Sólo existe evidencia ENG; se conserva como evidencia técnica subordinada.,NO,DIFERIDO_ENG_ONLY,,,"Sólo posee evidencia ENG subordinada. Se conserva para compatibilidad/evolución, pero no se canoniza automáticamente.",DIFERIDO_ENG_ONLY
discovery target,Discovery Target,Discovery Target,1,3,ENG,2,ENG-058;ENG-091,CODIGO_INLINE;DEFINICION_EXPLICITA;ENCABEZADO,1,CANDIDATO_ENG_DEFINIDO,NO,NO_ASIGNADO,ENG_SUBORDINADO,,ENG-058;ENG-091,Sólo existe evidencia ENG; se conserva como evidencia técnica subordinada.,NO,DIFERIDO_ENG_ONLY,,,"Sólo posee evidencia ENG subordinada. Se conserva para compatibilidad/evolución, pero no se canoniza automáticamente.",DIFERIDO_ENG_ONLY
dispatch,Dispatch,Dispatch,1,2,ENG,1,ENG-022,DEFINICION_EXPLICITA;ENCABEZADO,1,CANDIDATO_ENG_DEFINIDO,NO,NO_ASIGNADO,ENG_SUBORDINADO,,ENG-022,Sólo existe evidencia ENG; se conserva como evidencia técnica subordinada.,NO,DIFERIDO_ENG_ONLY,,,"Sólo posee evidencia ENG subordinada. Se conserva para compatibilidad/evolución, pero no se canoniza automáticamente.",DIFERIDO_ENG_ONLY
disposal idempotency,Disposal Idempotency,Disposal Idempotency,1,3,ENG,3,ENG-053;ENG-055;ENG-092,ENCABEZADO,0,CANDIDATO_ENG_REPETIDO,NO,NO_ASIGNADO,ENG_SUBORDINADO,,ENG-053;ENG-055;ENG-092,Sólo existe evidencia ENG; se conserva como evidencia técnica subordinada.,NO,DIFERIDO_ENG_ONLY,,,"Sólo posee evidencia ENG subordinada. Se conserva para compatibilidad/evolución, pero no se canoniza automáticamente.",DIFERIDO_ENG_ONLY
distributed lock,Distributed Lock,Distributed Lock,1,4,ENG,4,ENG-026;ENG-037;ENG-038;ENG-078,ENCABEZADO,0,CANDIDATO_ENG_REPETIDO,NO,NO_ASIGNADO,ENG_SUBORDINADO,,ENG-026;ENG-037;ENG-038;ENG-078,Sólo existe evidencia ENG; se conserva como evidencia técnica subordinada.,NO,DIFERIDO_ENG_ONLY,,,"Sólo posee evidencia ENG subordinada. Se conserva para compatibilidad/evolución, pero no se canoniza automáticamente.",DIFERIDO_ENG_ONLY
distributed transaction,Distributed Transaction,Distributed Transaction,1,5,ENG,5,ENG-022;ENG-030;ENG-041;ENG-042;ENG-078,ENCABEZADO,0,CANDIDATO_ENG_REPETIDO,NO,NO_ASIGNADO,ENG_SUBORDINADO,,ENG-022;ENG-030;ENG-041;ENG-042;ENG-078,Sólo existe evidencia ENG; se conserva como evidencia técnica subordinada.,NO,DIFERIDO_ENG_ONLY,,,"Sólo posee evidencia ENG subordinada. Se conserva para compatibilidad/evolución, pero no se canoniza automáticamente.",DIFERIDO_ENG_ONLY
distribution integrity,Distribution Integrity,Distribution Integrity,1,3,ENG,3,ENG-049;ENG-051;ENG-067,ENCABEZADO,0,CANDIDATO_ENG_REPETIDO,NO,NO_ASIGNADO,ENG_SUBORDINADO,,ENG-049;ENG-051;ENG-067,Sólo existe evidencia ENG; se conserva como evidencia técnica subordinada.,NO,DIFERIDO_ENG_ONLY,,,"Sólo posee evidencia ENG subordinada. Se conserva para compatibilidad/evolución, pero no se canoniza automáticamente.",DIFERIDO_ENG_ONLY
dlq test,DLQ Test,DLQ Test,1,3,ENG,3,ENG-022;ENG-040;ENG-041,ENCABEZADO,0,CANDIDATO_ENG_REPETIDO,NO,NO_ASIGNADO,ENG_SUBORDINADO,,ENG-022;ENG-040;ENG-041,Sólo existe evidencia ENG; se conserva como evidencia técnica subordinada.,NO,DIFERIDO_ENG_ONLY,,,"Sólo posee evidencia ENG subordinada. Se conserva para compatibilidad/evolución, pero no se canoniza automáticamente.",DIFERIDO_ENG_ONLY
documentation,Documentation,DOCUMENTATION; Documentation,2,5,ENG,5,ENG-003;ENG-014;ENG-037;ENG-039;ENG-044,ENCABEZADO;TABLA_COLUMNA_PRINCIPAL,0,CANDIDATO_ENG_REPETIDO,NO,NO_ASIGNADO,ENG_SUBORDINADO,,ENG-003;ENG-014;ENG-037;ENG-039;ENG-044,Sólo existe evidencia ENG; se conserva como evidencia técnica subordinada.,NO,DIFERIDO_ENG_ONLY,,,"Sólo posee evidencia ENG subordinada. Se conserva para compatibilidad/evolución, pero no se canoniza automáticamente.",DIFERIDO_ENG_ONLY
documentation generation,Documentation Generation,Documentation Generation,1,5,ENG,5,ENG-007;ENG-008;ENG-011;ENG-015;ENG-057,ENCABEZADO,0,CANDIDATO_ENG_REPETIDO,NO,NO_ASIGNADO,ENG_SUBORDINADO,,ENG-007;ENG-008;ENG-011;ENG-015;ENG-057,Sólo existe evidencia ENG; se conserva como evidencia técnica subordinada.,NO,DIFERIDO_ENG_ONLY,,,"Sólo posee evidencia ENG subordinada. Se conserva para compatibilidad/evolución, pero no se canoniza automáticamente.",DIFERIDO_ENG_ONLY
domain,Domain,/Domain; Domain,2,9,ENG,5,ENG-006;ENG-035;ENG-039;ENG-040;ENG-041,CODIGO_INLINE;DEFINICION_EXPLICITA;ENCABEZADO,1,CANDIDATO_ENG_DEFINIDO,NO,NO_ASIGNADO,ENG_SUBORDINADO,,ENG-006;ENG-035;ENG-039;ENG-040;ENG-041,Sólo existe evidencia ENG; se conserva como evidencia técnica subordinada.,NO,DIFERIDO_ENG_ONLY,,/Domain,"Sólo posee evidencia ENG subordinada. Se conserva para compatibilidad/evolución, pero no se canoniza automáticamente.",DIFERIDO_ENG_ONLY
domain boundary,Domain Boundary,Domain Boundary,1,3,ENG,3,ENG-035;ENG-051;ENG-081,ENCABEZADO,0,CANDIDATO_ENG_REPETIDO,NO,NO_ASIGNADO,ENG_SUBORDINADO,,ENG-035;ENG-051;ENG-081,Sólo existe evidencia ENG; se conserva como evidencia técnica subordinada.,NO,DIFERIDO_ENG_ONLY,,,"Sólo posee evidencia ENG subordinada. Se conserva para compatibilidad/evolución, pero no se canoniza automáticamente.",DIFERIDO_ENG_ONLY
domain engineering,Domain Engineering,Domain Engineering,1,3,ENG,2,ENG-035;ENG-079,DEFINICION_EXPLICITA;ENCABEZADO;TERMINO_DESTACADO,1,CANDIDATO_ENG_DEFINIDO,NO,NO_ASIGNADO,ENG_SUBORDINADO,,ENG-035;ENG-079,Sólo existe evidencia ENG; se conserva como evidencia técnica subordinada.,NO,DIFERIDO_ENG_ONLY,,,"Sólo posee evidencia ENG subordinada. Se conserva para compatibilidad/evolución, pero no se canoniza automáticamente.",DIFERIDO_ENG_ONLY
domain error,Domain Error,Domain Error; Domain Errors,2,5,ENG,3,ENG-023;ENG-034;ENG-035,CODIGO_INLINE;ENCABEZADO,0,CANDIDATO_ENG_REPETIDO,NO,NO_ASIGNADO,ENG_SUBORDINADO,,ENG-023;ENG-034;ENG-035,Sólo existe evidencia ENG; se conserva como evidencia técnica subordinada.,NO,DIFERIDO_ENG_ONLY,,Domain Errors,"Sólo posee evidencia ENG subordinada. Se conserva para compatibilidad/evolución, pero no se canoniza automáticamente.",DIFERIDO_ENG_ONLY
domain event,Domain Event,Domain Event,1,5,ENG,3,ENG-022;ENG-030;ENG-035,CODIGO_INLINE;ENCABEZADO,0,CANDIDATO_ENG_REPETIDO,NO,NO_ASIGNADO,ENG_SUBORDINADO,,ENG-022;ENG-030;ENG-035,Sólo existe evidencia ENG; se conserva como evidencia técnica subordinada.,NO,DIFERIDO_ENG_ONLY,,,"Sólo posee evidencia ENG subordinada. Se conserva para compatibilidad/evolución, pero no se canoniza automáticamente.",DIFERIDO_ENG_ONLY
domain integration,Domain Integration,Domain Integration,1,8,ENG,8,ENG-042;ENG-046;ENG-048;ENG-049;ENG-050;ENG-051;ENG-052;ENG-053,ENCABEZADO,0,CANDIDATO_ENG_REPETIDO,NO,NO_ASIGNADO,ENG_SUBORDINADO,,ENG-042;ENG-046;ENG-048;ENG-049;ENG-050;ENG-051;ENG-052;ENG-053,Sólo existe evidencia ENG; se conserva como evidencia técnica subordinada.,NO,DIFERIDO_ENG_ONLY,,,"Sólo posee evidencia ENG subordinada. Se conserva para compatibilidad/evolución, pero no se canoniza automáticamente.",DIFERIDO_ENG_ONLY
domain invariant,Domain Invariant,Domain Invariant,1,3,ENG,3,ENG-034;ENG-035;ENG-039,CODIGO_INLINE;ENCABEZADO,0,CANDIDATO_ENG_REPETIDO,NO,NO_ASIGNADO,ENG_SUBORDINADO,,ENG-034;ENG-035;ENG-039,Sólo existe evidencia ENG; se conserva como evidencia técnica subordinada.,NO,DIFERIDO_ENG_ONLY,,,"Sólo posee evidencia ENG subordinada. Se conserva para compatibilidad/evolución, pero no se canoniza automáticamente.",DIFERIDO_ENG_ONLY
domain model,Domain Model,Domain Model,1,5,ENG,3,ENG-030;ENG-034;ENG-035,CODIGO_INLINE;DEFINICION_EXPLICITA;ENCABEZADO;TERMINO_DESTACADO,1,CANDIDATO_ENG_DEFINIDO,NO,NO_ASIGNADO,ENG_SUBORDINADO,,ENG-030;ENG-034;ENG-035,Sólo existe evidencia ENG; se conserva como evidencia técnica subordinada.,NO,DIFERIDO_ENG_ONLY,,,"Sólo posee evidencia ENG subordinada. Se conserva para compatibilidad/evolución, pero no se canoniza automáticamente.",DIFERIDO_ENG_ONLY
downcasting,Downcasting,Downcasting,1,3,ENG,3,ENG-022;ENG-031;ENG-041,ENCABEZADO,0,CANDIDATO_ENG_REPETIDO,NO,NO_ASIGNADO,ENG_SUBORDINADO,,ENG-022;ENG-031;ENG-041,Sólo existe evidencia ENG; se conserva como evidencia técnica subordinada.,NO,DIFERIDO_ENG_ONLY,,,"Sólo posee evidencia ENG subordinada. Se conserva para compatibilidad/evolución, pero no se canoniza automáticamente.",DIFERIDO_ENG_ONLY
draft,Draft,Draft,1,6,ENG,3,ENG-017;ENG-021;ENG-049,CODIGO_INLINE;DEFINICION_EXPLICITA;ENCABEZADO;TABLA_COLUMNA_PRINCIPAL,1,CANDIDATO_ENG_DEFINIDO,NO,NO_ASIGNADO,ENG_SUBORDINADO,,ENG-017;ENG-021;ENG-049,Sólo existe evidencia ENG; se conserva como evidencia técnica subordinada.,NO,DIFERIDO_ENG_ONLY,,,"Sólo posee evidencia ENG subordinada. Se conserva para compatibilidad/evolución, pero no se canoniza automáticamente.",DIFERIDO_ENG_ONLY
drain,Drain,Drain,1,5,ENG,5,ENG-038;ENG-039;ENG-055;ENG-064;ENG-077,ENCABEZADO,0,CANDIDATO_ENG_REPETIDO,NO,NO_ASIGNADO,ENG_SUBORDINADO,,ENG-038;ENG-039;ENG-055;ENG-064;ENG-077,Sólo existe evidencia ENG; se conserva como evidencia técnica subordinada.,NO,DIFERIDO_ENG_ONLY,,,"Sólo posee evidencia ENG subordinada. Se conserva para compatibilidad/evolución, pero no se canoniza automáticamente.",DIFERIDO_ENG_ONLY
drift detection,Drift Detection,Drift Detection,1,5,ENG,5,ENG-008;ENG-013;ENG-049;ENG-068;ENG-079,ENCABEZADO,0,CANDIDATO_ENG_REPETIDO,NO,NO_ASIGNADO,ENG_SUBORDINADO,,ENG-008;ENG-013;ENG-049;ENG-068;ENG-079,Sólo existe evidencia ENG; se conserva como evidencia técnica subordinada.,NO,DIFERIDO_ENG_ONLY,,,"Sólo posee evidencia ENG subordinada. Se conserva para compatibilidad/evolución, pero no se canoniza automáticamente.",DIFERIDO_ENG_ONLY
drift exampl,Drift Examples,Drift Examples,1,5,ENG,5,ENG-068;ENG-081;ENG-083;ENG-084;ENG-085,ENCABEZADO,0,CANDIDATO_ENG_REPETIDO,NO,NO_ASIGNADO,ENG_SUBORDINADO,,ENG-068;ENG-081;ENG-083;ENG-084;ENG-085,Sólo existe evidencia ENG; se conserva como evidencia técnica subordinada.,NO,DIFERIDO_ENG_ONLY,,,"Sólo posee evidencia ENG subordinada. Se conserva para compatibilidad/evolución, pero no se canoniza automáticamente.",DIFERIDO_ENG_ONLY
drift test,Drift Test,Drift Test,1,3,ENG,3,ENG-049;ENG-068;ENG-084,ENCABEZADO,0,CANDIDATO_ENG_REPETIDO,NO,NO_ASIGNADO,ENG_SUBORDINADO,,ENG-049;ENG-068;ENG-084,Sólo existe evidencia ENG; se conserva como evidencia técnica subordinada.,NO,DIFERIDO_ENG_ONLY,,,"Sólo posee evidencia ENG subordinada. Se conserva para compatibilidad/evolución, pero no se canoniza automáticamente.",DIFERIDO_ENG_ONLY
dry run,Dry Run,Dry Run,1,7,ENG,7,ENG-007;ENG-008;ENG-013;ENG-014;ENG-047;ENG-063;ENG-065,ENCABEZADO,0,CANDIDATO_ENG_REPETIDO,NO,NO_ASIGNADO,ENG_SUBORDINADO,,ENG-007;ENG-008;ENG-013;ENG-014;ENG-047;ENG-063;ENG-065,Sólo existe evidencia ENG; se conserva como evidencia técnica subordinada.,NO,DIFERIDO_ENG_ONLY,,,"Sólo posee evidencia ENG subordinada. Se conserva para compatibilidad/evolución, pero no se canoniza automáticamente.",DIFERIDO_ENG_ONLY
dto,DTO,DTO,1,3,ENG,2,ENG-005;ENG-034,CODIGO_INLINE;ENCABEZADO,0,CANDIDATO_ENG_REPETIDO,NO,NO_ASIGNADO,ENG_SUBORDINADO,,ENG-005;ENG-034,Sólo existe evidencia ENG; se conserva como evidencia técnica subordinada.,NO,DIFERIDO_ENG_ONLY,,,"Sólo posee evidencia ENG subordinada. Se conserva para compatibilidad/evolución, pero no se canoniza automáticamente.",DIFERIDO_ENG_ONLY
dual write,Dual Write,Dual Write,1,5,ENG,5,ENG-031;ENG-041;ENG-042;ENG-065;ENG-078,ENCABEZADO,0,CANDIDATO_ENG_REPETIDO,NO,NO_ASIGNADO,ENG_SUBORDINADO,,ENG-031;ENG-041;ENG-042;ENG-065;ENG-078,Sólo existe evidencia ENG; se conserva como evidencia técnica subordinada.,NO,DIFERIDO_ENG_ONLY,,,"Sólo posee evidencia ENG subordinada. Se conserva para compatibilidad/evolución, pero no se canoniza automáticamente.",DIFERIDO_ENG_ONLY
duplicate registration,Duplicate Registration,Duplicate Registration,1,3,ENG,3,ENG-020;ENG-062;ENG-063,ENCABEZADO,0,CANDIDATO_ENG_REPETIDO,NO,NO_ASIGNADO,ENG_SUBORDINADO,,ENG-020;ENG-062;ENG-063,Sólo existe evidencia ENG; se conserva como evidencia técnica subordinada.,NO,DIFERIDO_ENG_ONLY,,,"Sólo posee evidencia ENG subordinada. Se conserva para compatibilidad/evolución, pero no se canoniza automáticamente.",DIFERIDO_ENG_ONLY
duplicate test,Duplicate Test,Duplicate Test,1,3,ENG,3,ENG-061;ENG-064;ENG-079,ENCABEZADO,0,CANDIDATO_ENG_REPETIDO,NO,NO_ASIGNADO,ENG_SUBORDINADO,,ENG-061;ENG-064;ENG-079,Sólo existe evidencia ENG; se conserva como evidencia técnica subordinada.,NO,DIFERIDO_ENG_ONLY,,,"Sólo posee evidencia ENG subordinada. Se conserva para compatibilidad/evolución, pero no se canoniza automáticamente.",DIFERIDO_ENG_ONLY
durability,Durability,Durability,1,8,ENG,3,ENG-042;ENG-077;ENG-093,CODIGO_INLINE;DEFINICION_EXPLICITA;ENCABEZADO,5,CANDIDATO_ENG_DEFINIDO,NO,NO_ASIGNADO,ENG_SUBORDINADO,,ENG-042;ENG-077;ENG-093,Sólo existe evidencia ENG; se conserva como evidencia técnica subordinada.,NO,DIFERIDO_ENG_ONLY,,,"Sólo posee evidencia ENG subordinada. Se conserva para compatibilidad/evolución, pero no se canoniza automáticamente.",DIFERIDO_ENG_ONLY
durability engineering,Durability Engineering,Durability Engineering,1,3,ENG,1,ENG-077,ENCABEZADO;TERMINO_DESTACADO,0,CANDIDATO_ENG_REPETIDO,NO,NO_ASIGNADO,ENG_SUBORDINADO,,ENG-077,Sólo existe evidencia ENG; se conserva como evidencia técnica subordinada.,NO,DIFERIDO_ENG_ONLY,,,"Sólo posee evidencia ENG subordinada. Se conserva para compatibilidad/evolución, pero no se canoniza automáticamente.",DIFERIDO_ENG_ONLY
duration,Duration,Duration,1,4,ENG,4,ENG-011;ENG-031;ENG-035;ENG-049,ENCABEZADO,0,CANDIDATO_ENG_REPETIDO,NO,NO_ASIGNADO,ENG_SUBORDINADO,,ENG-011;ENG-031;ENG-035;ENG-049,Sólo existe evidencia ENG; se conserva como evidencia técnica subordinada.,NO,DIFERIDO_ENG_ONLY,,,"Sólo posee evidencia ENG subordinada. Se conserva para compatibilidad/evolución, pero no se canoniza automáticamente.",DIFERIDO_ENG_ONLY
dynamic configuration,Dynamic Configuration,Dynamic Configuration,1,3,ENG,2,ENG-011;ENG-049,ENCABEZADO,0,CANDIDATO_ENG_REPETIDO,NO,NO_ASIGNADO,ENG_SUBORDINADO,,ENG-011;ENG-049,Sólo existe evidencia ENG; se conserva como evidencia técnica subordinada.,NO,DIFERIDO_ENG_ONLY,,,"Sólo posee evidencia ENG subordinada. Se conserva para compatibilidad/evolución, pero no se canoniza automáticamente.",DIFERIDO_ENG_ONLY
eager validation,Eager Validation,Eager Validation,1,3,ENG,3,ENG-019;ENG-022;ENG-029,ENCABEZADO,0,CANDIDATO_ENG_REPETIDO,NO,NO_ASIGNADO,ENG_SUBORDINADO,,ENG-019;ENG-022;ENG-029,Sólo existe evidencia ENG; se conserva como evidencia técnica subordinada.,NO,DIFERIDO_ENG_ONLY,,,"Sólo posee evidencia ENG subordinada. Se conserva para compatibilidad/evolución, pero no se canoniza automáticamente.",DIFERIDO_ENG_ONLY
effective configuration,Effective Configuration,Effective Configuration,1,3,ENG,3,ENG-010;ENG-011;ENG-049,ENCABEZADO,0,CANDIDATO_ENG_REPETIDO,NO,NO_ASIGNADO,ENG_SUBORDINADO,,ENG-010;ENG-011;ENG-049,Sólo existe evidencia ENG; se conserva como evidencia técnica subordinada.,NO,DIFERIDO_ENG_ONLY,,,"Sólo posee evidencia ENG subordinada. Se conserva para compatibilidad/evolución, pero no se canoniza automáticamente.",DIFERIDO_ENG_ONLY
efficiency,Efficiency,Efficiency,1,2,ENG,1,ENG-026,DEFINICION_EXPLICITA;ENCABEZADO,1,CANDIDATO_ENG_DEFINIDO,NO,NO_ASIGNADO,ENG_SUBORDINADO,,ENG-026,Sólo existe evidencia ENG; se conserva como evidencia técnica subordinada.,NO,DIFERIDO_ENG_ONLY,,,"Sólo posee evidencia ENG subordinada. Se conserva para compatibilidad/evolución, pero no se canoniza automáticamente.",DIFERIDO_ENG_ONLY
el contract,El Contract,El Contract,1,2,ENG,2,ENG-029;ENG-031,DEFINICION_EXPLICITA,2,CANDIDATO_ENG_DEFINIDO,NO,NO_ASIGNADO,ENG_SUBORDINADO,,ENG-029;ENG-031,Sólo existe evidencia ENG; se conserva como evidencia técnica subordinada.,NO,DIFERIDO_ENG_ONLY,,,"Sólo posee evidencia ENG subordinada. Se conserva para compatibilidad/evolución, pero no se canoniza automáticamente.",DIFERIDO_ENG_ONLY
el manifest,El Manifest,El Manifest,1,5,ENG,3,ENG-002;ENG-003;ENG-020,DEFINICION_EXPLICITA,5,CANDIDATO_ENG_DEFINIDO,NO,NO_ASIGNADO,ENG_SUBORDINADO,,ENG-002;ENG-003;ENG-020,Sólo existe evidencia ENG; se conserva como evidencia técnica subordinada.,NO,DIFERIDO_ENG_ONLY,,,"Sólo posee evidencia ENG subordinada. Se conserva para compatibilidad/evolución, pero no se canoniza automáticamente.",DIFERIDO_ENG_ONLY
el objetivo,El objetivo,El objetivo,1,5,ENG,5,ENG-014;ENG-015;ENG-016;ENG-017;ENG-018,DEFINICION_EXPLICITA,5,CANDIDATO_ENG_DEFINIDO,NO,NO_ASIGNADO,ENG_SUBORDINADO,,ENG-014;ENG-015;ENG-016;ENG-017;ENG-018,Sólo existe evidencia ENG; se conserva como evidencia técnica subordinada.,NO,DIFERIDO_ENG_ONLY,,,"Sólo posee evidencia ENG subordinada. Se conserva para compatibilidad/evolución, pero no se canoniza automáticamente.",DIFERIDO_ENG_ONLY
el registry,El Registry,El Registry,1,2,ENG,1,ENG-020,DEFINICION_EXPLICITA,2,CANDIDATO_ENG_DEFINIDO,NO,NO_ASIGNADO,ENG_SUBORDINADO,,ENG-020,Sólo existe evidencia ENG; se conserva como evidencia técnica subordinada.,NO,DIFERIDO_ENG_ONLY,,,"Sólo posee evidencia ENG subordinada. Se conserva para compatibilidad/evolución, pero no se canoniza automáticamente.",DIFERIDO_ENG_ONLY
encryption,Encryption,Encryption,1,5,ENG,5,ENG-030;ENG-031;ENG-037;ENG-061;ENG-064,ENCABEZADO,0,CANDIDATO_ENG_REPETIDO,NO,NO_ASIGNADO,ENG_SUBORDINADO,,ENG-030;ENG-031;ENG-037;ENG-061;ENG-064,Sólo existe evidencia ENG; se conserva como evidencia técnica subordinada.,NO,DIFERIDO_ENG_ONLY,,,"Sólo posee evidencia ENG subordinada. Se conserva para compatibilidad/evolución, pero no se canoniza automáticamente.",DIFERIDO_ENG_ONLY
encryption at rest,Encryption at Rest,Encryption at Rest,1,3,ENG,3,ENG-024;ENG-041;ENG-077,ENCABEZADO,0,CANDIDATO_ENG_REPETIDO,NO,NO_ASIGNADO,ENG_SUBORDINADO,,ENG-024;ENG-041;ENG-077,Sólo existe evidencia ENG; se conserva como evidencia técnica subordinada.,NO,DIFERIDO_ENG_ONLY,,,"Sólo posee evidencia ENG subordinada. Se conserva para compatibilidad/evolución, pero no se canoniza automáticamente.",DIFERIDO_ENG_ONLY
endpoint,Endpoint,Endpoint,1,5,ENG,3,ENG-032;ENG-044;ENG-068,CODIGO_INLINE;ENCABEZADO,0,CANDIDATO_ENG_REPETIDO,NO,NO_ASIGNADO,ENG_SUBORDINADO,,ENG-032;ENG-044;ENG-068,Sólo existe evidencia ENG; se conserva como evidencia técnica subordinada.,NO,DIFERIDO_ENG_ONLY,,,"Sólo posee evidencia ENG subordinada. Se conserva para compatibilidad/evolución, pero no se canoniza automáticamente.",DIFERIDO_ENG_ONLY
eng-001,ENG-001,ENG-001,1,3,ENG,3,ENG-000;ENG-001;ENG-006,DEFINICION_EXPLICITA;ENCABEZADO;TABLA_COLUMNA_PRINCIPAL,1,CANDIDATO_ENG_DEFINIDO,NO,NO_ASIGNADO,ENG_SUBORDINADO,,ENG-000;ENG-001;ENG-006,Sólo existe evidencia ENG; se conserva como evidencia técnica subordinada.,NO,DIFERIDO_ENG_ONLY,,,"Sólo posee evidencia ENG subordinada. Se conserva para compatibilidad/evolución, pero no se canoniza automáticamente.",DIFERIDO_ENG_ONLY
eng-002,ENG-002,ENG-002,1,5,ENG,2,ENG-000;ENG-002,CODIGO_INLINE;DEFINICION_EXPLICITA;ENCABEZADO;TABLA_COLUMNA_PRINCIPAL,2,CANDIDATO_ENG_DEFINIDO,NO,NO_ASIGNADO,ENG_SUBORDINADO,,ENG-000;ENG-002,Sólo existe evidencia ENG; se conserva como evidencia técnica subordinada.,NO,DIFERIDO_ENG_ONLY,,,"Sólo posee evidencia ENG subordinada. Se conserva para compatibilidad/evolución, pero no se canoniza automáticamente.",DIFERIDO_ENG_ONLY
eng-003,ENG-003,ENG-003,1,3,ENG,3,ENG-000;ENG-003;ENG-028,DEFINICION_EXPLICITA;ENCABEZADO;TABLA_COLUMNA_PRINCIPAL,1,CANDIDATO_ENG_DEFINIDO,NO,NO_ASIGNADO,ENG_SUBORDINADO,,ENG-000;ENG-003;ENG-028,Sólo existe evidencia ENG; se conserva como evidencia técnica subordinada.,NO,DIFERIDO_ENG_ONLY,,,"Sólo posee evidencia ENG subordinada. Se conserva para compatibilidad/evolución, pero no se canoniza automáticamente.",DIFERIDO_ENG_ONLY
eng-003 - manifest,ENG-003 — Manifest,ENG-003 — Manifest,1,3,ENG,2,ENG-002;ENG-003,TERMINO_DESTACADO,0,CANDIDATO_ENG_REPETIDO,NO,NO_ASIGNADO,ENG_SUBORDINADO,,ENG-002;ENG-003,Sólo existe evidencia ENG; se conserva como evidencia técnica subordinada.,NO,DIFERIDO_ENG_ONLY,,,"Sólo posee evidencia ENG subordinada. Se conserva para compatibilidad/evolución, pero no se canoniza automáticamente.",DIFERIDO_ENG_ONLY
eng-005 - nomenclatura,ENG-005 — Nomenclatura,ENG-005 — Nomenclatura,1,4,ENG,3,ENG-001;ENG-004;ENG-005,TERMINO_DESTACADO,0,CANDIDATO_ENG_REPETIDO,NO,NO_ASIGNADO,ENG_SUBORDINADO,,ENG-001;ENG-004;ENG-005,Sólo existe evidencia ENG; se conserva como evidencia técnica subordinada.,NO,DIFERIDO_ENG_ONLY,,,"Sólo posee evidencia ENG subordinada. Se conserva para compatibilidad/evolución, pero no se canoniza automáticamente.",DIFERIDO_ENG_ONLY
eng-006 - estructura de directorio,ENG-006 — Estructura de Directorios,ENG-006 — Estructura de Directorios,1,4,ENG,4,ENG-001;ENG-002;ENG-004;ENG-006,TERMINO_DESTACADO,0,CANDIDATO_ENG_REPETIDO,NO,NO_ASIGNADO,ENG_SUBORDINADO,,ENG-001;ENG-002;ENG-004;ENG-006,Sólo existe evidencia ENG; se conserva como evidencia técnica subordinada.,NO,DIFERIDO_ENG_ONLY,,,"Sólo posee evidencia ENG subordinada. Se conserva para compatibilidad/evolución, pero no se canoniza automáticamente.",DIFERIDO_ENG_ONLY
eng-007 - cli,ENG-007 — CLI,ENG-007 — CLI,1,3,ENG,3,ENG-003;ENG-005;ENG-007,TERMINO_DESTACADO,0,CANDIDATO_ENG_REPETIDO,NO,NO_ASIGNADO,ENG_SUBORDINADO,,ENG-003;ENG-005;ENG-007,Sólo existe evidencia ENG; se conserva como evidencia técnica subordinada.,NO,DIFERIDO_ENG_ONLY,,,"Sólo posee evidencia ENG subordinada. Se conserva para compatibilidad/evolución, pero no se canoniza automáticamente.",DIFERIDO_ENG_ONLY
eng-009 - testing,ENG-009 — Testing,ENG-009 — Testing,1,5,ENG,5,ENG-000;ENG-001;ENG-002;ENG-004;ENG-009,TERMINO_DESTACADO,0,CANDIDATO_ENG_REPETIDO,NO,NO_ASIGNADO,ENG_SUBORDINADO,,ENG-000;ENG-001;ENG-002;ENG-004;ENG-009,Sólo existe evidencia ENG; se conserva como evidencia técnica subordinada.,NO,DIFERIDO_ENG_ONLY,,,"Sólo posee evidencia ENG subordinada. Se conserva para compatibilidad/evolución, pero no se canoniza automáticamente.",DIFERIDO_ENG_ONLY
eng-010,ENG-010,ENG-010,1,3,ENG,3,ENG-000;ENG-010;ENG-025,DEFINICION_EXPLICITA;ENCABEZADO;TABLA_COLUMNA_PRINCIPAL,1,CANDIDATO_ENG_DEFINIDO,NO,NO_ASIGNADO,ENG_SUBORDINADO,,ENG-000;ENG-010;ENG-025,Sólo existe evidencia ENG; se conserva como evidencia técnica subordinada.,NO,DIFERIDO_ENG_ONLY,,,"Sólo posee evidencia ENG subordinada. Se conserva para compatibilidad/evolución, pero no se canoniza automáticamente.",DIFERIDO_ENG_ONLY
eng-011,ENG-011,ENG-011,1,6,ENG,5,ENG-000;ENG-005;ENG-006;ENG-011;ENG-049,CODIGO_INLINE;DEFINICION_EXPLICITA;ENCABEZADO;TABLA_COLUMNA_PRINCIPAL;TERMINO_DESTACADO,2,CANDIDATO_ENG_DEFINIDO,NO,NO_ASIGNADO,ENG_SUBORDINADO,,ENG-000;ENG-005;ENG-006;ENG-011;ENG-049,Sólo existe evidencia ENG; se conserva como evidencia técnica subordinada.,NO,DIFERIDO_ENG_ONLY,,,"Sólo posee evidencia ENG subordinada. Se conserva para compatibilidad/evolución, pero no se canoniza automáticamente.",DIFERIDO_ENG_ONLY
eng-014 - versionado,ENG-014 — Versionado,ENG-014 — Versionado,1,4,ENG,4,ENG-002;ENG-003;ENG-004;ENG-014,TERMINO_DESTACADO,0,CANDIDATO_ENG_REPETIDO,NO,NO_ASIGNADO,ENG_SUBORDINADO,,ENG-002;ENG-003;ENG-004;ENG-014,Sólo existe evidencia ENG; se conserva como evidencia técnica subordinada.,NO,DIFERIDO_ENG_ONLY,,,"Sólo posee evidencia ENG subordinada. Se conserva para compatibilidad/evolución, pero no se canoniza automáticamente.",DIFERIDO_ENG_ONLY
eng-015,ENG-015,ENG-015,1,7,ENG,6,ENG-000;ENG-015;ENG-025;ENG-028;ENG-052;ENG-053,DEFINICION_EXPLICITA;ENCABEZADO;TABLA_COLUMNA_PRINCIPAL,5,CANDIDATO_ENG_DEFINIDO,NO,NO_ASIGNADO,ENG_SUBORDINADO,,ENG-000;ENG-015;ENG-025;ENG-028;ENG-052;ENG-053,Sólo existe evidencia ENG; se conserva como evidencia técnica subordinada.,NO,DIFERIDO_ENG_ONLY,,,"Sólo posee evidencia ENG subordinada. Se conserva para compatibilidad/evolución, pero no se canoniza automáticamente.",DIFERIDO_ENG_ONLY
eng-018,ENG-018,ENG-018,1,2,ENG,1,ENG-018,DEFINICION_EXPLICITA;ENCABEZADO,1,CANDIDATO_ENG_DEFINIDO,NO,NO_ASIGNADO,ENG_SUBORDINADO,,ENG-018,Sólo existe evidencia ENG; se conserva como evidencia técnica subordinada.,NO,DIFERIDO_ENG_ONLY,,,"Sólo posee evidencia ENG subordinada. Se conserva para compatibilidad/evolución, pero no se canoniza automáticamente.",DIFERIDO_ENG_ONLY
eng-021,ENG-021,ENG-021,1,3,ENG,1,ENG-021,DEFINICION_EXPLICITA;ENCABEZADO,2,CANDIDATO_ENG_DEFINIDO,NO,NO_ASIGNADO,ENG_SUBORDINADO,,ENG-021,Sólo existe evidencia ENG; se conserva como evidencia técnica subordinada.,NO,DIFERIDO_ENG_ONLY,,,"Sólo posee evidencia ENG subordinada. Se conserva para compatibilidad/evolución, pero no se canoniza automáticamente.",DIFERIDO_ENG_ONLY
eng-022,ENG-022,ENG-022,1,2,ENG,2,ENG-022;ENG-041,DEFINICION_EXPLICITA;ENCABEZADO,1,CANDIDATO_ENG_DEFINIDO,NO,NO_ASIGNADO,ENG_SUBORDINADO,,ENG-022;ENG-041,Sólo existe evidencia ENG; se conserva como evidencia técnica subordinada.,NO,DIFERIDO_ENG_ONLY,,,"Sólo posee evidencia ENG subordinada. Se conserva para compatibilidad/evolución, pero no se canoniza automáticamente.",DIFERIDO_ENG_ONLY
eng-024,ENG-024,ENG-024,1,2,ENG,2,ENG-024;ENG-045,DEFINICION_EXPLICITA;ENCABEZADO,1,CANDIDATO_ENG_DEFINIDO,NO,NO_ASIGNADO,ENG_SUBORDINADO,,ENG-024;ENG-045,Sólo existe evidencia ENG; se conserva como evidencia técnica subordinada.,NO,DIFERIDO_ENG_ONLY,,,"Sólo posee evidencia ENG subordinada. Se conserva para compatibilidad/evolución, pero no se canoniza automáticamente.",DIFERIDO_ENG_ONLY
eng-027,ENG-027,ENG-027,1,3,ENG,2,ENG-027;ENG-055,DEFINICION_EXPLICITA;ENCABEZADO,2,CANDIDATO_ENG_DEFINIDO,NO,NO_ASIGNADO,ENG_SUBORDINADO,,ENG-027;ENG-055,Sólo existe evidencia ENG; se conserva como evidencia técnica subordinada.,NO,DIFERIDO_ENG_ONLY,,,"Sólo posee evidencia ENG subordinada. Se conserva para compatibilidad/evolución, pero no se canoniza automáticamente.",DIFERIDO_ENG_ONLY
eng-028,ENG-028,ENG-028,1,6,ENG,1,ENG-028,DEFINICION_EXPLICITA;ENCABEZADO,5,CANDIDATO_ENG_DEFINIDO,NO,NO_ASIGNADO,ENG_SUBORDINADO,,ENG-028,Sólo existe evidencia ENG; se conserva como evidencia técnica subordinada.,NO,DIFERIDO_ENG_ONLY,,,"Sólo posee evidencia ENG subordinada. Se conserva para compatibilidad/evolución, pero no se canoniza automáticamente.",DIFERIDO_ENG_ONLY
eng-029,ENG-029,ENG-029,1,3,ENG,2,ENG-029;ENG-060,DEFINICION_EXPLICITA;ENCABEZADO,2,CANDIDATO_ENG_DEFINIDO,NO,NO_ASIGNADO,ENG_SUBORDINADO,,ENG-029;ENG-060,Sólo existe evidencia ENG; se conserva como evidencia técnica subordinada.,NO,DIFERIDO_ENG_ONLY,,,"Sólo posee evidencia ENG subordinada. Se conserva para compatibilidad/evolución, pero no se canoniza automáticamente.",DIFERIDO_ENG_ONLY
eng-031,ENG-031,ENG-031,1,4,ENG,1,ENG-031,DEFINICION_EXPLICITA;ENCABEZADO,3,CANDIDATO_ENG_DEFINIDO,NO,NO_ASIGNADO,ENG_SUBORDINADO,,ENG-031,Sólo existe evidencia ENG; se conserva como evidencia técnica subordinada.,NO,DIFERIDO_ENG_ONLY,,,"Sólo posee evidencia ENG subordinada. Se conserva para compatibilidad/evolución, pero no se canoniza automáticamente.",DIFERIDO_ENG_ONLY
eng-032,ENG-032,ENG-032,1,2,ENG,2,ENG-032;ENG-041,DEFINICION_EXPLICITA;ENCABEZADO,1,CANDIDATO_ENG_DEFINIDO,NO,NO_ASIGNADO,ENG_SUBORDINADO,,ENG-032;ENG-041,Sólo existe evidencia ENG; se conserva como evidencia técnica subordinada.,NO,DIFERIDO_ENG_ONLY,,,"Sólo posee evidencia ENG subordinada. Se conserva para compatibilidad/evolución, pero no se canoniza automáticamente.",DIFERIDO_ENG_ONLY
eng-033,ENG-033,ENG-033,1,3,ENG,1,ENG-033,DEFINICION_EXPLICITA,3,CANDIDATO_ENG_DEFINIDO,NO,NO_ASIGNADO,ENG_SUBORDINADO,,ENG-033,Sólo existe evidencia ENG; se conserva como evidencia técnica subordinada.,NO,DIFERIDO_ENG_ONLY,,,"Sólo posee evidencia ENG subordinada. Se conserva para compatibilidad/evolución, pero no se canoniza automáticamente.",DIFERIDO_ENG_ONLY
eng-040,ENG-040,ENG-040,1,3,ENG,2,ENG-040;ENG-041,DEFINICION_EXPLICITA;ENCABEZADO;TERMINO_DESTACADO,1,CANDIDATO_ENG_DEFINIDO,NO,NO_ASIGNADO,ENG_SUBORDINADO,,ENG-040;ENG-041,Sólo existe evidencia ENG; se conserva como evidencia técnica subordinada.,NO,DIFERIDO_ENG_ONLY,,,"Sólo posee evidencia ENG subordinada. Se conserva para compatibilidad/evolución, pero no se canoniza automáticamente.",DIFERIDO_ENG_ONLY
eng-041,ENG-041,ENG-041,1,5,ENG,1,ENG-041,DEFINICION_EXPLICITA;ENCABEZADO;TERMINO_DESTACADO,3,CANDIDATO_ENG_DEFINIDO,NO,NO_ASIGNADO,ENG_SUBORDINADO,,ENG-041,Sólo existe evidencia ENG; se conserva como evidencia técnica subordinada.,NO,DIFERIDO_ENG_ONLY,,,"Sólo posee evidencia ENG subordinada. Se conserva para compatibilidad/evolución, pero no se canoniza automáticamente.",DIFERIDO_ENG_ONLY
eng-042,ENG-042,ENG-042,1,3,ENG,1,ENG-042,DEFINICION_EXPLICITA;ENCABEZADO;TERMINO_DESTACADO,1,CANDIDATO_ENG_DEFINIDO,NO,NO_ASIGNADO,ENG_SUBORDINADO,,ENG-042,Sólo existe evidencia ENG; se conserva como evidencia técnica subordinada.,NO,DIFERIDO_ENG_ONLY,,,"Sólo posee evidencia ENG subordinada. Se conserva para compatibilidad/evolución, pero no se canoniza automáticamente.",DIFERIDO_ENG_ONLY
eng-044,ENG-044,ENG-044,1,4,ENG,3,ENG-044;ENG-045;ENG-061,DEFINICION_EXPLICITA;ENCABEZADO;TERMINO_DESTACADO,2,CANDIDATO_ENG_DEFINIDO,NO,NO_ASIGNADO,ENG_SUBORDINADO,,ENG-044;ENG-045;ENG-061,Sólo existe evidencia ENG; se conserva como evidencia técnica subordinada.,NO,DIFERIDO_ENG_ONLY,,,"Sólo posee evidencia ENG subordinada. Se conserva para compatibilidad/evolución, pero no se canoniza automáticamente.",DIFERIDO_ENG_ONLY
eng-053,ENG-053,ENG-053,1,3,ENG,1,ENG-053,DEFINICION_EXPLICITA;ENCABEZADO;TERMINO_DESTACADO,1,CANDIDATO_ENG_DEFINIDO,NO,NO_ASIGNADO,ENG_SUBORDINADO,,ENG-053,Sólo existe evidencia ENG; se conserva como evidencia técnica subordinada.,NO,DIFERIDO_ENG_ONLY,,,"Sólo posee evidencia ENG subordinada. Se conserva para compatibilidad/evolución, pero no se canoniza automáticamente.",DIFERIDO_ENG_ONLY
eng-054,ENG-054,ENG-054,1,5,ENG,3,ENG-054;ENG-068;ENG-071,DEFINICION_EXPLICITA;ENCABEZADO;TERMINO_DESTACADO,3,CANDIDATO_ENG_DEFINIDO,NO,NO_ASIGNADO,ENG_SUBORDINADO,,ENG-054;ENG-068;ENG-071,Sólo existe evidencia ENG; se conserva como evidencia técnica subordinada.,NO,DIFERIDO_ENG_ONLY,,,"Sólo posee evidencia ENG subordinada. Se conserva para compatibilidad/evolución, pero no se canoniza automáticamente.",DIFERIDO_ENG_ONLY
eng-055,ENG-055,ENG-055,1,3,ENG,2,ENG-055;ENG-068,DEFINICION_EXPLICITA;ENCABEZADO;TERMINO_DESTACADO,1,CANDIDATO_ENG_DEFINIDO,NO,NO_ASIGNADO,ENG_SUBORDINADO,,ENG-055;ENG-068,Sólo existe evidencia ENG; se conserva como evidencia técnica subordinada.,NO,DIFERIDO_ENG_ONLY,,,"Sólo posee evidencia ENG subordinada. Se conserva para compatibilidad/evolución, pero no se canoniza automáticamente.",DIFERIDO_ENG_ONLY
eng-055 --- lifecycle management engineering,ENG-055 --- Lifecycle Management Engineering,ENG-055 --- Lifecycle Management Engineering,1,2,ENG,1,ENG-100,DEFINICION_EXPLICITA;TERMINO_DESTACADO,1,CANDIDATO_ENG_DEFINIDO,NO,NO_ASIGNADO,ENG_SUBORDINADO,,ENG-100,Sólo existe evidencia ENG; se conserva como evidencia técnica subordinada.,NO,DIFERIDO_ENG_ONLY,,,"Sólo posee evidencia ENG subordinada. Se conserva para compatibilidad/evolución, pero no se canoniza automáticamente.",DIFERIDO_ENG_ONLY
eng-057,ENG-057,ENG-057,1,3,ENG,1,ENG-057,DEFINICION_EXPLICITA;ENCABEZADO;TERMINO_DESTACADO,1,CANDIDATO_ENG_DEFINIDO,NO,NO_ASIGNADO,ENG_SUBORDINADO,,ENG-057,Sólo existe evidencia ENG; se conserva como evidencia técnica subordinada.,NO,DIFERIDO_ENG_ONLY,,,"Sólo posee evidencia ENG subordinada. Se conserva para compatibilidad/evolución, pero no se canoniza automáticamente.",DIFERIDO_ENG_ONLY
eng-058 --- discovery engineering,ENG-058 --- Discovery Engineering,ENG-058 --- Discovery Engineering,1,2,ENG,1,ENG-058,DEFINICION_EXPLICITA;TERMINO_DESTACADO,1,CANDIDATO_ENG_DEFINIDO,NO,NO_ASIGNADO,ENG_SUBORDINADO,,ENG-058,Sólo existe evidencia ENG; se conserva como evidencia técnica subordinada.,NO,DIFERIDO_ENG_ONLY,,,"Sólo posee evidencia ENG subordinada. Se conserva para compatibilidad/evolución, pero no se canoniza automáticamente.",DIFERIDO_ENG_ONLY
eng-059 --- resolution engineering,ENG-059 --- Resolution Engineering,ENG-059 --- Resolution Engineering,1,2,ENG,2,ENG-058;ENG-059,DEFINICION_EXPLICITA;TERMINO_DESTACADO,1,CANDIDATO_ENG_DEFINIDO,NO,NO_ASIGNADO,ENG_SUBORDINADO,,ENG-058;ENG-059,Sólo existe evidencia ENG; se conserva como evidencia técnica subordinada.,NO,DIFERIDO_ENG_ONLY,,,"Sólo posee evidencia ENG subordinada. Se conserva para compatibilidad/evolución, pero no se canoniza automáticamente.",DIFERIDO_ENG_ONLY
eng-061,ENG-061,ENG-061,1,3,ENG,1,ENG-061,DEFINICION_EXPLICITA;ENCABEZADO;TERMINO_DESTACADO,1,CANDIDATO_ENG_DEFINIDO,NO,NO_ASIGNADO,ENG_SUBORDINADO,,ENG-061,Sólo existe evidencia ENG; se conserva como evidencia técnica subordinada.,NO,DIFERIDO_ENG_ONLY,,,"Sólo posee evidencia ENG subordinada. Se conserva para compatibilidad/evolución, pero no se canoniza automáticamente.",DIFERIDO_ENG_ONLY
eng-062,ENG-062,ENG-062,1,3,ENG,2,ENG-062;ENG-065,DEFINICION_EXPLICITA;ENCABEZADO;TERMINO_DESTACADO,1,CANDIDATO_ENG_DEFINIDO,NO,NO_ASIGNADO,ENG_SUBORDINADO,,ENG-062;ENG-065,Sólo existe evidencia ENG; se conserva como evidencia técnica subordinada.,NO,DIFERIDO_ENG_ONLY,,,"Sólo posee evidencia ENG subordinada. Se conserva para compatibilidad/evolución, pero no se canoniza automáticamente.",DIFERIDO_ENG_ONLY
eng-070,ENG-070,ENG-070,1,3,ENG,1,ENG-070,DEFINICION_EXPLICITA;ENCABEZADO;TERMINO_DESTACADO,1,CANDIDATO_ENG_DEFINIDO,NO,NO_ASIGNADO,ENG_SUBORDINADO,,ENG-070,Sólo existe evidencia ENG; se conserva como evidencia técnica subordinada.,NO,DIFERIDO_ENG_ONLY,,,"Sólo posee evidencia ENG subordinada. Se conserva para compatibilidad/evolución, pero no se canoniza automáticamente.",DIFERIDO_ENG_ONLY
eng-077,ENG-077,ENG-077,1,4,ENG,1,ENG-077,DEFINICION_EXPLICITA;ENCABEZADO;TERMINO_DESTACADO,2,CANDIDATO_ENG_DEFINIDO,NO,NO_ASIGNADO,ENG_SUBORDINADO,,ENG-077,Sólo existe evidencia ENG; se conserva como evidencia técnica subordinada.,NO,DIFERIDO_ENG_ONLY,,,"Sólo posee evidencia ENG subordinada. Se conserva para compatibilidad/evolución, pero no se canoniza automáticamente.",DIFERIDO_ENG_ONLY
eng-081,ENG-081,ENG-081,1,5,ENG,1,ENG-081,DEFINICION_EXPLICITA;ENCABEZADO;TERMINO_DESTACADO,3,CANDIDATO_ENG_DEFINIDO,NO,NO_ASIGNADO,ENG_SUBORDINADO,,ENG-081,Sólo existe evidencia ENG; se conserva como evidencia técnica subordinada.,NO,DIFERIDO_ENG_ONLY,,,"Sólo posee evidencia ENG subordinada. Se conserva para compatibilidad/evolución, pero no se canoniza automáticamente.",DIFERIDO_ENG_ONLY
eng-085,ENG-085,ENG-085,1,3,ENG,1,ENG-085,DEFINICION_EXPLICITA;ENCABEZADO;TERMINO_DESTACADO,1,CANDIDATO_ENG_DEFINIDO,NO,NO_ASIGNADO,ENG_SUBORDINADO,,ENG-085,Sólo existe evidencia ENG; se conserva como evidencia técnica subordinada.,NO,DIFERIDO_ENG_ONLY,,,"Sólo posee evidencia ENG subordinada. Se conserva para compatibilidad/evolución, pero no se canoniza automáticamente.",DIFERIDO_ENG_ONLY
eng-100,ENG-100,ENG-100,1,3,ENG,1,ENG-100,DEFINICION_EXPLICITA;TERMINO_DESTACADO,1,CANDIDATO_ENG_DEFINIDO,NO,NO_ASIGNADO,ENG_SUBORDINADO,,ENG-100,Sólo existe evidencia ENG; se conserva como evidencia técnica subordinada.,NO,DIFERIDO_ENG_ONLY,,,"Sólo posee evidencia ENG subordinada. Se conserva para compatibilidad/evolución, pero no se canoniza automáticamente.",DIFERIDO_ENG_ONLY
entity,Entities,Entities; Entity,2,5,ENG,3,ENG-005;ENG-018;ENG-035,CODIGO_INLINE;ENCABEZADO,0,CANDIDATO_ENG_REPETIDO,NO,NO_ASIGNADO,ENG_SUBORDINADO,,ENG-005;ENG-018;ENG-035,Sólo existe evidencia ENG; se conserva como evidencia técnica subordinada.,NO,DIFERIDO_ENG_ONLY,,Entity,"Sólo posee evidencia ENG subordinada. Se conserva para compatibilidad/evolución, pero no se canoniza automáticamente.",DIFERIDO_ENG_ONLY
enum evolution,Enum Evolution,Enum Evolution,1,5,ENG,5,ENG-021;ENG-030;ENG-031;ENG-044;ENG-062,ENCABEZADO,0,CANDIDATO_ENG_REPETIDO,NO,NO_ASIGNADO,ENG_SUBORDINADO,,ENG-021;ENG-030;ENG-031;ENG-044;ENG-062,Sólo existe evidencia ENG; se conserva como evidencia técnica subordinada.,NO,DIFERIDO_ENG_ONLY,,,"Sólo posee evidencia ENG subordinada. Se conserva para compatibilidad/evolución, pero no se canoniza automáticamente.",DIFERIDO_ENG_ONLY
envelope,Envelope,Envelope,1,3,ENG,2,ENG-032;ENG-041,CODIGO_INLINE;ENCABEZADO,0,CANDIDATO_ENG_REPETIDO,NO,NO_ASIGNADO,ENG_SUBORDINADO,,ENG-032;ENG-041,Sólo existe evidencia ENG; se conserva como evidencia técnica subordinada.,NO,DIFERIDO_ENG_ONLY,,,"Sólo posee evidencia ENG subordinada. Se conserva para compatibilidad/evolución, pero no se canoniza automáticamente.",DIFERIDO_ENG_ONLY
environment,Environment,Environment,1,5,ENG,2,ENG-010;ENG-068,CODIGO_INLINE;DEFINICION_EXPLICITA;ENCABEZADO,2,CANDIDATO_ENG_DEFINIDO,NO,NO_ASIGNADO,ENG_SUBORDINADO,,ENG-010;ENG-068,Sólo existe evidencia ENG; se conserva como evidencia técnica subordinada.,NO,DIFERIDO_ENG_ONLY,,,"Sólo posee evidencia ENG subordinada. Se conserva para compatibilidad/evolución, pero no se canoniza automáticamente.",DIFERIDO_ENG_ONLY
environment configuration,Environment Configuration,Environment Configuration; Environment ≠ Configuration,2,3,ENG,2,ENG-049;ENG-068,ENCABEZADO,0,CANDIDATO_ENG_REPETIDO,NO,NO_ASIGNADO,ENG_SUBORDINADO,,ENG-049;ENG-068,Sólo existe evidencia ENG; se conserva como evidencia técnica subordinada.,NO,DIFERIDO_ENG_ONLY,,Environment ≠ Configuration,"Sólo posee evidencia ENG subordinada. Se conserva para compatibilidad/evolución, pero no se canoniza automáticamente.",DIFERIDO_ENG_ONLY
environment detection,Environment Detection,Environment Detection,1,3,ENG,3,ENG-011;ENG-024;ENG-049,ENCABEZADO,0,CANDIDATO_ENG_REPETIDO,NO,NO_ASIGNADO,ENG_SUBORDINADO,,ENG-011;ENG-024;ENG-049,Sólo existe evidencia ENG; se conserva como evidencia técnica subordinada.,NO,DIFERIDO_ENG_ONLY,,,"Sólo posee evidencia ENG subordinada. Se conserva para compatibilidad/evolución, pero no se canoniza automáticamente.",DIFERIDO_ENG_ONLY
environment engineering,Environment Engineering,Environment Engineering,1,3,ENG,1,ENG-068,ENCABEZADO;TERMINO_DESTACADO,0,CANDIDATO_ENG_REPETIDO,NO,NO_ASIGNADO,ENG_SUBORDINADO,,ENG-068,Sólo existe evidencia ENG; se conserva como evidencia técnica subordinada.,NO,DIFERIDO_ENG_ONLY,,,"Sólo posee evidencia ENG subordinada. Se conserva para compatibilidad/evolución, pero no se canoniza automáticamente.",DIFERIDO_ENG_ONLY
environment health,Environment Health,Environment Health,1,3,ENG,2,ENG-068;ENG-069,DEFINICION_EXPLICITA;ENCABEZADO,1,CANDIDATO_ENG_DEFINIDO,NO,NO_ASIGNADO,ENG_SUBORDINADO,,ENG-068;ENG-069,Sólo existe evidencia ENG; se conserva como evidencia técnica subordinada.,NO,DIFERIDO_ENG_ONLY,,,"Sólo posee evidencia ENG subordinada. Se conserva para compatibilidad/evolución, pero no se canoniza automáticamente.",DIFERIDO_ENG_ONLY
environment isolation,Environment Isolation,Environment Isolation,1,3,ENG,3,ENG-045;ENG-050;ENG-068,ENCABEZADO,0,CANDIDATO_ENG_REPETIDO,NO,NO_ASIGNADO,ENG_SUBORDINADO,,ENG-045;ENG-050;ENG-068,Sólo existe evidencia ENG; se conserva como evidencia técnica subordinada.,NO,DIFERIDO_ENG_ONLY,,,"Sólo posee evidencia ENG subordinada. Se conserva para compatibilidad/evolución, pero no se canoniza automáticamente.",DIFERIDO_ENG_ONLY
environment variabl,Environment Variables,Environment Variables,1,3,ENG,3,ENG-005;ENG-011;ENG-024,ENCABEZADO,0,CANDIDATO_ENG_REPETIDO,NO,NO_ASIGNADO,ENG_SUBORDINADO,,ENG-005;ENG-011;ENG-024,Sólo existe evidencia ENG; se conserva como evidencia técnica subordinada.,NO,DIFERIDO_ENG_ONLY,,,"Sólo posee evidencia ENG subordinada. Se conserva para compatibilidad/evolución, pero no se canoniza automáticamente.",DIFERIDO_ENG_ONLY
erase,Erase,Erase,1,2,ENG,1,ENG-092,DEFINICION_EXPLICITA;ENCABEZADO,1,CANDIDATO_ENG_DEFINIDO,NO,NO_ASIGNADO,ENG_SUBORDINADO,,ENG-092,Sólo existe evidencia ENG; se conserva como evidencia técnica subordinada.,NO,DIFERIDO_ENG_ONLY,,,"Sólo posee evidencia ENG subordinada. Se conserva para compatibilidad/evolución, pero no se canoniza automáticamente.",DIFERIDO_ENG_ONLY
error,Error,ERROR; Error; Errores; Errors,4,12,ENG,8,ENG-003;ENG-007;ENG-010;ENG-021;ENG-023;ENG-027;ENG-036;ENG-074,CODIGO_INLINE;ENCABEZADO;TABLA_COLUMNA_PRINCIPAL,0,CANDIDATO_ENG_REPETIDO,NO,NO_ASIGNADO,ENG_SUBORDINADO,,ENG-003;ENG-007;ENG-010;ENG-021;ENG-023;ENG-027;ENG-036;ENG-074,Sólo existe evidencia ENG; se conserva como evidencia técnica subordinada.,NO,DIFERIDO_ENG_ONLY,,Errores; Errors,"Sólo posee evidencia ENG subordinada. Se conserva para compatibilidad/evolución, pero no se canoniza automáticamente.",DIFERIDO_ENG_ONLY
error code,Error Codes,Error Code; Error Codes,2,4,ENG,4,ENG-005;ENG-010;ENG-013;ENG-023,ENCABEZADO,0,CANDIDATO_ENG_REPETIDO,NO,NO_ASIGNADO,ENG_SUBORDINADO,,ENG-005;ENG-010;ENG-013;ENG-023,Sólo existe evidencia ENG; se conserva como evidencia técnica subordinada.,NO,DIFERIDO_ENG_ONLY,,Error Code,"Sólo posee evidencia ENG subordinada. Se conserva para compatibilidad/evolución, pero no se canoniza automáticamente.",DIFERIDO_ENG_ONLY
error handling,Error Handling,Error Handling,1,17,ENG,17,ENG-008;ENG-023;ENG-030;ENG-031;ENG-037;ENG-038;ENG-042;ENG-043;ENG-045;ENG-047;ENG-049;ENG-050;ENG-051;ENG-052;ENG-053;ENG-054;ENG-056,ENCABEZADO,0,CANDIDATO_ENG_REPETIDO,NO,NO_ASIGNADO,ENG_SUBORDINADO,,ENG-008;ENG-023;ENG-030;ENG-031;ENG-037;ENG-038;ENG-042;ENG-043;ENG-045;ENG-047;ENG-049;ENG-050;ENG-051;ENG-052;ENG-053;ENG-054;ENG-056,Sólo existe evidencia ENG; se conserva como evidencia técnica subordinada.,NO,DIFERIDO_ENG_ONLY,,,"Sólo posee evidencia ENG subordinada. Se conserva para compatibilidad/evolución, pero no se canoniza automáticamente.",DIFERIDO_ENG_ONLY
error namespace,Error Namespace,Error Namespace,1,66,ENG,66,ENG-023;ENG-028;ENG-029;ENG-030;ENG-031;ENG-032;ENG-034;ENG-035;ENG-036;ENG-037;ENG-039;ENG-040;ENG-041;ENG-042;ENG-043;ENG-044;ENG-045;ENG-046;ENG-047;ENG-048;ENG-049;ENG-050;ENG-051;ENG-052;ENG-053;ENG-054;ENG-055;ENG-056;ENG-057;ENG-058;ENG-059;ENG-060;ENG-061;ENG-062;ENG-063;ENG-064;ENG-065;ENG-066;ENG-067;ENG-068;ENG-069;ENG-070;ENG-071;ENG-072;ENG-073;ENG-074;ENG-075;ENG-076;ENG-077;ENG-078;ENG-079;ENG-080;ENG-081;ENG-082;ENG-083;ENG-084;ENG-085;ENG-086;ENG-087;ENG-088;ENG-089;ENG-090;ENG-091;ENG-092;ENG-093;ENG-094,ENCABEZADO,0,CANDIDATO_ENG_REPETIDO,NO,NO_ASIGNADO,ENG_SUBORDINADO,,ENG-023;ENG-028;ENG-029;ENG-030;ENG-031;ENG-032;ENG-034;ENG-035;ENG-036;ENG-037;ENG-039;ENG-040;ENG-041;ENG-042;ENG-043;ENG-044;ENG-045;ENG-046;ENG-047;ENG-048;ENG-049;ENG-050;ENG-051;ENG-052;ENG-053;ENG-054;ENG-055;ENG-056;ENG-057;ENG-058;ENG-059;ENG-060;ENG-061;ENG-062;ENG-063;ENG-064;ENG-065;ENG-066;ENG-067;ENG-068;ENG-069;ENG-070;ENG-071;ENG-072;ENG-073;ENG-074;ENG-075;ENG-076;ENG-077;ENG-078;ENG-079;ENG-080;ENG-081;ENG-082;ENG-083;ENG-084;ENG-085;ENG-086;ENG-087;ENG-088;ENG-089;ENG-090;ENG-091;ENG-092;ENG-093;ENG-094,Sólo existe evidencia ENG; se conserva como evidencia técnica subordinada.,NO,DIFERIDO_ENG_ONLY,,,"Sólo posee evidencia ENG subordinada. Se conserva para compatibilidad/evolución, pero no se canoniza automáticamente.",DIFERIDO_ENG_ONLY
error taxonomy,Error Taxonomy,Error Taxonomy,1,6,ENG,6,ENG-018;ENG-019;ENG-020;ENG-021;ENG-022;ENG-027,ENCABEZADO,0,CANDIDATO_ENG_REPETIDO,NO,NO_ASIGNADO,ENG_SUBORDINADO,,ENG-018;ENG-019;ENG-020;ENG-021;ENG-022;ENG-027,Sólo existe evidencia ENG; se conserva como evidencia técnica subordinada.,NO,DIFERIDO_ENG_ONLY,,,"Sólo posee evidencia ENG subordinada. Se conserva para compatibilidad/evolución, pero no se canoniza automáticamente.",DIFERIDO_ENG_ONLY
error translation,Error Translation,Error Translation,1,5,ENG,5,ENG-023;ENG-032;ENG-034;ENG-039;ENG-042,ENCABEZADO,0,CANDIDATO_ENG_REPETIDO,NO,NO_ASIGNADO,ENG_SUBORDINADO,,ENG-023;ENG-032;ENG-034;ENG-039;ENG-042,Sólo existe evidencia ENG; se conserva como evidencia técnica subordinada.,NO,DIFERIDO_ENG_ONLY,,,"Sólo posee evidencia ENG subordinada. Se conserva para compatibilidad/evolución, pero no se canoniza automáticamente.",DIFERIDO_ENG_ONLY
esta,Esta,Esta,1,2,ENG,2,ENG-014;ENG-035,DEFINICION_EXPLICITA,2,CANDIDATO_ENG_DEFINIDO,NO,NO_ASIGNADO,ENG_SUBORDINADO,,ENG-014;ENG-035,Sólo existe evidencia ENG; se conserva como evidencia técnica subordinada.,NO,DIFERIDO_ENG_ONLY,,,"Sólo posee evidencia ENG subordinada. Se conserva para compatibilidad/evolución, pero no se canoniza automáticamente.",DIFERIDO_ENG_ONLY
esto,Esto,Esto; Estos,2,5,ENG,4,ENG-010;ENG-014;ENG-021;ENG-033,DEFINICION_EXPLICITA,5,CANDIDATO_ENG_DEFINIDO,NO,NO_ASIGNADO,ENG_SUBORDINADO,,ENG-010;ENG-014;ENG-021;ENG-033,Sólo existe evidencia ENG; se conserva como evidencia técnica subordinada.,NO,DIFERIDO_ENG_ONLY,,Estos,"Sólo posee evidencia ENG subordinada. Se conserva para compatibilidad/evolución, pero no se canoniza automáticamente.",DIFERIDO_ENG_ONLY
esto nombr,Estos nombres,Estos nombres,1,2,ENG,2,ENG-001;ENG-011,DEFINICION_EXPLICITA,2,CANDIDATO_ENG_DEFINIDO,NO,NO_ASIGNADO,ENG_SUBORDINADO,,ENG-001;ENG-011,Sólo existe evidencia ENG; se conserva como evidencia técnica subordinada.,NO,DIFERIDO_ENG_ONLY,,,"Sólo posee evidencia ENG subordinada. Se conserva para compatibilidad/evolución, pero no se canoniza automáticamente.",DIFERIDO_ENG_ONLY
estructura conceptual,Estructura Conceptual,Estructura Conceptual,1,14,ENG,14,ENG-023;ENG-025;ENG-082;ENG-083;ENG-084;ENG-086;ENG-087;ENG-088;ENG-089;ENG-090;ENG-091;ENG-092;ENG-093;ENG-094,ENCABEZADO,0,CANDIDATO_ENG_REPETIDO,NO,NO_ASIGNADO,ENG_SUBORDINADO,,ENG-023;ENG-025;ENG-082;ENG-083;ENG-084;ENG-086;ENG-087;ENG-088;ENG-089;ENG-090;ENG-091;ENG-092;ENG-093;ENG-094,Sólo existe evidencia ENG; se conserva como evidencia técnica subordinada.,NO,DIFERIDO_ENG_ONLY,,,"Sólo posee evidencia ENG subordinada. Se conserva para compatibilidad/evolución, pero no se canoniza automáticamente.",DIFERIDO_ENG_ONLY
estructura conceptual de directorio,Estructura Conceptual de Directorios,Estructura Conceptual de Directorios,1,28,ENG,28,ENG-055;ENG-056;ENG-057;ENG-058;ENG-059;ENG-060;ENG-061;ENG-062;ENG-063;ENG-064;ENG-065;ENG-066;ENG-067;ENG-068;ENG-069;ENG-070;ENG-071;ENG-072;ENG-073;ENG-074;ENG-075;ENG-076;ENG-077;ENG-078;ENG-079;ENG-080;ENG-081;ENG-085,ENCABEZADO,0,CANDIDATO_ENG_REPETIDO,NO,NO_ASIGNADO,ENG_SUBORDINADO,,ENG-055;ENG-056;ENG-057;ENG-058;ENG-059;ENG-060;ENG-061;ENG-062;ENG-063;ENG-064;ENG-065;ENG-066;ENG-067;ENG-068;ENG-069;ENG-070;ENG-071;ENG-072;ENG-073;ENG-074;ENG-075;ENG-076;ENG-077;ENG-078;ENG-079;ENG-080;ENG-081;ENG-085,Sólo existe evidencia ENG; se conserva como evidencia técnica subordinada.,NO,DIFERIDO_ENG_ONLY,,,"Sólo posee evidencia ENG subordinada. Se conserva para compatibilidad/evolución, pero no se canoniza automáticamente.",DIFERIDO_ENG_ONLY
ethic,Ethics,Ethics,1,4,ENG,4,ENG-088;ENG-092;ENG-093;ENG-094,ENCABEZADO,0,CANDIDATO_ENG_REPETIDO,NO,NO_ASIGNADO,ENG_SUBORDINADO,,ENG-088;ENG-092;ENG-093;ENG-094,Sólo existe evidencia ENG; se conserva como evidencia técnica subordinada.,NO,DIFERIDO_ENG_ONLY,,,"Sólo posee evidencia ENG subordinada. Se conserva para compatibilidad/evolución, pero no se canoniza automáticamente.",DIFERIDO_ENG_ONLY
ethic decision,Ethics Decision,Ethics Decision; ethics:decisions,2,3,ENG,1,ENG-084,ENCABEZADO,0,CANDIDATO_ENG_REPETIDO,NO,NO_ASIGNADO,ENG_SUBORDINADO,,ENG-084,Sólo existe evidencia ENG; se conserva como evidencia técnica subordinada.,NO,DIFERIDO_ENG_ONLY,,ethics:decisions,"Sólo posee evidencia ENG subordinada. Se conserva para compatibilidad/evolución, pero no se canoniza automáticamente.",DIFERIDO_ENG_ONLY
event,Events,/Events; Event; Events,3,10,ENG,9,ENG-002;ENG-003;ENG-005;ENG-006;ENG-018;ENG-022;ENG-034;ENG-040;ENG-041,CODIGO_INLINE;ENCABEZADO,0,CANDIDATO_ENG_REPETIDO,NO,NO_ASIGNADO,ENG_SUBORDINADO,,ENG-002;ENG-003;ENG-005;ENG-006;ENG-018;ENG-022;ENG-034;ENG-040;ENG-041,Sólo existe evidencia ENG; se conserva como evidencia técnica subordinada.,NO,DIFERIDO_ENG_ONLY,,/Events; Event,"Sólo posee evidencia ENG subordinada. Se conserva para compatibilidad/evolución, pero no se canoniza automáticamente.",DIFERIDO_ENG_ONLY
event bus,Event Bus,Event Bus,1,6,ENG,3,ENG-022;ENG-032;ENG-040,DEFINICION_EXPLICITA;ENCABEZADO;TERMINO_DESTACADO,3,CANDIDATO_ENG_DEFINIDO,NO,NO_ASIGNADO,ENG_SUBORDINADO,,ENG-022;ENG-032;ENG-040,Sólo existe evidencia ENG; se conserva como evidencia técnica subordinada.,NO,DIFERIDO_ENG_ONLY,,,"Sólo posee evidencia ENG subordinada. Se conserva para compatibilidad/evolución, pero no se canoniza automáticamente.",DIFERIDO_ENG_ONLY
event bus integration,Event Bus Integration,Event Bus Integration,1,6,ENG,6,ENG-019;ENG-020;ENG-023;ENG-025;ENG-030;ENG-041,ENCABEZADO,0,CANDIDATO_ENG_REPETIDO,NO,NO_ASIGNADO,ENG_SUBORDINADO,,ENG-019;ENG-020;ENG-023;ENG-025;ENG-030;ENG-041,Sólo existe evidencia ENG; se conserva como evidencia técnica subordinada.,NO,DIFERIDO_ENG_ONLY,,,"Sólo posee evidencia ENG subordinada. Se conserva para compatibilidad/evolución, pero no se canoniza automáticamente.",DIFERIDO_ENG_ONLY
event identity,Event Identity,Event Identity,1,3,ENG,3,ENG-022;ENG-035;ENG-052,ENCABEZADO,0,CANDIDATO_ENG_REPETIDO,NO,NO_ASIGNADO,ENG_SUBORDINADO,,ENG-022;ENG-035;ENG-052,Sólo existe evidencia ENG; se conserva como evidencia técnica subordinada.,NO,DIFERIDO_ENG_ONLY,,,"Sólo posee evidencia ENG subordinada. Se conserva para compatibilidad/evolución, pero no se canoniza automáticamente.",DIFERIDO_ENG_ONLY
event immutability,Event Immutability,Event Immutability,1,3,ENG,3,ENG-022;ENG-035;ENG-041,ENCABEZADO,0,CANDIDATO_ENG_REPETIDO,NO,NO_ASIGNADO,ENG_SUBORDINADO,,ENG-022;ENG-035;ENG-041,Sólo existe evidencia ENG; se conserva como evidencia técnica subordinada.,NO,DIFERIDO_ENG_ONLY,,,"Sólo posee evidencia ENG subordinada. Se conserva para compatibilidad/evolución, pero no se canoniza automáticamente.",DIFERIDO_ENG_ONLY
event integration,Event Integration,Event Integration,1,4,ENG,4,ENG-015;ENG-020;ENG-028;ENG-034,ENCABEZADO,0,CANDIDATO_ENG_REPETIDO,NO,NO_ASIGNADO,ENG_SUBORDINADO,,ENG-015;ENG-020;ENG-028;ENG-034,Sólo existe evidencia ENG; se conserva como evidencia técnica subordinada.,NO,DIFERIDO_ENG_ONLY,,,"Sólo posee evidencia ENG subordinada. Se conserva para compatibilidad/evolución, pero no se canoniza automáticamente.",DIFERIDO_ENG_ONLY
event loop,Event Loop,Event Loop,1,3,ENG,1,ENG-022,ENCABEZADO,0,CANDIDATO_ENG_REPETIDO,NO,NO_ASIGNADO,ENG_SUBORDINADO,,ENG-022,Sólo existe evidencia ENG; se conserva como evidencia técnica subordinada.,NO,DIFERIDO_ENG_ONLY,,,"Sólo posee evidencia ENG subordinada. Se conserva para compatibilidad/evolución, pero no se canoniza automáticamente.",DIFERIDO_ENG_ONLY
event naming,Event Naming,Event Naming,1,3,ENG,3,ENG-022;ENG-035;ENG-041,ENCABEZADO,0,CANDIDATO_ENG_REPETIDO,NO,NO_ASIGNADO,ENG_SUBORDINADO,,ENG-022;ENG-035;ENG-041,Sólo existe evidencia ENG; se conserva como evidencia técnica subordinada.,NO,DIFERIDO_ENG_ONLY,,,"Sólo posee evidencia ENG subordinada. Se conserva para compatibilidad/evolución, pero no se canoniza automáticamente.",DIFERIDO_ENG_ONLY
event ordering,Event Ordering,Event Ordering,1,7,ENG,7,ENG-015;ENG-022;ENG-038;ENG-045;ENG-047;ENG-049;ENG-052,ENCABEZADO,0,CANDIDATO_ENG_REPETIDO,NO,NO_ASIGNADO,ENG_SUBORDINADO,,ENG-015;ENG-022;ENG-038;ENG-045;ENG-047;ENG-049;ENG-052,Sólo existe evidencia ENG; se conserva como evidencia técnica subordinada.,NO,DIFERIDO_ENG_ONLY,,,"Sólo posee evidencia ENG subordinada. Se conserva para compatibilidad/evolución, pero no se canoniza automáticamente.",DIFERIDO_ENG_ONLY
event payload,Event Payload,Event Payload,1,6,ENG,6,ENG-024;ENG-031;ENG-047;ENG-049;ENG-050;ENG-051,ENCABEZADO,0,CANDIDATO_ENG_REPETIDO,NO,NO_ASIGNADO,ENG_SUBORDINADO,,ENG-024;ENG-031;ENG-047;ENG-049;ENG-050;ENG-051,Sólo existe evidencia ENG; se conserva como evidencia técnica subordinada.,NO,DIFERIDO_ENG_ONLY,,,"Sólo posee evidencia ENG subordinada. Se conserva para compatibilidad/evolución, pero no se canoniza automáticamente.",DIFERIDO_ENG_ONLY
event replay,Event Replay,Event Replay; event replay,2,4,ENG,3,ENG-022;ENG-024;ENG-031,CODIGO_INLINE;ENCABEZADO,0,CANDIDATO_ENG_REPETIDO,NO,NO_ASIGNADO,ENG_SUBORDINADO,,ENG-022;ENG-024;ENG-031,Sólo existe evidencia ENG; se conserva como evidencia técnica subordinada.,NO,DIFERIDO_ENG_ONLY,,,"Sólo posee evidencia ENG subordinada. Se conserva para compatibilidad/evolución, pero no se canoniza automáticamente.",DIFERIDO_ENG_ONLY
event schema,Event Schema,Event Schema,1,3,ENG,3,ENG-021;ENG-022;ENG-062,ENCABEZADO,0,CANDIDATO_ENG_REPETIDO,NO,NO_ASIGNADO,ENG_SUBORDINADO,,ENG-021;ENG-022;ENG-062,Sólo existe evidencia ENG; se conserva como evidencia técnica subordinada.,NO,DIFERIDO_ENG_ONLY,,,"Sólo posee evidencia ENG subordinada. Se conserva para compatibilidad/evolución, pero no se canoniza automáticamente.",DIFERIDO_ENG_ONLY
event spoofing,Event Spoofing,Event Spoofing,1,3,ENG,1,ENG-024,ENCABEZADO,0,CANDIDATO_ENG_REPETIDO,NO,NO_ASIGNADO,ENG_SUBORDINADO,,ENG-024,Sólo existe evidencia ENG; se conserva como evidencia técnica subordinada.,NO,DIFERIDO_ENG_ONLY,,,"Sólo posee evidencia ENG subordinada. Se conserva para compatibilidad/evolución, pero no se canoniza automáticamente.",DIFERIDO_ENG_ONLY
event subscriber,event subscribers,Event Subscribers; event subscribers,2,3,ENG,2,ENG-022;ENG-041,CODIGO_INLINE;ENCABEZADO,0,CANDIDATO_ENG_REPETIDO,NO,NO_ASIGNADO,ENG_SUBORDINADO,,ENG-022;ENG-041,Sólo existe evidencia ENG; se conserva como evidencia técnica subordinada.,NO,DIFERIDO_ENG_ONLY,,,"Sólo posee evidencia ENG subordinada. Se conserva para compatibilidad/evolución, pero no se canoniza automáticamente.",DIFERIDO_ENG_ONLY
event version,Event Version,Event Version,1,4,ENG,4,ENG-049;ENG-050;ENG-051;ENG-052,ENCABEZADO,0,CANDIDATO_ENG_REPETIDO,NO,NO_ASIGNADO,ENG_SUBORDINADO,,ENG-049;ENG-050;ENG-051;ENG-052,Sólo existe evidencia ENG; se conserva como evidencia técnica subordinada.,NO,DIFERIDO_ENG_ONLY,,,"Sólo posee evidencia ENG subordinada. Se conserva para compatibilidad/evolución, pero no se canoniza automáticamente.",DIFERIDO_ENG_ONLY
eventual consistency,Eventual Consistency,Eventual Consistency,1,7,ENG,7,ENG-022;ENG-030;ENG-037;ENG-042;ENG-049;ENG-053;ENG-078,ENCABEZADO,0,CANDIDATO_ENG_REPETIDO,NO,NO_ASIGNADO,ENG_SUBORDINADO,,ENG-022;ENG-030;ENG-037;ENG-042;ENG-049;ENG-053;ENG-078,Sólo existe evidencia ENG; se conserva como evidencia técnica subordinada.,NO,DIFERIDO_ENG_ONLY,,,"Sólo posee evidencia ENG subordinada. Se conserva para compatibilidad/evolución, pero no se canoniza automáticamente.",DIFERIDO_ENG_ONLY
evidence integrity,Evidence Integrity,Evidence Integrity,1,3,ENG,3,ENG-081;ENG-083;ENG-085,ENCABEZADO,0,CANDIDATO_ENG_REPETIDO,NO,NO_ASIGNADO,ENG_SUBORDINADO,,ENG-081;ENG-083;ENG-085,Sólo existe evidencia ENG; se conserva como evidencia técnica subordinada.,NO,DIFERIDO_ENG_ONLY,,,"Sólo posee evidencia ENG subordinada. Se conserva para compatibilidad/evolución, pero no se canoniza automáticamente.",DIFERIDO_ENG_ONLY
evidence retention,Evidence Retention,Evidence Retention,1,3,ENG,3,ENG-017;ENG-081;ENG-083,ENCABEZADO,0,CANDIDATO_ENG_REPETIDO,NO,NO_ASIGNADO,ENG_SUBORDINADO,,ENG-017;ENG-081;ENG-083,Sólo existe evidencia ENG; se conserva como evidencia técnica subordinada.,NO,DIFERIDO_ENG_ONLY,,,"Sólo posee evidencia ENG subordinada. Se conserva para compatibilidad/evolución, pero no se canoniza automáticamente.",DIFERIDO_ENG_ONLY
exactly once,Exactly Once,Exactly Once,1,3,ENG,3,ENG-022;ENG-030;ENG-040,ENCABEZADO,0,CANDIDATO_ENG_REPETIDO,NO,NO_ASIGNADO,ENG_SUBORDINADO,,ENG-022;ENG-030;ENG-040,Sólo existe evidencia ENG; se conserva como evidencia técnica subordinada.,NO,DIFERIDO_ENG_ONLY,,,"Sólo posee evidencia ENG subordinada. Se conserva para compatibilidad/evolución, pero no se canoniza automáticamente.",DIFERIDO_ENG_ONLY
exactly-once,Exactly-Once,Exactly-Once; exactly-once,2,5,ENG,5,ENG-030;ENG-032;ENG-041;ENG-064;ENG-087,CODIGO_INLINE;ENCABEZADO,0,CANDIDATO_ENG_REPETIDO,NO,NO_ASIGNADO,ENG_SUBORDINADO,,ENG-030;ENG-032;ENG-041;ENG-064;ENG-087,Sólo existe evidencia ENG; se conserva como evidencia técnica subordinada.,NO,DIFERIDO_ENG_ONLY,,,"Sólo posee evidencia ENG subordinada. Se conserva para compatibilidad/evolución, pero no se canoniza automáticamente.",DIFERIDO_ENG_ONLY
exampl,Examples,/examples; Examples,2,3,ENG,3,ENG-006;ENG-044;ENG-062,CODIGO_INLINE;ENCABEZADO,0,CANDIDATO_ENG_REPETIDO,NO,NO_ASIGNADO,ENG_SUBORDINADO,,ENG-006;ENG-044;ENG-062,Sólo existe evidencia ENG; se conserva como evidencia técnica subordinada.,NO,DIFERIDO_ENG_ONLY,,/examples,"Sólo posee evidencia ENG subordinada. Se conserva para compatibilidad/evolución, pero no se canoniza automáticamente.",DIFERIDO_ENG_ONLY
example,Example,Example,1,21,ENG,12,ENG-018;ENG-025;ENG-026;ENG-028;ENG-032;ENG-035;ENG-036;ENG-037;ENG-039;ENG-041;ENG-080;ENG-085,ENCABEZADO,0,CANDIDATO_ENG_REPETIDO,NO,NO_ASIGNADO,ENG_SUBORDINADO,,ENG-018;ENG-025;ENG-026;ENG-028;ENG-032;ENG-035;ENG-036;ENG-037;ENG-039;ENG-041;ENG-080;ENG-085,Sólo existe evidencia ENG; se conserva como evidencia técnica subordinada.,NO,DIFERIDO_ENG_ONLY,,,"Sólo posee evidencia ENG subordinada. Se conserva para compatibilidad/evolución, pero no se canoniza automáticamente.",DIFERIDO_ENG_ONLY
excepcion,Excepciones,Excepciones,1,3,ENG,3,ENG-004;ENG-005;ENG-010,ENCABEZADO,0,CANDIDATO_ENG_REPETIDO,NO,NO_ASIGNADO,ENG_SUBORDINADO,,ENG-004;ENG-005;ENG-010,Sólo existe evidencia ENG; se conserva como evidencia técnica subordinada.,NO,DIFERIDO_ENG_ONLY,,,"Sólo posee evidencia ENG subordinada. Se conserva para compatibilidad/evolución, pero no se canoniza automáticamente.",DIFERIDO_ENG_ONLY
exception,Exception,Exception; Exceptions,2,6,ENG,3,ENG-023;ENG-025;ENG-042,CODIGO_INLINE;DEFINICION_EXPLICITA;ENCABEZADO,2,CANDIDATO_ENG_DEFINIDO,NO,NO_ASIGNADO,ENG_SUBORDINADO,,ENG-023;ENG-025;ENG-042,Sólo existe evidencia ENG; se conserva como evidencia técnica subordinada.,NO,DIFERIDO_ENG_ONLY,,Exceptions,"Sólo posee evidencia ENG subordinada. Se conserva para compatibilidad/evolución, pero no se canoniza automáticamente.",DIFERIDO_ENG_ONLY
exception requirement,Exception Requirement,Exception Requirement,1,3,ENG,3,ENG-081;ENG-083;ENG-084,ENCABEZADO,0,CANDIDATO_ENG_REPETIDO,NO,NO_ASIGNADO,ENG_SUBORDINADO,,ENG-081;ENG-083;ENG-084,Sólo existe evidencia ENG; se conserva como evidencia técnica subordinada.,NO,DIFERIDO_ENG_ONLY,,,"Sólo posee evidencia ENG subordinada. Se conserva para compatibilidad/evolución, pero no se canoniza automáticamente.",DIFERIDO_ENG_ONLY
exchange integration,Exchange Integration,Exchange Integration,1,3,ENG,3,ENG-088;ENG-090;ENG-092,ENCABEZADO,0,CANDIDATO_ENG_REPETIDO,NO,NO_ASIGNADO,ENG_SUBORDINADO,,ENG-088;ENG-090;ENG-092,Sólo existe evidencia ENG; se conserva como evidencia técnica subordinada.,NO,DIFERIDO_ENG_ONLY,,,"Sólo posee evidencia ENG subordinada. Se conserva para compatibilidad/evolución, pero no se canoniza automáticamente.",DIFERIDO_ENG_ONLY
exchange package,Exchange Package,Exchange Package,1,2,ENG,1,ENG-087,CODIGO_INLINE;DEFINICION_EXPLICITA,1,CANDIDATO_ENG_DEFINIDO,NO,NO_ASIGNADO,ENG_SUBORDINADO,,ENG-087,Sólo existe evidencia ENG; se conserva como evidencia técnica subordinada.,NO,DIFERIDO_ENG_ONLY,,,"Sólo posee evidencia ENG subordinada. Se conserva para compatibilidad/evolución, pero no se canoniza automáticamente.",DIFERIDO_ENG_ONLY
exempted,EXEMPTED,EXEMPTED,1,4,ENG,3,ENG-081;ENG-083;ENG-084,CODIGO_INLINE;ENCABEZADO,0,CANDIDATO_ENG_REPETIDO,NO,NO_ASIGNADO,ENG_SUBORDINADO,,ENG-081;ENG-083;ENG-084,Sólo existe evidencia ENG; se conserva como evidencia técnica subordinada.,NO,DIFERIDO_ENG_ONLY,,,"Sólo posee evidencia ENG subordinada. Se conserva para compatibilidad/evolución, pero no se canoniza automáticamente.",DIFERIDO_ENG_ONLY
exit code,Exit Codes,Exit Codes,1,5,ENG,5,ENG-007;ENG-008;ENG-013;ENG-016;ENG-023,ENCABEZADO,0,CANDIDATO_ENG_REPETIDO,NO,NO_ASIGNADO,ENG_SUBORDINADO,,ENG-007;ENG-008;ENG-013;ENG-016;ENG-023,Sólo existe evidencia ENG; se conserva como evidencia técnica subordinada.,NO,DIFERIDO_ENG_ONLY,,,"Sólo posee evidencia ENG subordinada. Se conserva para compatibilidad/evolución, pero no se canoniza automáticamente.",DIFERIDO_ENG_ONLY
expiration policy,Expiration Policy,Expiration Policy,1,3,ENG,3,ENG-040;ENG-041;ENG-050,ENCABEZADO,0,CANDIDATO_ENG_REPETIDO,NO,NO_ASIGNADO,ENG_SUBORDINADO,,ENG-040;ENG-041;ENG-050,Sólo existe evidencia ENG; se conserva como evidencia técnica subordinada.,NO,DIFERIDO_ENG_ONLY,,,"Sólo posee evidencia ENG subordinada. Se conserva para compatibilidad/evolución, pero no se canoniza automáticamente.",DIFERIDO_ENG_ONLY
explain output,Explain Output,Explain Output,1,3,ENG,3,ENG-050;ENG-051;ENG-059,ENCABEZADO,0,CANDIDATO_ENG_REPETIDO,NO,NO_ASIGNADO,ENG_SUBORDINADO,,ENG-050;ENG-051;ENG-059,Sólo existe evidencia ENG; se conserva como evidencia técnica subordinada.,NO,DIFERIDO_ENG_ONLY,,,"Sólo posee evidencia ENG subordinada. Se conserva para compatibilidad/evolución, pero no se canoniza automáticamente.",DIFERIDO_ENG_ONLY
export,Export,Export,1,2,ENG,2,ENG-043;ENG-094,DEFINICION_EXPLICITA;ENCABEZADO,1,CANDIDATO_ENG_DEFINIDO,NO,NO_ASIGNADO,ENG_SUBORDINADO,,ENG-043;ENG-094,Sólo existe evidencia ENG; se conserva como evidencia técnica subordinada.,NO,DIFERIDO_ENG_ONLY,,,"Sólo posee evidencia ENG subordinada. Se conserva para compatibilidad/evolución, pero no se canoniza automáticamente.",DIFERIDO_ENG_ONLY
extension,Extension,/extensions; Extension; Extensiones; Extensions,4,7,ENG,5,ENG-001;ENG-003;ENG-006;ENG-029;ENG-060,CODIGO_INLINE;ENCABEZADO,0,CANDIDATO_ENG_REPETIDO,NO,NO_ASIGNADO,ENG_SUBORDINADO,,ENG-001;ENG-003;ENG-006;ENG-029;ENG-060,Sólo existe evidencia ENG; se conserva como evidencia técnica subordinada.,NO,DIFERIDO_ENG_ONLY,,/extensions; Extensiones; Extensions,"Sólo posee evidencia ENG subordinada. Se conserva para compatibilidad/evolución, pero no se canoniza automáticamente.",DIFERIDO_ENG_ONLY
extension point,Extension Point,Extension Point; Extension Points; extension points,3,10,ENG,5,ENG-002;ENG-003;ENG-028;ENG-029;ENG-060,CODIGO_INLINE;DEFINICION_EXPLICITA;ENCABEZADO,1,CANDIDATO_ENG_DEFINIDO,NO,NO_ASIGNADO,ENG_SUBORDINADO,,ENG-002;ENG-003;ENG-028;ENG-029;ENG-060,Sólo existe evidencia ENG; se conserva como evidencia técnica subordinada.,NO,DIFERIDO_ENG_ONLY,,Extension Points; extension points,"Sólo posee evidencia ENG subordinada. Se conserva para compatibilidad/evolución, pero no se canoniza automáticamente.",DIFERIDO_ENG_ONLY
extension registration,Extension Registration,Extension Registration,1,4,ENG,4,ENG-019;ENG-020;ENG-028;ENG-060,ENCABEZADO,0,CANDIDATO_ENG_REPETIDO,NO,NO_ASIGNADO,ENG_SUBORDINADO,,ENG-019;ENG-020;ENG-028;ENG-060,Sólo existe evidencia ENG; se conserva como evidencia técnica subordinada.,NO,DIFERIDO_ENG_ONLY,,,"Sólo posee evidencia ENG subordinada. Se conserva para compatibilidad/evolución, pero no se canoniza automáticamente.",DIFERIDO_ENG_ONLY
external sharing,External Sharing,External Sharing,1,2,ENG,2,ENG-081;ENG-087,DEFINICION_EXPLICITA;ENCABEZADO,1,CANDIDATO_ENG_DEFINIDO,NO,NO_ASIGNADO,ENG_SUBORDINADO,,ENG-081;ENG-087,Sólo existe evidencia ENG; se conserva como evidencia técnica subordinada.,NO,DIFERIDO_ENG_ONLY,,,"Sólo posee evidencia ENG subordinada. Se conserva para compatibilidad/evolución, pero no se canoniza automáticamente.",DIFERIDO_ENG_ONLY
external system,External Systems,External System; External Systems,2,3,ENG,3,ENG-009;ENG-061;ENG-092,ENCABEZADO,0,CANDIDATO_ENG_REPETIDO,NO,NO_ASIGNADO,ENG_SUBORDINADO,,ENG-009;ENG-061;ENG-092,Sólo existe evidencia ENG; se conserva como evidencia técnica subordinada.,NO,DIFERIDO_ENG_ONLY,,External System,"Sólo posee evidencia ENG subordinada. Se conserva para compatibilidad/evolución, pero no se canoniza automáticamente.",DIFERIDO_ENG_ONLY
factory,Factory,Factories; Factory,2,5,ENG,3,ENG-005;ENG-019;ENG-035,CODIGO_INLINE;ENCABEZADO,0,CANDIDATO_ENG_REPETIDO,NO,NO_ASIGNADO,ENG_SUBORDINADO,,ENG-005;ENG-019;ENG-035,Sólo existe evidencia ENG; se conserva como evidencia técnica subordinada.,NO,DIFERIDO_ENG_ONLY,,Factories,"Sólo posee evidencia ENG subordinada. Se conserva para compatibilidad/evolución, pero no se canoniza automáticamente.",DIFERIDO_ENG_ONLY
fail closed,Fail Closed,Fail Closed,1,7,ENG,7,ENG-039;ENG-045;ENG-046;ENG-047;ENG-049;ENG-050;ENG-073,ENCABEZADO,0,CANDIDATO_ENG_REPETIDO,NO,NO_ASIGNADO,ENG_SUBORDINADO,,ENG-039;ENG-045;ENG-046;ENG-047;ENG-049;ENG-050;ENG-073,Sólo existe evidencia ENG; se conserva como evidencia técnica subordinada.,NO,DIFERIDO_ENG_ONLY,,,"Sólo posee evidencia ENG subordinada. Se conserva para compatibilidad/evolución, pero no se canoniza automáticamente.",DIFERIDO_ENG_ONLY
fail fast,Fail Fast,Fail Fast,1,9,ENG,9,ENG-011;ENG-012;ENG-017;ENG-018;ENG-027;ENG-029;ENG-054;ENG-063;ENG-074,ENCABEZADO,0,CANDIDATO_ENG_REPETIDO,NO,NO_ASIGNADO,ENG_SUBORDINADO,,ENG-011;ENG-012;ENG-017;ENG-018;ENG-027;ENG-029;ENG-054;ENG-063;ENG-074,Sólo existe evidencia ENG; se conserva como evidencia técnica subordinada.,NO,DIFERIDO_ENG_ONLY,,,"Sólo posee evidencia ENG subordinada. Se conserva para compatibilidad/evolución, pero no se canoniza automáticamente.",DIFERIDO_ENG_ONLY
fail open,Fail Open,Fail Open,1,8,ENG,7,ENG-024;ENG-039;ENG-045;ENG-049;ENG-050;ENG-073;ENG-074,ENCABEZADO,0,CANDIDATO_ENG_REPETIDO,NO,NO_ASIGNADO,ENG_SUBORDINADO,,ENG-024;ENG-039;ENG-045;ENG-049;ENG-050;ENG-073;ENG-074,Sólo existe evidencia ENG; se conserva como evidencia técnica subordinada.,NO,DIFERIDO_ENG_ONLY,,,"Sólo posee evidencia ENG subordinada. Se conserva para compatibilidad/evolución, pero no se canoniza automáticamente.",DIFERIDO_ENG_ONLY
failed,Failed,FAILED; Failed,2,18,ENG,6,ENG-015;ENG-017;ENG-027;ENG-040;ENG-055;ENG-092,CODIGO_INLINE;DEFINICION_EXPLICITA;ENCABEZADO,3,CANDIDATO_ENG_DEFINIDO,NO,NO_ASIGNADO,ENG_SUBORDINADO,,ENG-015;ENG-017;ENG-027;ENG-040;ENG-055;ENG-092,Sólo existe evidencia ENG; se conserva como evidencia técnica subordinada.,NO,DIFERIDO_ENG_ONLY,,,"Sólo posee evidencia ENG subordinada. Se conserva para compatibilidad/evolución, pero no se canoniza automáticamente.",DIFERIDO_ENG_ONLY
failure,Failure,Failure,1,7,ENG,4,ENG-023;ENG-039;ENG-073;ENG-074,CODIGO_INLINE;DEFINICION_EXPLICITA;ENCABEZADO,1,CANDIDATO_ENG_DEFINIDO,NO,NO_ASIGNADO,ENG_SUBORDINADO,,ENG-023;ENG-039;ENG-073;ENG-074,Sólo existe evidencia ENG; se conserva como evidencia técnica subordinada.,NO,DIFERIDO_ENG_ONLY,,,"Sólo posee evidencia ENG subordinada. Se conserva para compatibilidad/evolución, pero no se canoniza automáticamente.",DIFERIDO_ENG_ONLY
failure classification,Failure Classification,Failure Classification,1,3,ENG,3,ENG-025;ENG-039;ENG-074,ENCABEZADO,0,CANDIDATO_ENG_REPETIDO,NO,NO_ASIGNADO,ENG_SUBORDINADO,,ENG-025;ENG-039;ENG-074,Sólo existe evidencia ENG; se conserva como evidencia técnica subordinada.,NO,DIFERIDO_ENG_ONLY,,,"Sólo posee evidencia ENG subordinada. Se conserva para compatibilidad/evolución, pero no se canoniza automáticamente.",DIFERIDO_ENG_ONLY
failure domain,Failure Domain,Failure Domain,1,4,ENG,4,ENG-027;ENG-039;ENG-068;ENG-073,ENCABEZADO,0,CANDIDATO_ENG_REPETIDO,NO,NO_ASIGNADO,ENG_SUBORDINADO,,ENG-027;ENG-039;ENG-068;ENG-073,Sólo existe evidencia ENG; se conserva como evidencia técnica subordinada.,NO,DIFERIDO_ENG_ONLY,,,"Sólo posee evidencia ENG subordinada. Se conserva para compatibilidad/evolución, pero no se canoniza automáticamente.",DIFERIDO_ENG_ONLY
failure propagation,Failure Propagation,Failure Propagation,1,6,ENG,6,ENG-015;ENG-027;ENG-039;ENG-055;ENG-073;ENG-074,ENCABEZADO,0,CANDIDATO_ENG_REPETIDO,NO,NO_ASIGNADO,ENG_SUBORDINADO,,ENG-015;ENG-027;ENG-039;ENG-055;ENG-073;ENG-074,Sólo existe evidencia ENG; se conserva como evidencia técnica subordinada.,NO,DIFERIDO_ENG_ONLY,,,"Sólo posee evidencia ENG subordinada. Se conserva para compatibilidad/evolución, pero no se canoniza automáticamente.",DIFERIDO_ENG_ONLY
fallback,Fallback,FALLBACK; Fallback,2,6,ENG,5,ENG-010;ENG-039;ENG-059;ENG-061;ENG-073,CODIGO_INLINE;ENCABEZADO,0,CANDIDATO_ENG_REPETIDO,NO,NO_ASIGNADO,ENG_SUBORDINADO,,ENG-010;ENG-039;ENG-059;ENG-061;ENG-073,Sólo existe evidencia ENG; se conserva como evidencia técnica subordinada.,NO,DIFERIDO_ENG_ONLY,,,"Sólo posee evidencia ENG subordinada. Se conserva para compatibilidad/evolución, pero no se canoniza automáticamente.",DIFERIDO_ENG_ONLY
false negative,False Negative,False Negative,1,2,ENG,1,ENG-091,DEFINICION_EXPLICITA;ENCABEZADO,1,CANDIDATO_ENG_DEFINIDO,NO,NO_ASIGNADO,ENG_SUBORDINADO,,ENG-091,Sólo existe evidencia ENG; se conserva como evidencia técnica subordinada.,NO,DIFERIDO_ENG_ONLY,,,"Sólo posee evidencia ENG subordinada. Se conserva para compatibilidad/evolución, pero no se canoniza automáticamente.",DIFERIDO_ENG_ONLY
false positive,False Positive,False Positive,1,2,ENG,1,ENG-091,DEFINICION_EXPLICITA;ENCABEZADO,1,CANDIDATO_ENG_DEFINIDO,NO,NO_ASIGNADO,ENG_SUBORDINADO,,ENG-091,Sólo existe evidencia ENG; se conserva como evidencia técnica subordinada.,NO,DIFERIDO_ENG_ONLY,,,"Sólo posee evidencia ENG subordinada. Se conserva para compatibilidad/evolución, pero no se canoniza automáticamente.",DIFERIDO_ENG_ONLY
fatal,FATAL,FATAL; Fatal,2,3,ENG,2,ENG-010;ENG-023,ENCABEZADO;TABLA_COLUMNA_PRINCIPAL,0,CANDIDATO_ENG_REPETIDO,NO,NO_ASIGNADO,ENG_SUBORDINADO,,ENG-010;ENG-023,Sólo existe evidencia ENG; se conserva como evidencia técnica subordinada.,NO,DIFERIDO_ENG_ONLY,,,"Sólo posee evidencia ENG subordinada. Se conserva para compatibilidad/evolución, pero no se canoniza automáticamente.",DIFERIDO_ENG_ONLY
fatal failure,Fatal Failure,Fatal Failure,1,3,ENG,3,ENG-023;ENG-027;ENG-055,ENCABEZADO,0,CANDIDATO_ENG_REPETIDO,NO,NO_ASIGNADO,ENG_SUBORDINADO,,ENG-023;ENG-027;ENG-055,Sólo existe evidencia ENG; se conserva como evidencia técnica subordinada.,NO,DIFERIDO_ENG_ONLY,,,"Sólo posee evidencia ENG subordinada. Se conserva para compatibilidad/evolución, pero no se canoniza automáticamente.",DIFERIDO_ENG_ONLY
fault injection,Fault Injection,Fault Injection,1,10,ENG,10,ENG-023;ENG-039;ENG-040;ENG-041;ENG-042;ENG-043;ENG-044;ENG-045;ENG-047;ENG-074,ENCABEZADO,0,CANDIDATO_ENG_REPETIDO,NO,NO_ASIGNADO,ENG_SUBORDINADO,,ENG-023;ENG-039;ENG-040;ENG-041;ENG-042;ENG-043;ENG-044;ENG-045;ENG-047;ENG-074,Sólo existe evidencia ENG; se conserva como evidencia técnica subordinada.,NO,DIFERIDO_ENG_ONLY,,,"Sólo posee evidencia ENG subordinada. Se conserva para compatibilidad/evolución, pero no se canoniza automáticamente.",DIFERIDO_ENG_ONLY
feature configuration,Feature Configuration,Feature Configuration; Feature ≠ Configuration,2,3,ENG,2,ENG-049;ENG-050,ENCABEZADO,0,CANDIDATO_ENG_REPETIDO,NO,NO_ASIGNADO,ENG_SUBORDINADO,,ENG-049;ENG-050,Sólo existe evidencia ENG; se conserva como evidencia técnica subordinada.,NO,DIFERIDO_ENG_ONLY,,Feature ≠ Configuration,"Sólo posee evidencia ENG subordinada. Se conserva para compatibilidad/evolución, pero no se canoniza automáticamente.",DIFERIDO_ENG_ONLY
feature flag,Feature Flags,Feature Flag; Feature Flags,2,3,ENG,3,ENG-011;ENG-034;ENG-050,ENCABEZADO,0,CANDIDATO_ENG_REPETIDO,NO,NO_ASIGNADO,ENG_SUBORDINADO,,ENG-011;ENG-034;ENG-050,Sólo existe evidencia ENG; se conserva como evidencia técnica subordinada.,NO,DIFERIDO_ENG_ONLY,,Feature Flag,"Sólo posee evidencia ENG subordinada. Se conserva para compatibilidad/evolución, pero no se canoniza automáticamente.",DIFERIDO_ENG_ONLY
feature integration,Feature Integration,Feature Integration,1,6,ENG,6,ENG-051;ENG-052;ENG-053;ENG-054;ENG-055;ENG-067,ENCABEZADO,0,CANDIDATO_ENG_REPETIDO,NO,NO_ASIGNADO,ENG_SUBORDINADO,,ENG-051;ENG-052;ENG-053;ENG-054;ENG-055;ENG-067,Sólo existe evidencia ENG; se conserva como evidencia técnica subordinada.,NO,DIFERIDO_ENG_ONLY,,,"Sólo posee evidencia ENG subordinada. Se conserva para compatibilidad/evolución, pero no se canoniza automáticamente.",DIFERIDO_ENG_ONLY
feature management engineering,Feature Management Engineering,Feature Management Engineering,1,3,ENG,2,ENG-049;ENG-050,ENCABEZADO;TERMINO_DESTACADO,0,CANDIDATO_ENG_REPETIDO,NO,NO_ASIGNADO,ENG_SUBORDINADO,,ENG-049;ENG-050,Sólo existe evidencia ENG; se conserva como evidencia técnica subordinada.,NO,DIFERIDO_ENG_ONLY,,,"Sólo posee evidencia ENG subordinada. Se conserva para compatibilidad/evolución, pero no se canoniza automáticamente.",DIFERIDO_ENG_ONLY
federated schema,Federated Schema,Federated Schema,1,2,ENG,1,ENG-088,DEFINICION_EXPLICITA;ENCABEZADO,1,CANDIDATO_ENG_DEFINIDO,NO,NO_ASIGNADO,ENG_SUBORDINADO,,ENG-088,Sólo existe evidencia ENG; se conserva como evidencia técnica subordinada.,NO,DIFERIDO_ENG_ONLY,,,"Sólo posee evidencia ENG subordinada. Se conserva para compatibilidad/evolución, pero no se canoniza automáticamente.",DIFERIDO_ENG_ONLY
federation domain,Federation Domain,Federation Domain,1,3,ENG,1,ENG-088,CODIGO_INLINE;DEFINICION_EXPLICITA;ENCABEZADO,1,CANDIDATO_ENG_DEFINIDO,NO,NO_ASIGNADO,ENG_SUBORDINADO,,ENG-088,Sólo existe evidencia ENG; se conserva como evidencia técnica subordinada.,NO,DIFERIDO_ENG_ONLY,,,"Sólo posee evidencia ENG subordinada. Se conserva para compatibilidad/evolución, pero no se canoniza automáticamente.",DIFERIDO_ENG_ONLY
fencing,Fencing,Fencing,1,5,ENG,5,ENG-040;ENG-065;ENG-066;ENG-067;ENG-078,ENCABEZADO,0,CANDIDATO_ENG_REPETIDO,NO,NO_ASIGNADO,ENG_SUBORDINADO,,ENG-040;ENG-065;ENG-066;ENG-067;ENG-078,Sólo existe evidencia ENG; se conserva como evidencia técnica subordinada.,NO,DIFERIDO_ENG_ONLY,,,"Sólo posee evidencia ENG subordinada. Se conserva para compatibilidad/evolución, pero no se canoniza automáticamente.",DIFERIDO_ENG_ONLY
fencing token,Fencing Token,Fencing Token,1,3,ENG,2,ENG-038;ENG-078,CODIGO_INLINE;ENCABEZADO,0,CANDIDATO_ENG_REPETIDO,NO,NO_ASIGNADO,ENG_SUBORDINADO,,ENG-038;ENG-078,Sólo existe evidencia ENG; se conserva como evidencia técnica subordinada.,NO,DIFERIDO_ENG_ONLY,,,"Sólo posee evidencia ENG subordinada. Se conserva para compatibilidad/evolución, pero no se canoniza automáticamente.",DIFERIDO_ENG_ONLY
fidelity,Fidelity,Fidelity,1,2,ENG,1,ENG-094,DEFINICION_EXPLICITA;ENCABEZADO,1,CANDIDATO_ENG_DEFINIDO,NO,NO_ASIGNADO,ENG_SUBORDINADO,,ENG-094,Sólo existe evidencia ENG; se conserva como evidencia técnica subordinada.,NO,DIFERIDO_ENG_ONLY,,,"Sólo posee evidencia ENG subordinada. Se conserva para compatibilidad/evolución, pero no se canoniza automáticamente.",DIFERIDO_ENG_ONLY
field removal,Field Removal,Field Removal,1,3,ENG,3,ENG-016;ENG-021;ENG-062,ENCABEZADO,0,CANDIDATO_ENG_REPETIDO,NO,NO_ASIGNADO,ENG_SUBORDINADO,,ENG-016;ENG-021;ENG-062,Sólo existe evidencia ENG; se conserva como evidencia técnica subordinada.,NO,DIFERIDO_ENG_ONLY,,,"Sólo posee evidencia ENG subordinada. Se conserva para compatibilidad/evolución, pero no se canoniza automáticamente.",DIFERIDO_ENG_ONLY
filter test,Filter Test,Filter Test,1,4,ENG,4,ENG-043;ENG-044;ENG-058;ENG-063,ENCABEZADO,0,CANDIDATO_ENG_REPETIDO,NO,NO_ASIGNADO,ENG_SUBORDINADO,,ENG-043;ENG-044;ENG-058;ENG-063,Sólo existe evidencia ENG; se conserva como evidencia técnica subordinada.,NO,DIFERIDO_ENG_ONLY,,,"Sólo posee evidencia ENG subordinada. Se conserva para compatibilidad/evolución, pero no se canoniza automáticamente.",DIFERIDO_ENG_ONLY
filtering,Filtering,Filtering,1,3,ENG,3,ENG-020;ENG-043;ENG-044,ENCABEZADO,0,CANDIDATO_ENG_REPETIDO,NO,NO_ASIGNADO,ENG_SUBORDINADO,,ENG-020;ENG-043;ENG-044,Sólo existe evidencia ENG; se conserva como evidencia técnica subordinada.,NO,DIFERIDO_ENG_ONLY,,,"Sólo posee evidencia ENG subordinada. Se conserva para compatibilidad/evolución, pero no se canoniza automáticamente.",DIFERIDO_ENG_ONLY
first implementation,First Implementation,First Implementation,1,8,ENG,8,ENG-022;ENG-026;ENG-027;ENG-028;ENG-029;ENG-030;ENG-031;ENG-032,ENCABEZADO,0,CANDIDATO_ENG_REPETIDO,NO,NO_ASIGNADO,ENG_SUBORDINADO,,ENG-022;ENG-026;ENG-027;ENG-028;ENG-029;ENG-030;ENG-031;ENG-032,Sólo existe evidencia ENG; se conserva como evidencia técnica subordinada.,NO,DIFERIDO_ENG_ONLY,,,"Sólo posee evidencia ENG subordinada. Se conserva para compatibilidad/evolución, pero no se canoniza automáticamente.",DIFERIDO_ENG_ONLY
first implementation component,First Implementation Components,First Implementation Components,1,62,ENG,62,ENG-032;ENG-034;ENG-035;ENG-036;ENG-037;ENG-038;ENG-039;ENG-040;ENG-041;ENG-042;ENG-043;ENG-044;ENG-045;ENG-046;ENG-047;ENG-048;ENG-049;ENG-050;ENG-051;ENG-052;ENG-053;ENG-054;ENG-055;ENG-056;ENG-057;ENG-058;ENG-059;ENG-060;ENG-061;ENG-062;ENG-063;ENG-064;ENG-065;ENG-066;ENG-067;ENG-068;ENG-069;ENG-070;ENG-071;ENG-072;ENG-073;ENG-074;ENG-075;ENG-076;ENG-077;ENG-078;ENG-079;ENG-080;ENG-081;ENG-082;ENG-083;ENG-084;ENG-085;ENG-086;ENG-087;ENG-088;ENG-089;ENG-090;ENG-091;ENG-092;ENG-093;ENG-094,ENCABEZADO,0,CANDIDATO_ENG_REPETIDO,NO,NO_ASIGNADO,ENG_SUBORDINADO,,ENG-032;ENG-034;ENG-035;ENG-036;ENG-037;ENG-038;ENG-039;ENG-040;ENG-041;ENG-042;ENG-043;ENG-044;ENG-045;ENG-046;ENG-047;ENG-048;ENG-049;ENG-050;ENG-051;ENG-052;ENG-053;ENG-054;ENG-055;ENG-056;ENG-057;ENG-058;ENG-059;ENG-060;ENG-061;ENG-062;ENG-063;ENG-064;ENG-065;ENG-066;ENG-067;ENG-068;ENG-069;ENG-070;ENG-071;ENG-072;ENG-073;ENG-074;ENG-075;ENG-076;ENG-077;ENG-078;ENG-079;ENG-080;ENG-081;ENG-082;ENG-083;ENG-084;ENG-085;ENG-086;ENG-087;ENG-088;ENG-089;ENG-090;ENG-091;ENG-092;ENG-093;ENG-094,Sólo existe evidencia ENG; se conserva como evidencia técnica subordinada.,NO,DIFERIDO_ENG_ONLY,,,"Sólo posee evidencia ENG subordinada. Se conserva para compatibilidad/evolución, pero no se canoniza automáticamente.",DIFERIDO_ENG_ONLY
first implementation constraint,First Implementation Constraints,First Implementation Constraints,1,65,ENG,65,ENG-028;ENG-029;ENG-030;ENG-031;ENG-032;ENG-034;ENG-035;ENG-036;ENG-037;ENG-038;ENG-039;ENG-040;ENG-041;ENG-042;ENG-043;ENG-044;ENG-045;ENG-046;ENG-047;ENG-048;ENG-049;ENG-050;ENG-051;ENG-052;ENG-053;ENG-054;ENG-055;ENG-056;ENG-057;ENG-058;ENG-059;ENG-060;ENG-061;ENG-062;ENG-063;ENG-064;ENG-065;ENG-066;ENG-067;ENG-068;ENG-069;ENG-070;ENG-071;ENG-072;ENG-073;ENG-074;ENG-075;ENG-076;ENG-077;ENG-078;ENG-079;ENG-080;ENG-081;ENG-083;ENG-084;ENG-085;ENG-086;ENG-087;ENG-088;ENG-089;ENG-090;ENG-091;ENG-092;ENG-093;ENG-094,ENCABEZADO,0,CANDIDATO_ENG_REPETIDO,NO,NO_ASIGNADO,ENG_SUBORDINADO,,ENG-028;ENG-029;ENG-030;ENG-031;ENG-032;ENG-034;ENG-035;ENG-036;ENG-037;ENG-038;ENG-039;ENG-040;ENG-041;ENG-042;ENG-043;ENG-044;ENG-045;ENG-046;ENG-047;ENG-048;ENG-049;ENG-050;ENG-051;ENG-052;ENG-053;ENG-054;ENG-055;ENG-056;ENG-057;ENG-058;ENG-059;ENG-060;ENG-061;ENG-062;ENG-063;ENG-064;ENG-065;ENG-066;ENG-067;ENG-068;ENG-069;ENG-070;ENG-071;ENG-072;ENG-073;ENG-074;ENG-075;ENG-076;ENG-077;ENG-078;ENG-079;ENG-080;ENG-081;ENG-083;ENG-084;ENG-085;ENG-086;ENG-087;ENG-088;ENG-089;ENG-090;ENG-091;ENG-092;ENG-093;ENG-094,Sólo existe evidencia ENG; se conserva como evidencia técnica subordinada.,NO,DIFERIDO_ENG_ONLY,,,"Sólo posee evidencia ENG subordinada. Se conserva para compatibilidad/evolución, pero no se canoniza automáticamente.",DIFERIDO_ENG_ONLY
first version non-goal,First Version Non-Goals,First Version Non-Goals,1,60,ENG,60,ENG-030;ENG-031;ENG-032;ENG-034;ENG-035;ENG-036;ENG-037;ENG-038;ENG-039;ENG-040;ENG-041;ENG-042;ENG-043;ENG-044;ENG-045;ENG-046;ENG-047;ENG-048;ENG-049;ENG-050;ENG-051;ENG-052;ENG-053;ENG-054;ENG-055;ENG-056;ENG-057;ENG-058;ENG-059;ENG-060;ENG-061;ENG-062;ENG-063;ENG-064;ENG-065;ENG-066;ENG-067;ENG-068;ENG-069;ENG-070;ENG-071;ENG-072;ENG-073;ENG-074;ENG-075;ENG-076;ENG-077;ENG-078;ENG-079;ENG-080;ENG-081;ENG-083;ENG-084;ENG-085;ENG-088;ENG-090;ENG-091;ENG-092;ENG-093;ENG-094,ENCABEZADO,0,CANDIDATO_ENG_REPETIDO,NO,NO_ASIGNADO,ENG_SUBORDINADO,,ENG-030;ENG-031;ENG-032;ENG-034;ENG-035;ENG-036;ENG-037;ENG-038;ENG-039;ENG-040;ENG-041;ENG-042;ENG-043;ENG-044;ENG-045;ENG-046;ENG-047;ENG-048;ENG-049;ENG-050;ENG-051;ENG-052;ENG-053;ENG-054;ENG-055;ENG-056;ENG-057;ENG-058;ENG-059;ENG-060;ENG-061;ENG-062;ENG-063;ENG-064;ENG-065;ENG-066;ENG-067;ENG-068;ENG-069;ENG-070;ENG-071;ENG-072;ENG-073;ENG-074;ENG-075;ENG-076;ENG-077;ENG-078;ENG-079;ENG-080;ENG-081;ENG-083;ENG-084;ENG-085;ENG-088;ENG-090;ENG-091;ENG-092;ENG-093;ENG-094,Sólo existe evidencia ENG; se conserva como evidencia técnica subordinada.,NO,DIFERIDO_ENG_ONLY,,,"Sólo posee evidencia ENG subordinada. Se conserva para compatibilidad/evolución, pero no se canoniza automáticamente.",DIFERIDO_ENG_ONLY
fixity,Fixity,Fixity,1,3,ENG,2,ENG-093;ENG-094,DEFINICION_EXPLICITA;ENCABEZADO,1,CANDIDATO_ENG_DEFINIDO,NO,NO_ASIGNADO,ENG_SUBORDINADO,,ENG-093;ENG-094,Sólo existe evidencia ENG; se conserva como evidencia técnica subordinada.,NO,DIFERIDO_ENG_ONLY,,,"Sólo posee evidencia ENG subordinada. Se conserva para compatibilidad/evolución, pero no se canoniza automáticamente.",DIFERIDO_ENG_ONLY
fixtur,Fixtures,Fixtures,1,3,ENG,3,ENG-005;ENG-009;ENG-030,ENCABEZADO,0,CANDIDATO_ENG_REPETIDO,NO,NO_ASIGNADO,ENG_SUBORDINADO,,ENG-005;ENG-009;ENG-030,Sólo existe evidencia ENG; se conserva como evidencia técnica subordinada.,NO,DIFERIDO_ENG_ONLY,,,"Sólo posee evidencia ENG subordinada. Se conserva para compatibilidad/evolución, pero no se canoniza automáticamente.",DIFERIDO_ENG_ONLY
flush,Flush,Flush,1,3,ENG,3,ENG-010;ENG-043;ENG-077,ENCABEZADO,0,CANDIDATO_ENG_REPETIDO,NO,NO_ASIGNADO,ENG_SUBORDINADO,,ENG-010;ENG-043;ENG-077,Sólo existe evidencia ENG; se conserva como evidencia técnica subordinada.,NO,DIFERIDO_ENG_ONLY,,,"Sólo posee evidencia ENG subordinada. Se conserva para compatibilidad/evolución, pero no se canoniza automáticamente.",DIFERIDO_ENG_ONLY
force,Force,Force; force,2,5,ENG,2,ENG-007;ENG-008,CODIGO_INLINE;ENCABEZADO,0,CANDIDATO_ENG_REPETIDO,NO,NO_ASIGNADO,ENG_SUBORDINADO,,ENG-007;ENG-008,Sólo existe evidencia ENG; se conserva como evidencia técnica subordinada.,NO,DIFERIDO_ENG_ONLY,,,"Sólo posee evidencia ENG subordinada. Se conserva para compatibilidad/evolución, pero no se canoniza automáticamente.",DIFERIDO_ENG_ONLY
forced shutdown,Forced Shutdown,Forced Shutdown,1,6,ENG,6,ENG-015;ENG-038;ENG-041;ENG-054;ENG-055;ENG-077,ENCABEZADO,0,CANDIDATO_ENG_REPETIDO,NO,NO_ASIGNADO,ENG_SUBORDINADO,,ENG-015;ENG-038;ENG-041;ENG-054;ENG-055;ENG-077,Sólo existe evidencia ENG; se conserva como evidencia técnica subordinada.,NO,DIFERIDO_ENG_ONLY,,,"Sólo posee evidencia ENG subordinada. Se conserva para compatibilidad/evolución, pero no se canoniza automáticamente.",DIFERIDO_ENG_ONLY
format,Format,Format; format,2,4,ENG,3,ENG-031;ENG-093;ENG-094,CODIGO_INLINE;ENCABEZADO,0,CANDIDATO_ENG_REPETIDO,NO,NO_ASIGNADO,ENG_SUBORDINADO,,ENG-031;ENG-093;ENG-094,Sólo existe evidencia ENG; se conserva como evidencia técnica subordinada.,NO,DIFERIDO_ENG_ONLY,,,"Sólo posee evidencia ENG subordinada. Se conserva para compatibilidad/evolución, pero no se canoniza automáticamente.",DIFERIDO_ENG_ONLY
forward compatibility,Forward Compatibility,Forward Compatibility; forward compatibility,2,6,ENG,5,ENG-014;ENG-016;ENG-031;ENG-057;ENG-062,CODIGO_INLINE;ENCABEZADO,0,CANDIDATO_ENG_REPETIDO,NO,NO_ASIGNADO,ENG_SUBORDINADO,,ENG-014;ENG-016;ENG-031;ENG-057;ENG-062,Sólo existe evidencia ENG; se conserva como evidencia técnica subordinada.,NO,DIFERIDO_ENG_ONLY,,,"Sólo posee evidencia ENG subordinada. Se conserva para compatibilidad/evolución, pero no se canoniza automáticamente.",DIFERIDO_ENG_ONLY
freshness,Freshness,Freshness,1,4,ENG,3,ENG-080;ENG-086;ENG-088,DEFINICION_EXPLICITA;ENCABEZADO,1,CANDIDATO_ENG_DEFINIDO,NO,NO_ASIGNADO,ENG_SUBORDINADO,,ENG-080;ENG-086;ENG-088,Sólo existe evidencia ENG; se conserva como evidencia técnica subordinada.,NO,DIFERIDO_ENG_ONLY,,,"Sólo posee evidencia ENG subordinada. Se conserva para compatibilidad/evolución, pero no se canoniza automáticamente.",DIFERIDO_ENG_ONLY
frontera conceptual,Fronteras conceptuales,Fronteras conceptuales,1,3,ENG,3,ENG-086;ENG-087;ENG-089,ENCABEZADO,0,CANDIDATO_ENG_REPETIDO,NO,NO_ASIGNADO,ENG_SUBORDINADO,,ENG-086;ENG-087;ENG-089,Sólo existe evidencia ENG; se conserva como evidencia técnica subordinada.,NO,DIFERIDO_ENG_ONLY,,,"Sólo posee evidencia ENG subordinada. Se conserva para compatibilidad/evolución, pero no se canoniza automáticamente.",DIFERIDO_ENG_ONLY
frozen registry,Frozen Registry,Frozen Registry,1,3,ENG,2,ENG-020;ENG-027,ENCABEZADO,0,CANDIDATO_ENG_REPETIDO,NO,NO_ASIGNADO,ENG_SUBORDINADO,,ENG-020;ENG-027,Sólo existe evidencia ENG; se conserva como evidencia técnica subordinada.,NO,DIFERIDO_ENG_ONLY,,,"Sólo posee evidencia ENG subordinada. Se conserva para compatibilidad/evolución, pero no se canoniza automáticamente.",DIFERIDO_ENG_ONLY
full compatibility,Full Compatibility,Full Compatibility,1,3,ENG,3,ENG-016;ENG-031;ENG-062,ENCABEZADO,0,CANDIDATO_ENG_REPETIDO,NO,NO_ASIGNADO,ENG_SUBORDINADO,,ENG-016;ENG-031;ENG-062,Sólo existe evidencia ENG; se conserva como evidencia técnica subordinada.,NO,DIFERIDO_ENG_ONLY,,,"Sólo posee evidencia ENG subordinada. Se conserva para compatibilidad/evolución, pero no se canoniza automáticamente.",DIFERIDO_ENG_ONLY
fuzz testing,Fuzz Testing,Fuzz Testing,1,5,ENG,5,ENG-009;ENG-031;ENG-036;ENG-037;ENG-044,ENCABEZADO,0,CANDIDATO_ENG_REPETIDO,NO,NO_ASIGNADO,ENG_SUBORDINADO,,ENG-009;ENG-031;ENG-036;ENG-037;ENG-044,Sólo existe evidencia ENG; se conserva como evidencia técnica subordinada.,NO,DIFERIDO_ENG_ONLY,,,"Sólo posee evidencia ENG subordinada. Se conserva para compatibilidad/evolución, pero no se canoniza automáticamente.",DIFERIDO_ENG_ONLY
gate failure,Gate Failure,Gate Failure,1,4,ENG,4,ENG-017;ENG-066;ENG-067;ENG-077,ENCABEZADO,0,CANDIDATO_ENG_REPETIDO,NO,NO_ASIGNADO,ENG_SUBORDINADO,,ENG-017;ENG-066;ENG-067;ENG-077,Sólo existe evidencia ENG; se conserva como evidencia técnica subordinada.,NO,DIFERIDO_ENG_ONLY,,,"Sólo posee evidencia ENG subordinada. Se conserva para compatibilidad/evolución, pero no se canoniza automáticamente.",DIFERIDO_ENG_ONLY
gate input,Gate Inputs,Gate Inputs,1,10,ENG,8,ENG-073;ENG-074;ENG-075;ENG-077;ENG-078;ENG-079;ENG-083;ENG-084,ENCABEZADO,0,CANDIDATO_ENG_REPETIDO,NO,NO_ASIGNADO,ENG_SUBORDINADO,,ENG-073;ENG-074;ENG-075;ENG-077;ENG-078;ENG-079;ENG-083;ENG-084,Sólo existe evidencia ENG; se conserva como evidencia técnica subordinada.,NO,DIFERIDO_ENG_ONLY,,,"Sólo posee evidencia ENG subordinada. Se conserva para compatibilidad/evolución, pero no se canoniza automáticamente.",DIFERIDO_ENG_ONLY
gate override,Gate Override,Gate Override,1,11,ENG,9,ENG-066;ENG-067;ENG-074;ENG-075;ENG-077;ENG-078;ENG-079;ENG-080;ENG-083,ENCABEZADO,0,CANDIDATO_ENG_REPETIDO,NO,NO_ASIGNADO,ENG_SUBORDINADO,,ENG-066;ENG-067;ENG-074;ENG-075;ENG-077;ENG-078;ENG-079;ENG-080;ENG-083,Sólo existe evidencia ENG; se conserva como evidencia técnica subordinada.,NO,DIFERIDO_ENG_ONLY,,,"Sólo posee evidencia ENG subordinada. Se conserva para compatibilidad/evolución, pero no se canoniza automáticamente.",DIFERIDO_ENG_ONLY
gate result,Gate Result,Gate Result,1,3,ENG,3,ENG-017;ENG-083;ENG-084,ENCABEZADO,0,CANDIDATO_ENG_REPETIDO,NO,NO_ASIGNADO,ENG_SUBORDINADO,,ENG-017;ENG-083;ENG-084,Sólo existe evidencia ENG; se conserva como evidencia técnica subordinada.,NO,DIFERIDO_ENG_ONLY,,,"Sólo posee evidencia ENG subordinada. Se conserva para compatibilidad/evolución, pero no se canoniza automáticamente.",DIFERIDO_ENG_ONLY
gate threshold,Gate Threshold,Gate Threshold; Gate Thresholds,2,3,ENG,3,ENG-066;ENG-067;ENG-069,ENCABEZADO,0,CANDIDATO_ENG_REPETIDO,NO,NO_ASIGNADO,ENG_SUBORDINADO,,ENG-066;ENG-067;ENG-069,Sólo existe evidencia ENG; se conserva como evidencia técnica subordinada.,NO,DIFERIDO_ENG_ONLY,,Gate Thresholds,"Sólo posee evidencia ENG subordinada. Se conserva para compatibilidad/evolución, pero no se canoniza automáticamente.",DIFERIDO_ENG_ONLY
generated artifact,Generated Artifacts,Generated Artifacts,1,3,ENG,3,ENG-005;ENG-012;ENG-031,ENCABEZADO,0,CANDIDATO_ENG_REPETIDO,NO,NO_ASIGNADO,ENG_SUBORDINADO,,ENG-005;ENG-012;ENG-031,Sólo existe evidencia ENG; se conserva como evidencia técnica subordinada.,NO,DIFERIDO_ENG_ONLY,,,"Sólo posee evidencia ENG subordinada. Se conserva para compatibilidad/evolución, pero no se canoniza automáticamente.",DIFERIDO_ENG_ONLY
generated code,Generated Code,Generated Code,1,3,ENG,3,ENG-021;ENG-031;ENG-062,ENCABEZADO,0,CANDIDATO_ENG_REPETIDO,NO,NO_ASIGNADO,ENG_SUBORDINADO,,ENG-021;ENG-031;ENG-062,Sólo existe evidencia ENG; se conserva como evidencia técnica subordinada.,NO,DIFERIDO_ENG_ONLY,,,"Sólo posee evidencia ENG subordinada. Se conserva para compatibilidad/evolución, pero no se canoniza automáticamente.",DIFERIDO_ENG_ONLY
generated documentation,Generated Documentation,Generated Documentation,1,4,ENG,4,ENG-018;ENG-028;ENG-036;ENG-075,ENCABEZADO,0,CANDIDATO_ENG_REPETIDO,NO,NO_ASIGNADO,ENG_SUBORDINADO,,ENG-018;ENG-028;ENG-036;ENG-075,Sólo existe evidencia ENG; se conserva como evidencia técnica subordinada.,NO,DIFERIDO_ENG_ONLY,,,"Sólo posee evidencia ENG subordinada. Se conserva para compatibilidad/evolución, pero no se canoniza automáticamente.",DIFERIDO_ENG_ONLY
generated index,Generated Index,Generated Index,1,3,ENG,2,ENG-057;ENG-058,ENCABEZADO,0,CANDIDATO_ENG_REPETIDO,NO,NO_ASIGNADO,ENG_SUBORDINADO,,ENG-057;ENG-058,Sólo existe evidencia ENG; se conserva como evidencia técnica subordinada.,NO,DIFERIDO_ENG_ONLY,,,"Sólo posee evidencia ENG subordinada. Se conserva para compatibilidad/evolución, pero no se canoniza automáticamente.",DIFERIDO_ENG_ONLY
generated metadata,Generated Metadata,Generated Metadata,1,4,ENG,4,ENG-008;ENG-019;ENG-020;ENG-057,ENCABEZADO,0,CANDIDATO_ENG_REPETIDO,NO,NO_ASIGNADO,ENG_SUBORDINADO,,ENG-008;ENG-019;ENG-020;ENG-057,Sólo existe evidencia ENG; se conserva como evidencia técnica subordinada.,NO,DIFERIDO_ENG_ONLY,,,"Sólo posee evidencia ENG subordinada. Se conserva para compatibilidad/evolución, pero no se canoniza automáticamente.",DIFERIDO_ENG_ONLY
get,get,GET; get,2,4,ENG,3,ENG-005;ENG-020;ENG-044,CODIGO_INLINE;ENCABEZADO,0,CANDIDATO_ENG_REPETIDO,NO,NO_ASIGNADO,ENG_SUBORDINADO,,ENG-005;ENG-020;ENG-044,Sólo existe evidencia ENG; se conserva como evidencia técnica subordinada.,NO,DIFERIDO_ENG_ONLY,,,"Sólo posee evidencia ENG subordinada. Se conserva para compatibilidad/evolución, pero no se canoniza automáticamente.",DIFERIDO_ENG_ONLY
global state,Global State,Global State,1,3,ENG,3,ENG-027;ENG-053;ENG-075,ENCABEZADO,0,CANDIDATO_ENG_REPETIDO,NO,NO_ASIGNADO,ENG_SUBORDINADO,,ENG-027;ENG-053;ENG-075,Sólo existe evidencia ENG; se conserva como evidencia técnica subordinada.,NO,DIFERIDO_ENG_ONLY,,,"Sólo posee evidencia ENG subordinada. Se conserva para compatibilidad/evolución, pero no se canoniza automáticamente.",DIFERIDO_ENG_ONLY
god module,God Module,God Module,1,3,ENG,2,ENG-002;ENG-028,ENCABEZADO,0,CANDIDATO_ENG_REPETIDO,NO,NO_ASIGNADO,ENG_SUBORDINADO,,ENG-002;ENG-028,Sólo existe evidencia ENG; se conserva como evidencia técnica subordinada.,NO,DIFERIDO_ENG_ONLY,,,"Sólo posee evidencia ENG subordinada. Se conserva para compatibilidad/evolución, pero no se canoniza automáticamente.",DIFERIDO_ENG_ONLY
governance,Governance,Governance,1,7,ENG,7,ENG-021;ENG-084;ENG-085;ENG-088;ENG-092;ENG-093;ENG-094,DEFINICION_EXPLICITA;ENCABEZADO,2,CANDIDATO_ENG_DEFINIDO,NO,NO_ASIGNADO,ENG_SUBORDINADO,,ENG-021;ENG-084;ENG-085;ENG-088;ENG-092;ENG-093;ENG-094,Sólo existe evidencia ENG; se conserva como evidencia técnica subordinada.,NO,DIFERIDO_ENG_ONLY,,,"Sólo posee evidencia ENG subordinada. Se conserva para compatibilidad/evolución, pero no se canoniza automáticamente.",DIFERIDO_ENG_ONLY
governance exception,Governance Exception,Governance Exception; governance:exceptions,2,3,ENG,1,ENG-081,ENCABEZADO,0,CANDIDATO_ENG_REPETIDO,NO,NO_ASIGNADO,ENG_SUBORDINADO,,ENG-081,Sólo existe evidencia ENG; se conserva como evidencia técnica subordinada.,NO,DIFERIDO_ENG_ONLY,,governance:exceptions,"Sólo posee evidencia ENG subordinada. Se conserva para compatibilidad/evolución, pero no se canoniza automáticamente.",DIFERIDO_ENG_ONLY
graceful degradation,Graceful Degradation,Graceful Degradation,1,5,ENG,5,ENG-023;ENG-025;ENG-026;ENG-039;ENG-073,ENCABEZADO,0,CANDIDATO_ENG_REPETIDO,NO,NO_ASIGNADO,ENG_SUBORDINADO,,ENG-023;ENG-025;ENG-026;ENG-039;ENG-073,Sólo existe evidencia ENG; se conserva como evidencia técnica subordinada.,NO,DIFERIDO_ENG_ONLY,,,"Sólo posee evidencia ENG subordinada. Se conserva para compatibilidad/evolución, pero no se canoniza automáticamente.",DIFERIDO_ENG_ONLY
graceful shutdown,Graceful Shutdown,Graceful Shutdown,1,6,ENG,6,ENG-015;ENG-022;ENG-027;ENG-032;ENG-039;ENG-055,ENCABEZADO,0,CANDIDATO_ENG_REPETIDO,NO,NO_ASIGNADO,ENG_SUBORDINADO,,ENG-015;ENG-022;ENG-027;ENG-032;ENG-039;ENG-055,Sólo existe evidencia ENG; se conserva como evidencia técnica subordinada.,NO,DIFERIDO_ENG_ONLY,,,"Sólo posee evidencia ENG subordinada. Se conserva para compatibilidad/evolución, pero no se canoniza automáticamente.",DIFERIDO_ENG_ONLY
graph validation,Graph Validation,Graph Validation,1,4,ENG,4,ENG-018;ENG-019;ENG-022;ENG-027,ENCABEZADO,0,CANDIDATO_ENG_REPETIDO,NO,NO_ASIGNADO,ENG_SUBORDINADO,,ENG-018;ENG-019;ENG-022;ENG-027,Sólo existe evidencia ENG; se conserva como evidencia técnica subordinada.,NO,DIFERIDO_ENG_ONLY,,,"Sólo posee evidencia ENG subordinada. Se conserva para compatibilidad/evolución, pero no se canoniza automáticamente.",DIFERIDO_ENG_ONLY
handle,Handle,Handle,1,2,ENG,2,ENG-023;ENG-054,DEFINICION_EXPLICITA;ENCABEZADO,1,CANDIDATO_ENG_DEFINIDO,NO,NO_ASIGNADO,ENG_SUBORDINADO,,ENG-023;ENG-054,Sólo existe evidencia ENG; se conserva como evidencia técnica subordinada.,NO,DIFERIDO_ENG_ONLY,,,"Sólo posee evidencia ENG subordinada. Se conserva para compatibilidad/evolución, pero no se canoniza automáticamente.",DIFERIDO_ENG_ONLY
handler,Handler,Handler,1,3,ENG,2,ENG-022;ENG-034,CODIGO_INLINE;ENCABEZADO,0,CANDIDATO_ENG_REPETIDO,NO,NO_ASIGNADO,ENG_SUBORDINADO,,ENG-022;ENG-034,Sólo existe evidencia ENG; se conserva como evidencia técnica subordinada.,NO,DIFERIDO_ENG_ONLY,,,"Sólo posee evidencia ENG subordinada. Se conserva para compatibilidad/evolución, pero no se canoniza automáticamente.",DIFERIDO_ENG_ONLY
handler resolution,Handler Resolution,Handler Resolution,1,3,ENG,3,ENG-022;ENG-034;ENG-040,ENCABEZADO,0,CANDIDATO_ENG_REPETIDO,NO,NO_ASIGNADO,ENG_SUBORDINADO,,ENG-022;ENG-034;ENG-040,Sólo existe evidencia ENG; se conserva como evidencia técnica subordinada.,NO,DIFERIDO_ENG_ONLY,,,"Sólo posee evidencia ENG subordinada. Se conserva para compatibilidad/evolución, pero no se canoniza automáticamente.",DIFERIDO_ENG_ONLY
handler unit test,Handler Unit Test,Handler Unit Test,1,3,ENG,3,ENG-022;ENG-034;ENG-040,ENCABEZADO,0,CANDIDATO_ENG_REPETIDO,NO,NO_ASIGNADO,ENG_SUBORDINADO,,ENG-022;ENG-034;ENG-040,Sólo existe evidencia ENG; se conserva como evidencia técnica subordinada.,NO,DIFERIDO_ENG_ONLY,,,"Sólo posee evidencia ENG subordinada. Se conserva para compatibilidad/evolución, pero no se canoniza automáticamente.",DIFERIDO_ENG_ONLY
headroom,Headroom,Headroom,1,3,ENG,3,ENG-026;ENG-070;ENG-071,ENCABEZADO,0,CANDIDATO_ENG_REPETIDO,NO,NO_ASIGNADO,ENG_SUBORDINADO,,ENG-026;ENG-070;ENG-071,Sólo existe evidencia ENG; se conserva como evidencia técnica subordinada.,NO,DIFERIDO_ENG_ONLY,,,"Sólo posee evidencia ENG subordinada. Se conserva para compatibilidad/evolución, pero no se canoniza automáticamente.",DIFERIDO_ENG_ONLY
health,Health,Health,1,16,ENG,13,ENG-002;ENG-015;ENG-025;ENG-039;ENG-049;ENG-050;ENG-051;ENG-052;ENG-054;ENG-061;ENG-069;ENG-073;ENG-074,CODIGO_INLINE;DEFINICION_EXPLICITA;ENCABEZADO,4,CANDIDATO_ENG_DEFINIDO,NO,NO_ASIGNADO,ENG_SUBORDINADO,,ENG-002;ENG-015;ENG-025;ENG-039;ENG-049;ENG-050;ENG-051;ENG-052;ENG-054;ENG-061;ENG-069;ENG-073;ENG-074,Sólo existe evidencia ENG; se conserva como evidencia técnica subordinada.,NO,DIFERIDO_ENG_ONLY,,,"Sólo posee evidencia ENG subordinada. Se conserva para compatibilidad/evolución, pero no se canoniza automáticamente.",DIFERIDO_ENG_ONLY
health aggregation,Health Aggregation,Health Aggregation,1,3,ENG,3,ENG-025;ENG-068;ENG-069,ENCABEZADO,0,CANDIDATO_ENG_REPETIDO,NO,NO_ASIGNADO,ENG_SUBORDINADO,,ENG-025;ENG-068;ENG-069,Sólo existe evidencia ENG; se conserva como evidencia técnica subordinada.,NO,DIFERIDO_ENG_ONLY,,,"Sólo posee evidencia ENG subordinada. Se conserva para compatibilidad/evolución, pero no se canoniza automáticamente.",DIFERIDO_ENG_ONLY
health check,Health Check,Health Check; health:check,2,3,ENG,2,ENG-025;ENG-069,ENCABEZADO,0,CANDIDATO_ENG_REPETIDO,NO,NO_ASIGNADO,ENG_SUBORDINADO,,ENG-025;ENG-069,Sólo existe evidencia ENG; se conserva como evidencia técnica subordinada.,NO,DIFERIDO_ENG_ONLY,,health:check,"Sólo posee evidencia ENG subordinada. Se conserva para compatibilidad/evolución, pero no se canoniza automáticamente.",DIFERIDO_ENG_ONLY
health gate,Health Gate,Health Gate,1,3,ENG,3,ENG-066;ENG-067;ENG-069,ENCABEZADO,0,CANDIDATO_ENG_REPETIDO,NO,NO_ASIGNADO,ENG_SUBORDINADO,,ENG-066;ENG-067;ENG-069,Sólo existe evidencia ENG; se conserva como evidencia técnica subordinada.,NO,DIFERIDO_ENG_ONLY,,,"Sólo posee evidencia ENG subordinada. Se conserva para compatibilidad/evolución, pero no se canoniza automáticamente.",DIFERIDO_ENG_ONLY
health integration,Health Integration,Health Integration,1,4,ENG,4,ENG-018;ENG-055;ENG-071;ENG-073,ENCABEZADO,0,CANDIDATO_ENG_REPETIDO,NO,NO_ASIGNADO,ENG_SUBORDINADO,,ENG-018;ENG-055;ENG-071;ENG-073,Sólo existe evidencia ENG; se conserva como evidencia técnica subordinada.,NO,DIFERIDO_ENG_ONLY,,,"Sólo posee evidencia ENG subordinada. Se conserva para compatibilidad/evolución, pero no se canoniza automáticamente.",DIFERIDO_ENG_ONLY
health readiness engineering,Health & Readiness Engineering,Health & Readiness Engineering,1,3,ENG,1,ENG-069,ENCABEZADO;TERMINO_DESTACADO,0,CANDIDATO_ENG_REPETIDO,NO,NO_ASIGNADO,ENG_SUBORDINADO,,ENG-069,Sólo existe evidencia ENG; se conserva como evidencia técnica subordinada.,NO,DIFERIDO_ENG_ONLY,,,"Sólo posee evidencia ENG subordinada. Se conserva para compatibilidad/evolución, pero no se canoniza automáticamente.",DIFERIDO_ENG_ONLY
healthy,HEALTHY,HEALTHY; Healthy,2,6,ENG,4,ENG-016;ENG-025;ENG-069;ENG-075,CODIGO_INLINE;ENCABEZADO,0,CANDIDATO_ENG_REPETIDO,NO,NO_ASIGNADO,ENG_SUBORDINADO,,ENG-016;ENG-025;ENG-069;ENG-075,Sólo existe evidencia ENG; se conserva como evidencia técnica subordinada.,NO,DIFERIDO_ENG_ONLY,,,"Sólo posee evidencia ENG subordinada. Se conserva para compatibilidad/evolución, pero no se canoniza automáticamente.",DIFERIDO_ENG_ONLY
hidden dependency,Hidden Dependency,Hidden Dependency,1,3,ENG,3,ENG-018;ENG-060;ENG-075,ENCABEZADO,0,CANDIDATO_ENG_REPETIDO,NO,NO_ASIGNADO,ENG_SUBORDINADO,,ENG-018;ENG-060;ENG-075,Sólo existe evidencia ENG; se conserva como evidencia técnica subordinada.,NO,DIFERIDO_ENG_ONLY,,,"Sólo posee evidencia ENG subordinada. Se conserva para compatibilidad/evolución, pero no se canoniza automáticamente.",DIFERIDO_ENG_ONLY
hidden i o,Hidden I/O,Hidden I/O,1,3,ENG,2,ENG-035;ENG-037,ENCABEZADO,0,CANDIDATO_ENG_REPETIDO,NO,NO_ASIGNADO,ENG_SUBORDINADO,,ENG-035;ENG-037,Sólo existe evidencia ENG; se conserva como evidencia técnica subordinada.,NO,DIFERIDO_ENG_ONLY,,,"Sólo posee evidencia ENG subordinada. Se conserva para compatibilidad/evolución, pero no se canoniza automáticamente.",DIFERIDO_ENG_ONLY
high cardinality,High Cardinality,High Cardinality,1,9,ENG,8,ENG-025;ENG-030;ENG-040;ENG-042;ENG-055;ENG-057;ENG-058;ENG-059,ENCABEZADO,0,CANDIDATO_ENG_REPETIDO,NO,NO_ASIGNADO,ENG_SUBORDINADO,,ENG-025;ENG-030;ENG-040;ENG-042;ENG-055;ENG-057;ENG-058;ENG-059,Sólo existe evidencia ENG; se conserva como evidencia técnica subordinada.,NO,DIFERIDO_ENG_ONLY,,,"Sólo posee evidencia ENG subordinada. Se conserva para compatibilidad/evolución, pero no se canoniza automáticamente.",DIFERIDO_ENG_ONLY
host,Host,Host,1,3,ENG,1,ENG-029,CODIGO_INLINE;DEFINICION_EXPLICITA;ENCABEZADO,1,CANDIDATO_ENG_DEFINIDO,NO,NO_ASIGNADO,ENG_SUBORDINADO,,ENG-029,Sólo existe evidencia ENG; se conserva como evidencia técnica subordinada.,NO,DIFERIDO_ENG_ONLY,,,"Sólo posee evidencia ENG subordinada. Se conserva para compatibilidad/evolución, pero no se canoniza automáticamente.",DIFERIDO_ENG_ONLY
hot partition,Hot Partition,Hot Partition,1,4,ENG,3,ENG-041;ENG-064;ENG-072,ENCABEZADO,0,CANDIDATO_ENG_REPETIDO,NO,NO_ASIGNADO,ENG_SUBORDINADO,,ENG-041;ENG-064;ENG-072,Sólo existe evidencia ENG; se conserva como evidencia técnica subordinada.,NO,DIFERIDO_ENG_ONLY,,,"Sólo posee evidencia ENG subordinada. Se conserva para compatibilidad/evolución, pero no se canoniza automáticamente.",DIFERIDO_ENG_ONLY
hot path,Hot Path,Hot Path; Hot Paths,2,3,ENG,3,ENG-025;ENG-026;ENG-070,ENCABEZADO,0,CANDIDATO_ENG_REPETIDO,NO,NO_ASIGNADO,ENG_SUBORDINADO,,ENG-025;ENG-026;ENG-070,Sólo existe evidencia ENG; se conserva como evidencia técnica subordinada.,NO,DIFERIDO_ENG_ONLY,,Hot Paths,"Sólo posee evidencia ENG subordinada. Se conserva para compatibilidad/evolución, pero no se canoniza automáticamente.",DIFERIDO_ENG_ONLY
human readability,Human Readability,Human Readability,1,3,ENG,3,ENG-010;ENG-011;ENG-031,ENCABEZADO,0,CANDIDATO_ENG_REPETIDO,NO,NO_ASIGNADO,ENG_SUBORDINADO,,ENG-010;ENG-011;ENG-031,Sólo existe evidencia ENG; se conserva como evidencia técnica subordinada.,NO,DIFERIDO_ENG_ONLY,,,"Sólo posee evidencia ENG subordinada. Se conserva para compatibilidad/evolución, pero no se canoniza automáticamente.",DIFERIDO_ENG_ONLY
human review,Human Review,Human Review,1,3,ENG,3,ENG-009;ENG-017;ENG-021,ENCABEZADO,0,CANDIDATO_ENG_REPETIDO,NO,NO_ASIGNADO,ENG_SUBORDINADO,,ENG-009;ENG-017;ENG-021,Sólo existe evidencia ENG; se conserva como evidencia técnica subordinada.,NO,DIFERIDO_ENG_ONLY,,,"Sólo posee evidencia ENG subordinada. Se conserva para compatibilidad/evolución, pero no se canoniza automáticamente.",DIFERIDO_ENG_ONLY
iam integration,IAM Integration,IAM Integration,1,7,ENG,7,ENG-048;ENG-049;ENG-050;ENG-051;ENG-052;ENG-053;ENG-054,ENCABEZADO,0,CANDIDATO_ENG_REPETIDO,NO,NO_ASIGNADO,ENG_SUBORDINADO,,ENG-048;ENG-049;ENG-050;ENG-051;ENG-052;ENG-053;ENG-054,Sólo existe evidencia ENG; se conserva como evidencia técnica subordinada.,NO,DIFERIDO_ENG_ONLY,,,"Sólo posee evidencia ENG subordinada. Se conserva para compatibilidad/evolución, pero no se canoniza automáticamente.",DIFERIDO_ENG_ONLY
idempotency,Idempotency,Idempotency,1,13,ENG,11,ENG-013;ENG-021;ENG-022;ENG-032;ENG-034;ENG-038;ENG-039;ENG-040;ENG-041;ENG-044;ENG-061,CODIGO_INLINE;DEFINICION_EXPLICITA;ENCABEZADO,1,CANDIDATO_ENG_DEFINIDO,NO,NO_ASIGNADO,ENG_SUBORDINADO,,ENG-013;ENG-021;ENG-022;ENG-032;ENG-034;ENG-038;ENG-039;ENG-040;ENG-041;ENG-044;ENG-061,Sólo existe evidencia ENG; se conserva como evidencia técnica subordinada.,NO,DIFERIDO_ENG_ONLY,,,"Sólo posee evidencia ENG subordinada. Se conserva para compatibilidad/evolución, pero no se canoniza automáticamente.",DIFERIDO_ENG_ONLY
idempotency expiration,Idempotency Expiration,Idempotency Expiration,1,3,ENG,3,ENG-032;ENG-038;ENG-044,ENCABEZADO,0,CANDIDATO_ENG_REPETIDO,NO,NO_ASIGNADO,ENG_SUBORDINADO,,ENG-032;ENG-038;ENG-044,Sólo existe evidencia ENG; se conserva como evidencia técnica subordinada.,NO,DIFERIDO_ENG_ONLY,,,"Sólo posee evidencia ENG subordinada. Se conserva para compatibilidad/evolución, pero no se canoniza automáticamente.",DIFERIDO_ENG_ONLY
idempotency key,Idempotency Key,Idempotency Key,1,8,ENG,8,ENG-022;ENG-032;ENG-034;ENG-039;ENG-040;ENG-041;ENG-044;ENG-052,ENCABEZADO,0,CANDIDATO_ENG_REPETIDO,NO,NO_ASIGNADO,ENG_SUBORDINADO,,ENG-022;ENG-032;ENG-034;ENG-039;ENG-040;ENG-041;ENG-044;ENG-052,Sólo existe evidencia ENG; se conserva como evidencia técnica subordinada.,NO,DIFERIDO_ENG_ONLY,,,"Sólo posee evidencia ENG subordinada. Se conserva para compatibilidad/evolución, pero no se canoniza automáticamente.",DIFERIDO_ENG_ONLY
idempotency scope,Idempotency Scope,Idempotency Scope,1,3,ENG,3,ENG-032;ENG-040;ENG-044,ENCABEZADO,0,CANDIDATO_ENG_REPETIDO,NO,NO_ASIGNADO,ENG_SUBORDINADO,,ENG-032;ENG-040;ENG-044,Sólo existe evidencia ENG; se conserva como evidencia técnica subordinada.,NO,DIFERIDO_ENG_ONLY,,,"Sólo posee evidencia ENG subordinada. Se conserva para compatibilidad/evolución, pero no se canoniza automáticamente.",DIFERIDO_ENG_ONLY
idempotency store,Idempotency Store,Idempotency Store,1,4,ENG,4,ENG-034;ENG-037;ENG-038;ENG-040,ENCABEZADO,0,CANDIDATO_ENG_REPETIDO,NO,NO_ASIGNADO,ENG_SUBORDINADO,,ENG-034;ENG-037;ENG-038;ENG-040,Sólo existe evidencia ENG; se conserva como evidencia técnica subordinada.,NO,DIFERIDO_ENG_ONLY,,,"Sólo posee evidencia ENG subordinada. Se conserva para compatibilidad/evolución, pero no se canoniza automáticamente.",DIFERIDO_ENG_ONLY
idempotency test,Idempotency Test,Idempotency Test,1,8,ENG,8,ENG-022;ENG-032;ENG-034;ENG-040;ENG-041;ENG-044;ENG-052;ENG-065,ENCABEZADO,0,CANDIDATO_ENG_REPETIDO,NO,NO_ASIGNADO,ENG_SUBORDINADO,,ENG-022;ENG-032;ENG-034;ENG-040;ENG-041;ENG-044;ENG-052;ENG-065,Sólo existe evidencia ENG; se conserva como evidencia técnica subordinada.,NO,DIFERIDO_ENG_ONLY,,,"Sólo posee evidencia ENG subordinada. Se conserva para compatibilidad/evolución, pero no se canoniza automáticamente.",DIFERIDO_ENG_ONLY
identidad,Identidad,Identidad,1,3,ENG,2,ENG-002;ENG-003,ENCABEZADO;TABLA_COLUMNA_PRINCIPAL,0,CANDIDATO_ENG_REPETIDO,NO,NO_ASIGNADO,ENG_SUBORDINADO,,ENG-002;ENG-003,Sólo existe evidencia ENG; se conserva como evidencia técnica subordinada.,NO,DIFERIDO_ENG_ONLY,,,"Sólo posee evidencia ENG subordinada. Se conserva para compatibilidad/evolución, pero no se canoniza automáticamente.",DIFERIDO_ENG_ONLY
identity,Identity,Identity,1,6,ENG,3,ENG-024;ENG-045;ENG-047,CODIGO_INLINE;DEFINICION_EXPLICITA;ENCABEZADO,1,CANDIDATO_ENG_DEFINIDO,NO,NO_ASIGNADO,ENG_SUBORDINADO,,ENG-024;ENG-045;ENG-047,Sólo existe evidencia ENG; se conserva como evidencia técnica subordinada.,NO,DIFERIDO_ENG_ONLY,,,"Sólo posee evidencia ENG subordinada. Se conserva para compatibilidad/evolución, pero no se canoniza automáticamente.",DIFERIDO_ENG_ONLY
identity map,Identity Map,Identity Map,1,3,ENG,2,ENG-037;ENG-043,CODIGO_INLINE;ENCABEZADO,0,CANDIDATO_ENG_REPETIDO,NO,NO_ASIGNADO,ENG_SUBORDINADO,,ENG-037;ENG-043,Sólo existe evidencia ENG; se conserva como evidencia técnica subordinada.,NO,DIFERIDO_ENG_ONLY,,,"Sólo posee evidencia ENG subordinada. Se conserva para compatibilidad/evolución, pero no se canoniza automáticamente.",DIFERIDO_ENG_ONLY
identity type,Identity Types,Identity Types,1,3,ENG,3,ENG-024;ENG-045;ENG-047,ENCABEZADO,0,CANDIDATO_ENG_REPETIDO,NO,NO_ASIGNADO,ENG_SUBORDINADO,,ENG-024;ENG-045;ENG-047,Sólo existe evidencia ENG; se conserva como evidencia técnica subordinada.,NO,DIFERIDO_ENG_ONLY,,,"Sólo posee evidencia ENG subordinada. Se conserva para compatibilidad/evolución, pero no se canoniza automáticamente.",DIFERIDO_ENG_ONLY
immediate retry,Immediate Retry,Immediate Retry,1,3,ENG,3,ENG-038;ENG-039;ENG-041,ENCABEZADO,0,CANDIDATO_ENG_REPETIDO,NO,NO_ASIGNADO,ENG_SUBORDINADO,,ENG-038;ENG-039;ENG-041,Sólo existe evidencia ENG; se conserva como evidencia técnica subordinada.,NO,DIFERIDO_ENG_ONLY,,,"Sólo posee evidencia ENG subordinada. Se conserva para compatibilidad/evolución, pero no se canoniza automáticamente.",DIFERIDO_ENG_ONLY
impact analysis,Impact Analysis,Impact Analysis,1,3,ENG,3,ENG-020;ENG-021;ENG-028,ENCABEZADO,0,CANDIDATO_ENG_REPETIDO,NO,NO_ASIGNADO,ENG_SUBORDINADO,,ENG-020;ENG-021;ENG-028,Sólo existe evidencia ENG; se conserva como evidencia técnica subordinada.,NO,DIFERIDO_ENG_ONLY,,,"Sólo posee evidencia ENG subordinada. Se conserva para compatibilidad/evolución, pero no se canoniza automáticamente.",DIFERIDO_ENG_ONLY
impersonation,Impersonation,Impersonation,1,3,ENG,3,ENG-040;ENG-045;ENG-056,ENCABEZADO,0,CANDIDATO_ENG_REPETIDO,NO,NO_ASIGNADO,ENG_SUBORDINADO,,ENG-040;ENG-045;ENG-056,Sólo existe evidencia ENG; se conserva como evidencia técnica subordinada.,NO,DIFERIDO_ENG_ONLY,,,"Sólo posee evidencia ENG subordinada. Se conserva para compatibilidad/evolución, pero no se canoniza automáticamente.",DIFERIDO_ENG_ONLY
implementation,implementations,Implementation; implementations,2,3,ENG,2,ENG-020;ENG-021,CODIGO_INLINE;ENCABEZADO,0,CANDIDATO_ENG_REPETIDO,NO,NO_ASIGNADO,ENG_SUBORDINADO,,ENG-020;ENG-021,Sólo existe evidencia ENG; se conserva como evidencia técnica subordinada.,NO,DIFERIDO_ENG_ONLY,,Implementation,"Sólo posee evidencia ENG subordinada. Se conserva para compatibilidad/evolución, pero no se canoniza automáticamente.",DIFERIDO_ENG_ONLY
implementation independence,Implementation Independence,Implementation Independence,1,3,ENG,3,ENG-015;ENG-018;ENG-021,ENCABEZADO,0,CANDIDATO_ENG_REPETIDO,NO,NO_ASIGNADO,ENG_SUBORDINADO,,ENG-015;ENG-018;ENG-021,Sólo existe evidencia ENG; se conserva como evidencia técnica subordinada.,NO,DIFERIDO_ENG_ONLY,,,"Sólo posee evidencia ENG subordinada. Se conserva para compatibilidad/evolución, pero no se canoniza automáticamente.",DIFERIDO_ENG_ONLY
inbox pattern,Inbox Pattern,Inbox Pattern,1,3,ENG,3,ENG-022;ENG-030;ENG-041,ENCABEZADO,0,CANDIDATO_ENG_REPETIDO,NO,NO_ASIGNADO,ENG_SUBORDINADO,,ENG-022;ENG-030;ENG-041,Sólo existe evidencia ENG; se conserva como evidencia técnica subordinada.,NO,DIFERIDO_ENG_ONLY,,,"Sólo posee evidencia ENG subordinada. Se conserva para compatibilidad/evolución, pero no se canoniza automáticamente.",DIFERIDO_ENG_ONLY
infinite retry,Infinite Retry,Infinite Retry,1,5,ENG,5,ENG-022;ENG-030;ENG-032;ENG-039;ENG-040,ENCABEZADO,0,CANDIDATO_ENG_REPETIDO,NO,NO_ASIGNADO,ENG_SUBORDINADO,,ENG-022;ENG-030;ENG-032;ENG-039;ENG-040,Sólo existe evidencia ENG; se conserva como evidencia técnica subordinada.,NO,DIFERIDO_ENG_ONLY,,,"Sólo posee evidencia ENG subordinada. Se conserva para compatibilidad/evolución, pero no se canoniza automáticamente.",DIFERIDO_ENG_ONLY
instrumentation,Instrumentation,Instrumentation,1,2,ENG,1,ENG-025,DEFINICION_EXPLICITA;ENCABEZADO,1,CANDIDATO_ENG_DEFINIDO,NO,NO_ASIGNADO,ENG_SUBORDINADO,,ENG-025,Sólo existe evidencia ENG; se conserva como evidencia técnica subordinada.,NO,DIFERIDO_ENG_ONLY,,,"Sólo posee evidencia ENG subordinada. Se conserva para compatibilidad/evolución, pero no se canoniza automáticamente.",DIFERIDO_ENG_ONLY
integration,Integration,Integration,1,2,ENG,1,ENG-061,CODIGO_INLINE;DEFINICION_EXPLICITA,1,CANDIDATO_ENG_DEFINIDO,NO,NO_ASIGNADO,ENG_SUBORDINADO,,ENG-061,Sólo existe evidencia ENG; se conserva como evidencia técnica subordinada.,NO,DIFERIDO_ENG_ONLY,,,"Sólo posee evidencia ENG subordinada. Se conserva para compatibilidad/evolución, pero no se canoniza automáticamente.",DIFERIDO_ENG_ONLY
integration event,Integration Event,Integration Event,1,3,ENG,3,ENG-022;ENG-035;ENG-041,ENCABEZADO,0,CANDIDATO_ENG_REPETIDO,NO,NO_ASIGNADO,ENG_SUBORDINADO,,ENG-022;ENG-035;ENG-041,Sólo existe evidencia ENG; se conserva como evidencia técnica subordinada.,NO,DIFERIDO_ENG_ONLY,,,"Sólo posee evidencia ENG subordinada. Se conserva para compatibilidad/evolución, pero no se canoniza automáticamente.",DIFERIDO_ENG_ONLY
integration test,Integration Test,Integration Test; Integration Tests,2,4,ENG,4,ENG-009;ENG-030;ENG-032;ENG-034,ENCABEZADO,0,CANDIDATO_ENG_REPETIDO,NO,NO_ASIGNADO,ENG_SUBORDINADO,,ENG-009;ENG-030;ENG-032;ENG-034,Sólo existe evidencia ENG; se conserva como evidencia técnica subordinada.,NO,DIFERIDO_ENG_ONLY,,Integration Tests,"Sólo posee evidencia ENG subordinada. Se conserva para compatibilidad/evolución, pero no se canoniza automáticamente.",DIFERIDO_ENG_ONLY
integrity,Integrity,Integrity,1,5,ENG,5,ENG-024;ENG-084;ENG-085;ENG-092;ENG-094,DEFINICION_EXPLICITA;ENCABEZADO,2,CANDIDATO_ENG_DEFINIDO,NO,NO_ASIGNADO,ENG_SUBORDINADO,,ENG-024;ENG-084;ENG-085;ENG-092;ENG-094,Sólo existe evidencia ENG; se conserva como evidencia técnica subordinada.,NO,DIFERIDO_ENG_ONLY,,,"Sólo posee evidencia ENG subordinada. Se conserva para compatibilidad/evolución, pero no se canoniza automáticamente.",DIFERIDO_ENG_ONLY
integrity verification,Integrity Verification,Integrity Verification,1,3,ENG,3,ENG-013;ENG-079;ENG-093,ENCABEZADO,0,CANDIDATO_ENG_REPETIDO,NO,NO_ASIGNADO,ENG_SUBORDINADO,,ENG-013;ENG-079;ENG-093,Sólo existe evidencia ENG; se conserva como evidencia técnica subordinada.,NO,DIFERIDO_ENG_ONLY,,,"Sólo posee evidencia ENG subordinada. Se conserva para compatibilidad/evolución, pero no se canoniza automáticamente.",DIFERIDO_ENG_ONLY
interface,Interface,Interface,1,2,ENG,2,ENG-005;ENG-033,CODIGO_INLINE;DEFINICION_EXPLICITA,1,CANDIDATO_ENG_DEFINIDO,NO,NO_ASIGNADO,ENG_SUBORDINADO,,ENG-005;ENG-033,Sólo existe evidencia ENG; se conserva como evidencia técnica subordinada.,NO,DIFERIDO_ENG_ONLY,,,"Sólo posee evidencia ENG subordinada. Se conserva para compatibilidad/evolución, pero no se canoniza automáticamente.",DIFERIDO_ENG_ONLY
internal event,Internal Event,Internal Event; Internal Events,2,3,ENG,3,ENG-022;ENG-028;ENG-041,ENCABEZADO,0,CANDIDATO_ENG_REPETIDO,NO,NO_ASIGNADO,ENG_SUBORDINADO,,ENG-022;ENG-028;ENG-041,Sólo existe evidencia ENG; se conserva como evidencia técnica subordinada.,NO,DIFERIDO_ENG_ONLY,,Internal Events,"Sólo posee evidencia ENG subordinada. Se conserva para compatibilidad/evolución, pero no se canoniza automáticamente.",DIFERIDO_ENG_ONLY
interoperability,Interoperability,Interoperability,1,8,ENG,3,ENG-031;ENG-061;ENG-094,CODIGO_INLINE;DEFINICION_EXPLICITA;ENCABEZADO,3,CANDIDATO_ENG_DEFINIDO,NO,NO_ASIGNADO,ENG_SUBORDINADO,,ENG-031;ENG-061;ENG-094,Sólo existe evidencia ENG; se conserva como evidencia técnica subordinada.,NO,DIFERIDO_ENG_ONLY,,,"Sólo posee evidencia ENG subordinada. Se conserva para compatibilidad/evolución, pero no se canoniza automáticamente.",DIFERIDO_ENG_ONLY
interoperability engineering,Interoperability Engineering,Interoperability Engineering,1,4,ENG,2,ENG-060;ENG-061,ENCABEZADO;TERMINO_DESTACADO,0,CANDIDATO_ENG_REPETIDO,NO,NO_ASIGNADO,ENG_SUBORDINADO,,ENG-060;ENG-061,Sólo existe evidencia ENG; se conserva como evidencia técnica subordinada.,NO,DIFERIDO_ENG_ONLY,,,"Sólo posee evidencia ENG subordinada. Se conserva para compatibilidad/evolución, pero no se canoniza automáticamente.",DIFERIDO_ENG_ONLY
invalid transition,Invalid Transition,Invalid Transition,1,13,ENG,13,ENG-015;ENG-020;ENG-027;ENG-035;ENG-040;ENG-047;ENG-048;ENG-050;ENG-051;ENG-052;ENG-053;ENG-055;ENG-079,ENCABEZADO,0,CANDIDATO_ENG_REPETIDO,NO,NO_ASIGNADO,ENG_SUBORDINADO,,ENG-015;ENG-020;ENG-027;ENG-035;ENG-040;ENG-047;ENG-048;ENG-050;ENG-051;ENG-052;ENG-053;ENG-055;ENG-079,Sólo existe evidencia ENG; se conserva como evidencia técnica subordinada.,NO,DIFERIDO_ENG_ONLY,,,"Sólo posee evidencia ENG subordinada. Se conserva para compatibilidad/evolución, pero no se canoniza automáticamente.",DIFERIDO_ENG_ONLY
invariant,Invariant,Invariant; Invariants,2,4,ENG,4,ENG-021;ENG-035;ENG-036;ENG-079,ENCABEZADO,0,CANDIDATO_ENG_REPETIDO,NO,NO_ASIGNADO,ENG_SUBORDINADO,,ENG-021;ENG-035;ENG-036;ENG-079,Sólo existe evidencia ENG; se conserva como evidencia técnica subordinada.,NO,DIFERIDO_ENG_ONLY,,Invariants,"Sólo posee evidencia ENG subordinada. Se conserva para compatibilidad/evolución, pero no se canoniza automáticamente.",DIFERIDO_ENG_ONLY
invariant de ingenieria,Invariantes de Ingeniería,Invariantes de Ingeniería,1,94,ENG,94,ENG-000;ENG-001;ENG-002;ENG-003;ENG-004;ENG-005;ENG-006;ENG-007;ENG-008;ENG-009;ENG-010;ENG-011;ENG-012;ENG-013;ENG-014;ENG-015;ENG-016;ENG-017;ENG-018;ENG-019;ENG-020;ENG-021;ENG-022;ENG-023;ENG-024;ENG-025;ENG-026;ENG-027;ENG-028;ENG-029;ENG-030;ENG-031;ENG-032;ENG-034;ENG-035;ENG-036;ENG-037;ENG-038;ENG-039;ENG-040;ENG-041;ENG-042;ENG-043;ENG-044;ENG-045;ENG-046;ENG-047;ENG-048;ENG-049;ENG-050;ENG-051;ENG-052;ENG-053;ENG-054;ENG-055;ENG-056;ENG-057;ENG-058;ENG-059;ENG-060;ENG-061;ENG-062;ENG-063;ENG-064;ENG-065;ENG-066;ENG-067;ENG-068;ENG-069;ENG-070;ENG-071;ENG-072;ENG-073;ENG-074;ENG-075;ENG-076;ENG-077;ENG-078;ENG-079;ENG-080;ENG-081;ENG-082;ENG-083;ENG-084;ENG-085;ENG-086;ENG-087;ENG-088;ENG-089;ENG-090;ENG-091;ENG-092;ENG-093;ENG-094,ENCABEZADO,0,CANDIDATO_ENG_REPETIDO,NO,NO_ASIGNADO,ENG_SUBORDINADO,,ENG-000;ENG-001;ENG-002;ENG-003;ENG-004;ENG-005;ENG-006;ENG-007;ENG-008;ENG-009;ENG-010;ENG-011;ENG-012;ENG-013;ENG-014;ENG-015;ENG-016;ENG-017;ENG-018;ENG-019;ENG-020;ENG-021;ENG-022;ENG-023;ENG-024;ENG-025;ENG-026;ENG-027;ENG-028;ENG-029;ENG-030;ENG-031;ENG-032;ENG-034;ENG-035;ENG-036;ENG-037;ENG-038;ENG-039;ENG-040;ENG-041;ENG-042;ENG-043;ENG-044;ENG-045;ENG-046;ENG-047;ENG-048;ENG-049;ENG-050;ENG-051;ENG-052;ENG-053;ENG-054;ENG-055;ENG-056;ENG-057;ENG-058;ENG-059;ENG-060;ENG-061;ENG-062;ENG-063;ENG-064;ENG-065;ENG-066;ENG-067;ENG-068;ENG-069;ENG-070;ENG-071;ENG-072;ENG-073;ENG-074;ENG-075;ENG-076;ENG-077;ENG-078;ENG-079;ENG-080;ENG-081;ENG-082;ENG-083;ENG-084;ENG-085;ENG-086;ENG-087;ENG-088;ENG-089;ENG-090;ENG-091;ENG-092;ENG-093;ENG-094,Sólo existe evidencia ENG; se conserva como evidencia técnica subordinada.,NO,DIFERIDO_ENG_ONLY,,,"Sólo posee evidencia ENG subordinada. Se conserva para compatibilidad/evolución, pero no se canoniza automáticamente.",DIFERIDO_ENG_ONLY
isolation,Isolation,Isolation,1,3,ENG,2,ENG-009;ENG-042,DEFINICION_EXPLICITA;ENCABEZADO,1,CANDIDATO_ENG_DEFINIDO,NO,NO_ASIGNADO,ENG_SUBORDINADO,,ENG-009;ENG-042,Sólo existe evidencia ENG; se conserva como evidencia técnica subordinada.,NO,DIFERIDO_ENG_ONLY,,,"Sólo posee evidencia ENG subordinada. Se conserva para compatibilidad/evolución, pero no se canoniza automáticamente.",DIFERIDO_ENG_ONLY
isolation level,Isolation Level,Isolation Level; Isolation Levels,2,5,ENG,5,ENG-030;ENG-038;ENG-042;ENG-060;ENG-068,ENCABEZADO,0,CANDIDATO_ENG_REPETIDO,NO,NO_ASIGNADO,ENG_SUBORDINADO,,ENG-030;ENG-038;ENG-042;ENG-060;ENG-068,Sólo existe evidencia ENG; se conserva como evidencia técnica subordinada.,NO,DIFERIDO_ENG_ONLY,,Isolation Levels,"Sólo posee evidencia ENG subordinada. Se conserva para compatibilidad/evolución, pero no se canoniza automáticamente.",DIFERIDO_ENG_ONLY
isolation test,Isolation Test,Isolation Test,1,7,ENG,7,ENG-028;ENG-029;ENG-030;ENG-042;ENG-056;ENG-060;ENG-068,ENCABEZADO,0,CANDIDATO_ENG_REPETIDO,NO,NO_ASIGNADO,ENG_SUBORDINADO,,ENG-028;ENG-029;ENG-030;ENG-042;ENG-056;ENG-060;ENG-068,Sólo existe evidencia ENG; se conserva como evidencia técnica subordinada.,NO,DIFERIDO_ENG_ONLY,,,"Sólo posee evidencia ENG subordinada. Se conserva para compatibilidad/evolución, pero no se canoniza automáticamente.",DIFERIDO_ENG_ONLY
jitter,Jitter,Jitter,1,6,ENG,5,ENG-022;ENG-032;ENG-038;ENG-039;ENG-069,CODIGO_INLINE;ENCABEZADO,0,CANDIDATO_ENG_REPETIDO,NO,NO_ASIGNADO,ENG_SUBORDINADO,,ENG-022;ENG-032;ENG-038;ENG-039;ENG-069,Sólo existe evidencia ENG; se conserva como evidencia técnica subordinada.,NO,DIFERIDO_ENG_ONLY,,,"Sólo posee evidencia ENG subordinada. Se conserva para compatibilidad/evolución, pero no se canoniza automáticamente.",DIFERIDO_ENG_ONLY
job,Job,Job,1,3,ENG,1,ENG-040,CODIGO_INLINE;ENCABEZADO,0,CANDIDATO_ENG_REPETIDO,NO,NO_ASIGNADO,ENG_SUBORDINADO,,ENG-040,Sólo existe evidencia ENG; se conserva como evidencia técnica subordinada.,NO,DIFERIDO_ENG_ONLY,,,"Sólo posee evidencia ENG subordinada. Se conserva para compatibilidad/evolución, pero no se canoniza automáticamente.",DIFERIDO_ENG_ONLY
json,JSON,JSON,1,3,ENG,3,ENG-003;ENG-011;ENG-044,ENCABEZADO;TERMINO_DESTACADO,0,CANDIDATO_ENG_REPETIDO,NO,NO_ASIGNADO,ENG_SUBORDINADO,,ENG-003;ENG-011;ENG-044,Sólo existe evidencia ENG; se conserva como evidencia técnica subordinada.,NO,DIFERIDO_ENG_ONLY,,,"Sólo posee evidencia ENG subordinada. Se conserva para compatibilidad/evolución, pero no se canoniza automáticamente.",DIFERIDO_ENG_ONLY
key rotation,Key Rotation,Key Rotation,1,3,ENG,3,ENG-017;ENG-024;ENG-045,ENCABEZADO,0,CANDIDATO_ENG_REPETIDO,NO,NO_ASIGNADO,ENG_SUBORDINADO,,ENG-017;ENG-024;ENG-045,Sólo existe evidencia ENG; se conserva como evidencia técnica subordinada.,NO,DIFERIDO_ENG_ONLY,,,"Sólo posee evidencia ENG subordinada. Se conserva para compatibilidad/evolución, pero no se canoniza automáticamente.",DIFERIDO_ENG_ONLY
kill switch,Kill Switch,Kill Switch; Kill Switches,2,3,ENG,2,ENG-011;ENG-050,ENCABEZADO,0,CANDIDATO_ENG_REPETIDO,NO,NO_ASIGNADO,ENG_SUBORDINADO,,ENG-011;ENG-050,Sólo existe evidencia ENG; se conserva como evidencia técnica subordinada.,NO,DIFERIDO_ENG_ONLY,,Kill Switches,"Sólo posee evidencia ENG subordinada. Se conserva para compatibilidad/evolución, pero no se canoniza automáticamente.",DIFERIDO_ENG_ONLY
la ingenieria,La Ingeniería,La Ingeniería,1,2,ENG,1,ENG-000,DEFINICION_EXPLICITA,2,CANDIDATO_ENG_DEFINIDO,NO,NO_ASIGNADO,ENG_SUBORDINADO,,ENG-000,Sólo existe evidencia ENG; se conserva como evidencia técnica subordinada.,NO,DIFERIDO_ENG_ONLY,,,"Sólo posee evidencia ENG subordinada. Se conserva para compatibilidad/evolución, pero no se canoniza automáticamente.",DIFERIDO_ENG_ONLY
latency,Latency,Latency,1,3,ENG,2,ENG-026;ENG-070,DEFINICION_EXPLICITA;ENCABEZADO,1,CANDIDATO_ENG_DEFINIDO,NO,NO_ASIGNADO,ENG_SUBORDINADO,,ENG-026;ENG-070,Sólo existe evidencia ENG; se conserva como evidencia técnica subordinada.,NO,DIFERIDO_ENG_ONLY,,,"Sólo posee evidencia ENG subordinada. Se conserva para compatibilidad/evolución, pero no se canoniza automáticamente.",DIFERIDO_ENG_ONLY
later component,Later Components,Later Components,1,53,ENG,53,ENG-038;ENG-040;ENG-041;ENG-042;ENG-043;ENG-044;ENG-045;ENG-046;ENG-047;ENG-048;ENG-049;ENG-050;ENG-051;ENG-052;ENG-053;ENG-054;ENG-055;ENG-056;ENG-057;ENG-058;ENG-059;ENG-060;ENG-061;ENG-062;ENG-063;ENG-064;ENG-065;ENG-066;ENG-067;ENG-068;ENG-069;ENG-070;ENG-071;ENG-072;ENG-073;ENG-074;ENG-075;ENG-076;ENG-077;ENG-078;ENG-079;ENG-080;ENG-081;ENG-082;ENG-083;ENG-084;ENG-085;ENG-088;ENG-090;ENG-091;ENG-092;ENG-093;ENG-094,ENCABEZADO,0,CANDIDATO_ENG_REPETIDO,NO,NO_ASIGNADO,ENG_SUBORDINADO,,ENG-038;ENG-040;ENG-041;ENG-042;ENG-043;ENG-044;ENG-045;ENG-046;ENG-047;ENG-048;ENG-049;ENG-050;ENG-051;ENG-052;ENG-053;ENG-054;ENG-055;ENG-056;ENG-057;ENG-058;ENG-059;ENG-060;ENG-061;ENG-062;ENG-063;ENG-064;ENG-065;ENG-066;ENG-067;ENG-068;ENG-069;ENG-070;ENG-071;ENG-072;ENG-073;ENG-074;ENG-075;ENG-076;ENG-077;ENG-078;ENG-079;ENG-080;ENG-081;ENG-082;ENG-083;ENG-084;ENG-085;ENG-088;ENG-090;ENG-091;ENG-092;ENG-093;ENG-094,Sólo existe evidencia ENG; se conserva como evidencia técnica subordinada.,NO,DIFERIDO_ENG_ONLY,,,"Sólo posee evidencia ENG subordinada. Se conserva para compatibilidad/evolución, pero no se canoniza automáticamente.",DIFERIDO_ENG_ONLY
latest,latest,Latest; latest,2,10,ENG,7,ENG-014;ENG-017;ENG-052;ENG-062;ENG-066;ENG-067;ENG-078,CODIGO_INLINE;ENCABEZADO,0,CANDIDATO_ENG_REPETIDO,NO,NO_ASIGNADO,ENG_SUBORDINADO,,ENG-014;ENG-017;ENG-052;ENG-062;ENG-066;ENG-067;ENG-078,Sólo existe evidencia ENG; se conserva como evidencia técnica subordinada.,NO,DIFERIDO_ENG_ONLY,,,"Sólo posee evidencia ENG subordinada. Se conserva para compatibilidad/evolución, pero no se canoniza automáticamente.",DIFERIDO_ENG_ONLY
lazy loading,Lazy Loading,Lazy Loading,1,3,ENG,3,ENG-026;ENG-035;ENG-043,ENCABEZADO,0,CANDIDATO_ENG_REPETIDO,NO,NO_ASIGNADO,ENG_SUBORDINADO,,ENG-026;ENG-035;ENG-043,Sólo existe evidencia ENG; se conserva como evidencia técnica subordinada.,NO,DIFERIDO_ENG_ONLY,,,"Sólo posee evidencia ENG subordinada. Se conserva para compatibilidad/evolución, pero no se canoniza automáticamente.",DIFERIDO_ENG_ONLY
lease,Lease,Lease,1,4,ENG,3,ENG-037;ENG-038;ENG-040,CODIGO_INLINE;ENCABEZADO,0,CANDIDATO_ENG_REPETIDO,NO,NO_ASIGNADO,ENG_SUBORDINADO,,ENG-037;ENG-038;ENG-040,Sólo existe evidencia ENG; se conserva como evidencia técnica subordinada.,NO,DIFERIDO_ENG_ONLY,,,"Sólo posee evidencia ENG subordinada. Se conserva para compatibilidad/evolución, pero no se canoniza automáticamente.",DIFERIDO_ENG_ONLY
lease expiration,Lease Expiration,Lease Expiration,1,3,ENG,3,ENG-038;ENG-040;ENG-054,ENCABEZADO,0,CANDIDATO_ENG_REPETIDO,NO,NO_ASIGNADO,ENG_SUBORDINADO,,ENG-038;ENG-040;ENG-054,Sólo existe evidencia ENG; se conserva como evidencia técnica subordinada.,NO,DIFERIDO_ENG_ONLY,,,"Sólo posee evidencia ENG subordinada. Se conserva para compatibilidad/evolución, pero no se canoniza automáticamente.",DIFERIDO_ENG_ONLY
lease renewal,Lease Renewal,Lease Renewal,1,3,ENG,3,ENG-038;ENG-040;ENG-054,ENCABEZADO,0,CANDIDATO_ENG_REPETIDO,NO,NO_ASIGNADO,ENG_SUBORDINADO,,ENG-038;ENG-040;ENG-054,Sólo existe evidencia ENG; se conserva como evidencia técnica subordinada.,NO,DIFERIDO_ENG_ONLY,,,"Sólo posee evidencia ENG subordinada. Se conserva para compatibilidad/evolución, pero no se canoniza automáticamente.",DIFERIDO_ENG_ONLY
least privilege,Least Privilege,Least Privilege,1,13,ENG,13,ENG-017;ENG-024;ENG-029;ENG-041;ENG-046;ENG-049;ENG-050;ENG-051;ENG-060;ENG-065;ENG-067;ENG-081;ENG-082,ENCABEZADO,0,CANDIDATO_ENG_REPETIDO,NO,NO_ASIGNADO,ENG_SUBORDINADO,,ENG-017;ENG-024;ENG-029;ENG-041;ENG-046;ENG-049;ENG-050;ENG-051;ENG-060;ENG-065;ENG-067;ENG-081;ENG-082,Sólo existe evidencia ENG; se conserva como evidencia técnica subordinada.,NO,DIFERIDO_ENG_ONLY,,,"Sólo posee evidencia ENG subordinada. Se conserva para compatibilidad/evolución, pero no se canoniza automáticamente.",DIFERIDO_ENG_ONLY
lifecycle,Lifecycle,Lifecycle,1,3,ENG,2,ENG-051;ENG-055,CODIGO_INLINE;ENCABEZADO,0,CANDIDATO_ENG_REPETIDO,NO,NO_ASIGNADO,ENG_SUBORDINADO,,ENG-051;ENG-055,Sólo existe evidencia ENG; se conserva como evidencia técnica subordinada.,NO,DIFERIDO_ENG_ONLY,,,"Sólo posee evidencia ENG subordinada. Se conserva para compatibilidad/evolución, pero no se canoniza automáticamente.",DIFERIDO_ENG_ONLY
lifecycle context,Lifecycle Context,Lifecycle Context,1,3,ENG,3,ENG-028;ENG-055;ENG-056,ENCABEZADO,0,CANDIDATO_ENG_REPETIDO,NO,NO_ASIGNADO,ENG_SUBORDINADO,,ENG-028;ENG-055;ENG-056,Sólo existe evidencia ENG; se conserva como evidencia técnica subordinada.,NO,DIFERIDO_ENG_ONLY,,,"Sólo posee evidencia ENG subordinada. Se conserva para compatibilidad/evolución, pero no se canoniza automáticamente.",DIFERIDO_ENG_ONLY
lifecycle hook,Lifecycle Hooks,Lifecycle Hook; Lifecycle Hooks,2,3,ENG,3,ENG-003;ENG-005;ENG-055,ENCABEZADO,0,CANDIDATO_ENG_REPETIDO,NO,NO_ASIGNADO,ENG_SUBORDINADO,,ENG-003;ENG-005;ENG-055,Sólo existe evidencia ENG; se conserva como evidencia técnica subordinada.,NO,DIFERIDO_ENG_ONLY,,Lifecycle Hook,"Sólo posee evidencia ENG subordinada. Se conserva para compatibilidad/evolución, pero no se canoniza automáticamente.",DIFERIDO_ENG_ONLY
lifecycle integration,Lifecycle Integration,Lifecycle Integration,1,5,ENG,5,ENG-056;ENG-065;ENG-067;ENG-068;ENG-073,ENCABEZADO,0,CANDIDATO_ENG_REPETIDO,NO,NO_ASIGNADO,ENG_SUBORDINADO,,ENG-056;ENG-065;ENG-067;ENG-068;ENG-073,Sólo existe evidencia ENG; se conserva como evidencia técnica subordinada.,NO,DIFERIDO_ENG_ONLY,,,"Sólo posee evidencia ENG subordinada. Se conserva para compatibilidad/evolución, pero no se canoniza automáticamente.",DIFERIDO_ENG_ONLY
lifecycle management engineering,Lifecycle Management Engineering,Lifecycle Management Engineering,1,5,ENG,2,ENG-054;ENG-055,CODIGO_INLINE;ENCABEZADO;TERMINO_DESTACADO,0,CANDIDATO_ENG_REPETIDO,NO,NO_ASIGNADO,ENG_SUBORDINADO,,ENG-054;ENG-055,Sólo existe evidencia ENG; se conserva como evidencia técnica subordinada.,NO,DIFERIDO_ENG_ONLY,,,"Sólo posee evidencia ENG subordinada. Se conserva para compatibilidad/evolución, pero no se canoniza automáticamente.",DIFERIDO_ENG_ONLY
lifecycle orchestration,Lifecycle Orchestration,Lifecycle Orchestration,1,3,ENG,3,ENG-090;ENG-091;ENG-094,ENCABEZADO,0,CANDIDATO_ENG_REPETIDO,NO,NO_ASIGNADO,ENG_SUBORDINADO,,ENG-090;ENG-091;ENG-094,Sólo existe evidencia ENG; se conserva como evidencia técnica subordinada.,NO,DIFERIDO_ENG_ONLY,,,"Sólo posee evidencia ENG subordinada. Se conserva para compatibilidad/evolución, pero no se canoniza automáticamente.",DIFERIDO_ENG_ONLY
lifecycle state,Lifecycle State,Lifecycle State,1,2,ENG,1,ENG-055,DEFINICION_EXPLICITA;ENCABEZADO,1,CANDIDATO_ENG_DEFINIDO,NO,NO_ASIGNADO,ENG_SUBORDINADO,,ENG-055,Sólo existe evidencia ENG; se conserva como evidencia técnica subordinada.,NO,DIFERIDO_ENG_ONLY,,,"Sólo posee evidencia ENG subordinada. Se conserva para compatibilidad/evolución, pero no se canoniza automáticamente.",DIFERIDO_ENG_ONLY
lifecycle test,Lifecycle Test,Lifecycle Test; Lifecycle Tests,2,5,ENG,5,ENG-009;ENG-028;ENG-029;ENG-053;ENG-060,ENCABEZADO,0,CANDIDATO_ENG_REPETIDO,NO,NO_ASIGNADO,ENG_SUBORDINADO,,ENG-009;ENG-028;ENG-029;ENG-053;ENG-060,Sólo existe evidencia ENG; se conserva como evidencia técnica subordinada.,NO,DIFERIDO_ENG_ONLY,,Lifecycle Tests,"Sólo posee evidencia ENG subordinada. Se conserva para compatibilidad/evolución, pero no se canoniza automáticamente.",DIFERIDO_ENG_ONLY
lifecycle transition,Lifecycle Transition,Lifecycle Transition,1,3,ENG,3,ENG-044;ENG-055;ENG-100,ENCABEZADO,0,CANDIDATO_ENG_REPETIDO,NO,NO_ASIGNADO,ENG_SUBORDINADO,,ENG-044;ENG-055;ENG-100,Sólo existe evidencia ENG; se conserva como evidencia técnica subordinada.,NO,DIFERIDO_ENG_ONLY,,,"Sólo posee evidencia ENG subordinada. Se conserva para compatibilidad/evolución, pero no se canoniza automáticamente.",DIFERIDO_ENG_ONLY
lineage,Lineage,Lineage,1,3,ENG,3,ENG-079;ENG-092;ENG-094,ENCABEZADO,0,CANDIDATO_ENG_REPETIDO,NO,NO_ASIGNADO,ENG_SUBORDINADO,,ENG-079;ENG-092;ENG-094,Sólo existe evidencia ENG; se conserva como evidencia técnica subordinada.,NO,DIFERIDO_ENG_ONLY,,,"Sólo posee evidencia ENG subordinada. Se conserva para compatibilidad/evolución, pero no se canoniza automáticamente.",DIFERIDO_ENG_ONLY
lineage activity,Lineage Activity,Lineage Activity,1,2,ENG,1,ENG-089,CODIGO_INLINE;DEFINICION_EXPLICITA,1,CANDIDATO_ENG_DEFINIDO,NO,NO_ASIGNADO,ENG_SUBORDINADO,,ENG-089,Sólo existe evidencia ENG; se conserva como evidencia técnica subordinada.,NO,DIFERIDO_ENG_ONLY,,,"Sólo posee evidencia ENG subordinada. Se conserva para compatibilidad/evolución, pero no se canoniza automáticamente.",DIFERIDO_ENG_ONLY
lineage agent,Lineage Agent,Lineage Agent,1,2,ENG,1,ENG-089,CODIGO_INLINE;DEFINICION_EXPLICITA,1,CANDIDATO_ENG_DEFINIDO,NO,NO_ASIGNADO,ENG_SUBORDINADO,,ENG-089,Sólo existe evidencia ENG; se conserva como evidencia técnica subordinada.,NO,DIFERIDO_ENG_ONLY,,,"Sólo posee evidencia ENG subordinada. Se conserva para compatibilidad/evolución, pero no se canoniza automáticamente.",DIFERIDO_ENG_ONLY
lineage entity,Lineage Entity,Lineage Entity,1,2,ENG,1,ENG-089,CODIGO_INLINE;DEFINICION_EXPLICITA,1,CANDIDATO_ENG_DEFINIDO,NO,NO_ASIGNADO,ENG_SUBORDINADO,,ENG-089,Sólo existe evidencia ENG; se conserva como evidencia técnica subordinada.,NO,DIFERIDO_ENG_ONLY,,,"Sólo posee evidencia ENG subordinada. Se conserva para compatibilidad/evolución, pero no se canoniza automáticamente.",DIFERIDO_ENG_ONLY
lineage graph,Lineage Graph,Lineage Graph,1,2,ENG,1,ENG-089,CODIGO_INLINE;DEFINICION_EXPLICITA,1,CANDIDATO_ENG_DEFINIDO,NO,NO_ASIGNADO,ENG_SUBORDINADO,,ENG-089,Sólo existe evidencia ENG; se conserva como evidencia técnica subordinada.,NO,DIFERIDO_ENG_ONLY,,,"Sólo posee evidencia ENG subordinada. Se conserva para compatibilidad/evolución, pero no se canoniza automáticamente.",DIFERIDO_ENG_ONLY
lineage integration,Lineage Integration,Lineage Integration,1,3,ENG,3,ENG-088;ENG-090;ENG-091,ENCABEZADO,0,CANDIDATO_ENG_REPETIDO,NO,NO_ASIGNADO,ENG_SUBORDINADO,,ENG-088;ENG-090;ENG-091,Sólo existe evidencia ENG; se conserva como evidencia técnica subordinada.,NO,DIFERIDO_ENG_ONLY,,,"Sólo posee evidencia ENG subordinada. Se conserva para compatibilidad/evolución, pero no se canoniza automáticamente.",DIFERIDO_ENG_ONLY
lineage path,Lineage Path,Lineage Path,1,2,ENG,1,ENG-089,CODIGO_INLINE;DEFINICION_EXPLICITA,1,CANDIDATO_ENG_DEFINIDO,NO,NO_ASIGNADO,ENG_SUBORDINADO,,ENG-089,Sólo existe evidencia ENG; se conserva como evidencia técnica subordinada.,NO,DIFERIDO_ENG_ONLY,,,"Sólo posee evidencia ENG subordinada. Se conserva para compatibilidad/evolución, pero no se canoniza automáticamente.",DIFERIDO_ENG_ONLY
liveness,Liveness,Liveness,1,11,ENG,10,ENG-015;ENG-025;ENG-039;ENG-049;ENG-051;ENG-053;ENG-054;ENG-055;ENG-067;ENG-069,CODIGO_INLINE;ENCABEZADO,0,CANDIDATO_ENG_REPETIDO,NO,NO_ASIGNADO,ENG_SUBORDINADO,,ENG-015;ENG-025;ENG-039;ENG-049;ENG-051;ENG-053;ENG-054;ENG-055;ENG-067;ENG-069,Sólo existe evidencia ENG; se conserva como evidencia técnica subordinada.,NO,DIFERIDO_ENG_ONLY,,,"Sólo posee evidencia ENG subordinada. Se conserva para compatibilidad/evolución, pero no se canoniza automáticamente.",DIFERIDO_ENG_ONLY
load shedding,Load Shedding,Load Shedding,1,11,ENG,10,ENG-026;ENG-032;ENG-039;ENG-040;ENG-044;ENG-054;ENG-064;ENG-070;ENG-071;ENG-073,CODIGO_INLINE;ENCABEZADO,0,CANDIDATO_ENG_REPETIDO,NO,NO_ASIGNADO,ENG_SUBORDINADO,,ENG-026;ENG-032;ENG-039;ENG-040;ENG-044;ENG-054;ENG-064;ENG-070;ENG-071;ENG-073,Sólo existe evidencia ENG; se conserva como evidencia técnica subordinada.,NO,DIFERIDO_ENG_ONLY,,,"Sólo posee evidencia ENG subordinada. Se conserva para compatibilidad/evolución, pero no se canoniza automáticamente.",DIFERIDO_ENG_ONLY
load test,Load Test,Load Test,1,6,ENG,5,ENG-026;ENG-040;ENG-042;ENG-043;ENG-070,ENCABEZADO,0,CANDIDATO_ENG_REPETIDO,NO,NO_ASIGNADO,ENG_SUBORDINADO,,ENG-026;ENG-040;ENG-042;ENG-043;ENG-070,Sólo existe evidencia ENG; se conserva como evidencia técnica subordinada.,NO,DIFERIDO_ENG_ONLY,,,"Sólo posee evidencia ENG subordinada. Se conserva para compatibilidad/evolución, pero no se canoniza automáticamente.",DIFERIDO_ENG_ONLY
locale,Locale,Locale,1,4,ENG,4,ENG-034;ENG-037;ENG-056;ENG-061,ENCABEZADO;TABLA_COLUMNA_PRINCIPAL,0,CANDIDATO_ENG_REPETIDO,NO,NO_ASIGNADO,ENG_SUBORDINADO,,ENG-034;ENG-037;ENG-056;ENG-061,Sólo existe evidencia ENG; se conserva como evidencia técnica subordinada.,NO,DIFERIDO_ENG_ONLY,,,"Sólo posee evidencia ENG subordinada. Se conserva para compatibilidad/evolución, pero no se canoniza automáticamente.",DIFERIDO_ENG_ONLY
localization,Localization,Localization,1,5,ENG,5,ENG-010;ENG-023;ENG-035;ENG-036;ENG-075,ENCABEZADO,0,CANDIDATO_ENG_REPETIDO,NO,NO_ASIGNADO,ENG_SUBORDINADO,,ENG-010;ENG-023;ENG-035;ENG-036;ENG-075,Sólo existe evidencia ENG; se conserva como evidencia técnica subordinada.,NO,DIFERIDO_ENG_ONLY,,,"Sólo posee evidencia ENG subordinada. Se conserva para compatibilidad/evolución, pero no se canoniza automáticamente.",DIFERIDO_ENG_ONLY
localization residency,Localization & Residency,Localization & Residency,1,4,ENG,4,ENG-090;ENG-091;ENG-094;ENG-100,ENCABEZADO,0,CANDIDATO_ENG_REPETIDO,NO,NO_ASIGNADO,ENG_SUBORDINADO,,ENG-090;ENG-091;ENG-094;ENG-100,Sólo existe evidencia ENG; se conserva como evidencia técnica subordinada.,NO,DIFERIDO_ENG_ONLY,,,"Sólo posee evidencia ENG subordinada. Se conserva para compatibilidad/evolución, pero no se canoniza automáticamente.",DIFERIDO_ENG_ONLY
lock,Lock,Lock,1,3,ENG,2,ENG-038;ENG-042,CODIGO_INLINE;ENCABEZADO,0,CANDIDATO_ENG_REPETIDO,NO,NO_ASIGNADO,ENG_SUBORDINADO,,ENG-038;ENG-042,Sólo existe evidencia ENG; se conserva como evidencia técnica subordinada.,NO,DIFERIDO_ENG_ONLY,,,"Sólo posee evidencia ENG subordinada. Se conserva para compatibilidad/evolución, pero no se canoniza automáticamente.",DIFERIDO_ENG_ONLY
lock scope,Lock Scope,Lock Scope,1,6,ENG,6,ENG-030;ENG-037;ENG-038;ENG-053;ENG-067;ENG-078,ENCABEZADO,0,CANDIDATO_ENG_REPETIDO,NO,NO_ASIGNADO,ENG_SUBORDINADO,,ENG-030;ENG-037;ENG-038;ENG-053;ENG-067;ENG-078,Sólo existe evidencia ENG; se conserva como evidencia técnica subordinada.,NO,DIFERIDO_ENG_ONLY,,,"Sólo posee evidencia ENG subordinada. Se conserva para compatibilidad/evolución, pero no se canoniza automáticamente.",DIFERIDO_ENG_ONLY
lock timeout,Lock Timeout,Lock Timeout,1,8,ENG,7,ENG-030;ENG-037;ENG-038;ENG-042;ENG-065;ENG-066;ENG-067,ENCABEZADO,0,CANDIDATO_ENG_REPETIDO,NO,NO_ASIGNADO,ENG_SUBORDINADO,,ENG-030;ENG-037;ENG-038;ENG-042;ENG-065;ENG-066;ENG-067,Sólo existe evidencia ENG; se conserva como evidencia técnica subordinada.,NO,DIFERIDO_ENG_ONLY,,,"Sólo posee evidencia ENG subordinada. Se conserva para compatibilidad/evolución, pero no se canoniza automáticamente.",DIFERIDO_ENG_ONLY
logging,Logging,Logging,1,20,ENG,19,ENG-007;ENG-010;ENG-011;ENG-013;ENG-015;ENG-017;ENG-018;ENG-019;ENG-020;ENG-021;ENG-022;ENG-031;ENG-061;ENG-063;ENG-082;ENG-091;ENG-092;ENG-093;ENG-094,ENCABEZADO;TERMINO_DESTACADO,0,CANDIDATO_ENG_REPETIDO,NO,NO_ASIGNADO,ENG_SUBORDINADO,,ENG-007;ENG-010;ENG-011;ENG-013;ENG-015;ENG-017;ENG-018;ENG-019;ENG-020;ENG-021;ENG-022;ENG-031;ENG-061;ENG-063;ENG-082;ENG-091;ENG-092;ENG-093;ENG-094,Sólo existe evidencia ENG; se conserva como evidencia técnica subordinada.,NO,DIFERIDO_ENG_ONLY,,,"Sólo posee evidencia ENG subordinada. Se conserva para compatibilidad/evolución, pero no se canoniza automáticamente.",DIFERIDO_ENG_ONLY
logging integration,Logging Integration,Logging Integration,1,4,ENG,4,ENG-016;ENG-017;ENG-023;ENG-025,ENCABEZADO,0,CANDIDATO_ENG_REPETIDO,NO,NO_ASIGNADO,ENG_SUBORDINADO,,ENG-016;ENG-017;ENG-023;ENG-025,Sólo existe evidencia ENG; se conserva como evidencia técnica subordinada.,NO,DIFERIDO_ENG_ONLY,,,"Sólo posee evidencia ENG subordinada. Se conserva para compatibilidad/evolución, pero no se canoniza automáticamente.",DIFERIDO_ENG_ONLY
logical isolation,Logical Isolation,Logical Isolation,1,3,ENG,3,ENG-024;ENG-028;ENG-029,ENCABEZADO,0,CANDIDATO_ENG_REPETIDO,NO,NO_ASIGNADO,ENG_SUBORDINADO,,ENG-024;ENG-028;ENG-029,Sólo existe evidencia ENG; se conserva como evidencia técnica subordinada.,NO,DIFERIDO_ENG_ONLY,,,"Sólo posee evidencia ENG subordinada. Se conserva para compatibilidad/evolución, pero no se canoniza automáticamente.",DIFERIDO_ENG_ONLY
logs,Logs,Logs,1,13,ENG,13,ENG-006;ENG-025;ENG-037;ENG-039;ENG-040;ENG-044;ENG-049;ENG-050;ENG-051;ENG-052;ENG-053;ENG-054;ENG-055,ENCABEZADO,0,CANDIDATO_ENG_REPETIDO,NO,NO_ASIGNADO,ENG_SUBORDINADO,,ENG-006;ENG-025;ENG-037;ENG-039;ENG-040;ENG-044;ENG-049;ENG-050;ENG-051;ENG-052;ENG-053;ENG-054;ENG-055,Sólo existe evidencia ENG; se conserva como evidencia técnica subordinada.,NO,DIFERIDO_ENG_ONLY,,,"Sólo posee evidencia ENG subordinada. Se conserva para compatibilidad/evolución, pero no se canoniza automáticamente.",DIFERIDO_ENG_ONLY
long transaction,Long Transaction,Long Transaction,1,5,ENG,4,ENG-030;ENG-034;ENG-042;ENG-054,ENCABEZADO,0,CANDIDATO_ENG_REPETIDO,NO,NO_ASIGNADO,ENG_SUBORDINADO,,ENG-030;ENG-034;ENG-042;ENG-054,Sólo existe evidencia ENG; se conserva como evidencia técnica subordinada.,NO,DIFERIDO_ENG_ONLY,,,"Sólo posee evidencia ENG subordinada. Se conserva para compatibilidad/evolución, pero no se canoniza automáticamente.",DIFERIDO_ENG_ONLY
lost update,Lost Update,Lost Update,1,7,ENG,5,ENG-030;ENG-038;ENG-042;ENG-052;ENG-078,ENCABEZADO,0,CANDIDATO_ENG_REPETIDO,NO,NO_ASIGNADO,ENG_SUBORDINADO,,ENG-030;ENG-038;ENG-042;ENG-052;ENG-078,Sólo existe evidencia ENG; se conserva como evidencia técnica subordinada.,NO,DIFERIDO_ENG_ONLY,,,"Sólo posee evidencia ENG subordinada. Se conserva para compatibilidad/evolución, pero no se canoniza automáticamente.",DIFERIDO_ENG_ONLY
machine output,Machine Output,Machine Output,1,15,ENG,15,ENG-013;ENG-014;ENG-018;ENG-020;ENG-022;ENG-023;ENG-024;ENG-025;ENG-026;ENG-027;ENG-028;ENG-029;ENG-030;ENG-031;ENG-032,ENCABEZADO,0,CANDIDATO_ENG_REPETIDO,NO,NO_ASIGNADO,ENG_SUBORDINADO,,ENG-013;ENG-014;ENG-018;ENG-020;ENG-022;ENG-023;ENG-024;ENG-025;ENG-026;ENG-027;ENG-028;ENG-029;ENG-030;ENG-031;ENG-032,Sólo existe evidencia ENG; se conserva como evidencia técnica subordinada.,NO,DIFERIDO_ENG_ONLY,,,"Sólo posee evidencia ENG subordinada. Se conserva para compatibilidad/evolución, pero no se canoniza automáticamente.",DIFERIDO_ENG_ONLY
machine readability,Machine Readability,Machine Readability,1,4,ENG,4,ENG-005;ENG-010;ENG-011;ENG-015,ENCABEZADO,0,CANDIDATO_ENG_REPETIDO,NO,NO_ASIGNADO,ENG_SUBORDINADO,,ENG-005;ENG-010;ENG-011;ENG-015,Sólo existe evidencia ENG; se conserva como evidencia técnica subordinada.,NO,DIFERIDO_ENG_ONLY,,,"Sólo posee evidencia ENG subordinada. Se conserva para compatibilidad/evolución, pero no se canoniza automáticamente.",DIFERIDO_ENG_ONLY
maintainability,Maintainability,Maintainability,1,4,ENG,1,ENG-075,CODIGO_INLINE;DEFINICION_EXPLICITA;ENCABEZADO,2,CANDIDATO_ENG_DEFINIDO,NO,NO_ASIGNADO,ENG_SUBORDINADO,,ENG-075,Sólo existe evidencia ENG; se conserva como evidencia técnica subordinada.,NO,DIFERIDO_ENG_ONLY,,,"Sólo posee evidencia ENG subordinada. Se conserva para compatibilidad/evolución, pero no se canoniza automáticamente.",DIFERIDO_ENG_ONLY
maintainability engineering,Maintainability Engineering,Maintainability Engineering,1,3,ENG,1,ENG-075,ENCABEZADO;TERMINO_DESTACADO,0,CANDIDATO_ENG_REPETIDO,NO,NO_ASIGNADO,ENG_SUBORDINADO,,ENG-075,Sólo existe evidencia ENG; se conserva como evidencia técnica subordinada.,NO,DIFERIDO_ENG_ONLY,,,"Sólo posee evidencia ENG subordinada. Se conserva para compatibilidad/evolución, pero no se canoniza automáticamente.",DIFERIDO_ENG_ONLY
maintenance test,Maintenance Test,Maintenance Test,1,3,ENG,3,ENG-069;ENG-071;ENG-073,ENCABEZADO,0,CANDIDATO_ENG_REPETIDO,NO,NO_ASIGNADO,ENG_SUBORDINADO,,ENG-069;ENG-071;ENG-073,Sólo existe evidencia ENG; se conserva como evidencia técnica subordinada.,NO,DIFERIDO_ENG_ONLY,,,"Sólo posee evidencia ENG subordinada. Se conserva para compatibilidad/evolución, pero no se canoniza automáticamente.",DIFERIDO_ENG_ONLY
manifest integration,Manifest Integration,Manifest Integration,1,4,ENG,4,ENG-007;ENG-017;ENG-020;ENG-021,ENCABEZADO,0,CANDIDATO_ENG_REPETIDO,NO,NO_ASIGNADO,ENG_SUBORDINADO,,ENG-007;ENG-017;ENG-020;ENG-021,Sólo existe evidencia ENG; se conserva como evidencia técnica subordinada.,NO,DIFERIDO_ENG_ONLY,,,"Sólo posee evidencia ENG subordinada. Se conserva para compatibilidad/evolución, pero no se canoniza automáticamente.",DIFERIDO_ENG_ONLY
manifest schema,Manifest Schema,Manifest Schema,1,2,ENG,2,ENG-009;ENG-060,DEFINICION_EXPLICITA;ENCABEZADO,1,CANDIDATO_ENG_DEFINIDO,NO,NO_ASIGNADO,ENG_SUBORDINADO,,ENG-009;ENG-060,Sólo existe evidencia ENG; se conserva como evidencia técnica subordinada.,NO,DIFERIDO_ENG_ONLY,,,"Sólo posee evidencia ENG subordinada. Se conserva para compatibilidad/evolución, pero no se canoniza automáticamente.",DIFERIDO_ENG_ONLY
manifest test,Manifest Test,Manifest Test,1,3,ENG,3,ENG-028;ENG-060;ENG-067,ENCABEZADO,0,CANDIDATO_ENG_REPETIDO,NO,NO_ASIGNADO,ENG_SUBORDINADO,,ENG-028;ENG-060;ENG-067,Sólo existe evidencia ENG; se conserva como evidencia técnica subordinada.,NO,DIFERIDO_ENG_ONLY,,,"Sólo posee evidencia ENG subordinada. Se conserva para compatibilidad/evolución, pero no se canoniza automáticamente.",DIFERIDO_ENG_ONLY
manifest validation,Manifest Validation,Manifest Validation,1,5,ENG,5,ENG-008;ENG-017;ENG-027;ENG-060;ENG-067,ENCABEZADO,0,CANDIDATO_ENG_REPETIDO,NO,NO_ASIGNADO,ENG_SUBORDINADO,,ENG-008;ENG-017;ENG-027;ENG-060;ENG-067,Sólo existe evidencia ENG; se conserva como evidencia técnica subordinada.,NO,DIFERIDO_ENG_ONLY,,,"Sólo posee evidencia ENG subordinada. Se conserva para compatibilidad/evolución, pero no se canoniza automáticamente.",DIFERIDO_ENG_ONLY
mapping,Mapping,Mapping,1,3,ENG,3,ENG-031;ENG-034;ENG-094,ENCABEZADO,0,CANDIDATO_ENG_REPETIDO,NO,NO_ASIGNADO,ENG_SUBORDINADO,,ENG-031;ENG-034;ENG-094,Sólo existe evidencia ENG; se conserva como evidencia técnica subordinada.,NO,DIFERIDO_ENG_ONLY,,,"Sólo posee evidencia ENG subordinada. Se conserva para compatibilidad/evolución, pero no se canoniza automáticamente.",DIFERIDO_ENG_ONLY
mass assignment,Mass Assignment,Mass Assignment,1,3,ENG,2,ENG-044;ENG-046,ENCABEZADO,0,CANDIDATO_ENG_REPETIDO,NO,NO_ASIGNADO,ENG_SUBORDINADO,,ENG-044;ENG-046,Sólo existe evidencia ENG; se conserva como evidencia técnica subordinada.,NO,DIFERIDO_ENG_ONLY,,,"Sólo posee evidencia ENG subordinada. Se conserva para compatibilidad/evolución, pero no se canoniza automáticamente.",DIFERIDO_ENG_ONLY
mef health,mef health,mef health,1,4,ENG,2,ENG-025;ENG-069,CODIGO_INLINE;ENCABEZADO,0,CANDIDATO_ENG_REPETIDO,NO,NO_ASIGNADO,ENG_SUBORDINADO,,ENG-025;ENG-069,Sólo existe evidencia ENG; se conserva como evidencia técnica subordinada.,NO,DIFERIDO_ENG_ONLY,,,"Sólo posee evidencia ENG subordinada. Se conserva para compatibilidad/evolución, pero no se canoniza automáticamente.",DIFERIDO_ENG_ONLY
memory,Memory,Memory,1,4,ENG,4,ENG-019;ENG-020;ENG-036;ENG-070,ENCABEZADO,0,CANDIDATO_ENG_REPETIDO,NO,NO_ASIGNADO,ENG_SUBORDINADO,,ENG-019;ENG-020;ENG-036;ENG-070,Sólo existe evidencia ENG; se conserva como evidencia técnica subordinada.,NO,DIFERIDO_ENG_ONLY,,,"Sólo posee evidencia ENG subordinada. Se conserva para compatibilidad/evolución, pero no se canoniza automáticamente.",DIFERIDO_ENG_ONLY
message,Message,Message; message,2,5,ENG,3,ENG-023;ENG-036;ENG-041,CODIGO_INLINE;ENCABEZADO,0,CANDIDATO_ENG_REPETIDO,NO,NO_ASIGNADO,ENG_SUBORDINADO,,ENG-023;ENG-036;ENG-041,Sólo existe evidencia ENG; se conserva como evidencia técnica subordinada.,NO,DIFERIDO_ENG_ONLY,,,"Sólo posee evidencia ENG subordinada. Se conserva para compatibilidad/evolución, pero no se canoniza automáticamente.",DIFERIDO_ENG_ONLY
messaging,Messaging,Messaging,1,4,ENG,2,ENG-041;ENG-077,CODIGO_INLINE;DEFINICION_EXPLICITA;ENCABEZADO,2,CANDIDATO_ENG_DEFINIDO,NO,NO_ASIGNADO,ENG_SUBORDINADO,,ENG-041;ENG-077,Sólo existe evidencia ENG; se conserva como evidencia técnica subordinada.,NO,DIFERIDO_ENG_ONLY,,,"Sólo posee evidencia ENG subordinada. Se conserva para compatibilidad/evolución, pero no se canoniza automáticamente.",DIFERIDO_ENG_ONLY
messaging engineering,Messaging Engineering,Messaging Engineering,1,3,ENG,2,ENG-040;ENG-041,ENCABEZADO;TERMINO_DESTACADO,0,CANDIDATO_ENG_REPETIDO,NO,NO_ASIGNADO,ENG_SUBORDINADO,,ENG-040;ENG-041,Sólo existe evidencia ENG; se conserva como evidencia técnica subordinada.,NO,DIFERIDO_ENG_ONLY,,,"Sólo posee evidencia ENG subordinada. Se conserva para compatibilidad/evolución, pero no se canoniza automáticamente.",DIFERIDO_ENG_ONLY
messaging integration,Messaging Integration,Messaging Integration,1,13,ENG,13,ENG-032;ENG-042;ENG-045;ENG-046;ENG-047;ENG-048;ENG-049;ENG-050;ENG-051;ENG-052;ENG-054;ENG-055;ENG-064,ENCABEZADO,0,CANDIDATO_ENG_REPETIDO,NO,NO_ASIGNADO,ENG_SUBORDINADO,,ENG-032;ENG-042;ENG-045;ENG-046;ENG-047;ENG-048;ENG-049;ENG-050;ENG-051;ENG-052;ENG-054;ENG-055;ENG-064,Sólo existe evidencia ENG; se conserva como evidencia técnica subordinada.,NO,DIFERIDO_ENG_ONLY,,,"Sólo posee evidencia ENG subordinada. Se conserva para compatibilidad/evolución, pero no se canoniza automáticamente.",DIFERIDO_ENG_ONLY
metadata,Metadata,Metadata; metadata,2,13,ENG,9,ENG-003;ENG-020;ENG-022;ENG-023;ENG-032;ENG-057;ENG-082;ENG-086;ENG-092,CODIGO_INLINE;DEFINICION_EXPLICITA;ENCABEZADO,2,CANDIDATO_ENG_DEFINIDO,NO,NO_ASIGNADO,ENG_SUBORDINADO,,ENG-003;ENG-020;ENG-022;ENG-023;ENG-032;ENG-057;ENG-082;ENG-086;ENG-092,Sólo existe evidencia ENG; se conserva como evidencia técnica subordinada.,NO,DIFERIDO_ENG_ONLY,,,"Sólo posee evidencia ENG subordinada. Se conserva para compatibilidad/evolución, pero no se canoniza automáticamente.",DIFERIDO_ENG_ONLY
metadata conflict,Metadata Conflict,Metadata Conflict,1,3,ENG,2,ENG-016;ENG-020,ENCABEZADO,0,CANDIDATO_ENG_REPETIDO,NO,NO_ASIGNADO,ENG_SUBORDINADO,,ENG-016;ENG-020,Sólo existe evidencia ENG; se conserva como evidencia técnica subordinada.,NO,DIFERIDO_ENG_ONLY,,,"Sólo posee evidencia ENG subordinada. Se conserva para compatibilidad/evolución, pero no se canoniza automáticamente.",DIFERIDO_ENG_ONLY
metadata engineering,Metadata Engineering,Metadata Engineering,1,5,ENG,2,ENG-056;ENG-057,CODIGO_INLINE;ENCABEZADO;TERMINO_DESTACADO,0,CANDIDATO_ENG_REPETIDO,NO,NO_ASIGNADO,ENG_SUBORDINADO,,ENG-056;ENG-057,Sólo existe evidencia ENG; se conserva como evidencia técnica subordinada.,NO,DIFERIDO_ENG_ONLY,,,"Sólo posee evidencia ENG subordinada. Se conserva para compatibilidad/evolución, pero no se canoniza automáticamente.",DIFERIDO_ENG_ONLY
metadata integration,Metadata Integration,Metadata Integration,1,3,ENG,3,ENG-090;ENG-091;ENG-094,ENCABEZADO,0,CANDIDATO_ENG_REPETIDO,NO,NO_ASIGNADO,ENG_SUBORDINADO,,ENG-090;ENG-091;ENG-094,Sólo existe evidencia ENG; se conserva como evidencia técnica subordinada.,NO,DIFERIDO_ENG_ONLY,,,"Sólo posee evidencia ENG subordinada. Se conserva para compatibilidad/evolución, pero no se canoniza automáticamente.",DIFERIDO_ENG_ONLY
metadata query,Metadata Query,Metadata Query; metadata:query,2,3,ENG,1,ENG-057,ENCABEZADO,0,CANDIDATO_ENG_REPETIDO,NO,NO_ASIGNADO,ENG_SUBORDINADO,,ENG-057,Sólo existe evidencia ENG; se conserva como evidencia técnica subordinada.,NO,DIFERIDO_ENG_ONLY,,metadata:query,"Sólo posee evidencia ENG subordinada. Se conserva para compatibilidad/evolución, pero no se canoniza automáticamente.",DIFERIDO_ENG_ONLY
metadata registry,Metadata Registry,Metadata Registry; Metadata ≠ Registry,2,3,ENG,1,ENG-057,ENCABEZADO,0,CANDIDATO_ENG_REPETIDO,NO,NO_ASIGNADO,ENG_SUBORDINADO,,ENG-057,Sólo existe evidencia ENG; se conserva como evidencia técnica subordinada.,NO,DIFERIDO_ENG_ONLY,,Metadata ≠ Registry,"Sólo posee evidencia ENG subordinada. Se conserva para compatibilidad/evolución, pero no se canoniza automáticamente.",DIFERIDO_ENG_ONLY
metadata validation,Metadata Validation,Metadata Validation,1,3,ENG,3,ENG-016;ENG-020;ENG-057,ENCABEZADO,0,CANDIDATO_ENG_REPETIDO,NO,NO_ASIGNADO,ENG_SUBORDINADO,,ENG-016;ENG-020;ENG-057,Sólo existe evidencia ENG; se conserva como evidencia técnica subordinada.,NO,DIFERIDO_ENG_ONLY,,,"Sólo posee evidencia ENG subordinada. Se conserva para compatibilidad/evolución, pero no se canoniza automáticamente.",DIFERIDO_ENG_ONLY
metric,Metrics,Metrics,1,41,ENG,40,ENG-015;ENG-017;ENG-019;ENG-020;ENG-022;ENG-025;ENG-031;ENG-049;ENG-050;ENG-051;ENG-052;ENG-053;ENG-054;ENG-055;ENG-057;ENG-058;ENG-059;ENG-060;ENG-061;ENG-062;ENG-063;ENG-064;ENG-065;ENG-066;ENG-067;ENG-068;ENG-069;ENG-071;ENG-072;ENG-073;ENG-074;ENG-075;ENG-076;ENG-077;ENG-078;ENG-079;ENG-080;ENG-081;ENG-082;ENG-085,ENCABEZADO,0,CANDIDATO_ENG_REPETIDO,NO,NO_ASIGNADO,ENG_SUBORDINADO,,ENG-015;ENG-017;ENG-019;ENG-020;ENG-022;ENG-025;ENG-031;ENG-049;ENG-050;ENG-051;ENG-052;ENG-053;ENG-054;ENG-055;ENG-057;ENG-058;ENG-059;ENG-060;ENG-061;ENG-062;ENG-063;ENG-064;ENG-065;ENG-066;ENG-067;ENG-068;ENG-069;ENG-071;ENG-072;ENG-073;ENG-074;ENG-075;ENG-076;ENG-077;ENG-078;ENG-079;ENG-080;ENG-081;ENG-082;ENG-085,Sólo existe evidencia ENG; se conserva como evidencia técnica subordinada.,NO,DIFERIDO_ENG_ONLY,,,"Sólo posee evidencia ENG subordinada. Se conserva para compatibilidad/evolución, pero no se canoniza automáticamente.",DIFERIDO_ENG_ONLY
metric cardinality,Metric Cardinality,Metric Cardinality,1,4,ENG,4,ENG-047;ENG-050;ENG-051;ENG-053,ENCABEZADO,0,CANDIDATO_ENG_REPETIDO,NO,NO_ASIGNADO,ENG_SUBORDINADO,,ENG-047;ENG-050;ENG-051;ENG-053,Sólo existe evidencia ENG; se conserva como evidencia técnica subordinada.,NO,DIFERIDO_ENG_ONLY,,,"Sólo posee evidencia ENG subordinada. Se conserva para compatibilidad/evolución, pero no se canoniza automáticamente.",DIFERIDO_ENG_ONLY
metric dimension,Metric Dimensions,Metric Dimensions,1,4,ENG,4,ENG-031;ENG-044;ENG-045;ENG-046,ENCABEZADO,0,CANDIDATO_ENG_REPETIDO,NO,NO_ASIGNADO,ENG_SUBORDINADO,,ENG-031;ENG-044;ENG-045;ENG-046,Sólo existe evidencia ENG; se conserva como evidencia técnica subordinada.,NO,DIFERIDO_ENG_ONLY,,,"Sólo posee evidencia ENG subordinada. Se conserva para compatibilidad/evolución, pero no se canoniza automáticamente.",DIFERIDO_ENG_ONLY
metric label,Metric Labels,Metric Labels,1,28,ENG,28,ENG-025;ENG-041;ENG-049;ENG-052;ENG-054;ENG-055;ENG-057;ENG-058;ENG-059;ENG-060;ENG-061;ENG-062;ENG-063;ENG-064;ENG-065;ENG-066;ENG-067;ENG-068;ENG-069;ENG-070;ENG-071;ENG-082;ENG-088;ENG-090;ENG-091;ENG-092;ENG-093;ENG-094,ENCABEZADO,0,CANDIDATO_ENG_REPETIDO,NO,NO_ASIGNADO,ENG_SUBORDINADO,,ENG-025;ENG-041;ENG-049;ENG-052;ENG-054;ENG-055;ENG-057;ENG-058;ENG-059;ENG-060;ENG-061;ENG-062;ENG-063;ENG-064;ENG-065;ENG-066;ENG-067;ENG-068;ENG-069;ENG-070;ENG-071;ENG-082;ENG-088;ENG-090;ENG-091;ENG-092;ENG-093;ENG-094,Sólo existe evidencia ENG; se conserva como evidencia técnica subordinada.,NO,DIFERIDO_ENG_ONLY,,,"Sólo posee evidencia ENG subordinada. Se conserva para compatibilidad/evolución, pero no se canoniza automáticamente.",DIFERIDO_ENG_ONLY
mfa,MFA,MFA; mfa,2,3,ENG,3,ENG-016;ENG-024;ENG-045,CODIGO_INLINE;ENCABEZADO,0,CANDIDATO_ENG_REPETIDO,NO,NO_ASIGNADO,ENG_SUBORDINADO,,ENG-016;ENG-024;ENG-045,Sólo existe evidencia ENG; se conserva como evidencia técnica subordinada.,NO,DIFERIDO_ENG_ONLY,,,"Sólo posee evidencia ENG subordinada. Se conserva para compatibilidad/evolución, pero no se canoniza automáticamente.",DIFERIDO_ENG_ONLY
migration,Migration,Migration; Migrations,2,11,ENG,9,ENG-003;ENG-013;ENG-014;ENG-030;ENG-035;ENG-036;ENG-040;ENG-041;ENG-065,CODIGO_INLINE;ENCABEZADO,0,CANDIDATO_ENG_REPETIDO,NO,NO_ASIGNADO,ENG_SUBORDINADO,,ENG-003;ENG-013;ENG-014;ENG-030;ENG-035;ENG-036;ENG-040;ENG-041;ENG-065,Sólo existe evidencia ENG; se conserva como evidencia técnica subordinada.,NO,DIFERIDO_ENG_ONLY,,Migrations,"Sólo posee evidencia ENG subordinada. Se conserva para compatibilidad/evolución, pero no se canoniza automáticamente.",DIFERIDO_ENG_ONLY
migration checksum,Migration Checksum,Migration Checksum,1,3,ENG,2,ENG-030;ENG-065,ENCABEZADO,0,CANDIDATO_ENG_REPETIDO,NO,NO_ASIGNADO,ENG_SUBORDINADO,,ENG-030;ENG-065,Sólo existe evidencia ENG; se conserva como evidencia técnica subordinada.,NO,DIFERIDO_ENG_ONLY,,,"Sólo posee evidencia ENG subordinada. Se conserva para compatibilidad/evolución, pero no se canoniza automáticamente.",DIFERIDO_ENG_ONLY
migration compatibility,Migration Compatibility,Migration Compatibility; Migration ≠ Compatibility,2,6,ENG,6,ENG-014;ENG-016;ENG-030;ENG-053;ENG-062;ENG-066,ENCABEZADO,0,CANDIDATO_ENG_REPETIDO,NO,NO_ASIGNADO,ENG_SUBORDINADO,,ENG-014;ENG-016;ENG-030;ENG-053;ENG-062;ENG-066,Sólo existe evidencia ENG; se conserva como evidencia técnica subordinada.,NO,DIFERIDO_ENG_ONLY,,Migration ≠ Compatibility,"Sólo posee evidencia ENG subordinada. Se conserva para compatibilidad/evolución, pero no se canoniza automáticamente.",DIFERIDO_ENG_ONLY
migration engineering,Migration Engineering,Migration Engineering,1,4,ENG,2,ENG-064;ENG-065,ENCABEZADO;TERMINO_DESTACADO,0,CANDIDATO_ENG_REPETIDO,NO,NO_ASIGNADO,ENG_SUBORDINADO,,ENG-064;ENG-065,Sólo existe evidencia ENG; se conserva como evidencia técnica subordinada.,NO,DIFERIDO_ENG_ONLY,,,"Sólo posee evidencia ENG subordinada. Se conserva para compatibilidad/evolución, pero no se canoniza automáticamente.",DIFERIDO_ENG_ONLY
migration failure,Migration Failure,Migration Failure,1,3,ENG,3,ENG-030;ENG-060;ENG-065,ENCABEZADO,0,CANDIDATO_ENG_REPETIDO,NO,NO_ASIGNADO,ENG_SUBORDINADO,,ENG-030;ENG-060;ENG-065,Sólo existe evidencia ENG; se conserva como evidencia técnica subordinada.,NO,DIFERIDO_ENG_ONLY,,,"Sólo posee evidencia ENG subordinada. Se conserva para compatibilidad/evolución, pero no se canoniza automáticamente.",DIFERIDO_ENG_ONLY
migration integration,Migration Integration,Migration Integration,1,4,ENG,4,ENG-067;ENG-068;ENG-071;ENG-073,ENCABEZADO,0,CANDIDATO_ENG_REPETIDO,NO,NO_ASIGNADO,ENG_SUBORDINADO,,ENG-067;ENG-068;ENG-071;ENG-073,Sólo existe evidencia ENG; se conserva como evidencia técnica subordinada.,NO,DIFERIDO_ENG_ONLY,,,"Sólo posee evidencia ENG subordinada. Se conserva para compatibilidad/evolución, pero no se canoniza automáticamente.",DIFERIDO_ENG_ONLY
migration lock,Migration Lock,Migration Lock; migration:lock,2,3,ENG,2,ENG-030;ENG-065,ENCABEZADO,0,CANDIDATO_ENG_REPETIDO,NO,NO_ASIGNADO,ENG_SUBORDINADO,,ENG-030;ENG-065,Sólo existe evidencia ENG; se conserva como evidencia técnica subordinada.,NO,DIFERIDO_ENG_ONLY,,migration:lock,"Sólo posee evidencia ENG subordinada. Se conserva para compatibilidad/evolución, pero no se canoniza automáticamente.",DIFERIDO_ENG_ONLY
migration ordering,Migration Ordering,Migration Ordering,1,4,ENG,4,ENG-030;ENG-060;ENG-065;ENG-066,ENCABEZADO,0,CANDIDATO_ENG_REPETIDO,NO,NO_ASIGNADO,ENG_SUBORDINADO,,ENG-030;ENG-060;ENG-065;ENG-066,Sólo existe evidencia ENG; se conserva como evidencia técnica subordinada.,NO,DIFERIDO_ENG_ONLY,,,"Sólo posee evidencia ENG subordinada. Se conserva para compatibilidad/evolución, pero no se canoniza automáticamente.",DIFERIDO_ENG_ONLY
migration ownership,Migration Ownership,Migration Ownership,1,4,ENG,4,ENG-028;ENG-030;ENG-060;ENG-065,ENCABEZADO,0,CANDIDATO_ENG_REPETIDO,NO,NO_ASIGNADO,ENG_SUBORDINADO,,ENG-028;ENG-030;ENG-060;ENG-065,Sólo existe evidencia ENG; se conserva como evidencia técnica subordinada.,NO,DIFERIDO_ENG_ONLY,,,"Sólo posee evidencia ENG subordinada. Se conserva para compatibilidad/evolución, pero no se canoniza automáticamente.",DIFERIDO_ENG_ONLY
migration plan,Migration Plan,Migration Plan; migration plan; migration:plan,3,5,ENG,3,ENG-030;ENG-052;ENG-065,CODIGO_INLINE;ENCABEZADO,0,CANDIDATO_ENG_REPETIDO,NO,NO_ASIGNADO,ENG_SUBORDINADO,,ENG-030;ENG-052;ENG-065,Sólo existe evidencia ENG; se conserva como evidencia técnica subordinada.,NO,DIFERIDO_ENG_ONLY,,migration:plan,"Sólo posee evidencia ENG subordinada. Se conserva para compatibilidad/evolución, pero no se canoniza automáticamente.",DIFERIDO_ENG_ONLY
migration rollback,Migration Rollback,Migration Rollback; migration:rollback,2,3,ENG,2,ENG-062;ENG-065,ENCABEZADO,0,CANDIDATO_ENG_REPETIDO,NO,NO_ASIGNADO,ENG_SUBORDINADO,,ENG-062;ENG-065,Sólo existe evidencia ENG; se conserva como evidencia técnica subordinada.,NO,DIFERIDO_ENG_ONLY,,migration:rollback,"Sólo posee evidencia ENG subordinada. Se conserva para compatibilidad/evolución, pero no se canoniza automáticamente.",DIFERIDO_ENG_ONLY
migration status,migration status,Migration Status; migration status; migration:status,3,4,ENG,2,ENG-030;ENG-065,CODIGO_INLINE;ENCABEZADO,0,CANDIDATO_ENG_REPETIDO,NO,NO_ASIGNADO,ENG_SUBORDINADO,,ENG-030;ENG-065,Sólo existe evidencia ENG; se conserva como evidencia técnica subordinada.,NO,DIFERIDO_ENG_ONLY,,migration:status,"Sólo posee evidencia ENG subordinada. Se conserva para compatibilidad/evolución, pero no se canoniza automáticamente.",DIFERIDO_ENG_ONLY
migration test,Migration Test,Migration Test,1,5,ENG,5,ENG-030;ENG-048;ENG-052;ENG-057;ENG-062,ENCABEZADO,0,CANDIDATO_ENG_REPETIDO,NO,NO_ASIGNADO,ENG_SUBORDINADO,,ENG-030;ENG-048;ENG-052;ENG-057;ENG-062,Sólo existe evidencia ENG; se conserva como evidencia técnica subordinada.,NO,DIFERIDO_ENG_ONLY,,,"Sólo posee evidencia ENG subordinada. Se conserva para compatibilidad/evolución, pero no se canoniza automáticamente.",DIFERIDO_ENG_ONLY
migration validation,Migration Validation,Migration Validation,1,3,ENG,3,ENG-030;ENG-036;ENG-065,ENCABEZADO,0,CANDIDATO_ENG_REPETIDO,NO,NO_ASIGNADO,ENG_SUBORDINADO,,ENG-030;ENG-036;ENG-065,Sólo existe evidencia ENG; se conserva como evidencia técnica subordinada.,NO,DIFERIDO_ENG_ONLY,,,"Sólo posee evidencia ENG subordinada. Se conserva para compatibilidad/evolución, pero no se canoniza automáticamente.",DIFERIDO_ENG_ONLY
minimal implementation,Minimal Implementation,Minimal Implementation,1,3,ENG,3,ENG-015;ENG-018;ENG-020,ENCABEZADO,0,CANDIDATO_ENG_REPETIDO,NO,NO_ASIGNADO,ENG_SUBORDINADO,,ENG-015;ENG-018;ENG-020,Sólo existe evidencia ENG; se conserva como evidencia técnica subordinada.,NO,DIFERIDO_ENG_ONLY,,,"Sólo posee evidencia ENG subordinada. Se conserva para compatibilidad/evolución, pero no se canoniza automáticamente.",DIFERIDO_ENG_ONLY
misfire,Misfire,Misfire,1,3,ENG,1,ENG-040,CODIGO_INLINE;ENCABEZADO,0,CANDIDATO_ENG_REPETIDO,NO,NO_ASIGNADO,ENG_SUBORDINADO,,ENG-040,Sólo existe evidencia ENG; se conserva como evidencia técnica subordinada.,NO,DIFERIDO_ENG_ONLY,,,"Sólo posee evidencia ENG subordinada. Se conserva para compatibilidad/evolución, pero no se canoniza automáticamente.",DIFERIDO_ENG_ONLY
missing dependency,Missing Dependency,Missing Dependency,1,5,ENG,5,ENG-013;ENG-018;ENG-027;ENG-028;ENG-060,ENCABEZADO,0,CANDIDATO_ENG_REPETIDO,NO,NO_ASIGNADO,ENG_SUBORDINADO,,ENG-013;ENG-018;ENG-027;ENG-028;ENG-060,Sólo existe evidencia ENG; se conserva como evidencia técnica subordinada.,NO,DIFERIDO_ENG_ONLY,,,"Sólo posee evidencia ENG subordinada. Se conserva para compatibilidad/evolución, pero no se canoniza automáticamente.",DIFERIDO_ENG_ONLY
modelo conceptual,Modelos Conceptuales,Modelo Conceptual; Modelos Conceptuales,2,11,ENG,11,ENG-010;ENG-011;ENG-086;ENG-087;ENG-088;ENG-089;ENG-090;ENG-091;ENG-092;ENG-093;ENG-094,ENCABEZADO,0,CANDIDATO_ENG_REPETIDO,NO,NO_ASIGNADO,ENG_SUBORDINADO,,ENG-010;ENG-011;ENG-086;ENG-087;ENG-088;ENG-089;ENG-090;ENG-091;ENG-092;ENG-093;ENG-094,Sólo existe evidencia ENG; se conserva como evidencia técnica subordinada.,NO,DIFERIDO_ENG_ONLY,,Modelo Conceptual,"Sólo posee evidencia ENG subordinada. Se conserva para compatibilidad/evolución, pero no se canoniza automáticamente.",DIFERIDO_ENG_ONLY
modelo general,Modelo General,Modelo General,1,4,ENG,4,ENG-012;ENG-016;ENG-017;ENG-019,ENCABEZADO,0,CANDIDATO_ENG_REPETIDO,NO,NO_ASIGNADO,ENG_SUBORDINADO,,ENG-012;ENG-016;ENG-017;ENG-019,Sólo existe evidencia ENG; se conserva como evidencia técnica subordinada.,NO,DIFERIDO_ENG_ONLY,,,"Sólo posee evidencia ENG subordinada. Se conserva para compatibilidad/evolución, pero no se canoniza automáticamente.",DIFERIDO_ENG_ONLY
module boundary,Module Boundary,Module Boundary,1,5,ENG,5,ENG-018;ENG-028;ENG-034;ENG-035;ENG-043,ENCABEZADO,0,CANDIDATO_ENG_REPETIDO,NO,NO_ASIGNADO,ENG_SUBORDINADO,,ENG-018;ENG-028;ENG-034;ENG-035;ENG-043,Sólo existe evidencia ENG; se conserva como evidencia técnica subordinada.,NO,DIFERIDO_ENG_ONLY,,,"Sólo posee evidencia ENG subordinada. Se conserva para compatibilidad/evolución, pero no se canoniza automáticamente.",DIFERIDO_ENG_ONLY
module capability,Module Capabilities,Module Capabilities; module capabilities,2,4,ENG,2,ENG-024;ENG-028,CODIGO_INLINE;ENCABEZADO,0,CANDIDATO_ENG_REPETIDO,NO,NO_ASIGNADO,ENG_SUBORDINADO,,ENG-024;ENG-028,Sólo existe evidencia ENG; se conserva como evidencia técnica subordinada.,NO,DIFERIDO_ENG_ONLY,,,"Sólo posee evidencia ENG subordinada. Se conserva para compatibilidad/evolución, pero no se canoniza automáticamente.",DIFERIDO_ENG_ONLY
module compatibility,Module Compatibility,Module Compatibility,1,4,ENG,3,ENG-014;ENG-016;ENG-028,ENCABEZADO,0,CANDIDATO_ENG_REPETIDO,NO,NO_ASIGNADO,ENG_SUBORDINADO,,ENG-014;ENG-016;ENG-028,Sólo existe evidencia ENG; se conserva como evidencia técnica subordinada.,NO,DIFERIDO_ENG_ONLY,,,"Sólo posee evidencia ENG subordinada. Se conserva para compatibilidad/evolución, pero no se canoniza automáticamente.",DIFERIDO_ENG_ONLY
module configuration,Module Configuration,Module Configuration,1,3,ENG,3,ENG-011;ENG-028;ENG-049,ENCABEZADO,0,CANDIDATO_ENG_REPETIDO,NO,NO_ASIGNADO,ENG_SUBORDINADO,,ENG-011;ENG-028;ENG-049,Sólo existe evidencia ENG; se conserva como evidencia técnica subordinada.,NO,DIFERIDO_ENG_ONLY,,,"Sólo posee evidencia ENG subordinada. Se conserva para compatibilidad/evolución, pero no se canoniza automáticamente.",DIFERIDO_ENG_ONLY
module contract,Module Contract,Module Contract; module contracts,2,6,ENG,4,ENG-002;ENG-021;ENG-027;ENG-028,CODIGO_INLINE;ENCABEZADO,0,CANDIDATO_ENG_REPETIDO,NO,NO_ASIGNADO,ENG_SUBORDINADO,,ENG-002;ENG-021;ENG-027;ENG-028,Sólo existe evidencia ENG; se conserva como evidencia técnica subordinada.,NO,DIFERIDO_ENG_ONLY,,module contracts,"Sólo posee evidencia ENG subordinada. Se conserva para compatibilidad/evolución, pero no se canoniza automáticamente.",DIFERIDO_ENG_ONLY
module engineering,Module Engineering,Module Engineering,1,3,ENG,3,ENG-028;ENG-029;ENG-030,DEFINICION_EXPLICITA;ENCABEZADO,2,CANDIDATO_ENG_DEFINIDO,NO,NO_ASIGNADO,ENG_SUBORDINADO,,ENG-028;ENG-029;ENG-030,Sólo existe evidencia ENG; se conserva como evidencia técnica subordinada.,NO,DIFERIDO_ENG_ONLY,,,"Sólo posee evidencia ENG subordinada. Se conserva para compatibilidad/evolución, pero no se canoniza automáticamente.",DIFERIDO_ENG_ONLY
module graph,Module Graph,Module Graph; module graph,2,4,ENG,2,ENG-027;ENG-028,CODIGO_INLINE;ENCABEZADO,0,CANDIDATO_ENG_REPETIDO,NO,NO_ASIGNADO,ENG_SUBORDINADO,,ENG-027;ENG-028,Sólo existe evidencia ENG; se conserva como evidencia técnica subordinada.,NO,DIFERIDO_ENG_ONLY,,,"Sólo posee evidencia ENG subordinada. Se conserva para compatibilidad/evolución, pero no se canoniza automáticamente.",DIFERIDO_ENG_ONLY
module identity,Module Identity,Module Identity,1,4,ENG,3,ENG-024;ENG-027;ENG-028,ENCABEZADO,0,CANDIDATO_ENG_REPETIDO,NO,NO_ASIGNADO,ENG_SUBORDINADO,,ENG-024;ENG-027;ENG-028,Sólo existe evidencia ENG; se conserva como evidencia técnica subordinada.,NO,DIFERIDO_ENG_ONLY,,,"Sólo posee evidencia ENG subordinada. Se conserva para compatibilidad/evolución, pero no se canoniza automáticamente.",DIFERIDO_ENG_ONLY
module inspect,module inspect,module inspect,1,4,ENG,2,ENG-007;ENG-028,CODIGO_INLINE;ENCABEZADO,0,CANDIDATO_ENG_REPETIDO,NO,NO_ASIGNADO,ENG_SUBORDINADO,,ENG-007;ENG-028,Sólo existe evidencia ENG; se conserva como evidencia técnica subordinada.,NO,DIFERIDO_ENG_ONLY,,,"Sólo posee evidencia ENG subordinada. Se conserva para compatibilidad/evolución, pero no se canoniza automáticamente.",DIFERIDO_ENG_ONLY
module integration,Module Integration,Module Integration,1,17,ENG,17,ENG-029;ENG-030;ENG-035;ENG-040;ENG-041;ENG-042;ENG-043;ENG-044;ENG-045;ENG-046;ENG-047;ENG-048;ENG-049;ENG-051;ENG-052;ENG-053;ENG-054,ENCABEZADO,0,CANDIDATO_ENG_REPETIDO,NO,NO_ASIGNADO,ENG_SUBORDINADO,,ENG-029;ENG-030;ENG-035;ENG-040;ENG-041;ENG-042;ENG-043;ENG-044;ENG-045;ENG-046;ENG-047;ENG-048;ENG-049;ENG-051;ENG-052;ENG-053;ENG-054,Sólo existe evidencia ENG; se conserva como evidencia técnica subordinada.,NO,DIFERIDO_ENG_ONLY,,,"Sólo posee evidencia ENG subordinada. Se conserva para compatibilidad/evolución, pero no se canoniza automáticamente.",DIFERIDO_ENG_ONLY
module isolation,Module Isolation,Module Isolation,1,7,ENG,7,ENG-019;ENG-024;ENG-028;ENG-044;ENG-048;ENG-053;ENG-074,ENCABEZADO,0,CANDIDATO_ENG_REPETIDO,NO,NO_ASIGNADO,ENG_SUBORDINADO,,ENG-019;ENG-024;ENG-028;ENG-044;ENG-048;ENG-053;ENG-074,Sólo existe evidencia ENG; se conserva como evidencia técnica subordinada.,NO,DIFERIDO_ENG_ONLY,,,"Sólo posee evidencia ENG subordinada. Se conserva para compatibilidad/evolución, pero no se canoniza automáticamente.",DIFERIDO_ENG_ONLY
module lifecycle,Module Lifecycle,Module Lifecycle,1,4,ENG,4,ENG-015;ENG-027;ENG-028;ENG-055,ENCABEZADO,0,CANDIDATO_ENG_REPETIDO,NO,NO_ASIGNADO,ENG_SUBORDINADO,,ENG-015;ENG-027;ENG-028;ENG-055,Sólo existe evidencia ENG; se conserva como evidencia técnica subordinada.,NO,DIFERIDO_ENG_ONLY,,,"Sólo posee evidencia ENG subordinada. Se conserva para compatibilidad/evolución, pero no se canoniza automáticamente.",DIFERIDO_ENG_ONLY
module manifest,Module Manifest,Module Manifest,1,3,ENG,3,ENG-025;ENG-028;ENG-030,ENCABEZADO,0,CANDIDATO_ENG_REPETIDO,NO,NO_ASIGNADO,ENG_SUBORDINADO,,ENG-025;ENG-028;ENG-030,Sólo existe evidencia ENG; se conserva como evidencia técnica subordinada.,NO,DIFERIDO_ENG_ONLY,,,"Sólo posee evidencia ENG subordinada. Se conserva para compatibilidad/evolución, pero no se canoniza automáticamente.",DIFERIDO_ENG_ONLY
module metadata,Module Metadata,Module Metadata,1,4,ENG,4,ENG-020;ENG-027;ENG-028;ENG-031,ENCABEZADO,0,CANDIDATO_ENG_REPETIDO,NO,NO_ASIGNADO,ENG_SUBORDINADO,,ENG-020;ENG-027;ENG-028;ENG-031,Sólo existe evidencia ENG; se conserva como evidencia técnica subordinada.,NO,DIFERIDO_ENG_ONLY,,,"Sólo posee evidencia ENG subordinada. Se conserva para compatibilidad/evolución, pero no se canoniza automáticamente.",DIFERIDO_ENG_ONLY
module scope,Module Scope,Module Scope,1,3,ENG,3,ENG-019;ENG-028;ENG-049,ENCABEZADO,0,CANDIDATO_ENG_REPETIDO,NO,NO_ASIGNADO,ENG_SUBORDINADO,,ENG-019;ENG-028;ENG-049,Sólo existe evidencia ENG; se conserva como evidencia técnica subordinada.,NO,DIFERIDO_ENG_ONLY,,,"Sólo posee evidencia ENG subordinada. Se conserva para compatibilidad/evolución, pero no se canoniza automáticamente.",DIFERIDO_ENG_ONLY
module unload,Module Unload,Module Unload,1,3,ENG,3,ENG-049;ENG-054;ENG-055,ENCABEZADO,0,CANDIDATO_ENG_REPETIDO,NO,NO_ASIGNADO,ENG_SUBORDINADO,,ENG-049;ENG-054;ENG-055,Sólo existe evidencia ENG; se conserva como evidencia técnica subordinada.,NO,DIFERIDO_ENG_ONLY,,,"Sólo posee evidencia ENG subordinada. Se conserva para compatibilidad/evolución, pero no se canoniza automáticamente.",DIFERIDO_ENG_ONLY
module upgrade,Module Upgrade,Module Upgrade,1,3,ENG,2,ENG-028;ENG-066,ENCABEZADO,0,CANDIDATO_ENG_REPETIDO,NO,NO_ASIGNADO,ENG_SUBORDINADO,,ENG-028;ENG-066,Sólo existe evidencia ENG; se conserva como evidencia técnica subordinada.,NO,DIFERIDO_ENG_ONLY,,,"Sólo posee evidencia ENG subordinada. Se conserva para compatibilidad/evolución, pero no se canoniza automáticamente.",DIFERIDO_ENG_ONLY
module validate,module validate,module validate,1,4,ENG,2,ENG-007;ENG-028,CODIGO_INLINE;ENCABEZADO,0,CANDIDATO_ENG_REPETIDO,NO,NO_ASIGNADO,ENG_SUBORDINADO,,ENG-007;ENG-028,Sólo existe evidencia ENG; se conserva como evidencia técnica subordinada.,NO,DIFERIDO_ENG_ONLY,,,"Sólo posee evidencia ENG subordinada. Se conserva para compatibilidad/evolución, pero no se canoniza automáticamente.",DIFERIDO_ENG_ONLY
money,Money,Money,1,4,ENG,3,ENG-031;ENG-035;ENG-061,CODIGO_INLINE;ENCABEZADO,0,CANDIDATO_ENG_REPETIDO,NO,NO_ASIGNADO,ENG_SUBORDINADO,,ENG-031;ENG-035;ENG-061,Sólo existe evidencia ENG; se conserva como evidencia técnica subordinada.,NO,DIFERIDO_ENG_ONLY,,,"Sólo posee evidencia ENG subordinada. Se conserva para compatibilidad/evolución, pero no se canoniza automáticamente.",DIFERIDO_ENG_ONLY
mttr,MTTR,MTTR,1,3,ENG,2,ENG-074;ENG-075,CODIGO_INLINE;ENCABEZADO,0,CANDIDATO_ENG_REPETIDO,NO,NO_ASIGNADO,ENG_SUBORDINADO,,ENG-074;ENG-075,Sólo existe evidencia ENG; se conserva como evidencia técnica subordinada.,NO,DIFERIDO_ENG_ONLY,,,"Sólo posee evidencia ENG subordinada. Se conserva para compatibilidad/evolución, pero no se canoniza automáticamente.",DIFERIDO_ENG_ONLY
multi-tenancy,Multi-Tenancy,Multi-Tenancy,1,12,ENG,11,ENG-048;ENG-053;ENG-054;ENG-066;ENG-067;ENG-088;ENG-090;ENG-091;ENG-092;ENG-093;ENG-094,CODIGO_INLINE;DEFINICION_EXPLICITA;ENCABEZADO,2,CANDIDATO_ENG_DEFINIDO,NO,NO_ASIGNADO,ENG_SUBORDINADO,,ENG-048;ENG-053;ENG-054;ENG-066;ENG-067;ENG-088;ENG-090;ENG-091;ENG-092;ENG-093;ENG-094,Sólo existe evidencia ENG; se conserva como evidencia técnica subordinada.,NO,DIFERIDO_ENG_ONLY,,,"Sólo posee evidencia ENG subordinada. Se conserva para compatibilidad/evolución, pero no se canoniza automáticamente.",DIFERIDO_ENG_ONLY
multi-tenancy engineering,Multi-Tenancy Engineering,Multi-Tenancy Engineering,1,3,ENG,2,ENG-047;ENG-048,ENCABEZADO;TERMINO_DESTACADO,0,CANDIDATO_ENG_REPETIDO,NO,NO_ASIGNADO,ENG_SUBORDINADO,,ENG-047;ENG-048,Sólo existe evidencia ENG; se conserva como evidencia técnica subordinada.,NO,DIFERIDO_ENG_ONLY,,,"Sólo posee evidencia ENG subordinada. Se conserva para compatibilidad/evolución, pero no se canoniza automáticamente.",DIFERIDO_ENG_ONLY
multi-tenancy integration,Multi-Tenancy Integration,Multi-Tenancy Integration,1,10,ENG,10,ENG-049;ENG-050;ENG-051;ENG-052;ENG-053;ENG-054;ENG-055;ENG-065;ENG-068;ENG-073,ENCABEZADO,0,CANDIDATO_ENG_REPETIDO,NO,NO_ASIGNADO,ENG_SUBORDINADO,,ENG-049;ENG-050;ENG-051;ENG-052;ENG-053;ENG-054;ENG-055;ENG-065;ENG-068;ENG-073,Sólo existe evidencia ENG; se conserva como evidencia técnica subordinada.,NO,DIFERIDO_ENG_ONLY,,,"Sólo posee evidencia ENG subordinada. Se conserva para compatibilidad/evolución, pero no se canoniza automáticamente.",DIFERIDO_ENG_ONLY
multiple provider,Multiple Providers,Multiple Providers,1,3,ENG,3,ENG-027;ENG-028;ENG-073,ENCABEZADO,0,CANDIDATO_ENG_REPETIDO,NO,NO_ASIGNADO,ENG_SUBORDINADO,,ENG-027;ENG-028;ENG-073,Sólo existe evidencia ENG; se conserva como evidencia técnica subordinada.,NO,DIFERIDO_ENG_ONLY,,,"Sólo posee evidencia ENG subordinada. Se conserva para compatibilidad/evolución, pero no se canoniza automáticamente.",DIFERIDO_ENG_ONLY
multiple sourc of truth,Multiple Sources of Truth,Multiple Sources of Truth,1,3,ENG,2,ENG-053;ENG-079,ENCABEZADO,0,CANDIDATO_ENG_REPETIDO,NO,NO_ASIGNADO,ENG_SUBORDINADO,,ENG-053;ENG-079,Sólo existe evidencia ENG; se conserva como evidencia técnica subordinada.,NO,DIFERIDO_ENG_ONLY,,,"Sólo posee evidencia ENG subordinada. Se conserva para compatibilidad/evolución, pero no se canoniza automáticamente.",DIFERIDO_ENG_ONLY
mutation testing,Mutation Testing,Mutation Testing,1,4,ENG,4,ENG-009;ENG-035;ENG-036;ENG-046,ENCABEZADO,0,CANDIDATO_ENG_REPETIDO,NO,NO_ASIGNADO,ENG_SUBORDINADO,,ENG-009;ENG-035;ENG-036;ENG-046,Sólo existe evidencia ENG; se conserva como evidencia técnica subordinada.,NO,DIFERIDO_ENG_ONLY,,,"Sólo posee evidencia ENG subordinada. Se conserva para compatibilidad/evolución, pero no se canoniza automáticamente.",DIFERIDO_ENG_ONLY
n+1,N+1,N+1,1,4,ENG,3,ENG-026;ENG-043;ENG-073,ENCABEZADO,0,CANDIDATO_ENG_REPETIDO,NO,NO_ASIGNADO,ENG_SUBORDINADO,,ENG-026;ENG-043;ENG-073,Sólo existe evidencia ENG; se conserva como evidencia técnica subordinada.,NO,DIFERIDO_ENG_ONLY,,,"Sólo posee evidencia ENG subordinada. Se conserva para compatibilidad/evolución, pero no se canoniza automáticamente.",DIFERIDO_ENG_ONLY
n+1 query,N+1 Queries,N+1 Queries; N+1 Query,2,3,ENG,3,ENG-030;ENG-070;ENG-072,ENCABEZADO,0,CANDIDATO_ENG_REPETIDO,NO,NO_ASIGNADO,ENG_SUBORDINADO,,ENG-030;ENG-070;ENG-072,Sólo existe evidencia ENG; se conserva como evidencia técnica subordinada.,NO,DIFERIDO_ENG_ONLY,,N+1 Query,"Sólo posee evidencia ENG subordinada. Se conserva para compatibilidad/evolución, pero no se canoniza automáticamente.",DIFERIDO_ENG_ONLY
namespace collision,Namespace Collision,Namespace Collision,1,3,ENG,2,ENG-049;ENG-057,ENCABEZADO,0,CANDIDATO_ENG_REPETIDO,NO,NO_ASIGNADO,ENG_SUBORDINADO,,ENG-049;ENG-057,Sólo existe evidencia ENG; se conserva como evidencia técnica subordinada.,NO,DIFERIDO_ENG_ONLY,,,"Sólo posee evidencia ENG subordinada. Se conserva para compatibilidad/evolución, pero no se canoniza automáticamente.",DIFERIDO_ENG_ONLY
namespace ownership,Namespace Ownership,Namespace Ownership,1,4,ENG,4,ENG-013;ENG-020;ENG-037;ENG-049,ENCABEZADO,0,CANDIDATO_ENG_REPETIDO,NO,NO_ASIGNADO,ENG_SUBORDINADO,,ENG-013;ENG-020;ENG-037;ENG-049,Sólo existe evidencia ENG; se conserva como evidencia técnica subordinada.,NO,DIFERIDO_ENG_ONLY,,,"Sólo posee evidencia ENG subordinada. Se conserva para compatibilidad/evolución, pero no se canoniza automáticamente.",DIFERIDO_ENG_ONLY
negative cache,Negative Cache,Negative Cache,1,3,ENG,3,ENG-046;ENG-058;ENG-078,ENCABEZADO,0,CANDIDATO_ENG_REPETIDO,NO,NO_ASIGNADO,ENG_SUBORDINADO,,ENG-046;ENG-058;ENG-078,Sólo existe evidencia ENG; se conserva como evidencia técnica subordinada.,NO,DIFERIDO_ENG_ONLY,,,"Sólo posee evidencia ENG subordinada. Se conserva para compatibilidad/evolución, pero no se canoniza automáticamente.",DIFERIDO_ENG_ONLY
no todo service,No todo Service,No todo Service,1,2,ENG,2,ENG-054;ENG-060,DEFINICION_EXPLICITA,2,CANDIDATO_ENG_DEFINIDO,NO,NO_ASIGNADO,ENG_SUBORDINADO,,ENG-054;ENG-060,Sólo existe evidencia ENG; se conserva como evidencia técnica subordinada.,NO,DIFERIDO_ENG_ONLY,,,"Sólo posee evidencia ENG subordinada. Se conserva para compatibilidad/evolución, pero no se canoniza automáticamente.",DIFERIDO_ENG_ONLY
noisy neighbor,Noisy Neighbor,Noisy Neighbor,1,7,ENG,5,ENG-048;ENG-054;ENG-070;ENG-071;ENG-073,ENCABEZADO,0,CANDIDATO_ENG_REPETIDO,NO,NO_ASIGNADO,ENG_SUBORDINADO,,ENG-048;ENG-054;ENG-070;ENG-071;ENG-073,Sólo existe evidencia ENG; se conserva como evidencia técnica subordinada.,NO,DIFERIDO_ENG_ONLY,,,"Sólo posee evidencia ENG subordinada. Se conserva para compatibilidad/evolución, pero no se canoniza automáticamente.",DIFERIDO_ENG_ONLY
non compliant,NON COMPLIANT,NON COMPLIANT,1,4,ENG,2,ENG-081;ENG-083,CODIGO_INLINE;ENCABEZADO,0,CANDIDATO_ENG_REPETIDO,NO,NO_ASIGNADO,ENG_SUBORDINADO,,ENG-081;ENG-083,Sólo existe evidencia ENG; se conserva como evidencia técnica subordinada.,NO,DIFERIDO_ENG_ONLY,,,"Sólo posee evidencia ENG subordinada. Se conserva para compatibilidad/evolución, pero no se canoniza automáticamente.",DIFERIDO_ENG_ONLY
non-repeatable read,Non-Repeatable Read,Non-Repeatable Read,1,3,ENG,3,ENG-038;ENG-042;ENG-078,ENCABEZADO,0,CANDIDATO_ENG_REPETIDO,NO,NO_ASIGNADO,ENG_SUBORDINADO,,ENG-038;ENG-042;ENG-078,Sólo existe evidencia ENG; se conserva como evidencia técnica subordinada.,NO,DIFERIDO_ENG_ONLY,,,"Sólo posee evidencia ENG subordinada. Se conserva para compatibilidad/evolución, pero no se canoniza automáticamente.",DIFERIDO_ENG_ONLY
none,none,NONE; none,2,3,ENG,2,ENG-038;ENG-045,CODIGO_INLINE;ENCABEZADO,0,CANDIDATO_ENG_REPETIDO,NO,NO_ASIGNADO,ENG_SUBORDINADO,,ENG-038;ENG-045,Sólo existe evidencia ENG; se conserva como evidencia técnica subordinada.,NO,DIFERIDO_ENG_ONLY,,,"Sólo posee evidencia ENG subordinada. Se conserva para compatibilidad/evolución, pero no se canoniza automáticamente.",DIFERIDO_ENG_ONLY
normalization,Normalization,Normalization,1,5,ENG,5,ENG-020;ENG-036;ENG-080;ENG-093;ENG-094,ENCABEZADO,0,CANDIDATO_ENG_REPETIDO,NO,NO_ASIGNADO,ENG_SUBORDINADO,,ENG-020;ENG-036;ENG-080;ENG-093;ENG-094,Sólo existe evidencia ENG; se conserva como evidencia técnica subordinada.,NO,DIFERIDO_ENG_ONLY,,,"Sólo posee evidencia ENG subordinada. Se conserva para compatibilidad/evolución, pero no se canoniza automáticamente.",DIFERIDO_ENG_ONLY
normalmente,Normalmente,Normalmente,1,5,ENG,4,ENG-031;ENG-036;ENG-044;ENG-079,DEFINICION_EXPLICITA,5,CANDIDATO_ENG_DEFINIDO,NO,NO_ASIGNADO,ENG_SUBORDINADO,,ENG-031;ENG-036;ENG-044;ENG-079,Sólo existe evidencia ENG; se conserva como evidencia técnica subordinada.,NO,DIFERIDO_ENG_ONLY,,,"Sólo posee evidencia ENG subordinada. Se conserva para compatibilidad/evolución, pero no se canoniza automáticamente.",DIFERIDO_ENG_ONLY
not applicable,NOT APPLICABLE,NOT APPLICABLE; Not Applicable,2,6,ENG,3,ENG-016;ENG-051;ENG-083,CODIGO_INLINE;ENCABEZADO,0,CANDIDATO_ENG_REPETIDO,NO,NO_ASIGNADO,ENG_SUBORDINADO,,ENG-016;ENG-051;ENG-083,Sólo existe evidencia ENG; se conserva como evidencia técnica subordinada.,NO,DIFERIDO_ENG_ONLY,,,"Sólo posee evidencia ENG subordinada. Se conserva para compatibilidad/evolución, pero no se canoniza automáticamente.",DIFERIDO_ENG_ONLY
obligation,Obligation,Obligation; Obligations,2,3,ENG,3,ENG-046;ENG-051;ENG-083,CODIGO_INLINE;ENCABEZADO,0,CANDIDATO_ENG_REPETIDO,NO,NO_ASIGNADO,ENG_SUBORDINADO,,ENG-046;ENG-051;ENG-083,Sólo existe evidencia ENG; se conserva como evidencia técnica subordinada.,NO,DIFERIDO_ENG_ONLY,,Obligations,"Sólo posee evidencia ENG subordinada. Se conserva para compatibilidad/evolución, pero no se canoniza automáticamente.",DIFERIDO_ENG_ONLY
observability,Observability,Observability,1,33,ENG,32,ENG-015;ENG-022;ENG-023;ENG-025;ENG-028;ENG-029;ENG-030;ENG-031;ENG-032;ENG-034;ENG-035;ENG-036;ENG-037;ENG-038;ENG-039;ENG-040;ENG-041;ENG-042;ENG-044;ENG-045;ENG-046;ENG-047;ENG-049;ENG-050;ENG-051;ENG-052;ENG-054;ENG-056;ENG-089;ENG-090;ENG-092;ENG-093,DEFINICION_EXPLICITA;ENCABEZADO,1,CANDIDATO_ENG_DEFINIDO,NO,NO_ASIGNADO,ENG_SUBORDINADO,,ENG-015;ENG-022;ENG-023;ENG-025;ENG-028;ENG-029;ENG-030;ENG-031;ENG-032;ENG-034;ENG-035;ENG-036;ENG-037;ENG-038;ENG-039;ENG-040;ENG-041;ENG-042;ENG-044;ENG-045;ENG-046;ENG-047;ENG-049;ENG-050;ENG-051;ENG-052;ENG-054;ENG-056;ENG-089;ENG-090;ENG-092;ENG-093,Sólo existe evidencia ENG; se conserva como evidencia técnica subordinada.,NO,DIFERIDO_ENG_ONLY,,,"Sólo posee evidencia ENG subordinada. Se conserva para compatibilidad/evolución, pero no se canoniza automáticamente.",DIFERIDO_ENG_ONLY
observability integration,Observability Integration,Observability Integration,1,4,ENG,4,ENG-010;ENG-026;ENG-048;ENG-050,ENCABEZADO,0,CANDIDATO_ENG_REPETIDO,NO,NO_ASIGNADO,ENG_SUBORDINADO,,ENG-010;ENG-026;ENG-048;ENG-050,Sólo existe evidencia ENG; se conserva como evidencia técnica subordinada.,NO,DIFERIDO_ENG_ONLY,,,"Sólo posee evidencia ENG subordinada. Se conserva para compatibilidad/evolución, pero no se canoniza automáticamente.",DIFERIDO_ENG_ONLY
operation id,Operation ID,Operation ID,1,4,ENG,4,ENG-010;ENG-013;ENG-034;ENG-044,ENCABEZADO,0,CANDIDATO_ENG_REPETIDO,NO,NO_ASIGNADO,ENG_SUBORDINADO,,ENG-010;ENG-013;ENG-034;ENG-044,Sólo existe evidencia ENG; se conserva como evidencia técnica subordinada.,NO,DIFERIDO_ENG_ONLY,,,"Sólo posee evidencia ENG subordinada. Se conserva para compatibilidad/evolución, pero no se canoniza automáticamente.",DIFERIDO_ENG_ONLY
optimistic concurrency,Optimistic Concurrency,Optimistic Concurrency,1,6,ENG,6,ENG-030;ENG-038;ENG-042;ENG-052;ENG-053;ENG-078,ENCABEZADO,0,CANDIDATO_ENG_REPETIDO,NO,NO_ASIGNADO,ENG_SUBORDINADO,,ENG-030;ENG-038;ENG-042;ENG-052;ENG-053;ENG-078,Sólo existe evidencia ENG; se conserva como evidencia técnica subordinada.,NO,DIFERIDO_ENG_ONLY,,,"Sólo posee evidencia ENG subordinada. Se conserva para compatibilidad/evolución, pero no se canoniza automáticamente.",DIFERIDO_ENG_ONLY
optional capability,Optional Capability,Optional Capabilities; Optional Capability,2,4,ENG,4,ENG-019;ENG-039;ENG-061;ENG-068,ENCABEZADO,0,CANDIDATO_ENG_REPETIDO,NO,NO_ASIGNADO,ENG_SUBORDINADO,,ENG-019;ENG-039;ENG-061;ENG-068,Sólo existe evidencia ENG; se conserva como evidencia técnica subordinada.,NO,DIFERIDO_ENG_ONLY,,Optional Capabilities,"Sólo posee evidencia ENG subordinada. Se conserva para compatibilidad/evolución, pero no se canoniza automáticamente.",DIFERIDO_ENG_ONLY
optional component,Optional Component,Optional Component; Optional Components,2,3,ENG,3,ENG-025;ENG-036;ENG-055,ENCABEZADO,0,CANDIDATO_ENG_REPETIDO,NO,NO_ASIGNADO,ENG_SUBORDINADO,,ENG-025;ENG-036;ENG-055,Sólo existe evidencia ENG; se conserva como evidencia técnica subordinada.,NO,DIFERIDO_ENG_ONLY,,Optional Components,"Sólo posee evidencia ENG subordinada. Se conserva para compatibilidad/evolución, pero no se canoniza automáticamente.",DIFERIDO_ENG_ONLY
optional dependency,Optional Dependency,Optional Dependencies; Optional Dependency,2,11,ENG,11,ENG-013;ENG-015;ENG-027;ENG-028;ENG-032;ENG-039;ENG-055;ENG-060;ENG-061;ENG-069;ENG-073,ENCABEZADO,0,CANDIDATO_ENG_REPETIDO,NO,NO_ASIGNADO,ENG_SUBORDINADO,,ENG-013;ENG-015;ENG-027;ENG-028;ENG-032;ENG-039;ENG-055;ENG-060;ENG-061;ENG-069;ENG-073,Sólo existe evidencia ENG; se conserva como evidencia técnica subordinada.,NO,DIFERIDO_ENG_ONLY,,Optional Dependencies,"Sólo posee evidencia ENG subordinada. Se conserva para compatibilidad/evolución, pero no se canoniza automáticamente.",DIFERIDO_ENG_ONLY
optional field,Optional Field,Optional Field,1,4,ENG,4,ENG-016;ENG-022;ENG-031;ENG-062,ENCABEZADO,0,CANDIDATO_ENG_REPETIDO,NO,NO_ASIGNADO,ENG_SUBORDINADO,,ENG-016;ENG-022;ENG-031;ENG-062,Sólo existe evidencia ENG; se conserva como evidencia técnica subordinada.,NO,DIFERIDO_ENG_ONLY,,,"Sólo posee evidencia ENG subordinada. Se conserva para compatibilidad/evolución, pero no se canoniza automáticamente.",DIFERIDO_ENG_ONLY
optional initial component,Optional Initial Components,Optional Initial Components,1,59,ENG,59,ENG-030;ENG-031;ENG-032;ENG-034;ENG-037;ENG-038;ENG-039;ENG-040;ENG-041;ENG-042;ENG-043;ENG-044;ENG-045;ENG-046;ENG-047;ENG-048;ENG-049;ENG-050;ENG-051;ENG-052;ENG-053;ENG-054;ENG-055;ENG-056;ENG-057;ENG-058;ENG-059;ENG-060;ENG-061;ENG-062;ENG-063;ENG-064;ENG-065;ENG-066;ENG-067;ENG-068;ENG-069;ENG-070;ENG-071;ENG-072;ENG-073;ENG-074;ENG-075;ENG-076;ENG-077;ENG-078;ENG-079;ENG-080;ENG-081;ENG-082;ENG-083;ENG-084;ENG-085;ENG-088;ENG-090;ENG-091;ENG-092;ENG-093;ENG-094,ENCABEZADO,0,CANDIDATO_ENG_REPETIDO,NO,NO_ASIGNADO,ENG_SUBORDINADO,,ENG-030;ENG-031;ENG-032;ENG-034;ENG-037;ENG-038;ENG-039;ENG-040;ENG-041;ENG-042;ENG-043;ENG-044;ENG-045;ENG-046;ENG-047;ENG-048;ENG-049;ENG-050;ENG-051;ENG-052;ENG-053;ENG-054;ENG-055;ENG-056;ENG-057;ENG-058;ENG-059;ENG-060;ENG-061;ENG-062;ENG-063;ENG-064;ENG-065;ENG-066;ENG-067;ENG-068;ENG-069;ENG-070;ENG-071;ENG-072;ENG-073;ENG-074;ENG-075;ENG-076;ENG-077;ENG-078;ENG-079;ENG-080;ENG-081;ENG-082;ENG-083;ENG-084;ENG-085;ENG-088;ENG-090;ENG-091;ENG-092;ENG-093;ENG-094,Sólo existe evidencia ENG; se conserva como evidencia técnica subordinada.,NO,DIFERIDO_ENG_ONLY,,,"Sólo posee evidencia ENG subordinada. Se conserva para compatibilidad/evolución, pero no se canoniza automáticamente.",DIFERIDO_ENG_ONLY
ordering,Ordering,Ordering,1,7,ENG,7,ENG-021;ENG-022;ENG-029;ENG-032;ENG-041;ENG-064;ENG-078,DEFINICION_EXPLICITA;ENCABEZADO,1,CANDIDATO_ENG_DEFINIDO,NO,NO_ASIGNADO,ENG_SUBORDINADO,,ENG-021;ENG-022;ENG-029;ENG-032;ENG-041;ENG-064;ENG-078,Sólo existe evidencia ENG; se conserva como evidencia técnica subordinada.,NO,DIFERIDO_ENG_ONLY,,,"Sólo posee evidencia ENG subordinada. Se conserva para compatibilidad/evolución, pero no se canoniza automáticamente.",DIFERIDO_ENG_ONLY
ordering test,Ordering Test,Ordering Test,1,4,ENG,4,ENG-022;ENG-041;ENG-061;ENG-064,ENCABEZADO,0,CANDIDATO_ENG_REPETIDO,NO,NO_ASIGNADO,ENG_SUBORDINADO,,ENG-022;ENG-041;ENG-061;ENG-064,Sólo existe evidencia ENG; se conserva como evidencia técnica subordinada.,NO,DIFERIDO_ENG_ONLY,,,"Sólo posee evidencia ENG subordinada. Se conserva para compatibilidad/evolución, pero no se canoniza automáticamente.",DIFERIDO_ENG_ONLY
origin,Origin,Origin,1,2,ENG,1,ENG-089,CODIGO_INLINE;DEFINICION_EXPLICITA,1,CANDIDATO_ENG_DEFINIDO,NO,NO_ASIGNADO,ENG_SUBORDINADO,,ENG-089,Sólo existe evidencia ENG; se conserva como evidencia técnica subordinada.,NO,DIFERIDO_ENG_ONLY,,,"Sólo posee evidencia ENG subordinada. Se conserva para compatibilidad/evolución, pero no se canoniza automáticamente.",DIFERIDO_ENG_ONLY
outbox,Outbox,Outbox,1,3,ENG,3,ENG-031;ENG-034;ENG-038,ENCABEZADO,0,CANDIDATO_ENG_REPETIDO,NO,NO_ASIGNADO,ENG_SUBORDINADO,,ENG-031;ENG-034;ENG-038,Sólo existe evidencia ENG; se conserva como evidencia técnica subordinada.,NO,DIFERIDO_ENG_ONLY,,,"Sólo posee evidencia ENG subordinada. Se conserva para compatibilidad/evolución, pero no se canoniza automáticamente.",DIFERIDO_ENG_ONLY
output,output,Outputs; output,2,2,ENG,2,ENG-008;ENG-021,DEFINICION_EXPLICITA;ENCABEZADO,1,CANDIDATO_ENG_DEFINIDO,NO,NO_ASIGNADO,ENG_SUBORDINADO,,ENG-008;ENG-021,Sólo existe evidencia ENG; se conserva como evidencia técnica subordinada.,NO,DIFERIDO_ENG_ONLY,,Outputs,"Sólo posee evidencia ENG subordinada. Se conserva para compatibilidad/evolución, pero no se canoniza automáticamente.",DIFERIDO_ENG_ONLY
override,Override,Override,1,4,ENG,4,ENG-018;ENG-019;ENG-029;ENG-084,ENCABEZADO,0,CANDIDATO_ENG_REPETIDO,NO,NO_ASIGNADO,ENG_SUBORDINADO,,ENG-018;ENG-019;ENG-029;ENG-084,Sólo existe evidencia ENG; se conserva como evidencia técnica subordinada.,NO,DIFERIDO_ENG_ONLY,,,"Sólo posee evidencia ENG subordinada. Se conserva para compatibilidad/evolución, pero no se canoniza automáticamente.",DIFERIDO_ENG_ONLY
owner responsibility,Owner Responsibility,Owner Responsibilities; Owner Responsibility,2,11,ENG,11,ENG-029;ENG-050;ENG-054;ENG-055;ENG-065;ENG-071;ENG-073;ENG-074;ENG-077;ENG-078;ENG-079,ENCABEZADO,0,CANDIDATO_ENG_REPETIDO,NO,NO_ASIGNADO,ENG_SUBORDINADO,,ENG-029;ENG-050;ENG-054;ENG-055;ENG-065;ENG-071;ENG-073;ENG-074;ENG-077;ENG-078;ENG-079,Sólo existe evidencia ENG; se conserva como evidencia técnica subordinada.,NO,DIFERIDO_ENG_ONLY,,Owner Responsibilities,"Sólo posee evidencia ENG subordinada. Se conserva para compatibilidad/evolución, pero no se canoniza automáticamente.",DIFERIDO_ENG_ONLY
ownership,Ownership,Ownership,1,5,ENG,4,ENG-019;ENG-020;ENG-021;ENG-038,DEFINICION_EXPLICITA;ENCABEZADO,1,CANDIDATO_ENG_DEFINIDO,NO,NO_ASIGNADO,ENG_SUBORDINADO,,ENG-019;ENG-020;ENG-021;ENG-038,Sólo existe evidencia ENG; se conserva como evidencia técnica subordinada.,NO,DIFERIDO_ENG_ONLY,,,"Sólo posee evidencia ENG subordinada. Se conserva para compatibilidad/evolución, pero no se canoniza automáticamente.",DIFERIDO_ENG_ONLY
package discovery,Package Discovery,Package Discovery,1,4,ENG,4,ENG-013;ENG-020;ENG-027;ENG-058,ENCABEZADO,0,CANDIDATO_ENG_REPETIDO,NO,NO_ASIGNADO,ENG_SUBORDINADO,,ENG-013;ENG-020;ENG-027;ENG-058,Sólo existe evidencia ENG; se conserva como evidencia técnica subordinada.,NO,DIFERIDO_ENG_ONLY,,,"Sólo posee evidencia ENG subordinada. Se conserva para compatibilidad/evolución, pero no se canoniza automáticamente.",DIFERIDO_ENG_ONLY
package integration,Package Integration,Package Integration,1,5,ENG,5,ENG-018;ENG-021;ENG-028;ENG-029;ENG-031,ENCABEZADO,0,CANDIDATO_ENG_REPETIDO,NO,NO_ASIGNADO,ENG_SUBORDINADO,,ENG-018;ENG-021;ENG-028;ENG-029;ENG-031,Sólo existe evidencia ENG; se conserva como evidencia técnica subordinada.,NO,DIFERIDO_ENG_ONLY,,,"Sólo posee evidencia ENG subordinada. Se conserva para compatibilidad/evolución, pero no se canoniza automáticamente.",DIFERIDO_ENG_ONLY
package manager,Package Manager,Package Manager,1,4,ENG,1,ENG-013,CODIGO_INLINE;ENCABEZADO;TERMINO_DESTACADO,0,CANDIDATO_ENG_REPETIDO,NO,NO_ASIGNADO,ENG_SUBORDINADO,,ENG-013,Sólo existe evidencia ENG; se conserva como evidencia técnica subordinada.,NO,DIFERIDO_ENG_ONLY,,,"Sólo posee evidencia ENG subordinada. Se conserva para compatibilidad/evolución, pero no se canoniza automáticamente.",DIFERIDO_ENG_ONLY
package manager integration,Package Manager Integration,Package Manager Integration,1,5,ENG,5,ENG-012;ENG-016;ENG-017;ENG-020;ENG-027,ENCABEZADO,0,CANDIDATO_ENG_REPETIDO,NO,NO_ASIGNADO,ENG_SUBORDINADO,,ENG-012;ENG-016;ENG-017;ENG-020;ENG-027,Sólo existe evidencia ENG; se conserva como evidencia técnica subordinada.,NO,DIFERIDO_ENG_ONLY,,,"Sólo posee evidencia ENG subordinada. Se conserva para compatibilidad/evolución, pero no se canoniza automáticamente.",DIFERIDO_ENG_ONLY
package trust,Package Trust,Package Trust,1,4,ENG,4,ENG-024;ENG-027;ENG-031;ENG-058,ENCABEZADO,0,CANDIDATO_ENG_REPETIDO,NO,NO_ASIGNADO,ENG_SUBORDINADO,,ENG-024;ENG-027;ENG-031;ENG-058,Sólo existe evidencia ENG; se conserva como evidencia técnica subordinada.,NO,DIFERIDO_ENG_ONLY,,,"Sólo posee evidencia ENG subordinada. Se conserva para compatibilidad/evolución, pero no se canoniza automáticamente.",DIFERIDO_ENG_ONLY
pagination,Pagination,Pagination,1,6,ENG,6,ENG-020;ENG-030;ENG-037;ENG-043;ENG-044;ENG-061,ENCABEZADO,0,CANDIDATO_ENG_REPETIDO,NO,NO_ASIGNADO,ENG_SUBORDINADO,,ENG-020;ENG-030;ENG-037;ENG-043;ENG-044;ENG-061,Sólo existe evidencia ENG; se conserva como evidencia técnica subordinada.,NO,DIFERIDO_ENG_ONLY,,,"Sólo posee evidencia ENG subordinada. Se conserva para compatibilidad/evolución, pero no se canoniza automáticamente.",DIFERIDO_ENG_ONLY
parallelism,Parallelism,Parallelism,1,5,ENG,3,ENG-026;ENG-038;ENG-064,CODIGO_INLINE;DEFINICION_EXPLICITA;ENCABEZADO,1,CANDIDATO_ENG_DEFINIDO,NO,NO_ASIGNADO,ENG_SUBORDINADO,,ENG-026;ENG-038;ENG-064,Sólo existe evidencia ENG; se conserva como evidencia técnica subordinada.,NO,DIFERIDO_ENG_ONLY,,,"Sólo posee evidencia ENG subordinada. Se conserva para compatibilidad/evolución, pero no se canoniza automáticamente.",DIFERIDO_ENG_ONLY
partial failure,Partial Failure,Partial Failure,1,3,ENG,3,ENG-023;ENG-032;ENG-039,ENCABEZADO,0,CANDIDATO_ENG_REPETIDO,NO,NO_ASIGNADO,ENG_SUBORDINADO,,ENG-023;ENG-032;ENG-039,Sólo existe evidencia ENG; se conserva como evidencia técnica subordinada.,NO,DIFERIDO_ENG_ONLY,,,"Sólo posee evidencia ENG subordinada. Se conserva para compatibilidad/evolución, pero no se canoniza automáticamente.",DIFERIDO_ENG_ONLY
partial success,Partial Success,Partial Success; Partial ≠ Success,2,5,ENG,5,ENG-023;ENG-036;ENG-044;ENG-061;ENG-063,ENCABEZADO,0,CANDIDATO_ENG_REPETIDO,NO,NO_ASIGNADO,ENG_SUBORDINADO,,ENG-023;ENG-036;ENG-044;ENG-061;ENG-063,Sólo existe evidencia ENG; se conserva como evidencia técnica subordinada.,NO,DIFERIDO_ENG_ONLY,,Partial ≠ Success,"Sólo posee evidencia ENG subordinada. Se conserva para compatibilidad/evolución, pero no se canoniza automáticamente.",DIFERIDO_ENG_ONLY
partition key,Partition Key,Partition Key,1,4,ENG,4,ENG-040;ENG-041;ENG-064;ENG-072,ENCABEZADO,0,CANDIDATO_ENG_REPETIDO,NO,NO_ASIGNADO,ENG_SUBORDINADO,,ENG-040;ENG-041;ENG-064;ENG-072,Sólo existe evidencia ENG; se conserva como evidencia técnica subordinada.,NO,DIFERIDO_ENG_ONLY,,,"Sólo posee evidencia ENG subordinada. Se conserva para compatibilidad/evolución, pero no se canoniza automáticamente.",DIFERIDO_ENG_ONLY
partition ordering,Partition Ordering,Partition Ordering,1,3,ENG,3,ENG-038;ENG-041;ENG-064,ENCABEZADO,0,CANDIDATO_ENG_REPETIDO,NO,NO_ASIGNADO,ENG_SUBORDINADO,,ENG-038;ENG-041;ENG-064,Sólo existe evidencia ENG; se conserva como evidencia técnica subordinada.,NO,DIFERIDO_ENG_ONLY,,,"Sólo posee evidencia ENG subordinada. Se conserva para compatibilidad/evolución, pero no se canoniza automáticamente.",DIFERIDO_ENG_ONLY
partition test,Partition Test,Partition Test,1,3,ENG,3,ENG-041;ENG-064;ENG-072,ENCABEZADO,0,CANDIDATO_ENG_REPETIDO,NO,NO_ASIGNADO,ENG_SUBORDINADO,,ENG-041;ENG-064;ENG-072,Sólo existe evidencia ENG; se conserva como evidencia técnica subordinada.,NO,DIFERIDO_ENG_ONLY,,,"Sólo posee evidencia ENG subordinada. Se conserva para compatibilidad/evolución, pero no se canoniza automáticamente.",DIFERIDO_ENG_ONLY
partitioning,Partitioning,Partitioning,1,4,ENG,4,ENG-038;ENG-040;ENG-041;ENG-072,ENCABEZADO,0,CANDIDATO_ENG_REPETIDO,NO,NO_ASIGNADO,ENG_SUBORDINADO,,ENG-038;ENG-040;ENG-041;ENG-072,Sólo existe evidencia ENG; se conserva como evidencia técnica subordinada.,NO,DIFERIDO_ENG_ONLY,,,"Sólo posee evidencia ENG subordinada. Se conserva para compatibilidad/evolución, pero no se canoniza automáticamente.",DIFERIDO_ENG_ONLY
patch,PATCH,PATCH,1,3,ENG,2,ENG-014;ENG-044,CODIGO_INLINE;ENCABEZADO,0,CANDIDATO_ENG_REPETIDO,NO,NO_ASIGNADO,ENG_SUBORDINADO,,ENG-014;ENG-044,Sólo existe evidencia ENG; se conserva como evidencia técnica subordinada.,NO,DIFERIDO_ENG_ONLY,,,"Sólo posee evidencia ENG subordinada. Se conserva para compatibilidad/evolución, pero no se canoniza automáticamente.",DIFERIDO_ENG_ONLY
path traversal,Path Traversal,Path Traversal,1,3,ENG,3,ENG-024;ENG-048;ENG-058,ENCABEZADO,0,CANDIDATO_ENG_REPETIDO,NO,NO_ASIGNADO,ENG_SUBORDINADO,,ENG-024;ENG-048;ENG-058,Sólo existe evidencia ENG; se conserva como evidencia técnica subordinada.,NO,DIFERIDO_ENG_ONLY,,,"Sólo posee evidencia ENG subordinada. Se conserva para compatibilidad/evolución, pero no se canoniza automáticamente.",DIFERIDO_ENG_ONLY
pause,Pause,PAUSE; Pause,2,3,ENG,3,ENG-064;ENG-065;ENG-084,ENCABEZADO,0,CANDIDATO_ENG_REPETIDO,NO,NO_ASIGNADO,ENG_SUBORDINADO,,ENG-064;ENG-065;ENG-084,Sólo existe evidencia ENG; se conserva como evidencia técnica subordinada.,NO,DIFERIDO_ENG_ONLY,,,"Sólo posee evidencia ENG subordinada. Se conserva para compatibilidad/evolución, pero no se canoniza automáticamente.",DIFERIDO_ENG_ONLY
payload,Payload,Payload; payload,2,4,ENG,3,ENG-022;ENG-032;ENG-041,CODIGO_INLINE;ENCABEZADO,0,CANDIDATO_ENG_REPETIDO,NO,NO_ASIGNADO,ENG_SUBORDINADO,,ENG-022;ENG-032;ENG-041,Sólo existe evidencia ENG; se conserva como evidencia técnica subordinada.,NO,DIFERIDO_ENG_ONLY,,,"Sólo posee evidencia ENG subordinada. Se conserva para compatibilidad/evolución, pero no se canoniza automáticamente.",DIFERIDO_ENG_ONLY
payload logging,Payload Logging,Payload Logging,1,6,ENG,6,ENG-031;ENG-032;ENG-040;ENG-041;ENG-061;ENG-063,ENCABEZADO,0,CANDIDATO_ENG_REPETIDO,NO,NO_ASIGNADO,ENG_SUBORDINADO,,ENG-031;ENG-032;ENG-040;ENG-041;ENG-061;ENG-063,Sólo existe evidencia ENG; se conserva como evidencia técnica subordinada.,NO,DIFERIDO_ENG_ONLY,,,"Sólo posee evidencia ENG subordinada. Se conserva para compatibilidad/evolución, pero no se canoniza automáticamente.",DIFERIDO_ENG_ONLY
payload size,Payload Size,Payload Size,1,3,ENG,3,ENG-031;ENG-041;ENG-044,ENCABEZADO,0,CANDIDATO_ENG_REPETIDO,NO,NO_ASIGNADO,ENG_SUBORDINADO,,ENG-031;ENG-041;ENG-044,Sólo existe evidencia ENG; se conserva como evidencia técnica subordinada.,NO,DIFERIDO_ENG_ONLY,,,"Sólo posee evidencia ENG subordinada. Se conserva para compatibilidad/evolución, pero no se canoniza automáticamente.",DIFERIDO_ENG_ONLY
performance,Performance,Performance,1,25,ENG,21,ENG-007;ENG-010;ENG-019;ENG-020;ENG-026;ENG-028;ENG-029;ENG-030;ENG-031;ENG-032;ENG-034;ENG-035;ENG-036;ENG-037;ENG-038;ENG-039;ENG-041;ENG-043;ENG-044;ENG-045;ENG-070,CODIGO_INLINE;DEFINICION_EXPLICITA;ENCABEZADO,3,CANDIDATO_ENG_DEFINIDO,NO,NO_ASIGNADO,ENG_SUBORDINADO,,ENG-007;ENG-010;ENG-019;ENG-020;ENG-026;ENG-028;ENG-029;ENG-030;ENG-031;ENG-032;ENG-034;ENG-035;ENG-036;ENG-037;ENG-038;ENG-039;ENG-041;ENG-043;ENG-044;ENG-045;ENG-070,Sólo existe evidencia ENG; se conserva como evidencia técnica subordinada.,NO,DIFERIDO_ENG_ONLY,,,"Sólo posee evidencia ENG subordinada. Se conserva para compatibilidad/evolución, pero no se canoniza automáticamente.",DIFERIDO_ENG_ONLY
performance baseline,Performance Baseline,Performance Baseline; performance:baseline,2,5,ENG,3,ENG-009;ENG-043;ENG-070,ENCABEZADO,0,CANDIDATO_ENG_REPETIDO,NO,NO_ASIGNADO,ENG_SUBORDINADO,,ENG-009;ENG-043;ENG-070,Sólo existe evidencia ENG; se conserva como evidencia técnica subordinada.,NO,DIFERIDO_ENG_ONLY,,performance:baseline,"Sólo posee evidencia ENG subordinada. Se conserva para compatibilidad/evolución, pero no se canoniza automáticamente.",DIFERIDO_ENG_ONLY
performance budget,Performance Budget,Performance Budget; performance:budget,2,5,ENG,4,ENG-025;ENG-026;ENG-027;ENG-070,ENCABEZADO,0,CANDIDATO_ENG_REPETIDO,NO,NO_ASIGNADO,ENG_SUBORDINADO,,ENG-025;ENG-026;ENG-027;ENG-070,Sólo existe evidencia ENG; se conserva como evidencia técnica subordinada.,NO,DIFERIDO_ENG_ONLY,,performance:budget,"Sólo posee evidencia ENG subordinada. Se conserva para compatibilidad/evolución, pero no se canoniza automáticamente.",DIFERIDO_ENG_ONLY
performance engineering,Performance Engineering,Performance Engineering,1,5,ENG,2,ENG-026;ENG-070,ENCABEZADO;TERMINO_DESTACADO,0,CANDIDATO_ENG_REPETIDO,NO,NO_ASIGNADO,ENG_SUBORDINADO,,ENG-026;ENG-070,Sólo existe evidencia ENG; se conserva como evidencia técnica subordinada.,NO,DIFERIDO_ENG_ONLY,,,"Sólo posee evidencia ENG subordinada. Se conserva para compatibilidad/evolución, pero no se canoniza automáticamente.",DIFERIDO_ENG_ONLY
performance gate,Performance Gate,Performance Gate,1,3,ENG,2,ENG-026;ENG-070,ENCABEZADO,0,CANDIDATO_ENG_REPETIDO,NO,NO_ASIGNADO,ENG_SUBORDINADO,,ENG-026;ENG-070,Sólo existe evidencia ENG; se conserva como evidencia técnica subordinada.,NO,DIFERIDO_ENG_ONLY,,,"Sólo posee evidencia ENG subordinada. Se conserva para compatibilidad/evolución, pero no se canoniza automáticamente.",DIFERIDO_ENG_ONLY
performance integration,Performance Integration,Performance Integration,1,3,ENG,3,ENG-027;ENG-071;ENG-073,ENCABEZADO,0,CANDIDATO_ENG_REPETIDO,NO,NO_ASIGNADO,ENG_SUBORDINADO,,ENG-027;ENG-071;ENG-073,Sólo existe evidencia ENG; se conserva como evidencia técnica subordinada.,NO,DIFERIDO_ENG_ONLY,,,"Sólo posee evidencia ENG subordinada. Se conserva para compatibilidad/evolución, pero no se canoniza automáticamente.",DIFERIDO_ENG_ONLY
performance optimization,Performance Optimization,Performance Optimization; Performance ≠ Optimization,2,3,ENG,2,ENG-070;ENG-077,ENCABEZADO,0,CANDIDATO_ENG_REPETIDO,NO,NO_ASIGNADO,ENG_SUBORDINADO,,ENG-070;ENG-077,Sólo existe evidencia ENG; se conserva como evidencia técnica subordinada.,NO,DIFERIDO_ENG_ONLY,,Performance ≠ Optimization,"Sólo posee evidencia ENG subordinada. Se conserva para compatibilidad/evolución, pero no se canoniza automáticamente.",DIFERIDO_ENG_ONLY
performance profile,performance profile,Performance Profile; performance profile; performance:profile,3,4,ENG,2,ENG-026;ENG-070,CODIGO_INLINE;ENCABEZADO,0,CANDIDATO_ENG_REPETIDO,NO,NO_ASIGNADO,ENG_SUBORDINADO,,ENG-026;ENG-070,Sólo existe evidencia ENG; se conserva como evidencia técnica subordinada.,NO,DIFERIDO_ENG_ONLY,,performance:profile,"Sólo posee evidencia ENG subordinada. Se conserva para compatibilidad/evolución, pero no se canoniza automáticamente.",DIFERIDO_ENG_ONLY
performance status,performance status,Performance Status; performance status,2,3,ENG,1,ENG-026,CODIGO_INLINE;ENCABEZADO,0,CANDIDATO_ENG_REPETIDO,NO,NO_ASIGNADO,ENG_SUBORDINADO,,ENG-026,Sólo existe evidencia ENG; se conserva como evidencia técnica subordinada.,NO,DIFERIDO_ENG_ONLY,,,"Sólo posee evidencia ENG subordinada. Se conserva para compatibilidad/evolución, pero no se canoniza automáticamente.",DIFERIDO_ENG_ONLY
performance test,Performance Test,Performance Test; Performance Tests,2,7,ENG,7,ENG-009;ENG-026;ENG-027;ENG-030;ENG-041;ENG-043;ENG-065,ENCABEZADO,0,CANDIDATO_ENG_REPETIDO,NO,NO_ASIGNADO,ENG_SUBORDINADO,,ENG-009;ENG-026;ENG-027;ENG-030;ENG-041;ENG-043;ENG-065,Sólo existe evidencia ENG; se conserva como evidencia técnica subordinada.,NO,DIFERIDO_ENG_ONLY,,Performance Tests,"Sólo posee evidencia ENG subordinada. Se conserva para compatibilidad/evolución, pero no se canoniza automáticamente.",DIFERIDO_ENG_ONLY
permanent failure,Permanent Failure,Permanent Failure,1,3,ENG,3,ENG-039;ENG-064;ENG-074,ENCABEZADO,0,CANDIDATO_ENG_REPETIDO,NO,NO_ASIGNADO,ENG_SUBORDINADO,,ENG-039;ENG-064;ENG-074,Sólo existe evidencia ENG; se conserva como evidencia técnica subordinada.,NO,DIFERIDO_ENG_ONLY,,,"Sólo posee evidencia ENG subordinada. Se conserva para compatibilidad/evolución, pero no se canoniza automáticamente.",DIFERIDO_ENG_ONLY
permission,Permission,Permission; Permissions,2,7,ENG,6,ENG-003;ENG-013;ENG-024;ENG-046;ENG-047;ENG-050,CODIGO_INLINE;DEFINICION_EXPLICITA;ENCABEZADO,1,CANDIDATO_ENG_DEFINIDO,NO,NO_ASIGNADO,ENG_SUBORDINADO,,ENG-003;ENG-013;ENG-024;ENG-046;ENG-047;ENG-050,Sólo existe evidencia ENG; se conserva como evidencia técnica subordinada.,NO,DIFERIDO_ENG_ONLY,,Permissions,"Sólo posee evidencia ENG subordinada. Se conserva para compatibilidad/evolución, pero no se canoniza automáticamente.",DIFERIDO_ENG_ONLY
persistence,Persistence,Persistence,1,6,ENG,5,ENG-030;ENG-039;ENG-040;ENG-041;ENG-053,DEFINICION_EXPLICITA;ENCABEZADO,2,CANDIDATO_ENG_DEFINIDO,NO,NO_ASIGNADO,ENG_SUBORDINADO,,ENG-030;ENG-039;ENG-040;ENG-041;ENG-053,Sólo existe evidencia ENG; se conserva como evidencia técnica subordinada.,NO,DIFERIDO_ENG_ONLY,,,"Sólo posee evidencia ENG subordinada. Se conserva para compatibilidad/evolución, pero no se canoniza automáticamente.",DIFERIDO_ENG_ONLY
persistence constraint,Persistence Constraint,Persistence Constraint,1,3,ENG,3,ENG-035;ENG-036;ENG-079,ENCABEZADO,0,CANDIDATO_ENG_REPETIDO,NO,NO_ASIGNADO,ENG_SUBORDINADO,,ENG-035;ENG-036;ENG-079,Sólo existe evidencia ENG; se conserva como evidencia técnica subordinada.,NO,DIFERIDO_ENG_ONLY,,,"Sólo posee evidencia ENG subordinada. Se conserva para compatibilidad/evolución, pero no se canoniza automáticamente.",DIFERIDO_ENG_ONLY
persistence engineering,Persistence Engineering,Persistence Engineering,1,3,ENG,2,ENG-030;ENG-077,DEFINICION_EXPLICITA;ENCABEZADO;TERMINO_DESTACADO,1,CANDIDATO_ENG_DEFINIDO,NO,NO_ASIGNADO,ENG_SUBORDINADO,,ENG-030;ENG-077,Sólo existe evidencia ENG; se conserva como evidencia técnica subordinada.,NO,DIFERIDO_ENG_ONLY,,,"Sólo posee evidencia ENG subordinada. Se conserva para compatibilidad/evolución, pero no se canoniza automáticamente.",DIFERIDO_ENG_ONLY
persistence integration,Persistence Integration,Persistence Integration,1,5,ENG,5,ENG-032;ENG-042;ENG-052;ENG-054;ENG-065,ENCABEZADO,0,CANDIDATO_ENG_REPETIDO,NO,NO_ASIGNADO,ENG_SUBORDINADO,,ENG-032;ENG-042;ENG-052;ENG-054;ENG-065,Sólo existe evidencia ENG; se conserva como evidencia técnica subordinada.,NO,DIFERIDO_ENG_ONLY,,,"Sólo posee evidencia ENG subordinada. Se conserva para compatibilidad/evolución, pero no se canoniza automáticamente.",DIFERIDO_ENG_ONLY
pessimistic concurrency,Pessimistic Concurrency,Pessimistic Concurrency,1,3,ENG,3,ENG-038;ENG-042;ENG-078,ENCABEZADO,0,CANDIDATO_ENG_REPETIDO,NO,NO_ASIGNADO,ENG_SUBORDINADO,,ENG-038;ENG-042;ENG-078,Sólo existe evidencia ENG; se conserva como evidencia técnica subordinada.,NO,DIFERIDO_ENG_ONLY,,,"Sólo posee evidencia ENG subordinada. Se conserva para compatibilidad/evolución, pero no se canoniza automáticamente.",DIFERIDO_ENG_ONLY
phantom read,Phantom Read,Phantom Read,1,3,ENG,3,ENG-038;ENG-042;ENG-078,ENCABEZADO,0,CANDIDATO_ENG_REPETIDO,NO,NO_ASIGNADO,ENG_SUBORDINADO,,ENG-038;ENG-042;ENG-078,Sólo existe evidencia ENG; se conserva como evidencia técnica subordinada.,NO,DIFERIDO_ENG_ONLY,,,"Sólo posee evidencia ENG subordinada. Se conserva para compatibilidad/evolución, pero no se canoniza automáticamente.",DIFERIDO_ENG_ONLY
pipeline,Pipeline,Pipeline,1,2,ENG,1,ENG-064,DEFINICION_EXPLICITA,2,CANDIDATO_ENG_DEFINIDO,NO,NO_ASIGNADO,ENG_SUBORDINADO,,ENG-064,Sólo existe evidencia ENG; se conserva como evidencia técnica subordinada.,NO,DIFERIDO_ENG_ONLY,,,"Sólo posee evidencia ENG subordinada. Se conserva para compatibilidad/evolución, pero no se canoniza automáticamente.",DIFERIDO_ENG_ONLY
plugin migration,Plugin Migration,Plugin Migration,1,3,ENG,2,ENG-060;ENG-065,ENCABEZADO,0,CANDIDATO_ENG_REPETIDO,NO,NO_ASIGNADO,ENG_SUBORDINADO,,ENG-060;ENG-065,Sólo existe evidencia ENG; se conserva como evidencia técnica subordinada.,NO,DIFERIDO_ENG_ONLY,,,"Sólo posee evidencia ENG subordinada. Se conserva para compatibilidad/evolución, pero no se canoniza automáticamente.",DIFERIDO_ENG_ONLY
plugin upgrade,Plugin Upgrade,Plugin Upgrade; plugin:upgrade,2,4,ENG,2,ENG-060;ENG-066,ENCABEZADO,0,CANDIDATO_ENG_REPETIDO,NO,NO_ASIGNADO,ENG_SUBORDINADO,,ENG-060;ENG-066,Sólo existe evidencia ENG; se conserva como evidencia técnica subordinada.,NO,DIFERIDO_ENG_ONLY,,plugin:upgrade,"Sólo posee evidencia ENG subordinada. Se conserva para compatibilidad/evolución, pero no se canoniza automáticamente.",DIFERIDO_ENG_ONLY
point of no return,Point of No Return,Point of No Return,1,3,ENG,3,ENG-065;ENG-066;ENG-067,ENCABEZADO,0,CANDIDATO_ENG_REPETIDO,NO,NO_ASIGNADO,ENG_SUBORDINADO,,ENG-065;ENG-066;ENG-067,Sólo existe evidencia ENG; se conserva como evidencia técnica subordinada.,NO,DIFERIDO_ENG_ONLY,,,"Sólo posee evidencia ENG subordinada. Se conserva para compatibilidad/evolución, pero no se canoniza automáticamente.",DIFERIDO_ENG_ONLY
poison message,Poison Message,Poison Message,1,4,ENG,2,ENG-032;ENG-041,CODIGO_INLINE;ENCABEZADO,0,CANDIDATO_ENG_REPETIDO,NO,NO_ASIGNADO,ENG_SUBORDINADO,,ENG-032;ENG-041,Sólo existe evidencia ENG; se conserva como evidencia técnica subordinada.,NO,DIFERIDO_ENG_ONLY,,,"Sólo posee evidencia ENG subordinada. Se conserva para compatibilidad/evolución, pero no se canoniza automáticamente.",DIFERIDO_ENG_ONLY
policy,Policy,Policies; Policy,2,8,ENG,5,ENG-005;ENG-015;ENG-035;ENG-046;ENG-051,CODIGO_INLINE;ENCABEZADO,0,CANDIDATO_ENG_REPETIDO,NO,NO_ASIGNADO,ENG_SUBORDINADO,,ENG-005;ENG-015;ENG-035;ENG-046;ENG-051,Sólo existe evidencia ENG; se conserva como evidencia técnica subordinada.,NO,DIFERIDO_ENG_ONLY,,Policies,"Sólo posee evidencia ENG subordinada. Se conserva para compatibilidad/evolución, pero no se canoniza automáticamente.",DIFERIDO_ENG_ONLY
policy conflict,Policy Conflict,Policy Conflict,1,3,ENG,3,ENG-046;ENG-051;ENG-081,ENCABEZADO,0,CANDIDATO_ENG_REPETIDO,NO,NO_ASIGNADO,ENG_SUBORDINADO,,ENG-046;ENG-051;ENG-081,Sólo existe evidencia ENG; se conserva como evidencia técnica subordinada.,NO,DIFERIDO_ENG_ONLY,,,"Sólo posee evidencia ENG subordinada. Se conserva para compatibilidad/evolución, pero no se canoniza automáticamente.",DIFERIDO_ENG_ONLY
policy decision,Policy Decision,Policy Decision,1,3,ENG,3,ENG-013;ENG-051;ENG-081,ENCABEZADO,0,CANDIDATO_ENG_REPETIDO,NO,NO_ASIGNADO,ENG_SUBORDINADO,,ENG-013;ENG-051;ENG-081,Sólo existe evidencia ENG; se conserva como evidencia técnica subordinada.,NO,DIFERIDO_ENG_ONLY,,,"Sólo posee evidencia ENG subordinada. Se conserva para compatibilidad/evolución, pero no se canoniza automáticamente.",DIFERIDO_ENG_ONLY
policy decision point,Policy Decision Point,Policy Decision Point,1,3,ENG,3,ENG-024;ENG-046;ENG-051,ENCABEZADO,0,CANDIDATO_ENG_REPETIDO,NO,NO_ASIGNADO,ENG_SUBORDINADO,,ENG-024;ENG-046;ENG-051,Sólo existe evidencia ENG; se conserva como evidencia técnica subordinada.,NO,DIFERIDO_ENG_ONLY,,,"Sólo posee evidencia ENG subordinada. Se conserva para compatibilidad/evolución, pero no se canoniza automáticamente.",DIFERIDO_ENG_ONLY
policy enforcement point,Policy Enforcement Point,Policy Enforcement Point,1,3,ENG,3,ENG-024;ENG-046;ENG-051,ENCABEZADO,0,CANDIDATO_ENG_REPETIDO,NO,NO_ASIGNADO,ENG_SUBORDINADO,,ENG-024;ENG-046;ENG-051,Sólo existe evidencia ENG; se conserva como evidencia técnica subordinada.,NO,DIFERIDO_ENG_ONLY,,,"Sólo posee evidencia ENG subordinada. Se conserva para compatibilidad/evolución, pero no se canoniza automáticamente.",DIFERIDO_ENG_ONLY
policy engineering,Policy Engineering,Policy Engineering,1,6,ENG,3,ENG-050;ENG-051;ENG-081,CODIGO_INLINE;ENCABEZADO;TERMINO_DESTACADO,0,CANDIDATO_ENG_REPETIDO,NO,NO_ASIGNADO,ENG_SUBORDINADO,,ENG-050;ENG-051;ENG-081,Sólo existe evidencia ENG; se conserva como evidencia técnica subordinada.,NO,DIFERIDO_ENG_ONLY,,,"Sólo posee evidencia ENG subordinada. Se conserva para compatibilidad/evolución, pero no se canoniza automáticamente.",DIFERIDO_ENG_ONLY
policy integration,Policy Integration,Policy Integration,1,4,ENG,4,ENG-052;ENG-053;ENG-054;ENG-055,ENCABEZADO,0,CANDIDATO_ENG_REPETIDO,NO,NO_ASIGNADO,ENG_SUBORDINADO,,ENG-052;ENG-053;ENG-054;ENG-055,Sólo existe evidencia ENG; se conserva como evidencia técnica subordinada.,NO,DIFERIDO_ENG_ONLY,,,"Sólo posee evidencia ENG subordinada. Se conserva para compatibilidad/evolución, pero no se canoniza automáticamente.",DIFERIDO_ENG_ONLY
policy scope,Policy Scope,Policy Scope,1,3,ENG,3,ENG-046;ENG-069;ENG-081,ENCABEZADO,0,CANDIDATO_ENG_REPETIDO,NO,NO_ASIGNADO,ENG_SUBORDINADO,,ENG-046;ENG-069;ENG-081,Sólo existe evidencia ENG; se conserva como evidencia técnica subordinada.,NO,DIFERIDO_ENG_ONLY,,,"Sólo posee evidencia ENG subordinada. Se conserva para compatibilidad/evolución, pero no se canoniza automáticamente.",DIFERIDO_ENG_ONLY
policy tampering,Policy Tampering,Policy Tampering,1,3,ENG,2,ENG-046;ENG-051,ENCABEZADO,0,CANDIDATO_ENG_REPETIDO,NO,NO_ASIGNADO,ENG_SUBORDINADO,,ENG-046;ENG-051,Sólo existe evidencia ENG; se conserva como evidencia técnica subordinada.,NO,DIFERIDO_ENG_ONLY,,,"Sólo posee evidencia ENG subordinada. Se conserva para compatibilidad/evolución, pero no se canoniza automáticamente.",DIFERIDO_ENG_ONLY
policy versioning,Policy Versioning,Policy Versioning,1,4,ENG,4,ENG-017;ENG-024;ENG-046;ENG-081,ENCABEZADO,0,CANDIDATO_ENG_REPETIDO,NO,NO_ASIGNADO,ENG_SUBORDINADO,,ENG-017;ENG-024;ENG-046;ENG-081,Sólo existe evidencia ENG; se conserva como evidencia técnica subordinada.,NO,DIFERIDO_ENG_ONLY,,,"Sólo posee evidencia ENG subordinada. Se conserva para compatibilidad/evolución, pero no se canoniza automáticamente.",DIFERIDO_ENG_ONLY
posicion arquitectonica,Posición Arquitectónica,Posición Arquitectónica,1,3,ENG,3,ENG-020;ENG-021;ENG-022,ENCABEZADO,0,CANDIDATO_ENG_REPETIDO,NO,NO_ASIGNADO,ENG_SUBORDINADO,,ENG-020;ENG-021;ENG-022,Sólo existe evidencia ENG; se conserva como evidencia técnica subordinada.,NO,DIFERIDO_ENG_ONLY,,,"Sólo posee evidencia ENG subordinada. Se conserva para compatibilidad/evolución, pero no se canoniza automáticamente.",DIFERIDO_ENG_ONLY
preflight,Preflight,Preflight,1,3,ENG,3,ENG-044;ENG-066;ENG-067,ENCABEZADO,0,CANDIDATO_ENG_REPETIDO,NO,NO_ASIGNADO,ENG_SUBORDINADO,,ENG-044;ENG-066;ENG-067,Sólo existe evidencia ENG; se conserva como evidencia técnica subordinada.,NO,DIFERIDO_ENG_ONLY,,,"Sólo posee evidencia ENG subordinada. Se conserva para compatibilidad/evolución, pero no se canoniza automáticamente.",DIFERIDO_ENG_ONLY
premature optimization,Premature Optimization,Premature Optimization,1,3,ENG,2,ENG-026;ENG-070,ENCABEZADO,0,CANDIDATO_ENG_REPETIDO,NO,NO_ASIGNADO,ENG_SUBORDINADO,,ENG-026;ENG-070,Sólo existe evidencia ENG; se conserva como evidencia técnica subordinada.,NO,DIFERIDO_ENG_ONLY,,,"Sólo posee evidencia ENG subordinada. Se conserva para compatibilidad/evolución, pero no se canoniza automáticamente.",DIFERIDO_ENG_ONLY
preservation object,Preservation Object,Preservation Object,1,2,ENG,1,ENG-093,DEFINICION_EXPLICITA;ENCABEZADO,1,CANDIDATO_ENG_DEFINIDO,NO,NO_ASIGNADO,ENG_SUBORDINADO,,ENG-093,Sólo existe evidencia ENG; se conserva como evidencia técnica subordinada.,NO,DIFERIDO_ENG_ONLY,,,"Sólo posee evidencia ENG subordinada. Se conserva para compatibilidad/evolución, pero no se canoniza automáticamente.",DIFERIDO_ENG_ONLY
primera implementacion recomendada,Primera Implementación Recomendada,Primera Implementación Recomendada,1,9,ENG,9,ENG-012;ENG-018;ENG-019;ENG-020;ENG-021;ENG-022;ENG-023;ENG-024;ENG-025,ENCABEZADO,0,CANDIDATO_ENG_REPETIDO,NO,NO_ASIGNADO,ENG_SUBORDINADO,,ENG-012;ENG-018;ENG-019;ENG-020;ENG-021;ENG-022;ENG-023;ENG-024;ENG-025,Sólo existe evidencia ENG; se conserva como evidencia técnica subordinada.,NO,DIFERIDO_ENG_ONLY,,,"Sólo posee evidencia ENG subordinada. Se conserva para compatibilidad/evolución, pero no se canoniza automáticamente.",DIFERIDO_ENG_ONLY
primitive obsession,Primitive Obsession,Primitive Obsession,1,3,ENG,2,ENG-021;ENG-035,ENCABEZADO,0,CANDIDATO_ENG_REPETIDO,NO,NO_ASIGNADO,ENG_SUBORDINADO,,ENG-021;ENG-035,Sólo existe evidencia ENG; se conserva como evidencia técnica subordinada.,NO,DIFERIDO_ENG_ONLY,,,"Sólo posee evidencia ENG subordinada. Se conserva para compatibilidad/evolución, pero no se canoniza automáticamente.",DIFERIDO_ENG_ONLY
principal,Principal,Principal,1,9,ENG,6,ENG-024;ENG-034;ENG-037;ENG-045;ENG-046;ENG-056,CODIGO_INLINE;DEFINICION_EXPLICITA;ENCABEZADO;TABLA_COLUMNA_PRINCIPAL,2,CANDIDATO_ENG_DEFINIDO,NO,NO_ASIGNADO,ENG_SUBORDINADO,,ENG-024;ENG-034;ENG-037;ENG-045;ENG-046;ENG-056,Sólo existe evidencia ENG; se conserva como evidencia técnica subordinada.,NO,DIFERIDO_ENG_ONLY,,,"Sólo posee evidencia ENG subordinada. Se conserva para compatibilidad/evolución, pero no se canoniza automáticamente.",DIFERIDO_ENG_ONLY
priority,Priority,Priority,1,9,ENG,9,ENG-018;ENG-019;ENG-022;ENG-029;ENG-036;ENG-039;ENG-040;ENG-054;ENG-071,ENCABEZADO,0,CANDIDATO_ENG_REPETIDO,NO,NO_ASIGNADO,ENG_SUBORDINADO,,ENG-018;ENG-019;ENG-022;ENG-029;ENG-036;ENG-039;ENG-040;ENG-054;ENG-071,Sólo existe evidencia ENG; se conserva como evidencia técnica subordinada.,NO,DIFERIDO_ENG_ONLY,,,"Sólo posee evidencia ENG subordinada. Se conserva para compatibilidad/evolución, pero no se canoniza automáticamente.",DIFERIDO_ENG_ONLY
privacy,Privacy,Privacy,1,5,ENG,5,ENG-024;ENG-045;ENG-088;ENG-093;ENG-094,ENCABEZADO,0,CANDIDATO_ENG_REPETIDO,NO,NO_ASIGNADO,ENG_SUBORDINADO,,ENG-024;ENG-045;ENG-088;ENG-093;ENG-094,Sólo existe evidencia ENG; se conserva como evidencia técnica subordinada.,NO,DIFERIDO_ENG_ONLY,,,"Sólo posee evidencia ENG subordinada. Se conserva para compatibilidad/evolución, pero no se canoniza automáticamente.",DIFERIDO_ENG_ONLY
process isolation,Process Isolation,Process Isolation,1,3,ENG,3,ENG-024;ENG-028;ENG-074,ENCABEZADO,0,CANDIDATO_ENG_REPETIDO,NO,NO_ASIGNADO,ENG_SUBORDINADO,,ENG-024;ENG-028;ENG-074,Sólo existe evidencia ENG; se conserva como evidencia técnica subordinada.,NO,DIFERIDO_ENG_ONLY,,,"Sólo posee evidencia ENG subordinada. Se conserva para compatibilidad/evolución, pero no se canoniza automáticamente.",DIFERIDO_ENG_ONLY
producer,producer,Producer; producer,2,4,ENG,2,ENG-022;ENG-041,CODIGO_INLINE;ENCABEZADO,0,CANDIDATO_ENG_REPETIDO,NO,NO_ASIGNADO,ENG_SUBORDINADO,,ENG-022;ENG-041,Sólo existe evidencia ENG; se conserva como evidencia técnica subordinada.,NO,DIFERIDO_ENG_ONLY,,,"Sólo posee evidencia ENG subordinada. Se conserva para compatibilidad/evolución, pero no se canoniza automáticamente.",DIFERIDO_ENG_ONLY
producer responsibility,Producer Responsibility,Producer Responsibility,1,3,ENG,3,ENG-062;ENG-080;ENG-081,ENCABEZADO,0,CANDIDATO_ENG_REPETIDO,NO,NO_ASIGNADO,ENG_SUBORDINADO,,ENG-062;ENG-080;ENG-081,Sólo existe evidencia ENG; se conserva como evidencia técnica subordinada.,NO,DIFERIDO_ENG_ONLY,,,"Sólo posee evidencia ENG subordinada. Se conserva para compatibilidad/evolución, pero no se canoniza automáticamente.",DIFERIDO_ENG_ONLY
production profiling,Production Profiling,Production Profiling,1,3,ENG,2,ENG-026;ENG-070,ENCABEZADO,0,CANDIDATO_ENG_REPETIDO,NO,NO_ASIGNADO,ENG_SUBORDINADO,,ENG-026;ENG-070,Sólo existe evidencia ENG; se conserva como evidencia técnica subordinada.,NO,DIFERIDO_ENG_ONLY,,,"Sólo posee evidencia ENG subordinada. Se conserva para compatibilidad/evolución, pero no se canoniza automáticamente.",DIFERIDO_ENG_ONLY
profiling,Profiling,Profiling,1,3,ENG,3,ENG-026;ENG-070;ENG-084,ENCABEZADO,0,CANDIDATO_ENG_REPETIDO,NO,NO_ASIGNADO,ENG_SUBORDINADO,,ENG-026;ENG-070;ENG-084,Sólo existe evidencia ENG; se conserva como evidencia técnica subordinada.,NO,DIFERIDO_ENG_ONLY,,,"Sólo posee evidencia ENG subordinada. Se conserva para compatibilidad/evolución, pero no se canoniza automáticamente.",DIFERIDO_ENG_ONLY
projection,Projection,Projection,1,4,ENG,3,ENG-043;ENG-063;ENG-079,CODIGO_INLINE;ENCABEZADO,0,CANDIDATO_ENG_REPETIDO,NO,NO_ASIGNADO,ENG_SUBORDINADO,,ENG-043;ENG-063;ENG-079,Sólo existe evidencia ENG; se conserva como evidencia técnica subordinada.,NO,DIFERIDO_ENG_ONLY,,,"Sólo posee evidencia ENG subordinada. Se conserva para compatibilidad/evolución, pero no se canoniza automáticamente.",DIFERIDO_ENG_ONLY
property-based testing,Property-Based Testing,Property-Based Testing,1,9,ENG,9,ENG-009;ENG-011;ENG-015;ENG-031;ENG-035;ENG-036;ENG-037;ENG-046;ENG-048,ENCABEZADO,0,CANDIDATO_ENG_REPETIDO,NO,NO_ASIGNADO,ENG_SUBORDINADO,,ENG-009;ENG-011;ENG-015;ENG-031;ENG-035;ENG-036;ENG-037;ENG-046;ENG-048,Sólo existe evidencia ENG; se conserva como evidencia técnica subordinada.,NO,DIFERIDO_ENG_ONLY,,,"Sólo posee evidencia ENG subordinada. Se conserva para compatibilidad/evolución, pero no se canoniza automáticamente.",DIFERIDO_ENG_ONLY
protocol,Protocol,Protocol,1,2,ENG,1,ENG-032,CODIGO_INLINE;DEFINICION_EXPLICITA,1,CANDIDATO_ENG_DEFINIDO,NO,NO_ASIGNADO,ENG_SUBORDINADO,,ENG-032,Sólo existe evidencia ENG; se conserva como evidencia técnica subordinada.,NO,DIFERIDO_ENG_ONLY,,,"Sólo posee evidencia ENG subordinada. Se conserva para compatibilidad/evolución, pero no se canoniza automáticamente.",DIFERIDO_ENG_ONLY
provenance,Provenance,Provenance,1,8,ENG,8,ENG-012;ENG-017;ENG-020;ENG-049;ENG-063;ENG-079;ENG-093;ENG-094,ENCABEZADO,0,CANDIDATO_ENG_REPETIDO,NO,NO_ASIGNADO,ENG_SUBORDINADO,,ENG-012;ENG-017;ENG-020;ENG-049;ENG-063;ENG-079;ENG-093;ENG-094,Sólo existe evidencia ENG; se conserva como evidencia técnica subordinada.,NO,DIFERIDO_ENG_ONLY,,,"Sólo posee evidencia ENG subordinada. Se conserva para compatibilidad/evolución, pero no se canoniza automáticamente.",DIFERIDO_ENG_ONLY
provider,Provider,/Providers; Provider; Providers; providers,4,10,ENG,6,ENG-002;ENG-003;ENG-005;ENG-006;ENG-019;ENG-020,CODIGO_INLINE;ENCABEZADO;TERMINO_DESTACADO,0,CANDIDATO_ENG_REPETIDO,NO,NO_ASIGNADO,ENG_SUBORDINADO,,ENG-002;ENG-003;ENG-005;ENG-006;ENG-019;ENG-020,Sólo existe evidencia ENG; se conserva como evidencia técnica subordinada.,NO,DIFERIDO_ENG_ONLY,,/Providers; Providers; providers,"Sólo posee evidencia ENG subordinada. Se conserva para compatibilidad/evolución, pero no se canoniza automáticamente.",DIFERIDO_ENG_ONLY
provider registration,Provider Registration,Provider Registration,1,4,ENG,4,ENG-018;ENG-022;ENG-028;ENG-058,ENCABEZADO,0,CANDIDATO_ENG_REPETIDO,NO,NO_ASIGNADO,ENG_SUBORDINADO,,ENG-018;ENG-022;ENG-028;ENG-058,Sólo existe evidencia ENG; se conserva como evidencia técnica subordinada.,NO,DIFERIDO_ENG_ONLY,,,"Sólo posee evidencia ENG subordinada. Se conserva para compatibilidad/evolución, pero no se canoniza automáticamente.",DIFERIDO_ENG_ONLY
public,Public,PUBLIC; Public,2,4,ENG,4,ENG-001;ENG-020;ENG-081;ENG-091,CODIGO_INLINE;ENCABEZADO;TABLA_COLUMNA_PRINCIPAL,0,CANDIDATO_ENG_REPETIDO,NO,NO_ASIGNADO,ENG_SUBORDINADO,,ENG-001;ENG-020;ENG-081;ENG-091,Sólo existe evidencia ENG; se conserva como evidencia técnica subordinada.,NO,DIFERIDO_ENG_ONLY,,,"Sólo posee evidencia ENG subordinada. Se conserva para compatibilidad/evolución, pero no se canoniza automáticamente.",DIFERIDO_ENG_ONLY
public surface,Public Surface,Public Surface,1,3,ENG,2,ENG-014;ENG-028,CODIGO_INLINE;ENCABEZADO,0,CANDIDATO_ENG_REPETIDO,NO,NO_ASIGNADO,ENG_SUBORDINADO,,ENG-014;ENG-028,Sólo existe evidencia ENG; se conserva como evidencia técnica subordinada.,NO,DIFERIDO_ENG_ONLY,,,"Sólo posee evidencia ENG subordinada. Se conserva para compatibilidad/evolución, pero no se canoniza automáticamente.",DIFERIDO_ENG_ONLY
publication,Publication,Publication,1,4,ENG,2,ENG-017;ENG-086,DEFINICION_EXPLICITA;ENCABEZADO,2,CANDIDATO_ENG_DEFINIDO,NO,NO_ASIGNADO,ENG_SUBORDINADO,,ENG-017;ENG-086,Sólo existe evidencia ENG; se conserva como evidencia técnica subordinada.,NO,DIFERIDO_ENG_ONLY,,,"Sólo posee evidencia ENG subordinada. Se conserva para compatibilidad/evolución, pero no se canoniza automáticamente.",DIFERIDO_ENG_ONLY
published,Published,Published,1,6,ENG,3,ENG-015;ENG-017;ENG-049,CODIGO_INLINE;DEFINICION_EXPLICITA;ENCABEZADO;TABLA_COLUMNA_PRINCIPAL,1,CANDIDATO_ENG_DEFINIDO,NO,NO_ASIGNADO,ENG_SUBORDINADO,,ENG-015;ENG-017;ENG-049,Sólo existe evidencia ENG; se conserva como evidencia técnica subordinada.,NO,DIFERIDO_ENG_ONLY,,,"Sólo posee evidencia ENG subordinada. Se conserva para compatibilidad/evolución, pero no se canoniza automáticamente.",DIFERIDO_ENG_ONLY
purpose limitation,Purpose Limitation,Purpose Limitation,1,3,ENG,3,ENG-081;ENG-082;ENG-092,ENCABEZADO,0,CANDIDATO_ENG_REPETIDO,NO,NO_ASIGNADO,ENG_SUBORDINADO,,ENG-081;ENG-082;ENG-092,Sólo existe evidencia ENG; se conserva como evidencia técnica subordinada.,NO,DIFERIDO_ENG_ONLY,,,"Sólo posee evidencia ENG subordinada. Se conserva para compatibilidad/evolución, pero no se canoniza automáticamente.",DIFERIDO_ENG_ONLY
quality drift,Quality Drift,Quality Drift; quality:drift,2,3,ENG,1,ENG-080,ENCABEZADO,0,CANDIDATO_ENG_REPETIDO,NO,NO_ASIGNADO,ENG_SUBORDINADO,,ENG-080,Sólo existe evidencia ENG; se conserva como evidencia técnica subordinada.,NO,DIFERIDO_ENG_ONLY,,quality:drift,"Sólo posee evidencia ENG subordinada. Se conserva para compatibilidad/evolución, pero no se canoniza automáticamente.",DIFERIDO_ENG_ONLY
quality gate,Quality Gate,Quality Gate; Quality Gates; quality:gate,3,8,ENG,6,ENG-009;ENG-012;ENG-021;ENG-022;ENG-023;ENG-080,ENCABEZADO,0,CANDIDATO_ENG_REPETIDO,NO,NO_ASIGNADO,ENG_SUBORDINADO,,ENG-009;ENG-012;ENG-021;ENG-022;ENG-023;ENG-080,Sólo existe evidencia ENG; se conserva como evidencia técnica subordinada.,NO,DIFERIDO_ENG_ONLY,,Quality Gates; quality:gate,"Sólo posee evidencia ENG subordinada. Se conserva para compatibilidad/evolución, pero no se canoniza automáticamente.",DIFERIDO_ENG_ONLY
quality score,Quality Score,Quality Score; quality:score,2,3,ENG,1,ENG-080,ENCABEZADO,0,CANDIDATO_ENG_REPETIDO,NO,NO_ASIGNADO,ENG_SUBORDINADO,,ENG-080,Sólo existe evidencia ENG; se conserva como evidencia técnica subordinada.,NO,DIFERIDO_ENG_ONLY,,quality:score,"Sólo posee evidencia ENG subordinada. Se conserva para compatibilidad/evolución, pero no se canoniza automáticamente.",DIFERIDO_ENG_ONLY
quarantine,Quarantine,Quarantine,1,3,ENG,3,ENG-064;ENG-080;ENG-085,ENCABEZADO,0,CANDIDATO_ENG_REPETIDO,NO,NO_ASIGNADO,ENG_SUBORDINADO,,ENG-064;ENG-080;ENG-085,Sólo existe evidencia ENG; se conserva como evidencia técnica subordinada.,NO,DIFERIDO_ENG_ONLY,,,"Sólo posee evidencia ENG subordinada. Se conserva para compatibilidad/evolución, pero no se canoniza automáticamente.",DIFERIDO_ENG_ONLY
quarantine test,Quarantine Test,Quarantine Test,1,3,ENG,3,ENG-060;ENG-064;ENG-080,ENCABEZADO,0,CANDIDATO_ENG_REPETIDO,NO,NO_ASIGNADO,ENG_SUBORDINADO,,ENG-060;ENG-064;ENG-080,Sólo existe evidencia ENG; se conserva como evidencia técnica subordinada.,NO,DIFERIDO_ENG_ONLY,,,"Sólo posee evidencia ENG subordinada. Se conserva para compatibilidad/evolución, pero no se canoniza automáticamente.",DIFERIDO_ENG_ONLY
query,Queries,Queries; Query,2,7,ENG,5,ENG-002;ENG-005;ENG-018;ENG-034;ENG-043,CODIGO_INLINE;ENCABEZADO,0,CANDIDATO_ENG_REPETIDO,NO,NO_ASIGNADO,ENG_SUBORDINADO,,ENG-002;ENG-005;ENG-018;ENG-034;ENG-043,Sólo existe evidencia ENG; se conserva como evidencia técnica subordinada.,NO,DIFERIDO_ENG_ONLY,,Query,"Sólo posee evidencia ENG subordinada. Se conserva para compatibilidad/evolución, pero no se canoniza automáticamente.",DIFERIDO_ENG_ONLY
query side effect,Query Side Effects,Query Side Effects,1,3,ENG,3,ENG-020;ENG-034;ENG-043,ENCABEZADO,0,CANDIDATO_ENG_REPETIDO,NO,NO_ASIGNADO,ENG_SUBORDINADO,,ENG-020;ENG-034;ENG-043,Sólo existe evidencia ENG; se conserva como evidencia técnica subordinada.,NO,DIFERIDO_ENG_ONLY,,,"Sólo posee evidencia ENG subordinada. Se conserva para compatibilidad/evolución, pero no se canoniza automáticamente.",DIFERIDO_ENG_ONLY
queue,Queue,QUEUE; Queue,2,4,ENG,2,ENG-040;ENG-041,CODIGO_INLINE;ENCABEZADO,0,CANDIDATO_ENG_REPETIDO,NO,NO_ASIGNADO,ENG_SUBORDINADO,,ENG-040;ENG-041,Sólo existe evidencia ENG; se conserva como evidencia técnica subordinada.,NO,DIFERIDO_ENG_ONLY,,,"Sólo posee evidencia ENG subordinada. Se conserva para compatibilidad/evolución, pero no se canoniza automáticamente.",DIFERIDO_ENG_ONLY
queue capacity,Queue Capacity,Queue Capacity,1,3,ENG,3,ENG-022;ENG-040;ENG-071,ENCABEZADO,0,CANDIDATO_ENG_REPETIDO,NO,NO_ASIGNADO,ENG_SUBORDINADO,,ENG-022;ENG-040;ENG-071,Sólo existe evidencia ENG; se conserva como evidencia técnica subordinada.,NO,DIFERIDO_ENG_ONLY,,,"Sólo posee evidencia ENG subordinada. Se conserva para compatibilidad/evolución, pero no se canoniza automáticamente.",DIFERIDO_ENG_ONLY
quota,Quota,Quota; Quotas,2,4,ENG,2,ENG-044;ENG-061,CODIGO_INLINE;DEFINICION_EXPLICITA;ENCABEZADO,1,CANDIDATO_ENG_DEFINIDO,NO,NO_ASIGNADO,ENG_SUBORDINADO,,ENG-044;ENG-061,Sólo existe evidencia ENG; se conserva como evidencia técnica subordinada.,NO,DIFERIDO_ENG_ONLY,,Quotas,"Sólo posee evidencia ENG subordinada. Se conserva para compatibilidad/evolución, pero no se canoniza automáticamente.",DIFERIDO_ENG_ONLY
race condition,Race Condition,Race Condition; Race Conditions,2,6,ENG,5,ENG-023;ENG-024;ENG-026;ENG-036;ENG-038,CODIGO_INLINE;ENCABEZADO,0,CANDIDATO_ENG_REPETIDO,NO,NO_ASIGNADO,ENG_SUBORDINADO,,ENG-023;ENG-024;ENG-026;ENG-036;ENG-038,Sólo existe evidencia ENG; se conserva como evidencia técnica subordinada.,NO,DIFERIDO_ENG_ONLY,,Race Conditions,"Sólo posee evidencia ENG subordinada. Se conserva para compatibilidad/evolución, pero no se canoniza automáticamente.",DIFERIDO_ENG_ONLY
randomness,Randomness,Randomness,1,3,ENG,3,ENG-009;ENG-024;ENG-034,ENCABEZADO,0,CANDIDATO_ENG_REPETIDO,NO,NO_ASIGNADO,ENG_SUBORDINADO,,ENG-009;ENG-024;ENG-034,Sólo existe evidencia ENG; se conserva como evidencia técnica subordinada.,NO,DIFERIDO_ENG_ONLY,,,"Sólo posee evidencia ENG subordinada. Se conserva para compatibilidad/evolución, pero no se canoniza automáticamente.",DIFERIDO_ENG_ONLY
rate limiting,Rate Limiting,Rate Limiting,1,10,ENG,10,ENG-010;ENG-022;ENG-024;ENG-026;ENG-032;ENG-037;ENG-040;ENG-044;ENG-069;ENG-071,DEFINICION_EXPLICITA;ENCABEZADO,1,CANDIDATO_ENG_DEFINIDO,NO,NO_ASIGNADO,ENG_SUBORDINADO,,ENG-010;ENG-022;ENG-024;ENG-026;ENG-032;ENG-037;ENG-040;ENG-044;ENG-069;ENG-071,Sólo existe evidencia ENG; se conserva como evidencia técnica subordinada.,NO,DIFERIDO_ENG_ONLY,,,"Sólo posee evidencia ENG subordinada. Se conserva para compatibilidad/evolución, pero no se canoniza automáticamente.",DIFERIDO_ENG_ONLY
read model,Read Model,Read Model; Read Models,2,5,ENG,4,ENG-030;ENG-034;ENG-035;ENG-043,CODIGO_INLINE;ENCABEZADO,0,CANDIDATO_ENG_REPETIDO,NO,NO_ASIGNADO,ENG_SUBORDINADO,,ENG-030;ENG-034;ENG-035;ENG-043,Sólo existe evidencia ENG; se conserva como evidencia técnica subordinada.,NO,DIFERIDO_ENG_ONLY,,Read Models,"Sólo posee evidencia ENG subordinada. Se conserva para compatibilidad/evolución, pero no se canoniza automáticamente.",DIFERIDO_ENG_ONLY
readiness,Readiness,Readiness,1,15,ENG,14,ENG-015;ENG-025;ENG-027;ENG-039;ENG-049;ENG-050;ENG-051;ENG-052;ENG-053;ENG-054;ENG-055;ENG-061;ENG-067;ENG-069,DEFINICION_EXPLICITA;ENCABEZADO,1,CANDIDATO_ENG_DEFINIDO,NO,NO_ASIGNADO,ENG_SUBORDINADO,,ENG-015;ENG-025;ENG-027;ENG-039;ENG-049;ENG-050;ENG-051;ENG-052;ENG-053;ENG-054;ENG-055;ENG-061;ENG-067;ENG-069,Sólo existe evidencia ENG; se conserva como evidencia técnica subordinada.,NO,DIFERIDO_ENG_ONLY,,,"Sólo posee evidencia ENG subordinada. Se conserva para compatibilidad/evolución, pero no se canoniza automáticamente.",DIFERIDO_ENG_ONLY
readiness gate,Readiness Gate,Readiness Gate,1,4,ENG,4,ENG-066;ENG-067;ENG-068;ENG-069,ENCABEZADO,0,CANDIDATO_ENG_REPETIDO,NO,NO_ASIGNADO,ENG_SUBORDINADO,,ENG-066;ENG-067;ENG-068;ENG-069,Sólo existe evidencia ENG; se conserva como evidencia técnica subordinada.,NO,DIFERIDO_ENG_ONLY,,,"Sólo posee evidencia ENG subordinada. Se conserva para compatibilidad/evolución, pero no se canoniza automáticamente.",DIFERIDO_ENG_ONLY
readiness test,Readiness Test,Readiness Test,1,5,ENG,5,ENG-027;ENG-055;ENG-067;ENG-068;ENG-069,ENCABEZADO,0,CANDIDATO_ENG_REPETIDO,NO,NO_ASIGNADO,ENG_SUBORDINADO,,ENG-027;ENG-055;ENG-067;ENG-068;ENG-069,Sólo existe evidencia ENG; se conserva como evidencia técnica subordinada.,NO,DIFERIDO_ENG_ONLY,,,"Sólo posee evidencia ENG subordinada. Se conserva para compatibilidad/evolución, pero no se canoniza automáticamente.",DIFERIDO_ENG_ONLY
ready,Ready,Ready,1,4,ENG,4,ENG-027;ENG-055;ENG-068;ENG-069,ENCABEZADO,0,CANDIDATO_ENG_REPETIDO,NO,NO_ASIGNADO,ENG_SUBORDINADO,,ENG-027;ENG-055;ENG-068;ENG-069,Sólo existe evidencia ENG; se conserva como evidencia técnica subordinada.,NO,DIFERIDO_ENG_ONLY,,,"Sólo posee evidencia ENG subordinada. Se conserva para compatibilidad/evolución, pero no se canoniza automáticamente.",DIFERIDO_ENG_ONLY
recipient,Recipient,Recipient,1,3,ENG,2,ENG-082;ENG-087,CODIGO_INLINE;DEFINICION_EXPLICITA;ENCABEZADO,1,CANDIDATO_ENG_DEFINIDO,NO,NO_ASIGNADO,ENG_SUBORDINADO,,ENG-082;ENG-087,Sólo existe evidencia ENG; se conserva como evidencia técnica subordinada.,NO,DIFERIDO_ENG_ONLY,,,"Sólo posee evidencia ENG subordinada. Se conserva para compatibilidad/evolución, pero no se canoniza automáticamente.",DIFERIDO_ENG_ONLY
reconciliation,Reconciliation,Reconciliation,1,6,ENG,6,ENG-015;ENG-052;ENG-061;ENG-065;ENG-067;ENG-079,ENCABEZADO,0,CANDIDATO_ENG_REPETIDO,NO,NO_ASIGNADO,ENG_SUBORDINADO,,ENG-015;ENG-052;ENG-061;ENG-065;ENG-067;ENG-079,Sólo existe evidencia ENG; se conserva como evidencia técnica subordinada.,NO,DIFERIDO_ENG_ONLY,,,"Sólo posee evidencia ENG subordinada. Se conserva para compatibilidad/evolución, pero no se canoniza automáticamente.",DIFERIDO_ENG_ONLY
reconciliation test,Reconciliation Test,Reconciliation Test,1,4,ENG,4,ENG-047;ENG-053;ENG-067;ENG-079,ENCABEZADO,0,CANDIDATO_ENG_REPETIDO,NO,NO_ASIGNADO,ENG_SUBORDINADO,,ENG-047;ENG-053;ENG-067;ENG-079,Sólo existe evidencia ENG; se conserva como evidencia técnica subordinada.,NO,DIFERIDO_ENG_ONLY,,,"Sólo posee evidencia ENG subordinada. Se conserva para compatibilidad/evolución, pero no se canoniza automáticamente.",DIFERIDO_ENG_ONLY
recoverability,Recoverability,Recoverability,1,5,ENG,2,ENG-023;ENG-076,CODIGO_INLINE;DEFINICION_EXPLICITA;ENCABEZADO,2,CANDIDATO_ENG_DEFINIDO,NO,NO_ASIGNADO,ENG_SUBORDINADO,,ENG-023;ENG-076,Sólo existe evidencia ENG; se conserva como evidencia técnica subordinada.,NO,DIFERIDO_ENG_ONLY,,,"Sólo posee evidencia ENG subordinada. Se conserva para compatibilidad/evolución, pero no se canoniza automáticamente.",DIFERIDO_ENG_ONLY
recoverability engineering,Recoverability Engineering,Recoverability Engineering,1,3,ENG,1,ENG-076,ENCABEZADO;TERMINO_DESTACADO,0,CANDIDATO_ENG_REPETIDO,NO,NO_ASIGNADO,ENG_SUBORDINADO,,ENG-076,Sólo existe evidencia ENG; se conserva como evidencia técnica subordinada.,NO,DIFERIDO_ENG_ONLY,,,"Sólo posee evidencia ENG subordinada. Se conserva para compatibilidad/evolución, pero no se canoniza automáticamente.",DIFERIDO_ENG_ONLY
recovery,Recovery,Recovery,1,6,ENG,6,ENG-015;ENG-027;ENG-037;ENG-039;ENG-064;ENG-100,ENCABEZADO,0,CANDIDATO_ENG_REPETIDO,NO,NO_ASIGNADO,ENG_SUBORDINADO,,ENG-015;ENG-027;ENG-037;ENG-039;ENG-064;ENG-100,Sólo existe evidencia ENG; se conserva como evidencia técnica subordinada.,NO,DIFERIDO_ENG_ONLY,,,"Sólo posee evidencia ENG subordinada. Se conserva para compatibilidad/evolución, pero no se canoniza automáticamente.",DIFERIDO_ENG_ONLY
recovery idempotency,Recovery Idempotency,Recovery Idempotency,1,3,ENG,3,ENG-040;ENG-053;ENG-054,ENCABEZADO,0,CANDIDATO_ENG_REPETIDO,NO,NO_ASIGNADO,ENG_SUBORDINADO,,ENG-040;ENG-053;ENG-054,Sólo existe evidencia ENG; se conserva como evidencia técnica subordinada.,NO,DIFERIDO_ENG_ONLY,,,"Sólo posee evidencia ENG subordinada. Se conserva para compatibilidad/evolución, pero no se canoniza automáticamente.",DIFERIDO_ENG_ONLY
recovery strategy,Recovery Strategy,Recovery Strategies; Recovery Strategy,2,3,ENG,3,ENG-053;ENG-054;ENG-064,ENCABEZADO,0,CANDIDATO_ENG_REPETIDO,NO,NO_ASIGNADO,ENG_SUBORDINADO,,ENG-053;ENG-054;ENG-064,Sólo existe evidencia ENG; se conserva como evidencia técnica subordinada.,NO,DIFERIDO_ENG_ONLY,,Recovery Strategies,"Sólo posee evidencia ENG subordinada. Se conserva para compatibilidad/evolución, pero no se canoniza automáticamente.",DIFERIDO_ENG_ONLY
recovery test,Recovery Test,Recovery Test,1,9,ENG,9,ENG-039;ENG-045;ENG-052;ENG-053;ENG-054;ENG-064;ENG-065;ENG-066;ENG-067,ENCABEZADO,0,CANDIDATO_ENG_REPETIDO,NO,NO_ASIGNADO,ENG_SUBORDINADO,,ENG-039;ENG-045;ENG-052;ENG-053;ENG-054;ENG-064;ENG-065;ENG-066;ENG-067,Sólo existe evidencia ENG; se conserva como evidencia técnica subordinada.,NO,DIFERIDO_ENG_ONLY,,,"Sólo posee evidencia ENG subordinada. Se conserva para compatibilidad/evolución, pero no se canoniza automáticamente.",DIFERIDO_ENG_ONLY
redundancy,Redundancy,Redundancy,1,2,ENG,1,ENG-073,DEFINICION_EXPLICITA;ENCABEZADO,1,CANDIDATO_ENG_DEFINIDO,NO,NO_ASIGNADO,ENG_SUBORDINADO,,ENG-073,Sólo existe evidencia ENG; se conserva como evidencia técnica subordinada.,NO,DIFERIDO_ENG_ONLY,,,"Sólo posee evidencia ENG subordinada. Se conserva para compatibilidad/evolución, pero no se canoniza automáticamente.",DIFERIDO_ENG_ONLY
refactoring,Refactoring,Refactoring,1,3,ENG,2,ENG-035;ENG-075,DEFINICION_EXPLICITA;ENCABEZADO,1,CANDIDATO_ENG_DEFINIDO,NO,NO_ASIGNADO,ENG_SUBORDINADO,,ENG-035;ENG-075,Sólo existe evidencia ENG; se conserva como evidencia técnica subordinada.,NO,DIFERIDO_ENG_ONLY,,,"Sólo posee evidencia ENG subordinada. Se conserva para compatibilidad/evolución, pero no se canoniza automáticamente.",DIFERIDO_ENG_ONLY
referential integrity,Referential Integrity,Referential Integrity,1,3,ENG,3,ENG-020;ENG-030;ENG-079,ENCABEZADO,0,CANDIDATO_ENG_REPETIDO,NO,NO_ASIGNADO,ENG_SUBORDINADO,,ENG-020;ENG-030;ENG-079,Sólo existe evidencia ENG; se conserva como evidencia técnica subordinada.,NO,DIFERIDO_ENG_ONLY,,,"Sólo posee evidencia ENG subordinada. Se conserva para compatibilidad/evolución, pero no se canoniza automáticamente.",DIFERIDO_ENG_ONLY
registration,Registration,Registration,1,4,ENG,4,ENG-013;ENG-020;ENG-022;ENG-055,ENCABEZADO,0,CANDIDATO_ENG_REPETIDO,NO,NO_ASIGNADO,ENG_SUBORDINADO,,ENG-013;ENG-020;ENG-022;ENG-055,Sólo existe evidencia ENG; se conserva como evidencia técnica subordinada.,NO,DIFERIDO_ENG_ONLY,,,"Sólo posee evidencia ENG subordinada. Se conserva para compatibilidad/evolución, pero no se canoniza automáticamente.",DIFERIDO_ENG_ONLY
registration phase,Registration Phase,Registration Phase,1,3,ENG,3,ENG-018;ENG-019;ENG-020,ENCABEZADO,0,CANDIDATO_ENG_REPETIDO,NO,NO_ASIGNADO,ENG_SUBORDINADO,,ENG-018;ENG-019;ENG-020,Sólo existe evidencia ENG; se conserva como evidencia técnica subordinada.,NO,DIFERIDO_ENG_ONLY,,,"Sólo posee evidencia ENG subordinada. Se conserva para compatibilidad/evolución, pero no se canoniza automáticamente.",DIFERIDO_ENG_ONLY
registry,Registry,Registry,1,7,ENG,4,ENG-017;ENG-020;ENG-040;ENG-046,DEFINICION_EXPLICITA;ENCABEZADO;TERMINO_DESTACADO,3,CANDIDATO_ENG_DEFINIDO,NO,NO_ASIGNADO,ENG_SUBORDINADO,,ENG-017;ENG-020;ENG-040;ENG-046,Sólo existe evidencia ENG; se conserva como evidencia técnica subordinada.,NO,DIFERIDO_ENG_ONLY,,,"Sólo posee evidencia ENG subordinada. Se conserva para compatibilidad/evolución, pero no se canoniza automáticamente.",DIFERIDO_ENG_ONLY
registry entry,Registry Entry,Registry Entry,1,3,ENG,2,ENG-020;ENG-039,CODIGO_INLINE;ENCABEZADO,0,CANDIDATO_ENG_REPETIDO,NO,NO_ASIGNADO,ENG_SUBORDINADO,,ENG-020;ENG-039,Sólo existe evidencia ENG; se conserva como evidencia técnica subordinada.,NO,DIFERIDO_ENG_ONLY,,,"Sólo posee evidencia ENG subordinada. Se conserva para compatibilidad/evolución, pero no se canoniza automáticamente.",DIFERIDO_ENG_ONLY
registry freeze,Registry Freeze,Registry Freeze,1,3,ENG,3,ENG-024;ENG-025;ENG-027,ENCABEZADO,0,CANDIDATO_ENG_REPETIDO,NO,NO_ASIGNADO,ENG_SUBORDINADO,,ENG-024;ENG-025;ENG-027,Sólo existe evidencia ENG; se conserva como evidencia técnica subordinada.,NO,DIFERIDO_ENG_ONLY,,,"Sólo posee evidencia ENG subordinada. Se conserva para compatibilidad/evolución, pero no se canoniza automáticamente.",DIFERIDO_ENG_ONLY
registry graph,registry graph,Registry Graph; registry graph,2,3,ENG,1,ENG-020,CODIGO_INLINE;ENCABEZADO,0,CANDIDATO_ENG_REPETIDO,NO,NO_ASIGNADO,ENG_SUBORDINADO,,ENG-020,Sólo existe evidencia ENG; se conserva como evidencia técnica subordinada.,NO,DIFERIDO_ENG_ONLY,,,"Sólo posee evidencia ENG subordinada. Se conserva para compatibilidad/evolución, pero no se canoniza automáticamente.",DIFERIDO_ENG_ONLY
registry integration,Registry Integration,Registry Integration,1,58,ENG,55,ENG-019;ENG-021;ENG-022;ENG-025;ENG-028;ENG-029;ENG-030;ENG-031;ENG-032;ENG-042;ENG-043;ENG-045;ENG-046;ENG-047;ENG-048;ENG-049;ENG-050;ENG-051;ENG-052;ENG-053;ENG-054;ENG-055;ENG-056;ENG-057;ENG-058;ENG-059;ENG-060;ENG-061;ENG-062;ENG-063;ENG-064;ENG-065;ENG-066;ENG-067;ENG-069;ENG-070;ENG-071;ENG-072;ENG-073;ENG-074;ENG-075;ENG-076;ENG-077;ENG-078;ENG-079;ENG-080;ENG-081;ENG-082;ENG-083;ENG-088;ENG-090;ENG-091;ENG-092;ENG-093;ENG-094,ENCABEZADO,0,CANDIDATO_ENG_REPETIDO,NO,NO_ASIGNADO,ENG_SUBORDINADO,,ENG-019;ENG-021;ENG-022;ENG-025;ENG-028;ENG-029;ENG-030;ENG-031;ENG-032;ENG-042;ENG-043;ENG-045;ENG-046;ENG-047;ENG-048;ENG-049;ENG-050;ENG-051;ENG-052;ENG-053;ENG-054;ENG-055;ENG-056;ENG-057;ENG-058;ENG-059;ENG-060;ENG-061;ENG-062;ENG-063;ENG-064;ENG-065;ENG-066;ENG-067;ENG-069;ENG-070;ENG-071;ENG-072;ENG-073;ENG-074;ENG-075;ENG-076;ENG-077;ENG-078;ENG-079;ENG-080;ENG-081;ENG-082;ENG-083;ENG-088;ENG-090;ENG-091;ENG-092;ENG-093;ENG-094,Sólo existe evidencia ENG; se conserva como evidencia técnica subordinada.,NO,DIFERIDO_ENG_ONLY,,,"Sólo posee evidencia ENG subordinada. Se conserva para compatibilidad/evolución, pero no se canoniza automáticamente.",DIFERIDO_ENG_ONLY
regression exampl,Regression Examples,Regression Examples,1,3,ENG,3,ENG-075;ENG-078;ENG-080,ENCABEZADO,0,CANDIDATO_ENG_REPETIDO,NO,NO_ASIGNADO,ENG_SUBORDINADO,,ENG-075;ENG-078;ENG-080,Sólo existe evidencia ENG; se conserva como evidencia técnica subordinada.,NO,DIFERIDO_ENG_ONLY,,,"Sólo posee evidencia ENG subordinada. Se conserva para compatibilidad/evolución, pero no se canoniza automáticamente.",DIFERIDO_ENG_ONLY
regression test,Regression Test,Regression Test,1,3,ENG,3,ENG-036;ENG-070;ENG-083,ENCABEZADO,0,CANDIDATO_ENG_REPETIDO,NO,NO_ASIGNADO,ENG_SUBORDINADO,,ENG-036;ENG-070;ENG-083,Sólo existe evidencia ENG; se conserva como evidencia técnica subordinada.,NO,DIFERIDO_ENG_ONLY,,,"Sólo posee evidencia ENG subordinada. Se conserva para compatibilidad/evolución, pero no se canoniza automáticamente.",DIFERIDO_ENG_ONLY
rejected,Rejected,REJECTED; Rejected,2,3,ENG,2,ENG-017;ENG-084,CODIGO_INLINE;ENCABEZADO,0,CANDIDATO_ENG_REPETIDO,NO,NO_ASIGNADO,ENG_SUBORDINADO,,ENG-017;ENG-084,Sólo existe evidencia ENG; se conserva como evidencia técnica subordinada.,NO,DIFERIDO_ENG_ONLY,,,"Sólo posee evidencia ENG subordinada. Se conserva para compatibilidad/evolución, pero no se canoniza automáticamente.",DIFERIDO_ENG_ONLY
relacion con cli,Relación con CLI,Relación con CLI,1,3,ENG,3,ENG-005;ENG-006;ENG-008,ENCABEZADO,0,CANDIDATO_ENG_REPETIDO,NO,NO_ASIGNADO,ENG_SUBORDINADO,,ENG-005;ENG-006;ENG-008,Sólo existe evidencia ENG; se conserva como evidencia técnica subordinada.,NO,DIFERIDO_ENG_ONLY,,,"Sólo posee evidencia ENG subordinada. Se conserva para compatibilidad/evolución, pero no se canoniza automáticamente.",DIFERIDO_ENG_ONLY
relacion con eng-003,Relación con ENG-003,Relación con ENG-003,1,3,ENG,3,ENG-002;ENG-028;ENG-031,ENCABEZADO,0,CANDIDATO_ENG_REPETIDO,NO,NO_ASIGNADO,ENG_SUBORDINADO,,ENG-002;ENG-028;ENG-031,Sólo existe evidencia ENG; se conserva como evidencia técnica subordinada.,NO,DIFERIDO_ENG_ONLY,,,"Sólo posee evidencia ENG subordinada. Se conserva para compatibilidad/evolución, pero no se canoniza automáticamente.",DIFERIDO_ENG_ONLY
relacion con eng-011,Relación con ENG-011,Relación con ENG-011,1,3,ENG,3,ENG-031;ENG-036;ENG-049,ENCABEZADO,0,CANDIDATO_ENG_REPETIDO,NO,NO_ASIGNADO,ENG_SUBORDINADO,,ENG-031;ENG-036;ENG-049,Sólo existe evidencia ENG; se conserva como evidencia técnica subordinada.,NO,DIFERIDO_ENG_ONLY,,,"Sólo posee evidencia ENG subordinada. Se conserva para compatibilidad/evolución, pero no se canoniza automáticamente.",DIFERIDO_ENG_ONLY
relacion con eng-013,Relación con ENG-013,Relación con ENG-013,1,3,ENG,3,ENG-008;ENG-024;ENG-028,ENCABEZADO,0,CANDIDATO_ENG_REPETIDO,NO,NO_ASIGNADO,ENG_SUBORDINADO,,ENG-008;ENG-024;ENG-028,Sólo existe evidencia ENG; se conserva como evidencia técnica subordinada.,NO,DIFERIDO_ENG_ONLY,,,"Sólo posee evidencia ENG subordinada. Se conserva para compatibilidad/evolución, pero no se canoniza automáticamente.",DIFERIDO_ENG_ONLY
relacion con eng-015,Relación con ENG-015,Relación con ENG-015,1,8,ENG,8,ENG-024;ENG-025;ENG-027;ENG-028;ENG-035;ENG-052;ENG-053;ENG-055,ENCABEZADO,0,CANDIDATO_ENG_REPETIDO,NO,NO_ASIGNADO,ENG_SUBORDINADO,,ENG-024;ENG-025;ENG-027;ENG-028;ENG-035;ENG-052;ENG-053;ENG-055,Sólo existe evidencia ENG; se conserva como evidencia técnica subordinada.,NO,DIFERIDO_ENG_ONLY,,,"Sólo posee evidencia ENG subordinada. Se conserva para compatibilidad/evolución, pero no se canoniza automáticamente.",DIFERIDO_ENG_ONLY
relacion con eng-016,Relación con ENG-016,Relación con ENG-016,1,7,ENG,7,ENG-031;ENG-036;ENG-038;ENG-040;ENG-044;ENG-045;ENG-062,ENCABEZADO,0,CANDIDATO_ENG_REPETIDO,NO,NO_ASIGNADO,ENG_SUBORDINADO,,ENG-031;ENG-036;ENG-038;ENG-040;ENG-044;ENG-045;ENG-062,Sólo existe evidencia ENG; se conserva como evidencia técnica subordinada.,NO,DIFERIDO_ENG_ONLY,,,"Sólo posee evidencia ENG subordinada. Se conserva para compatibilidad/evolución, pero no se canoniza automáticamente.",DIFERIDO_ENG_ONLY
relacion con eng-017,Relación con ENG-017,Relación con ENG-017,1,5,ENG,5,ENG-024;ENG-044;ENG-045;ENG-066;ENG-067,ENCABEZADO,0,CANDIDATO_ENG_REPETIDO,NO,NO_ASIGNADO,ENG_SUBORDINADO,,ENG-024;ENG-044;ENG-045;ENG-066;ENG-067,Sólo existe evidencia ENG; se conserva como evidencia técnica subordinada.,NO,DIFERIDO_ENG_ONLY,,,"Sólo posee evidencia ENG subordinada. Se conserva para compatibilidad/evolución, pero no se canoniza automáticamente.",DIFERIDO_ENG_ONLY
relacion con eng-018,Relación con ENG-018,Relación con ENG-018,1,15,ENG,15,ENG-019;ENG-021;ENG-022;ENG-023;ENG-024;ENG-025;ENG-026;ENG-027;ENG-028;ENG-030;ENG-034;ENG-035;ENG-037;ENG-059;ENG-075,ENCABEZADO,0,CANDIDATO_ENG_REPETIDO,NO,NO_ASIGNADO,ENG_SUBORDINADO,,ENG-019;ENG-021;ENG-022;ENG-023;ENG-024;ENG-025;ENG-026;ENG-027;ENG-028;ENG-030;ENG-034;ENG-035;ENG-037;ENG-059;ENG-075,Sólo existe evidencia ENG; se conserva como evidencia técnica subordinada.,NO,DIFERIDO_ENG_ONLY,,,"Sólo posee evidencia ENG subordinada. Se conserva para compatibilidad/evolución, pero no se canoniza automáticamente.",DIFERIDO_ENG_ONLY
relacion con eng-019,Relación con ENG-019,Relación con ENG-019,1,18,ENG,18,ENG-018;ENG-020;ENG-021;ENG-022;ENG-023;ENG-024;ENG-025;ENG-026;ENG-027;ENG-028;ENG-029;ENG-030;ENG-032;ENG-034;ENG-035;ENG-037;ENG-059;ENG-075,ENCABEZADO,0,CANDIDATO_ENG_REPETIDO,NO,NO_ASIGNADO,ENG_SUBORDINADO,,ENG-018;ENG-020;ENG-021;ENG-022;ENG-023;ENG-024;ENG-025;ENG-026;ENG-027;ENG-028;ENG-029;ENG-030;ENG-032;ENG-034;ENG-035;ENG-037;ENG-059;ENG-075,Sólo existe evidencia ENG; se conserva como evidencia técnica subordinada.,NO,DIFERIDO_ENG_ONLY,,,"Sólo posee evidencia ENG subordinada. Se conserva para compatibilidad/evolución, pero no se canoniza automáticamente.",DIFERIDO_ENG_ONLY
relacion con eng-020,Relación con ENG-020,Relación con ENG-020,1,20,ENG,20,ENG-018;ENG-019;ENG-021;ENG-022;ENG-023;ENG-024;ENG-025;ENG-026;ENG-027;ENG-028;ENG-029;ENG-030;ENG-031;ENG-032;ENG-034;ENG-035;ENG-037;ENG-049;ENG-057;ENG-075,ENCABEZADO,0,CANDIDATO_ENG_REPETIDO,NO,NO_ASIGNADO,ENG_SUBORDINADO,,ENG-018;ENG-019;ENG-021;ENG-022;ENG-023;ENG-024;ENG-025;ENG-026;ENG-027;ENG-028;ENG-029;ENG-030;ENG-031;ENG-032;ENG-034;ENG-035;ENG-037;ENG-049;ENG-057;ENG-075,Sólo existe evidencia ENG; se conserva como evidencia técnica subordinada.,NO,DIFERIDO_ENG_ONLY,,,"Sólo posee evidencia ENG subordinada. Se conserva para compatibilidad/evolución, pero no se canoniza automáticamente.",DIFERIDO_ENG_ONLY
relacion con eng-021,Relación con ENG-021,Relación con ENG-021,1,22,ENG,22,ENG-018;ENG-019;ENG-020;ENG-022;ENG-023;ENG-024;ENG-025;ENG-026;ENG-027;ENG-028;ENG-029;ENG-030;ENG-031;ENG-032;ENG-034;ENG-035;ENG-036;ENG-037;ENG-038;ENG-040;ENG-057;ENG-062,ENCABEZADO,0,CANDIDATO_ENG_REPETIDO,NO,NO_ASIGNADO,ENG_SUBORDINADO,,ENG-018;ENG-019;ENG-020;ENG-022;ENG-023;ENG-024;ENG-025;ENG-026;ENG-027;ENG-028;ENG-029;ENG-030;ENG-031;ENG-032;ENG-034;ENG-035;ENG-036;ENG-037;ENG-038;ENG-040;ENG-057;ENG-062,Sólo existe evidencia ENG; se conserva como evidencia técnica subordinada.,NO,DIFERIDO_ENG_ONLY,,,"Sólo posee evidencia ENG subordinada. Se conserva para compatibilidad/evolución, pero no se canoniza automáticamente.",DIFERIDO_ENG_ONLY
relacion con eng-022,Relación con ENG-022,Relación con ENG-022,1,19,ENG,19,ENG-019;ENG-020;ENG-021;ENG-023;ENG-024;ENG-025;ENG-026;ENG-027;ENG-028;ENG-029;ENG-030;ENG-031;ENG-032;ENG-034;ENG-035;ENG-038;ENG-040;ENG-041;ENG-042,ENCABEZADO,0,CANDIDATO_ENG_REPETIDO,NO,NO_ASIGNADO,ENG_SUBORDINADO,,ENG-019;ENG-020;ENG-021;ENG-023;ENG-024;ENG-025;ENG-026;ENG-027;ENG-028;ENG-029;ENG-030;ENG-031;ENG-032;ENG-034;ENG-035;ENG-038;ENG-040;ENG-041;ENG-042,Sólo existe evidencia ENG; se conserva como evidencia técnica subordinada.,NO,DIFERIDO_ENG_ONLY,,,"Sólo posee evidencia ENG subordinada. Se conserva para compatibilidad/evolución, pero no se canoniza automáticamente.",DIFERIDO_ENG_ONLY
relacion con eng-023,Relación con ENG-023,Relación con ENG-023,1,17,ENG,17,ENG-021;ENG-022;ENG-024;ENG-025;ENG-026;ENG-027;ENG-030;ENG-031;ENG-032;ENG-034;ENG-035;ENG-036;ENG-037;ENG-038;ENG-039;ENG-040;ENG-075,ENCABEZADO,0,CANDIDATO_ENG_REPETIDO,NO,NO_ASIGNADO,ENG_SUBORDINADO,,ENG-021;ENG-022;ENG-024;ENG-025;ENG-026;ENG-027;ENG-030;ENG-031;ENG-032;ENG-034;ENG-035;ENG-036;ENG-037;ENG-038;ENG-039;ENG-040;ENG-075,Sólo existe evidencia ENG; se conserva como evidencia técnica subordinada.,NO,DIFERIDO_ENG_ONLY,,,"Sólo posee evidencia ENG subordinada. Se conserva para compatibilidad/evolución, pero no se canoniza automáticamente.",DIFERIDO_ENG_ONLY
relacion con eng-024,Relación con ENG-024,Relación con ENG-024,1,30,ENG,30,ENG-021;ENG-022;ENG-023;ENG-025;ENG-026;ENG-027;ENG-028;ENG-029;ENG-030;ENG-031;ENG-032;ENG-034;ENG-035;ENG-036;ENG-037;ENG-038;ENG-039;ENG-040;ENG-042;ENG-043;ENG-044;ENG-045;ENG-046;ENG-047;ENG-048;ENG-049;ENG-060;ENG-081;ENG-082;ENG-083,ENCABEZADO,0,CANDIDATO_ENG_REPETIDO,NO,NO_ASIGNADO,ENG_SUBORDINADO,,ENG-021;ENG-022;ENG-023;ENG-025;ENG-026;ENG-027;ENG-028;ENG-029;ENG-030;ENG-031;ENG-032;ENG-034;ENG-035;ENG-036;ENG-037;ENG-038;ENG-039;ENG-040;ENG-042;ENG-043;ENG-044;ENG-045;ENG-046;ENG-047;ENG-048;ENG-049;ENG-060;ENG-081;ENG-082;ENG-083,Sólo existe evidencia ENG; se conserva como evidencia técnica subordinada.,NO,DIFERIDO_ENG_ONLY,,,"Sólo posee evidencia ENG subordinada. Se conserva para compatibilidad/evolución, pero no se canoniza automáticamente.",DIFERIDO_ENG_ONLY
relacion con eng-025,Relación con ENG-025,Relación con ENG-025,1,23,ENG,23,ENG-026;ENG-027;ENG-028;ENG-030;ENG-031;ENG-032;ENG-034;ENG-035;ENG-037;ENG-038;ENG-039;ENG-040;ENG-042;ENG-043;ENG-044;ENG-046;ENG-048;ENG-050;ENG-056;ENG-057;ENG-069;ENG-070;ENG-075,ENCABEZADO,0,CANDIDATO_ENG_REPETIDO,NO,NO_ASIGNADO,ENG_SUBORDINADO,,ENG-026;ENG-027;ENG-028;ENG-030;ENG-031;ENG-032;ENG-034;ENG-035;ENG-037;ENG-038;ENG-039;ENG-040;ENG-042;ENG-043;ENG-044;ENG-046;ENG-048;ENG-050;ENG-056;ENG-057;ENG-069;ENG-070;ENG-075,Sólo existe evidencia ENG; se conserva como evidencia técnica subordinada.,NO,DIFERIDO_ENG_ONLY,,,"Sólo posee evidencia ENG subordinada. Se conserva para compatibilidad/evolución, pero no se canoniza automáticamente.",DIFERIDO_ENG_ONLY
relacion con eng-026,Relación con ENG-026,Relación con ENG-026,1,14,ENG,14,ENG-025;ENG-027;ENG-028;ENG-030;ENG-031;ENG-032;ENG-034;ENG-035;ENG-037;ENG-038;ENG-039;ENG-040;ENG-043;ENG-044,ENCABEZADO,0,CANDIDATO_ENG_REPETIDO,NO,NO_ASIGNADO,ENG_SUBORDINADO,,ENG-025;ENG-027;ENG-028;ENG-030;ENG-031;ENG-032;ENG-034;ENG-035;ENG-037;ENG-038;ENG-039;ENG-040;ENG-043;ENG-044,Sólo existe evidencia ENG; se conserva como evidencia técnica subordinada.,NO,DIFERIDO_ENG_ONLY,,,"Sólo posee evidencia ENG subordinada. Se conserva para compatibilidad/evolución, pero no se canoniza automáticamente.",DIFERIDO_ENG_ONLY
relacion con eng-027,Relación con ENG-027,Relación con ENG-027,1,23,ENG,23,ENG-019;ENG-020;ENG-021;ENG-022;ENG-023;ENG-024;ENG-025;ENG-026;ENG-028;ENG-029;ENG-030;ENG-031;ENG-032;ENG-034;ENG-035;ENG-037;ENG-038;ENG-039;ENG-040;ENG-042;ENG-049;ENG-055;ENG-056,ENCABEZADO,0,CANDIDATO_ENG_REPETIDO,NO,NO_ASIGNADO,ENG_SUBORDINADO,,ENG-019;ENG-020;ENG-021;ENG-022;ENG-023;ENG-024;ENG-025;ENG-026;ENG-028;ENG-029;ENG-030;ENG-031;ENG-032;ENG-034;ENG-035;ENG-037;ENG-038;ENG-039;ENG-040;ENG-042;ENG-049;ENG-055;ENG-056,Sólo existe evidencia ENG; se conserva como evidencia técnica subordinada.,NO,DIFERIDO_ENG_ONLY,,,"Sólo posee evidencia ENG subordinada. Se conserva para compatibilidad/evolución, pero no se canoniza automáticamente.",DIFERIDO_ENG_ONLY
relacion con eng-028,Relación con ENG-028,Relación con ENG-028,1,16,ENG,16,ENG-029;ENG-030;ENG-031;ENG-032;ENG-034;ENG-035;ENG-036;ENG-037;ENG-038;ENG-040;ENG-043;ENG-049;ENG-055;ENG-057;ENG-066;ENG-075,ENCABEZADO,0,CANDIDATO_ENG_REPETIDO,NO,NO_ASIGNADO,ENG_SUBORDINADO,,ENG-029;ENG-030;ENG-031;ENG-032;ENG-034;ENG-035;ENG-036;ENG-037;ENG-038;ENG-040;ENG-043;ENG-049;ENG-055;ENG-057;ENG-066;ENG-075,Sólo existe evidencia ENG; se conserva como evidencia técnica subordinada.,NO,DIFERIDO_ENG_ONLY,,,"Sólo posee evidencia ENG subordinada. Se conserva para compatibilidad/evolución, pero no se canoniza automáticamente.",DIFERIDO_ENG_ONLY
relacion con eng-029,Relación con ENG-029,Relación con ENG-029,1,3,ENG,3,ENG-030;ENG-031;ENG-032,ENCABEZADO,0,CANDIDATO_ENG_REPETIDO,NO,NO_ASIGNADO,ENG_SUBORDINADO,,ENG-030;ENG-031;ENG-032,Sólo existe evidencia ENG; se conserva como evidencia técnica subordinada.,NO,DIFERIDO_ENG_ONLY,,,"Sólo posee evidencia ENG subordinada. Se conserva para compatibilidad/evolución, pero no se canoniza automáticamente.",DIFERIDO_ENG_ONLY
relacion con eng-030,Relación con ENG-030,Relación con ENG-030,1,13,ENG,13,ENG-031;ENG-032;ENG-034;ENG-035;ENG-036;ENG-037;ENG-038;ENG-039;ENG-040;ENG-041;ENG-042;ENG-043;ENG-077,ENCABEZADO,0,CANDIDATO_ENG_REPETIDO,NO,NO_ASIGNADO,ENG_SUBORDINADO,,ENG-031;ENG-032;ENG-034;ENG-035;ENG-036;ENG-037;ENG-038;ENG-039;ENG-040;ENG-041;ENG-042;ENG-043;ENG-077,Sólo existe evidencia ENG; se conserva como evidencia técnica subordinada.,NO,DIFERIDO_ENG_ONLY,,,"Sólo posee evidencia ENG subordinada. Se conserva para compatibilidad/evolución, pero no se canoniza automáticamente.",DIFERIDO_ENG_ONLY
relacion con eng-031,Relación con ENG-031,Relación con ENG-031,1,12,ENG,12,ENG-032;ENG-035;ENG-036;ENG-037;ENG-040;ENG-041;ENG-044;ENG-045;ENG-057;ENG-061;ENG-062;ENG-063,ENCABEZADO,0,CANDIDATO_ENG_REPETIDO,NO,NO_ASIGNADO,ENG_SUBORDINADO,,ENG-032;ENG-035;ENG-036;ENG-037;ENG-040;ENG-041;ENG-044;ENG-045;ENG-057;ENG-061;ENG-062;ENG-063,Sólo existe evidencia ENG; se conserva como evidencia técnica subordinada.,NO,DIFERIDO_ENG_ONLY,,,"Sólo posee evidencia ENG subordinada. Se conserva para compatibilidad/evolución, pero no se canoniza automáticamente.",DIFERIDO_ENG_ONLY
relacion con eng-032,Relación con ENG-032,Relación con ENG-032,1,10,ENG,10,ENG-034;ENG-035;ENG-036;ENG-038;ENG-039;ENG-040;ENG-041;ENG-044;ENG-045;ENG-061,ENCABEZADO,0,CANDIDATO_ENG_REPETIDO,NO,NO_ASIGNADO,ENG_SUBORDINADO,,ENG-034;ENG-035;ENG-036;ENG-038;ENG-039;ENG-040;ENG-041;ENG-044;ENG-045;ENG-061,Sólo existe evidencia ENG; se conserva como evidencia técnica subordinada.,NO,DIFERIDO_ENG_ONLY,,,"Sólo posee evidencia ENG subordinada. Se conserva para compatibilidad/evolución, pero no se canoniza automáticamente.",DIFERIDO_ENG_ONLY
relacion con eng-033,Relación con ENG-033,Relación con ENG-033,1,4,ENG,4,ENG-034;ENG-035;ENG-036;ENG-044,ENCABEZADO,0,CANDIDATO_ENG_REPETIDO,NO,NO_ASIGNADO,ENG_SUBORDINADO,,ENG-034;ENG-035;ENG-036;ENG-044,Sólo existe evidencia ENG; se conserva como evidencia técnica subordinada.,NO,DIFERIDO_ENG_ONLY,,,"Sólo posee evidencia ENG subordinada. Se conserva para compatibilidad/evolución, pero no se canoniza automáticamente.",DIFERIDO_ENG_ONLY
relacion con eng-034,Relación con ENG-034,Relación con ENG-034,1,14,ENG,14,ENG-035;ENG-036;ENG-037;ENG-038;ENG-039;ENG-040;ENG-041;ENG-042;ENG-043;ENG-044;ENG-045;ENG-046;ENG-047;ENG-049,ENCABEZADO,0,CANDIDATO_ENG_REPETIDO,NO,NO_ASIGNADO,ENG_SUBORDINADO,,ENG-035;ENG-036;ENG-037;ENG-038;ENG-039;ENG-040;ENG-041;ENG-042;ENG-043;ENG-044;ENG-045;ENG-046;ENG-047;ENG-049,Sólo existe evidencia ENG; se conserva como evidencia técnica subordinada.,NO,DIFERIDO_ENG_ONLY,,,"Sólo posee evidencia ENG subordinada. Se conserva para compatibilidad/evolución, pero no se canoniza automáticamente.",DIFERIDO_ENG_ONLY
relacion con eng-035,Relación con ENG-035,Relación con ENG-035,1,15,ENG,15,ENG-034;ENG-036;ENG-037;ENG-038;ENG-039;ENG-040;ENG-041;ENG-042;ENG-043;ENG-044;ENG-045;ENG-046;ENG-049;ENG-051;ENG-079,ENCABEZADO,0,CANDIDATO_ENG_REPETIDO,NO,NO_ASIGNADO,ENG_SUBORDINADO,,ENG-034;ENG-036;ENG-037;ENG-038;ENG-039;ENG-040;ENG-041;ENG-042;ENG-043;ENG-044;ENG-045;ENG-046;ENG-049;ENG-051;ENG-079,Sólo existe evidencia ENG; se conserva como evidencia técnica subordinada.,NO,DIFERIDO_ENG_ONLY,,,"Sólo posee evidencia ENG subordinada. Se conserva para compatibilidad/evolución, pero no se canoniza automáticamente.",DIFERIDO_ENG_ONLY
relacion con eng-036,Relación con ENG-036,Relación con ENG-036,1,13,ENG,13,ENG-035;ENG-037;ENG-038;ENG-040;ENG-043;ENG-044;ENG-045;ENG-049;ENG-057;ENG-062;ENG-063;ENG-079;ENG-080,ENCABEZADO,0,CANDIDATO_ENG_REPETIDO,NO,NO_ASIGNADO,ENG_SUBORDINADO,,ENG-035;ENG-037;ENG-038;ENG-040;ENG-043;ENG-044;ENG-045;ENG-049;ENG-057;ENG-062;ENG-063;ENG-079;ENG-080,Sólo existe evidencia ENG; se conserva como evidencia técnica subordinada.,NO,DIFERIDO_ENG_ONLY,,,"Sólo posee evidencia ENG subordinada. Se conserva para compatibilidad/evolución, pero no se canoniza automáticamente.",DIFERIDO_ENG_ONLY
relacion con eng-037,Relación con ENG-037,Relación con ENG-037,1,13,ENG,13,ENG-036;ENG-038;ENG-039;ENG-040;ENG-043;ENG-044;ENG-045;ENG-046;ENG-047;ENG-048;ENG-049;ENG-053;ENG-070,ENCABEZADO,0,CANDIDATO_ENG_REPETIDO,NO,NO_ASIGNADO,ENG_SUBORDINADO,,ENG-036;ENG-038;ENG-039;ENG-040;ENG-043;ENG-044;ENG-045;ENG-046;ENG-047;ENG-048;ENG-049;ENG-053;ENG-070,Sólo existe evidencia ENG; se conserva como evidencia técnica subordinada.,NO,DIFERIDO_ENG_ONLY,,,"Sólo posee evidencia ENG subordinada. Se conserva para compatibilidad/evolución, pero no se canoniza automáticamente.",DIFERIDO_ENG_ONLY
relacion con eng-038,Relación con ENG-038,Relación con ENG-038,1,18,ENG,18,ENG-037;ENG-039;ENG-040;ENG-041;ENG-042;ENG-043;ENG-044;ENG-045;ENG-046;ENG-047;ENG-048;ENG-049;ENG-053;ENG-054;ENG-056;ENG-070;ENG-072;ENG-078,ENCABEZADO,0,CANDIDATO_ENG_REPETIDO,NO,NO_ASIGNADO,ENG_SUBORDINADO,,ENG-037;ENG-039;ENG-040;ENG-041;ENG-042;ENG-043;ENG-044;ENG-045;ENG-046;ENG-047;ENG-048;ENG-049;ENG-053;ENG-054;ENG-056;ENG-070;ENG-072;ENG-078,Sólo existe evidencia ENG; se conserva como evidencia técnica subordinada.,NO,DIFERIDO_ENG_ONLY,,,"Sólo posee evidencia ENG subordinada. Se conserva para compatibilidad/evolución, pero no se canoniza automáticamente.",DIFERIDO_ENG_ONLY
relacion con eng-039,Relación con ENG-039,Relación con ENG-039,1,17,ENG,17,ENG-038;ENG-040;ENG-041;ENG-042;ENG-043;ENG-044;ENG-045;ENG-046;ENG-047;ENG-049;ENG-052;ENG-054;ENG-061;ENG-069;ENG-070;ENG-073;ENG-074,ENCABEZADO,0,CANDIDATO_ENG_REPETIDO,NO,NO_ASIGNADO,ENG_SUBORDINADO,,ENG-038;ENG-040;ENG-041;ENG-042;ENG-043;ENG-044;ENG-045;ENG-046;ENG-047;ENG-049;ENG-052;ENG-054;ENG-061;ENG-069;ENG-070;ENG-073;ENG-074,Sólo existe evidencia ENG; se conserva como evidencia técnica subordinada.,NO,DIFERIDO_ENG_ONLY,,,"Sólo posee evidencia ENG subordinada. Se conserva para compatibilidad/evolución, pero no se canoniza automáticamente.",DIFERIDO_ENG_ONLY
relacion con eng-040,Relación con ENG-040,Relación con ENG-040,1,13,ENG,13,ENG-039;ENG-041;ENG-042;ENG-043;ENG-044;ENG-045;ENG-047;ENG-048;ENG-049;ENG-052;ENG-054;ENG-056;ENG-064,ENCABEZADO,0,CANDIDATO_ENG_REPETIDO,NO,NO_ASIGNADO,ENG_SUBORDINADO,,ENG-039;ENG-041;ENG-042;ENG-043;ENG-044;ENG-045;ENG-047;ENG-048;ENG-049;ENG-052;ENG-054;ENG-056;ENG-064,Sólo existe evidencia ENG; se conserva como evidencia técnica subordinada.,NO,DIFERIDO_ENG_ONLY,,,"Sólo posee evidencia ENG subordinada. Se conserva para compatibilidad/evolución, pero no se canoniza automáticamente.",DIFERIDO_ENG_ONLY
relacion con eng-041,Relación con ENG-041,Relación con ENG-041,1,15,ENG,15,ENG-040;ENG-042;ENG-043;ENG-044;ENG-045;ENG-046;ENG-047;ENG-048;ENG-049;ENG-052;ENG-056;ENG-062;ENG-064;ENG-077;ENG-078,ENCABEZADO,0,CANDIDATO_ENG_REPETIDO,NO,NO_ASIGNADO,ENG_SUBORDINADO,,ENG-040;ENG-042;ENG-043;ENG-044;ENG-045;ENG-046;ENG-047;ENG-048;ENG-049;ENG-052;ENG-056;ENG-062;ENG-064;ENG-077;ENG-078,Sólo existe evidencia ENG; se conserva como evidencia técnica subordinada.,NO,DIFERIDO_ENG_ONLY,,,"Sólo posee evidencia ENG subordinada. Se conserva para compatibilidad/evolución, pero no se canoniza automáticamente.",DIFERIDO_ENG_ONLY
relacion con eng-042,Relación con ENG-042,Relación con ENG-042,1,15,ENG,15,ENG-041;ENG-043;ENG-044;ENG-045;ENG-046;ENG-047;ENG-048;ENG-049;ENG-052;ENG-054;ENG-064;ENG-065;ENG-077;ENG-078;ENG-079,ENCABEZADO,0,CANDIDATO_ENG_REPETIDO,NO,NO_ASIGNADO,ENG_SUBORDINADO,,ENG-041;ENG-043;ENG-044;ENG-045;ENG-046;ENG-047;ENG-048;ENG-049;ENG-052;ENG-054;ENG-064;ENG-065;ENG-077;ENG-078;ENG-079,Sólo existe evidencia ENG; se conserva como evidencia técnica subordinada.,NO,DIFERIDO_ENG_ONLY,,,"Sólo posee evidencia ENG subordinada. Se conserva para compatibilidad/evolución, pero no se canoniza automáticamente.",DIFERIDO_ENG_ONLY
relacion con eng-043,Relación con ENG-043,Relación con ENG-043,1,12,ENG,12,ENG-042;ENG-044;ENG-045;ENG-046;ENG-047;ENG-048;ENG-049;ENG-063;ENG-070;ENG-077;ENG-078;ENG-079,ENCABEZADO,0,CANDIDATO_ENG_REPETIDO,NO,NO_ASIGNADO,ENG_SUBORDINADO,,ENG-042;ENG-044;ENG-045;ENG-046;ENG-047;ENG-048;ENG-049;ENG-063;ENG-070;ENG-077;ENG-078;ENG-079,Sólo existe evidencia ENG; se conserva como evidencia técnica subordinada.,NO,DIFERIDO_ENG_ONLY,,,"Sólo posee evidencia ENG subordinada. Se conserva para compatibilidad/evolución, pero no se canoniza automáticamente.",DIFERIDO_ENG_ONLY
relacion con eng-044,Relación con ENG-044,Relación con ENG-044,1,8,ENG,8,ENG-043;ENG-045;ENG-046;ENG-048;ENG-049;ENG-061;ENG-062;ENG-063,ENCABEZADO,0,CANDIDATO_ENG_REPETIDO,NO,NO_ASIGNADO,ENG_SUBORDINADO,,ENG-043;ENG-045;ENG-046;ENG-048;ENG-049;ENG-061;ENG-062;ENG-063,Sólo existe evidencia ENG; se conserva como evidencia técnica subordinada.,NO,DIFERIDO_ENG_ONLY,,,"Sólo posee evidencia ENG subordinada. Se conserva para compatibilidad/evolución, pero no se canoniza automáticamente.",DIFERIDO_ENG_ONLY
relacion con eng-045,Relación con ENG-045,Relación con ENG-045,1,6,ENG,6,ENG-044;ENG-046;ENG-047;ENG-048;ENG-049;ENG-056,ENCABEZADO,0,CANDIDATO_ENG_REPETIDO,NO,NO_ASIGNADO,ENG_SUBORDINADO,,ENG-044;ENG-046;ENG-047;ENG-048;ENG-049;ENG-056,Sólo existe evidencia ENG; se conserva como evidencia técnica subordinada.,NO,DIFERIDO_ENG_ONLY,,,"Sólo posee evidencia ENG subordinada. Se conserva para compatibilidad/evolución, pero no se canoniza automáticamente.",DIFERIDO_ENG_ONLY
relacion con eng-046,Relación con ENG-046,Relación con ENG-046,1,7,ENG,7,ENG-045;ENG-047;ENG-048;ENG-049;ENG-050;ENG-051;ENG-056,ENCABEZADO,0,CANDIDATO_ENG_REPETIDO,NO,NO_ASIGNADO,ENG_SUBORDINADO,,ENG-045;ENG-047;ENG-048;ENG-049;ENG-050;ENG-051;ENG-056,Sólo existe evidencia ENG; se conserva como evidencia técnica subordinada.,NO,DIFERIDO_ENG_ONLY,,,"Sólo posee evidencia ENG subordinada. Se conserva para compatibilidad/evolución, pero no se canoniza automáticamente.",DIFERIDO_ENG_ONLY
relacion con eng-047,Relación con ENG-047,Relación con ENG-047,1,5,ENG,5,ENG-046;ENG-048;ENG-049;ENG-056;ENG-061,ENCABEZADO,0,CANDIDATO_ENG_REPETIDO,NO,NO_ASIGNADO,ENG_SUBORDINADO,,ENG-046;ENG-048;ENG-049;ENG-056;ENG-061,Sólo existe evidencia ENG; se conserva como evidencia técnica subordinada.,NO,DIFERIDO_ENG_ONLY,,,"Sólo posee evidencia ENG subordinada. Se conserva para compatibilidad/evolución, pero no se canoniza automáticamente.",DIFERIDO_ENG_ONLY
relacion con eng-048,Relación con ENG-048,Relación con ENG-048,1,13,ENG,13,ENG-047;ENG-049;ENG-050;ENG-051;ENG-052;ENG-053;ENG-054;ENG-056;ENG-059;ENG-061;ENG-072;ENG-081;ENG-082,ENCABEZADO,0,CANDIDATO_ENG_REPETIDO,NO,NO_ASIGNADO,ENG_SUBORDINADO,,ENG-047;ENG-049;ENG-050;ENG-051;ENG-052;ENG-053;ENG-054;ENG-056;ENG-059;ENG-061;ENG-072;ENG-081;ENG-082,Sólo existe evidencia ENG; se conserva como evidencia técnica subordinada.,NO,DIFERIDO_ENG_ONLY,,,"Sólo posee evidencia ENG subordinada. Se conserva para compatibilidad/evolución, pero no se canoniza automáticamente.",DIFERIDO_ENG_ONLY
relacion con eng-049,Relación con ENG-049,Relación con ENG-049,1,7,ENG,7,ENG-048;ENG-050;ENG-051;ENG-057;ENG-062;ENG-068;ENG-075,ENCABEZADO,0,CANDIDATO_ENG_REPETIDO,NO,NO_ASIGNADO,ENG_SUBORDINADO,,ENG-048;ENG-050;ENG-051;ENG-057;ENG-062;ENG-068;ENG-075,Sólo existe evidencia ENG; se conserva como evidencia técnica subordinada.,NO,DIFERIDO_ENG_ONLY,,,"Sólo posee evidencia ENG subordinada. Se conserva para compatibilidad/evolución, pero no se canoniza automáticamente.",DIFERIDO_ENG_ONLY
relacion con eng-050,Relación con ENG-050,Relación con ENG-050,1,6,ENG,6,ENG-049;ENG-051;ENG-057;ENG-059;ENG-065;ENG-066,ENCABEZADO,0,CANDIDATO_ENG_REPETIDO,NO,NO_ASIGNADO,ENG_SUBORDINADO,,ENG-049;ENG-051;ENG-057;ENG-059;ENG-065;ENG-066,Sólo existe evidencia ENG; se conserva como evidencia técnica subordinada.,NO,DIFERIDO_ENG_ONLY,,,"Sólo posee evidencia ENG subordinada. Se conserva para compatibilidad/evolución, pero no se canoniza automáticamente.",DIFERIDO_ENG_ONLY
relacion con eng-051,Relación con ENG-051,Relación con ENG-051,1,7,ENG,7,ENG-050;ENG-052;ENG-057;ENG-059;ENG-081;ENG-082;ENG-083,ENCABEZADO,0,CANDIDATO_ENG_REPETIDO,NO,NO_ASIGNADO,ENG_SUBORDINADO,,ENG-050;ENG-052;ENG-057;ENG-059;ENG-081;ENG-082;ENG-083,Sólo existe evidencia ENG; se conserva como evidencia técnica subordinada.,NO,DIFERIDO_ENG_ONLY,,,"Sólo posee evidencia ENG subordinada. Se conserva para compatibilidad/evolución, pero no se canoniza automáticamente.",DIFERIDO_ENG_ONLY
relacion con eng-052,Relación con ENG-052,Relación con ENG-052,1,4,ENG,4,ENG-051;ENG-053;ENG-054;ENG-056,ENCABEZADO,0,CANDIDATO_ENG_REPETIDO,NO,NO_ASIGNADO,ENG_SUBORDINADO,,ENG-051;ENG-053;ENG-054;ENG-056,Sólo existe evidencia ENG; se conserva como evidencia técnica subordinada.,NO,DIFERIDO_ENG_ONLY,,,"Sólo posee evidencia ENG subordinada. Se conserva para compatibilidad/evolución, pero no se canoniza automáticamente.",DIFERIDO_ENG_ONLY
relacion con eng-053,Relación con ENG-053,Relación con ENG-053,1,9,ENG,9,ENG-052;ENG-054;ENG-055;ENG-056;ENG-057;ENG-064;ENG-072;ENG-077;ENG-078,ENCABEZADO,0,CANDIDATO_ENG_REPETIDO,NO,NO_ASIGNADO,ENG_SUBORDINADO,,ENG-052;ENG-054;ENG-055;ENG-056;ENG-057;ENG-064;ENG-072;ENG-077;ENG-078,Sólo existe evidencia ENG; se conserva como evidencia técnica subordinada.,NO,DIFERIDO_ENG_ONLY,,,"Sólo posee evidencia ENG subordinada. Se conserva para compatibilidad/evolución, pero no se canoniza automáticamente.",DIFERIDO_ENG_ONLY
relacion con eng-054,Relación con ENG-054,Relación con ENG-054,1,9,ENG,9,ENG-053;ENG-055;ENG-056;ENG-064;ENG-068;ENG-069;ENG-070;ENG-071;ENG-072,ENCABEZADO,0,CANDIDATO_ENG_REPETIDO,NO,NO_ASIGNADO,ENG_SUBORDINADO,,ENG-053;ENG-055;ENG-056;ENG-064;ENG-068;ENG-069;ENG-070;ENG-071;ENG-072,Sólo existe evidencia ENG; se conserva como evidencia técnica subordinada.,NO,DIFERIDO_ENG_ONLY,,,"Sólo posee evidencia ENG subordinada. Se conserva para compatibilidad/evolución, pero no se canoniza automáticamente.",DIFERIDO_ENG_ONLY
relacion con eng-055,Relación con ENG-055,Relación con ENG-055,1,10,ENG,10,ENG-054;ENG-056;ENG-060;ENG-064;ENG-065;ENG-066;ENG-067;ENG-068;ENG-069;ENG-100,ENCABEZADO,0,CANDIDATO_ENG_REPETIDO,NO,NO_ASIGNADO,ENG_SUBORDINADO,,ENG-054;ENG-056;ENG-060;ENG-064;ENG-065;ENG-066;ENG-067;ENG-068;ENG-069;ENG-100,Sólo existe evidencia ENG; se conserva como evidencia técnica subordinada.,NO,DIFERIDO_ENG_ONLY,,,"Sólo posee evidencia ENG subordinada. Se conserva para compatibilidad/evolución, pero no se canoniza automáticamente.",DIFERIDO_ENG_ONLY
relacion con eng-056,Relación con ENG-056,Relación con ENG-056,1,5,ENG,5,ENG-055;ENG-057;ENG-059;ENG-061;ENG-064,ENCABEZADO,0,CANDIDATO_ENG_REPETIDO,NO,NO_ASIGNADO,ENG_SUBORDINADO,,ENG-055;ENG-057;ENG-059;ENG-061;ENG-064,Sólo existe evidencia ENG; se conserva como evidencia técnica subordinada.,NO,DIFERIDO_ENG_ONLY,,,"Sólo posee evidencia ENG subordinada. Se conserva para compatibilidad/evolución, pero no se canoniza automáticamente.",DIFERIDO_ENG_ONLY
relacion con eng-057,Relación con ENG-057,Relación con ENG-057,1,10,ENG,10,ENG-056;ENG-058;ENG-059;ENG-061;ENG-062;ENG-063;ENG-075;ENG-080;ENG-081;ENG-083,ENCABEZADO,0,CANDIDATO_ENG_REPETIDO,NO,NO_ASIGNADO,ENG_SUBORDINADO,,ENG-056;ENG-058;ENG-059;ENG-061;ENG-062;ENG-063;ENG-075;ENG-080;ENG-081;ENG-083,Sólo existe evidencia ENG; se conserva como evidencia técnica subordinada.,NO,DIFERIDO_ENG_ONLY,,,"Sólo posee evidencia ENG subordinada. Se conserva para compatibilidad/evolución, pero no se canoniza automáticamente.",DIFERIDO_ENG_ONLY
relacion con eng-058,Relación con ENG-058,Relación con ENG-058,1,5,ENG,5,ENG-057;ENG-059;ENG-060;ENG-062;ENG-081,ENCABEZADO,0,CANDIDATO_ENG_REPETIDO,NO,NO_ASIGNADO,ENG_SUBORDINADO,,ENG-057;ENG-059;ENG-060;ENG-062;ENG-081,Sólo existe evidencia ENG; se conserva como evidencia técnica subordinada.,NO,DIFERIDO_ENG_ONLY,,,"Sólo posee evidencia ENG subordinada. Se conserva para compatibilidad/evolución, pero no se canoniza automáticamente.",DIFERIDO_ENG_ONLY
relacion con eng-059,Relación con ENG-059,Relación con ENG-059,1,3,ENG,3,ENG-058;ENG-060;ENG-062,ENCABEZADO,0,CANDIDATO_ENG_REPETIDO,NO,NO_ASIGNADO,ENG_SUBORDINADO,,ENG-058;ENG-060;ENG-062,Sólo existe evidencia ENG; se conserva como evidencia técnica subordinada.,NO,DIFERIDO_ENG_ONLY,,,"Sólo posee evidencia ENG subordinada. Se conserva para compatibilidad/evolución, pero no se canoniza automáticamente.",DIFERIDO_ENG_ONLY
relacion con eng-060,Relación con ENG-060,Relación con ENG-060,1,6,ENG,6,ENG-059;ENG-061;ENG-062;ENG-063;ENG-065;ENG-066,ENCABEZADO,0,CANDIDATO_ENG_REPETIDO,NO,NO_ASIGNADO,ENG_SUBORDINADO,,ENG-059;ENG-061;ENG-062;ENG-063;ENG-065;ENG-066,Sólo existe evidencia ENG; se conserva como evidencia técnica subordinada.,NO,DIFERIDO_ENG_ONLY,,,"Sólo posee evidencia ENG subordinada. Se conserva para compatibilidad/evolución, pero no se canoniza automáticamente.",DIFERIDO_ENG_ONLY
relacion con eng-061,Relación con ENG-061,Relación con ENG-061,1,3,ENG,3,ENG-060;ENG-062;ENG-063,ENCABEZADO,0,CANDIDATO_ENG_REPETIDO,NO,NO_ASIGNADO,ENG_SUBORDINADO,,ENG-060;ENG-062;ENG-063,Sólo existe evidencia ENG; se conserva como evidencia técnica subordinada.,NO,DIFERIDO_ENG_ONLY,,,"Sólo posee evidencia ENG subordinada. Se conserva para compatibilidad/evolución, pero no se canoniza automáticamente.",DIFERIDO_ENG_ONLY
relacion con eng-062,Relación con ENG-062,Relación con ENG-062,1,7,ENG,7,ENG-061;ENG-063;ENG-064;ENG-065;ENG-079;ENG-080;ENG-082,ENCABEZADO,0,CANDIDATO_ENG_REPETIDO,NO,NO_ASIGNADO,ENG_SUBORDINADO,,ENG-061;ENG-063;ENG-064;ENG-065;ENG-079;ENG-080;ENG-082,Sólo existe evidencia ENG; se conserva como evidencia técnica subordinada.,NO,DIFERIDO_ENG_ONLY,,,"Sólo posee evidencia ENG subordinada. Se conserva para compatibilidad/evolución, pero no se canoniza automáticamente.",DIFERIDO_ENG_ONLY
relacion con eng-063,Relación con ENG-063,Relación con ENG-063,1,7,ENG,7,ENG-062;ENG-064;ENG-065;ENG-079;ENG-080;ENG-081;ENG-082,ENCABEZADO,0,CANDIDATO_ENG_REPETIDO,NO,NO_ASIGNADO,ENG_SUBORDINADO,,ENG-062;ENG-064;ENG-065;ENG-079;ENG-080;ENG-081;ENG-082,Sólo existe evidencia ENG; se conserva como evidencia técnica subordinada.,NO,DIFERIDO_ENG_ONLY,,,"Sólo posee evidencia ENG subordinada. Se conserva para compatibilidad/evolución, pero no se canoniza automáticamente.",DIFERIDO_ENG_ONLY
relacion con eng-064,Relación con ENG-064,Relación con ENG-064,1,9,ENG,9,ENG-063;ENG-065;ENG-071;ENG-072;ENG-077;ENG-078;ENG-080;ENG-081;ENG-082,ENCABEZADO,0,CANDIDATO_ENG_REPETIDO,NO,NO_ASIGNADO,ENG_SUBORDINADO,,ENG-063;ENG-065;ENG-071;ENG-072;ENG-077;ENG-078;ENG-080;ENG-081;ENG-082,Sólo existe evidencia ENG; se conserva como evidencia técnica subordinada.,NO,DIFERIDO_ENG_ONLY,,,"Sólo posee evidencia ENG subordinada. Se conserva para compatibilidad/evolución, pero no se canoniza automáticamente.",DIFERIDO_ENG_ONLY
relacion con eng-065,Relación con ENG-065,Relación con ENG-065,1,11,ENG,11,ENG-064;ENG-066;ENG-067;ENG-068;ENG-071;ENG-076;ENG-078;ENG-079;ENG-080;ENG-081;ENG-082,ENCABEZADO,0,CANDIDATO_ENG_REPETIDO,NO,NO_ASIGNADO,ENG_SUBORDINADO,,ENG-064;ENG-066;ENG-067;ENG-068;ENG-071;ENG-076;ENG-078;ENG-079;ENG-080;ENG-081;ENG-082,Sólo existe evidencia ENG; se conserva como evidencia técnica subordinada.,NO,DIFERIDO_ENG_ONLY,,,"Sólo posee evidencia ENG subordinada. Se conserva para compatibilidad/evolución, pero no se canoniza automáticamente.",DIFERIDO_ENG_ONLY
relacion con eng-066,Relación con ENG-066,Relación con ENG-066,1,5,ENG,5,ENG-065;ENG-067;ENG-068;ENG-071;ENG-076,ENCABEZADO,0,CANDIDATO_ENG_REPETIDO,NO,NO_ASIGNADO,ENG_SUBORDINADO,,ENG-065;ENG-067;ENG-068;ENG-071;ENG-076,Sólo existe evidencia ENG; se conserva como evidencia técnica subordinada.,NO,DIFERIDO_ENG_ONLY,,,"Sólo posee evidencia ENG subordinada. Se conserva para compatibilidad/evolución, pero no se canoniza automáticamente.",DIFERIDO_ENG_ONLY
relacion con eng-067,Relación con ENG-067,Relación con ENG-067,1,7,ENG,7,ENG-066;ENG-068;ENG-069;ENG-071;ENG-073;ENG-076;ENG-083,ENCABEZADO,0,CANDIDATO_ENG_REPETIDO,NO,NO_ASIGNADO,ENG_SUBORDINADO,,ENG-066;ENG-068;ENG-069;ENG-071;ENG-073;ENG-076;ENG-083,Sólo existe evidencia ENG; se conserva como evidencia técnica subordinada.,NO,DIFERIDO_ENG_ONLY,,,"Sólo posee evidencia ENG subordinada. Se conserva para compatibilidad/evolución, pero no se canoniza automáticamente.",DIFERIDO_ENG_ONLY
relacion con eng-068,Relación con ENG-068,Relación con ENG-068,1,4,ENG,4,ENG-067;ENG-069;ENG-073;ENG-076,ENCABEZADO,0,CANDIDATO_ENG_REPETIDO,NO,NO_ASIGNADO,ENG_SUBORDINADO,,ENG-067;ENG-069;ENG-073;ENG-076,Sólo existe evidencia ENG; se conserva como evidencia técnica subordinada.,NO,DIFERIDO_ENG_ONLY,,,"Sólo posee evidencia ENG subordinada. Se conserva para compatibilidad/evolución, pero no se canoniza automáticamente.",DIFERIDO_ENG_ONLY
relacion con eng-069,Relación con ENG-069,Relación con ENG-069,1,6,ENG,6,ENG-068;ENG-070;ENG-071;ENG-073;ENG-074;ENG-076,ENCABEZADO,0,CANDIDATO_ENG_REPETIDO,NO,NO_ASIGNADO,ENG_SUBORDINADO,,ENG-068;ENG-070;ENG-071;ENG-073;ENG-074;ENG-076,Sólo existe evidencia ENG; se conserva como evidencia técnica subordinada.,NO,DIFERIDO_ENG_ONLY,,,"Sólo posee evidencia ENG subordinada. Se conserva para compatibilidad/evolución, pero no se canoniza automáticamente.",DIFERIDO_ENG_ONLY
relacion con eng-070,Relación con ENG-070,Relación con ENG-070,1,6,ENG,6,ENG-026;ENG-069;ENG-071;ENG-072;ENG-074;ENG-077,ENCABEZADO,0,CANDIDATO_ENG_REPETIDO,NO,NO_ASIGNADO,ENG_SUBORDINADO,,ENG-026;ENG-069;ENG-071;ENG-072;ENG-074;ENG-077,Sólo existe evidencia ENG; se conserva como evidencia técnica subordinada.,NO,DIFERIDO_ENG_ONLY,,,"Sólo posee evidencia ENG subordinada. Se conserva para compatibilidad/evolución, pero no se canoniza automáticamente.",DIFERIDO_ENG_ONLY
relacion con eng-071,Relación con ENG-071,Relación con ENG-071,1,5,ENG,5,ENG-070;ENG-072;ENG-073;ENG-074;ENG-076,ENCABEZADO,0,CANDIDATO_ENG_REPETIDO,NO,NO_ASIGNADO,ENG_SUBORDINADO,,ENG-070;ENG-072;ENG-073;ENG-074;ENG-076,Sólo existe evidencia ENG; se conserva como evidencia técnica subordinada.,NO,DIFERIDO_ENG_ONLY,,,"Sólo posee evidencia ENG subordinada. Se conserva para compatibilidad/evolución, pero no se canoniza automáticamente.",DIFERIDO_ENG_ONLY
relacion con eng-072,Relación con ENG-072,Relación con ENG-072,1,3,ENG,3,ENG-071;ENG-073;ENG-074,ENCABEZADO,0,CANDIDATO_ENG_REPETIDO,NO,NO_ASIGNADO,ENG_SUBORDINADO,,ENG-071;ENG-073;ENG-074,Sólo existe evidencia ENG; se conserva como evidencia técnica subordinada.,NO,DIFERIDO_ENG_ONLY,,,"Sólo posee evidencia ENG subordinada. Se conserva para compatibilidad/evolución, pero no se canoniza automáticamente.",DIFERIDO_ENG_ONLY
relacion con eng-073,Relación con ENG-073,Relación con ENG-073,1,6,ENG,6,ENG-072;ENG-074;ENG-075;ENG-076;ENG-077;ENG-078,ENCABEZADO,0,CANDIDATO_ENG_REPETIDO,NO,NO_ASIGNADO,ENG_SUBORDINADO,,ENG-072;ENG-074;ENG-075;ENG-076;ENG-077;ENG-078,Sólo existe evidencia ENG; se conserva como evidencia técnica subordinada.,NO,DIFERIDO_ENG_ONLY,,,"Sólo posee evidencia ENG subordinada. Se conserva para compatibilidad/evolución, pero no se canoniza automáticamente.",DIFERIDO_ENG_ONLY
relacion con eng-074,Relación con ENG-074,Relación con ENG-074,1,4,ENG,4,ENG-073;ENG-075;ENG-076;ENG-077,ENCABEZADO,0,CANDIDATO_ENG_REPETIDO,NO,NO_ASIGNADO,ENG_SUBORDINADO,,ENG-073;ENG-075;ENG-076;ENG-077,Sólo existe evidencia ENG; se conserva como evidencia técnica subordinada.,NO,DIFERIDO_ENG_ONLY,,,"Sólo posee evidencia ENG subordinada. Se conserva para compatibilidad/evolución, pero no se canoniza automáticamente.",DIFERIDO_ENG_ONLY
relacion con eng-076,Relación con ENG-076,Relación con ENG-076,1,4,ENG,4,ENG-075;ENG-077;ENG-079;ENG-080,ENCABEZADO,0,CANDIDATO_ENG_REPETIDO,NO,NO_ASIGNADO,ENG_SUBORDINADO,,ENG-075;ENG-077;ENG-079;ENG-080,Sólo existe evidencia ENG; se conserva como evidencia técnica subordinada.,NO,DIFERIDO_ENG_ONLY,,,"Sólo posee evidencia ENG subordinada. Se conserva para compatibilidad/evolución, pero no se canoniza automáticamente.",DIFERIDO_ENG_ONLY
relacion con eng-077,Relación con ENG-077,Relación con ENG-077,1,3,ENG,3,ENG-076;ENG-078;ENG-079,ENCABEZADO,0,CANDIDATO_ENG_REPETIDO,NO,NO_ASIGNADO,ENG_SUBORDINADO,,ENG-076;ENG-078;ENG-079,Sólo existe evidencia ENG; se conserva como evidencia técnica subordinada.,NO,DIFERIDO_ENG_ONLY,,,"Sólo posee evidencia ENG subordinada. Se conserva para compatibilidad/evolución, pero no se canoniza automáticamente.",DIFERIDO_ENG_ONLY
relacion con eng-078,Relación con ENG-078,Relación con ENG-078,1,3,ENG,3,ENG-077;ENG-079;ENG-080,ENCABEZADO,0,CANDIDATO_ENG_REPETIDO,NO,NO_ASIGNADO,ENG_SUBORDINADO,,ENG-077;ENG-079;ENG-080,Sólo existe evidencia ENG; se conserva como evidencia técnica subordinada.,NO,DIFERIDO_ENG_ONLY,,,"Sólo posee evidencia ENG subordinada. Se conserva para compatibilidad/evolución, pero no se canoniza automáticamente.",DIFERIDO_ENG_ONLY
relacion con eng-079,Relación con ENG-079,Relación con ENG-079,1,5,ENG,5,ENG-078;ENG-080;ENG-081;ENG-082;ENG-085,ENCABEZADO,0,CANDIDATO_ENG_REPETIDO,NO,NO_ASIGNADO,ENG_SUBORDINADO,,ENG-078;ENG-080;ENG-081;ENG-082;ENG-085,Sólo existe evidencia ENG; se conserva como evidencia técnica subordinada.,NO,DIFERIDO_ENG_ONLY,,,"Sólo posee evidencia ENG subordinada. Se conserva para compatibilidad/evolución, pero no se canoniza automáticamente.",DIFERIDO_ENG_ONLY
relacion con eng-080,Relación con ENG-080,Relación con ENG-080,1,6,ENG,6,ENG-079;ENG-081;ENG-082;ENG-084;ENG-085;ENG-086,ENCABEZADO,0,CANDIDATO_ENG_REPETIDO,NO,NO_ASIGNADO,ENG_SUBORDINADO,,ENG-079;ENG-081;ENG-082;ENG-084;ENG-085;ENG-086,Sólo existe evidencia ENG; se conserva como evidencia técnica subordinada.,NO,DIFERIDO_ENG_ONLY,,,"Sólo posee evidencia ENG subordinada. Se conserva para compatibilidad/evolución, pero no se canoniza automáticamente.",DIFERIDO_ENG_ONLY
relacion con eng-081,Relación con ENG-081,Relación con ENG-081,1,5,ENG,5,ENG-080;ENG-082;ENG-083;ENG-084;ENG-085,ENCABEZADO,0,CANDIDATO_ENG_REPETIDO,NO,NO_ASIGNADO,ENG_SUBORDINADO,,ENG-080;ENG-082;ENG-083;ENG-084;ENG-085,Sólo existe evidencia ENG; se conserva como evidencia técnica subordinada.,NO,DIFERIDO_ENG_ONLY,,,"Sólo posee evidencia ENG subordinada. Se conserva para compatibilidad/evolución, pero no se canoniza automáticamente.",DIFERIDO_ENG_ONLY
relacion con eng-082,Relación con ENG-082,Relación con ENG-082,1,4,ENG,4,ENG-081;ENG-083;ENG-084;ENG-085,ENCABEZADO,0,CANDIDATO_ENG_REPETIDO,NO,NO_ASIGNADO,ENG_SUBORDINADO,,ENG-081;ENG-083;ENG-084;ENG-085,Sólo existe evidencia ENG; se conserva como evidencia técnica subordinada.,NO,DIFERIDO_ENG_ONLY,,,"Sólo posee evidencia ENG subordinada. Se conserva para compatibilidad/evolución, pero no se canoniza automáticamente.",DIFERIDO_ENG_ONLY
relacion con eng-086,Relación con ENG-086,Relación con ENG-086,1,3,ENG,3,ENG-085;ENG-087;ENG-088,ENCABEZADO,0,CANDIDATO_ENG_REPETIDO,NO,NO_ASIGNADO,ENG_SUBORDINADO,,ENG-085;ENG-087;ENG-088,Sólo existe evidencia ENG; se conserva como evidencia técnica subordinada.,NO,DIFERIDO_ENG_ONLY,,,"Sólo posee evidencia ENG subordinada. Se conserva para compatibilidad/evolución, pero no se canoniza automáticamente.",DIFERIDO_ENG_ONLY
release,Release,Release,1,4,ENG,3,ENG-017;ENG-035;ENG-036,CODIGO_INLINE;ENCABEZADO,0,CANDIDATO_ENG_REPETIDO,NO,NO_ASIGNADO,ENG_SUBORDINADO,,ENG-017;ENG-035;ENG-036,Sólo existe evidencia ENG; se conserva como evidencia técnica subordinada.,NO,DIFERIDO_ENG_ONLY,,,"Sólo posee evidencia ENG subordinada. Se conserva para compatibilidad/evolución, pero no se canoniza automáticamente.",DIFERIDO_ENG_ONLY
release artifact,Release Artifact,Release Artifact,1,3,ENG,3,ENG-017;ENG-024;ENG-030,ENCABEZADO,0,CANDIDATO_ENG_REPETIDO,NO,NO_ASIGNADO,ENG_SUBORDINADO,,ENG-017;ENG-024;ENG-030,Sólo existe evidencia ENG; se conserva como evidencia técnica subordinada.,NO,DIFERIDO_ENG_ONLY,,,"Sólo posee evidencia ENG subordinada. Se conserva para compatibilidad/evolución, pero no se canoniza automáticamente.",DIFERIDO_ENG_ONLY
release candidate,Release Candidate,Release Candidate,1,4,ENG,3,ENG-012;ENG-014;ENG-017,CODIGO_INLINE;ENCABEZADO,0,CANDIDATO_ENG_REPETIDO,NO,NO_ASIGNADO,ENG_SUBORDINADO,,ENG-012;ENG-014;ENG-017,Sólo existe evidencia ENG; se conserva como evidencia técnica subordinada.,NO,DIFERIDO_ENG_ONLY,,,"Sólo posee evidencia ENG subordinada. Se conserva para compatibilidad/evolución, pero no se canoniza automáticamente.",DIFERIDO_ENG_ONLY
release gate,Release Gate,Release Gate; Release Gates,2,4,ENG,4,ENG-016;ENG-017;ENG-026;ENG-027,ENCABEZADO,0,CANDIDATO_ENG_REPETIDO,NO,NO_ASIGNADO,ENG_SUBORDINADO,,ENG-016;ENG-017;ENG-026;ENG-027,Sólo existe evidencia ENG; se conserva como evidencia técnica subordinada.,NO,DIFERIDO_ENG_ONLY,,Release Gates,"Sólo posee evidencia ENG subordinada. Se conserva para compatibilidad/evolución, pero no se canoniza automáticamente.",DIFERIDO_ENG_ONLY
release integration,Release Integration,Release Integration,1,16,ENG,16,ENG-013;ENG-014;ENG-016;ENG-018;ENG-019;ENG-020;ENG-021;ENG-022;ENG-024;ENG-028;ENG-029;ENG-030;ENG-031;ENG-032;ENG-034;ENG-044,ENCABEZADO,0,CANDIDATO_ENG_REPETIDO,NO,NO_ASIGNADO,ENG_SUBORDINADO,,ENG-013;ENG-014;ENG-016;ENG-018;ENG-019;ENG-020;ENG-021;ENG-022;ENG-024;ENG-028;ENG-029;ENG-030;ENG-031;ENG-032;ENG-034;ENG-044,Sólo existe evidencia ENG; se conserva como evidencia técnica subordinada.,NO,DIFERIDO_ENG_ONLY,,,"Sólo posee evidencia ENG subordinada. Se conserva para compatibilidad/evolución, pero no se canoniza automáticamente.",DIFERIDO_ENG_ONLY
release note,Release Notes,Release Notes,1,7,ENG,7,ENG-017;ENG-021;ENG-022;ENG-028;ENG-029;ENG-030;ENG-031,ENCABEZADO,0,CANDIDATO_ENG_REPETIDO,NO,NO_ASIGNADO,ENG_SUBORDINADO,,ENG-017;ENG-021;ENG-022;ENG-028;ENG-029;ENG-030;ENG-031,Sólo existe evidencia ENG; se conserva como evidencia técnica subordinada.,NO,DIFERIDO_ENG_ONLY,,,"Sólo posee evidencia ENG subordinada. Se conserva para compatibilidad/evolución, pero no se canoniza automáticamente.",DIFERIDO_ENG_ONLY
reliability,Reliability,Reliability,1,5,ENG,2,ENG-074;ENG-088,CODIGO_INLINE;DEFINICION_EXPLICITA;ENCABEZADO,2,CANDIDATO_ENG_DEFINIDO,NO,NO_ASIGNADO,ENG_SUBORDINADO,,ENG-074;ENG-088,Sólo existe evidencia ENG; se conserva como evidencia técnica subordinada.,NO,DIFERIDO_ENG_ONLY,,,"Sólo posee evidencia ENG subordinada. Se conserva para compatibilidad/evolución, pero no se canoniza automáticamente.",DIFERIDO_ENG_ONLY
reliability engineering,Reliability Engineering,Reliability Engineering,1,3,ENG,1,ENG-074,ENCABEZADO;TERMINO_DESTACADO,0,CANDIDATO_ENG_REPETIDO,NO,NO_ASIGNADO,ENG_SUBORDINADO,,ENG-074,Sólo existe evidencia ENG; se conserva como evidencia técnica subordinada.,NO,DIFERIDO_ENG_ONLY,,,"Sólo posee evidencia ENG subordinada. Se conserva para compatibilidad/evolución, pero no se canoniza automáticamente.",DIFERIDO_ENG_ONLY
remote failure,Remote Failure,Remote Failure,1,3,ENG,3,ENG-011;ENG-032;ENG-034,ENCABEZADO,0,CANDIDATO_ENG_REPETIDO,NO,NO_ASIGNADO,ENG_SUBORDINADO,,ENG-011;ENG-032;ENG-034,Sólo existe evidencia ENG; se conserva como evidencia técnica subordinada.,NO,DIFERIDO_ENG_ONLY,,,"Sólo posee evidencia ENG subordinada. Se conserva para compatibilidad/evolución, pero no se canoniza automáticamente.",DIFERIDO_ENG_ONLY
repair,Repair,Repair,1,3,ENG,3,ENG-013;ENG-015;ENG-075,ENCABEZADO,0,CANDIDATO_ENG_REPETIDO,NO,NO_ASIGNADO,ENG_SUBORDINADO,,ENG-013;ENG-015;ENG-075,Sólo existe evidencia ENG; se conserva como evidencia técnica subordinada.,NO,DIFERIDO_ENG_ONLY,,,"Sólo posee evidencia ENG subordinada. Se conserva para compatibilidad/evolución, pero no se canoniza automáticamente.",DIFERIDO_ENG_ONLY
replay test,Replay Test,Replay Test,1,4,ENG,4,ENG-022;ENG-040;ENG-041;ENG-064,ENCABEZADO,0,CANDIDATO_ENG_REPETIDO,NO,NO_ASIGNADO,ENG_SUBORDINADO,,ENG-022;ENG-040;ENG-041;ENG-064,Sólo existe evidencia ENG; se conserva como evidencia técnica subordinada.,NO,DIFERIDO_ENG_ONLY,,,"Sólo posee evidencia ENG subordinada. Se conserva para compatibilidad/evolución, pero no se canoniza automáticamente.",DIFERIDO_ENG_ONLY
replication,Replication,Replication,1,4,ENG,3,ENG-072;ENG-077;ENG-094,DEFINICION_EXPLICITA;ENCABEZADO,1,CANDIDATO_ENG_DEFINIDO,NO,NO_ASIGNADO,ENG_SUBORDINADO,,ENG-072;ENG-077;ENG-094,Sólo existe evidencia ENG; se conserva como evidencia técnica subordinada.,NO,DIFERIDO_ENG_ONLY,,,"Sólo posee evidencia ENG subordinada. Se conserva para compatibilidad/evolución, pero no se canoniza automáticamente.",DIFERIDO_ENG_ONLY
repository,Repository,Repositories; Repository,2,8,ENG,5,ENG-005;ENG-030;ENG-034;ENG-035;ENG-043,CODIGO_INLINE;DEFINICION_EXPLICITA;ENCABEZADO,2,CANDIDATO_ENG_DEFINIDO,NO,NO_ASIGNADO,ENG_SUBORDINADO,,ENG-005;ENG-030;ENG-034;ENG-035;ENG-043,Sólo existe evidencia ENG; se conserva como evidencia técnica subordinada.,NO,DIFERIDO_ENG_ONLY,,Repositories,"Sólo posee evidencia ENG subordinada. Se conserva para compatibilidad/evolución, pero no se canoniza automáticamente.",DIFERIDO_ENG_ONLY
repository contract,Repository Contract,Repository Contract,1,3,ENG,3,ENG-030;ENG-035;ENG-043,ENCABEZADO,0,CANDIDATO_ENG_REPETIDO,NO,NO_ASIGNADO,ENG_SUBORDINADO,,ENG-030;ENG-035;ENG-043,Sólo existe evidencia ENG; se conserva como evidencia técnica subordinada.,NO,DIFERIDO_ENG_ONLY,,,"Sólo posee evidencia ENG subordinada. Se conserva para compatibilidad/evolución, pero no se canoniza automáticamente.",DIFERIDO_ENG_ONLY
repository language,Repository Language,Repository Language,1,3,ENG,3,ENG-030;ENG-035;ENG-043,ENCABEZADO,0,CANDIDATO_ENG_REPETIDO,NO,NO_ASIGNADO,ENG_SUBORDINADO,,ENG-030;ENG-035;ENG-043,Sólo existe evidencia ENG; se conserva como evidencia técnica subordinada.,NO,DIFERIDO_ENG_ONLY,,,"Sólo posee evidencia ENG subordinada. Se conserva para compatibilidad/evolución, pero no se canoniza automáticamente.",DIFERIDO_ENG_ONLY
reproducibility,Reproducibility,Reproducibility,1,5,ENG,5,ENG-008;ENG-009;ENG-011;ENG-025;ENG-026,ENCABEZADO,0,CANDIDATO_ENG_REPETIDO,NO,NO_ASIGNADO,ENG_SUBORDINADO,,ENG-008;ENG-009;ENG-011;ENG-025;ENG-026,Sólo existe evidencia ENG; se conserva como evidencia técnica subordinada.,NO,DIFERIDO_ENG_ONLY,,,"Sólo posee evidencia ENG subordinada. Se conserva para compatibilidad/evolución, pero no se canoniza automáticamente.",DIFERIDO_ENG_ONLY
request,Request,Request,1,4,ENG,2,ENG-032;ENG-044,CODIGO_INLINE;ENCABEZADO,0,CANDIDATO_ENG_REPETIDO,NO,NO_ASIGNADO,ENG_SUBORDINADO,,ENG-032;ENG-044,Sólo existe evidencia ENG; se conserva como evidencia técnica subordinada.,NO,DIFERIDO_ENG_ONLY,,,"Sólo posee evidencia ENG subordinada. Se conserva para compatibilidad/evolución, pero no se canoniza automáticamente.",DIFERIDO_ENG_ONLY
required capability,Required Capability,Required Capability,1,3,ENG,3,ENG-028;ENG-061;ENG-068,ENCABEZADO,0,CANDIDATO_ENG_REPETIDO,NO,NO_ASIGNADO,ENG_SUBORDINADO,,ENG-028;ENG-061;ENG-068,Sólo existe evidencia ENG; se conserva como evidencia técnica subordinada.,NO,DIFERIDO_ENG_ONLY,,,"Sólo posee evidencia ENG subordinada. Se conserva para compatibilidad/evolución, pero no se canoniza automáticamente.",DIFERIDO_ENG_ONLY
required dependency,Required Dependency,Required Dependency,1,4,ENG,4,ENG-025;ENG-028;ENG-032;ENG-069,ENCABEZADO,0,CANDIDATO_ENG_REPETIDO,NO,NO_ASIGNADO,ENG_SUBORDINADO,,ENG-025;ENG-028;ENG-032;ENG-069,Sólo existe evidencia ENG; se conserva como evidencia técnica subordinada.,NO,DIFERIDO_ENG_ONLY,,,"Sólo posee evidencia ENG subordinada. Se conserva para compatibilidad/evolución, pero no se canoniza automáticamente.",DIFERIDO_ENG_ONLY
required field,Required Field,Required Field,1,5,ENG,5,ENG-016;ENG-022;ENG-031;ENG-044;ENG-062,ENCABEZADO,0,CANDIDATO_ENG_REPETIDO,NO,NO_ASIGNADO,ENG_SUBORDINADO,,ENG-016;ENG-022;ENG-031;ENG-044;ENG-062,Sólo existe evidencia ENG; se conserva como evidencia técnica subordinada.,NO,DIFERIDO_ENG_ONLY,,,"Sólo posee evidencia ENG subordinada. Se conserva para compatibilidad/evolución, pero no se canoniza automáticamente.",DIFERIDO_ENG_ONLY
required field addition,Required Field Addition,Required Field Addition,1,3,ENG,3,ENG-021;ENG-036;ENG-062,ENCABEZADO,0,CANDIDATO_ENG_REPETIDO,NO,NO_ASIGNADO,ENG_SUBORDINADO,,ENG-021;ENG-036;ENG-062,Sólo existe evidencia ENG; se conserva como evidencia técnica subordinada.,NO,DIFERIDO_ENG_ONLY,,,"Sólo posee evidencia ENG subordinada. Se conserva para compatibilidad/evolución, pero no se canoniza automáticamente.",DIFERIDO_ENG_ONLY
reserved namespace,Reserved Namespace,Reserved Namespace,1,5,ENG,5,ENG-011;ENG-025;ENG-057;ENG-060;ENG-062,ENCABEZADO,0,CANDIDATO_ENG_REPETIDO,NO,NO_ASIGNADO,ENG_SUBORDINADO,,ENG-011;ENG-025;ENG-057;ENG-060;ENG-062,Sólo existe evidencia ENG; se conserva como evidencia técnica subordinada.,NO,DIFERIDO_ENG_ONLY,,,"Sólo posee evidencia ENG subordinada. Se conserva para compatibilidad/evolución, pero no se canoniza automáticamente.",DIFERIDO_ENG_ONLY
resilience,Resilience,Resilience,1,7,ENG,4,ENG-039;ENG-040;ENG-041;ENG-069,CODIGO_INLINE;DEFINICION_EXPLICITA;ENCABEZADO,1,CANDIDATO_ENG_DEFINIDO,NO,NO_ASIGNADO,ENG_SUBORDINADO,,ENG-039;ENG-040;ENG-041;ENG-069,Sólo existe evidencia ENG; se conserva como evidencia técnica subordinada.,NO,DIFERIDO_ENG_ONLY,,,"Sólo posee evidencia ENG subordinada. Se conserva para compatibilidad/evolución, pero no se canoniza automáticamente.",DIFERIDO_ENG_ONLY
resilience engineering,Resilience Engineering,Resilience Engineering,1,3,ENG,2,ENG-038;ENG-039,ENCABEZADO;TERMINO_DESTACADO,0,CANDIDATO_ENG_REPETIDO,NO,NO_ASIGNADO,ENG_SUBORDINADO,,ENG-038;ENG-039,Sólo existe evidencia ENG; se conserva como evidencia técnica subordinada.,NO,DIFERIDO_ENG_ONLY,,,"Sólo posee evidencia ENG subordinada. Se conserva para compatibilidad/evolución, pero no se canoniza automáticamente.",DIFERIDO_ENG_ONLY
resilience integration,Resilience Integration,Resilience Integration,1,12,ENG,12,ENG-042;ENG-045;ENG-046;ENG-047;ENG-048;ENG-049;ENG-050;ENG-051;ENG-052;ENG-053;ENG-054;ENG-073,ENCABEZADO,0,CANDIDATO_ENG_REPETIDO,NO,NO_ASIGNADO,ENG_SUBORDINADO,,ENG-042;ENG-045;ENG-046;ENG-047;ENG-048;ENG-049;ENG-050;ENG-051;ENG-052;ENG-053;ENG-054;ENG-073,Sólo existe evidencia ENG; se conserva como evidencia técnica subordinada.,NO,DIFERIDO_ENG_ONLY,,,"Sólo posee evidencia ENG subordinada. Se conserva para compatibilidad/evolución, pero no se canoniza automáticamente.",DIFERIDO_ENG_ONLY
resolution,Resolution,Resolution,1,5,ENG,3,ENG-018;ENG-019;ENG-059,CODIGO_INLINE;DEFINICION_EXPLICITA;ENCABEZADO,1,CANDIDATO_ENG_DEFINIDO,NO,NO_ASIGNADO,ENG_SUBORDINADO,,ENG-018;ENG-019;ENG-059,Sólo existe evidencia ENG; se conserva como evidencia técnica subordinada.,NO,DIFERIDO_ENG_ONLY,,,"Sólo posee evidencia ENG subordinada. Se conserva para compatibilidad/evolución, pero no se canoniza automáticamente.",DIFERIDO_ENG_ONLY
resolution context,Resolution Context,Resolution Context,1,3,ENG,2,ENG-018;ENG-059,ENCABEZADO,0,CANDIDATO_ENG_REPETIDO,NO,NO_ASIGNADO,ENG_SUBORDINADO,,ENG-018;ENG-059,Sólo existe evidencia ENG; se conserva como evidencia técnica subordinada.,NO,DIFERIDO_ENG_ONLY,,,"Sólo posee evidencia ENG subordinada. Se conserva para compatibilidad/evolución, pero no se canoniza automáticamente.",DIFERIDO_ENG_ONLY
resolution determinism,Resolution Determinism,Resolution Determinism,1,5,ENG,5,ENG-057;ENG-059;ENG-060;ENG-062;ENG-063,ENCABEZADO,0,CANDIDATO_ENG_REPETIDO,NO,NO_ASIGNADO,ENG_SUBORDINADO,,ENG-057;ENG-059;ENG-060;ENG-062;ENG-063,Sólo existe evidencia ENG; se conserva como evidencia técnica subordinada.,NO,DIFERIDO_ENG_ONLY,,,"Sólo posee evidencia ENG subordinada. Se conserva para compatibilidad/evolución, pero no se canoniza automáticamente.",DIFERIDO_ENG_ONLY
resolution engineering,Resolution Engineering,Resolution Engineering,1,4,ENG,2,ENG-058;ENG-059,ENCABEZADO;TERMINO_DESTACADO,0,CANDIDATO_ENG_REPETIDO,NO,NO_ASIGNADO,ENG_SUBORDINADO,,ENG-058;ENG-059,Sólo existe evidencia ENG; se conserva como evidencia técnica subordinada.,NO,DIFERIDO_ENG_ONLY,,,"Sólo posee evidencia ENG subordinada. Se conserva para compatibilidad/evolución, pero no se canoniza automáticamente.",DIFERIDO_ENG_ONLY
resolution input,Resolution Inputs,Resolution Input; Resolution Inputs,2,3,ENG,3,ENG-049;ENG-062;ENG-063,ENCABEZADO,0,CANDIDATO_ENG_REPETIDO,NO,NO_ASIGNADO,ENG_SUBORDINADO,,ENG-049;ENG-062;ENG-063,Sólo existe evidencia ENG; se conserva como evidencia técnica subordinada.,NO,DIFERIDO_ENG_ONLY,,Resolution Input,"Sólo posee evidencia ENG subordinada. Se conserva para compatibilidad/evolución, pero no se canoniza automáticamente.",DIFERIDO_ENG_ONLY
resolution path,Resolution Path,Resolution Path,1,3,ENG,3,ENG-018;ENG-019;ENG-026,ENCABEZADO,0,CANDIDATO_ENG_REPETIDO,NO,NO_ASIGNADO,ENG_SUBORDINADO,,ENG-018;ENG-019;ENG-026,Sólo existe evidencia ENG; se conserva como evidencia técnica subordinada.,NO,DIFERIDO_ENG_ONLY,,,"Sólo posee evidencia ENG subordinada. Se conserva para compatibilidad/evolución, pero no se canoniza automáticamente.",DIFERIDO_ENG_ONLY
resolution policy,Resolution Policy,Resolution Policy; Resolution ≠ Policy,2,3,ENG,2,ENG-059;ENG-078,ENCABEZADO,0,CANDIDATO_ENG_REPETIDO,NO,NO_ASIGNADO,ENG_SUBORDINADO,,ENG-059;ENG-078,Sólo existe evidencia ENG; se conserva como evidencia técnica subordinada.,NO,DIFERIDO_ENG_ONLY,,Resolution ≠ Policy,"Sólo posee evidencia ENG subordinada. Se conserva para compatibilidad/evolución, pero no se canoniza automáticamente.",DIFERIDO_ENG_ONLY
resolution result,Resolution Result,Resolution Result,1,3,ENG,3,ENG-049;ENG-059;ENG-085,ENCABEZADO,0,CANDIDATO_ENG_REPETIDO,NO,NO_ASIGNADO,ENG_SUBORDINADO,,ENG-049;ENG-059;ENG-085,Sólo existe evidencia ENG; se conserva como evidencia técnica subordinada.,NO,DIFERIDO_ENG_ONLY,,,"Sólo posee evidencia ENG subordinada. Se conserva para compatibilidad/evolución, pero no se canoniza automáticamente.",DIFERIDO_ENG_ONLY
resolution test,Resolution Test,Resolution Test,1,3,ENG,3,ENG-057;ENG-060;ENG-062,ENCABEZADO,0,CANDIDATO_ENG_REPETIDO,NO,NO_ASIGNADO,ENG_SUBORDINADO,,ENG-057;ENG-060;ENG-062,Sólo existe evidencia ENG; se conserva como evidencia técnica subordinada.,NO,DIFERIDO_ENG_ONLY,,,"Sólo posee evidencia ENG subordinada. Se conserva para compatibilidad/evolución, pero no se canoniza automáticamente.",DIFERIDO_ENG_ONLY
resource,Resource,Resource,1,5,ENG,3,ENG-044;ENG-046;ENG-054,CODIGO_INLINE;ENCABEZADO,0,CANDIDATO_ENG_REPETIDO,NO,NO_ASIGNADO,ENG_SUBORDINADO,,ENG-044;ENG-046;ENG-054,Sólo existe evidencia ENG; se conserva como evidencia técnica subordinada.,NO,DIFERIDO_ENG_ONLY,,,"Sólo posee evidencia ENG subordinada. Se conserva para compatibilidad/evolución, pero no se canoniza automáticamente.",DIFERIDO_ENG_ONLY
resource capacity,Resource Capacity,Resource Capacity,1,3,ENG,3,ENG-054;ENG-068;ENG-071,ENCABEZADO,0,CANDIDATO_ENG_REPETIDO,NO,NO_ASIGNADO,ENG_SUBORDINADO,,ENG-054;ENG-068;ENG-071,Sólo existe evidencia ENG; se conserva como evidencia técnica subordinada.,NO,DIFERIDO_ENG_ONLY,,,"Sólo posee evidencia ENG subordinada. Se conserva para compatibilidad/evolución, pero no se canoniza automáticamente.",DIFERIDO_ENG_ONLY
resource cleanup,Resource Cleanup,Resource Cleanup,1,4,ENG,4,ENG-015;ENG-023;ENG-027;ENG-054,ENCABEZADO,0,CANDIDATO_ENG_REPETIDO,NO,NO_ASIGNADO,ENG_SUBORDINADO,,ENG-015;ENG-023;ENG-027;ENG-054,Sólo existe evidencia ENG; se conserva como evidencia técnica subordinada.,NO,DIFERIDO_ENG_ONLY,,,"Sólo posee evidencia ENG subordinada. Se conserva para compatibilidad/evolución, pero no se canoniza automáticamente.",DIFERIDO_ENG_ONLY
resource exhaustion,Resource Exhaustion,Resource Exhaustion,1,8,ENG,8,ENG-023;ENG-027;ENG-030;ENG-031;ENG-054;ENG-060;ENG-063;ENG-067,ENCABEZADO,0,CANDIDATO_ENG_REPETIDO,NO,NO_ASIGNADO,ENG_SUBORDINADO,,ENG-023;ENG-027;ENG-030;ENG-031;ENG-054;ENG-060;ENG-063;ENG-067,Sólo existe evidencia ENG; se conserva como evidencia técnica subordinada.,NO,DIFERIDO_ENG_ONLY,,,"Sólo posee evidencia ENG subordinada. Se conserva para compatibilidad/evolución, pero no se canoniza automáticamente.",DIFERIDO_ENG_ONLY
resource exhaustion attack,Resource Exhaustion Attack,Resource Exhaustion Attack,1,3,ENG,3,ENG-054;ENG-064;ENG-071,ENCABEZADO,0,CANDIDATO_ENG_REPETIDO,NO,NO_ASIGNADO,ENG_SUBORDINADO,,ENG-054;ENG-064;ENG-071,Sólo existe evidencia ENG; se conserva como evidencia técnica subordinada.,NO,DIFERIDO_ENG_ONLY,,,"Sólo posee evidencia ENG subordinada. Se conserva para compatibilidad/evolución, pero no se canoniza automáticamente.",DIFERIDO_ENG_ONLY
resource integration,Resource Integration,Resource Integration,1,3,ENG,3,ENG-055;ENG-065;ENG-068,ENCABEZADO,0,CANDIDATO_ENG_REPETIDO,NO,NO_ASIGNADO,ENG_SUBORDINADO,,ENG-055;ENG-065;ENG-068,Sólo existe evidencia ENG; se conserva como evidencia técnica subordinada.,NO,DIFERIDO_ENG_ONLY,,,"Sólo posee evidencia ENG subordinada. Se conserva para compatibilidad/evolución, pero no se canoniza automáticamente.",DIFERIDO_ENG_ONLY
resource limit,Resource Limits,Resource Limit; Resource Limits,2,3,ENG,3,ENG-024;ENG-054;ENG-067,ENCABEZADO,0,CANDIDATO_ENG_REPETIDO,NO,NO_ASIGNADO,ENG_SUBORDINADO,,ENG-024;ENG-054;ENG-067,Sólo existe evidencia ENG; se conserva como evidencia técnica subordinada.,NO,DIFERIDO_ENG_ONLY,,Resource Limit,"Sólo posee evidencia ENG subordinada. Se conserva para compatibilidad/evolución, pero no se canoniza automáticamente.",DIFERIDO_ENG_ONLY
resource management engineering,Resource Management Engineering,Resource Management Engineering,1,5,ENG,2,ENG-053;ENG-054,CODIGO_INLINE;ENCABEZADO;TERMINO_DESTACADO,0,CANDIDATO_ENG_REPETIDO,NO,NO_ASIGNADO,ENG_SUBORDINADO,,ENG-053;ENG-054,Sólo existe evidencia ENG; se conserva como evidencia técnica subordinada.,NO,DIFERIDO_ENG_ONLY,,,"Sólo posee evidencia ENG subordinada. Se conserva para compatibilidad/evolución, pero no se canoniza automáticamente.",DIFERIDO_ENG_ONLY
resource quota,Resource Quota,Resource Quota; resource:quota,2,3,ENG,2,ENG-054;ENG-068,ENCABEZADO,0,CANDIDATO_ENG_REPETIDO,NO,NO_ASIGNADO,ENG_SUBORDINADO,,ENG-054;ENG-068,Sólo existe evidencia ENG; se conserva como evidencia técnica subordinada.,NO,DIFERIDO_ENG_ONLY,,resource:quota,"Sólo posee evidencia ENG subordinada. Se conserva para compatibilidad/evolución, pero no se canoniza automáticamente.",DIFERIDO_ENG_ONLY
resource usage,Resource Usage,Resource Usage; resource:usage,2,3,ENG,2,ENG-054;ENG-060,ENCABEZADO,0,CANDIDATO_ENG_REPETIDO,NO,NO_ASIGNADO,ENG_SUBORDINADO,,ENG-054;ENG-060,Sólo existe evidencia ENG; se conserva como evidencia técnica subordinada.,NO,DIFERIDO_ENG_ONLY,,resource:usage,"Sólo posee evidencia ENG subordinada. Se conserva para compatibilidad/evolución, pero no se canoniza automáticamente.",DIFERIDO_ENG_ONLY
response,Response,Response,1,4,ENG,2,ENG-032;ENG-044,CODIGO_INLINE;ENCABEZADO,0,CANDIDATO_ENG_REPETIDO,NO,NO_ASIGNADO,ENG_SUBORDINADO,,ENG-032;ENG-044,Sólo existe evidencia ENG; se conserva como evidencia técnica subordinada.,NO,DIFERIDO_ENG_ONLY,,,"Sólo posee evidencia ENG subordinada. Se conserva para compatibilidad/evolución, pero no se canoniza automáticamente.",DIFERIDO_ENG_ONLY
restart required,Restart Required,Restart Required,1,3,ENG,3,ENG-011;ENG-013;ENG-049,ENCABEZADO,0,CANDIDATO_ENG_REPETIDO,NO,NO_ASIGNADO,ENG_SUBORDINADO,,ENG-011;ENG-013;ENG-049,Sólo existe evidencia ENG; se conserva como evidencia técnica subordinada.,NO,DIFERIDO_ENG_ONLY,,,"Sólo posee evidencia ENG subordinada. Se conserva para compatibilidad/evolución, pero no se canoniza automáticamente.",DIFERIDO_ENG_ONLY
restore,Restore,Restore,1,4,ENG,4,ENG-030;ENG-043;ENG-076;ENG-093,ENCABEZADO,0,CANDIDATO_ENG_REPETIDO,NO,NO_ASIGNADO,ENG_SUBORDINADO,,ENG-030;ENG-043;ENG-076;ENG-093,Sólo existe evidencia ENG; se conserva como evidencia técnica subordinada.,NO,DIFERIDO_ENG_ONLY,,,"Sólo posee evidencia ENG subordinada. Se conserva para compatibilidad/evolución, pero no se canoniza automáticamente.",DIFERIDO_ENG_ONLY
result,Result,Result; result,2,2,ENG,2,ENG-023;ENG-093,CODIGO_INLINE;DEFINICION_EXPLICITA,1,CANDIDATO_ENG_DEFINIDO,NO,NO_ASIGNADO,ENG_SUBORDINADO,,ENG-023;ENG-093,Sólo existe evidencia ENG; se conserva como evidencia técnica subordinada.,NO,DIFERIDO_ENG_ONLY,,,"Sólo posee evidencia ENG subordinada. Se conserva para compatibilidad/evolución, pero no se canoniza automáticamente.",DIFERIDO_ENG_ONLY
resume,Resume,Resume,1,5,ENG,5,ENG-040;ENG-055;ENG-064;ENG-065;ENG-094,ENCABEZADO,0,CANDIDATO_ENG_REPETIDO,NO,NO_ASIGNADO,ENG_SUBORDINADO,,ENG-040;ENG-055;ENG-064;ENG-065;ENG-094,Sólo existe evidencia ENG; se conserva como evidencia técnica subordinada.,NO,DIFERIDO_ENG_ONLY,,,"Sólo posee evidencia ENG subordinada. Se conserva para compatibilidad/evolución, pero no se canoniza automáticamente.",DIFERIDO_ENG_ONLY
resume test,Resume Test,Resume Test,1,3,ENG,3,ENG-052;ENG-064;ENG-065,ENCABEZADO,0,CANDIDATO_ENG_REPETIDO,NO,NO_ASIGNADO,ENG_SUBORDINADO,,ENG-052;ENG-064;ENG-065,Sólo existe evidencia ENG; se conserva como evidencia técnica subordinada.,NO,DIFERIDO_ENG_ONLY,,,"Sólo posee evidencia ENG subordinada. Se conserva para compatibilidad/evolución, pero no se canoniza automáticamente.",DIFERIDO_ENG_ONLY
resume validation,Resume Validation,Resume Validation,1,5,ENG,5,ENG-052;ENG-055;ENG-064;ENG-065;ENG-067,ENCABEZADO,0,CANDIDATO_ENG_REPETIDO,NO,NO_ASIGNADO,ENG_SUBORDINADO,,ENG-052;ENG-055;ENG-064;ENG-065;ENG-067,Sólo existe evidencia ENG; se conserva como evidencia técnica subordinada.,NO,DIFERIDO_ENG_ONLY,,,"Sólo posee evidencia ENG subordinada. Se conserva para compatibilidad/evolución, pero no se canoniza automáticamente.",DIFERIDO_ENG_ONLY
retention,Retention,Retention,1,6,ENG,6,ENG-010;ENG-030;ENG-053;ENG-077;ENG-090;ENG-094,ENCABEZADO,0,CANDIDATO_ENG_REPETIDO,NO,NO_ASIGNADO,ENG_SUBORDINADO,,ENG-010;ENG-030;ENG-053;ENG-077;ENG-090;ENG-094,Sólo existe evidencia ENG; se conserva como evidencia técnica subordinada.,NO,DIFERIDO_ENG_ONLY,,,"Sólo posee evidencia ENG subordinada. Se conserva para compatibilidad/evolución, pero no se canoniza automáticamente.",DIFERIDO_ENG_ONLY
retention test,Retention Test,Retention Test,1,3,ENG,3,ENG-077;ENG-081;ENG-082,ENCABEZADO,0,CANDIDATO_ENG_REPETIDO,NO,NO_ASIGNADO,ENG_SUBORDINADO,,ENG-077;ENG-081;ENG-082,Sólo existe evidencia ENG; se conserva como evidencia técnica subordinada.,NO,DIFERIDO_ENG_ONLY,,,"Sólo posee evidencia ENG subordinada. Se conserva para compatibilidad/evolución, pero no se canoniza automáticamente.",DIFERIDO_ENG_ONLY
retry,Retry,Retry,1,19,ENG,16,ENG-015;ENG-022;ENG-030;ENG-032;ENG-034;ENG-036;ENG-038;ENG-039;ENG-040;ENG-041;ENG-042;ENG-044;ENG-064;ENG-067;ENG-088;ENG-094,CODIGO_INLINE;DEFINICION_EXPLICITA;ENCABEZADO,2,CANDIDATO_ENG_DEFINIDO,NO,NO_ASIGNADO,ENG_SUBORDINADO,,ENG-015;ENG-022;ENG-030;ENG-032;ENG-034;ENG-036;ENG-038;ENG-039;ENG-040;ENG-041;ENG-042;ENG-044;ENG-064;ENG-067;ENG-088;ENG-094,Sólo existe evidencia ENG; se conserva como evidencia técnica subordinada.,NO,DIFERIDO_ENG_ONLY,,,"Sólo posee evidencia ENG subordinada. Se conserva para compatibilidad/evolución, pero no se canoniza automáticamente.",DIFERIDO_ENG_ONLY
retry amplification,Retry Amplification,Retry Amplification,1,5,ENG,4,ENG-032;ENG-039;ENG-070;ENG-074,ENCABEZADO,0,CANDIDATO_ENG_REPETIDO,NO,NO_ASIGNADO,ENG_SUBORDINADO,,ENG-032;ENG-039;ENG-070;ENG-074,Sólo existe evidencia ENG; se conserva como evidencia técnica subordinada.,NO,DIFERIDO_ENG_ONLY,,,"Sólo posee evidencia ENG subordinada. Se conserva para compatibilidad/evolución, pero no se canoniza automáticamente.",DIFERIDO_ENG_ONLY
retry backoff,Retry Backoff,Retry Backoff,1,3,ENG,3,ENG-026;ENG-042;ENG-064,ENCABEZADO,0,CANDIDATO_ENG_REPETIDO,NO,NO_ASIGNADO,ENG_SUBORDINADO,,ENG-026;ENG-042;ENG-064,Sólo existe evidencia ENG; se conserva como evidencia técnica subordinada.,NO,DIFERIDO_ENG_ONLY,,,"Sólo posee evidencia ENG subordinada. Se conserva para compatibilidad/evolución, pero no se canoniza automáticamente.",DIFERIDO_ENG_ONLY
retry budget,Retry Budget,Retry Budget,1,6,ENG,5,ENG-027;ENG-032;ENG-038;ENG-039;ENG-071,CODIGO_INLINE;ENCABEZADO,0,CANDIDATO_ENG_REPETIDO,NO,NO_ASIGNADO,ENG_SUBORDINADO,,ENG-027;ENG-032;ENG-038;ENG-039;ENG-071,Sólo existe evidencia ENG; se conserva como evidencia técnica subordinada.,NO,DIFERIDO_ENG_ONLY,,,"Sólo posee evidencia ENG subordinada. Se conserva para compatibilidad/evolución, pero no se canoniza automáticamente.",DIFERIDO_ENG_ONLY
retry classification,Retry Classification,Retry Classification,1,3,ENG,3,ENG-040;ENG-041;ENG-061,ENCABEZADO,0,CANDIDATO_ENG_REPETIDO,NO,NO_ASIGNADO,ENG_SUBORDINADO,,ENG-040;ENG-041;ENG-061,Sólo existe evidencia ENG; se conserva como evidencia técnica subordinada.,NO,DIFERIDO_ENG_ONLY,,,"Sólo posee evidencia ENG subordinada. Se conserva para compatibilidad/evolución, pero no se canoniza automáticamente.",DIFERIDO_ENG_ONLY
retry everything,Retry Everything,Retry Everything,1,3,ENG,3,ENG-015;ENG-023;ENG-039,ENCABEZADO,0,CANDIDATO_ENG_REPETIDO,NO,NO_ASIGNADO,ENG_SUBORDINADO,,ENG-015;ENG-023;ENG-039,Sólo existe evidencia ENG; se conserva como evidencia técnica subordinada.,NO,DIFERIDO_ENG_ONLY,,,"Sólo posee evidencia ENG subordinada. Se conserva para compatibilidad/evolución, pero no se canoniza automáticamente.",DIFERIDO_ENG_ONLY
retry exhausted,Retry Exhausted,Retry Exhausted,1,4,ENG,4,ENG-022;ENG-032;ENG-039;ENG-040,ENCABEZADO,0,CANDIDATO_ENG_REPETIDO,NO,NO_ASIGNADO,ENG_SUBORDINADO,,ENG-022;ENG-032;ENG-039;ENG-040,Sólo existe evidencia ENG; se conserva como evidencia técnica subordinada.,NO,DIFERIDO_ENG_ONLY,,,"Sólo posee evidencia ENG subordinada. Se conserva para compatibilidad/evolución, pero no se canoniza automáticamente.",DIFERIDO_ENG_ONLY
retry limit,Retry Limit,Retry Limit,1,5,ENG,5,ENG-022;ENG-032;ENG-039;ENG-042;ENG-064,ENCABEZADO,0,CANDIDATO_ENG_REPETIDO,NO,NO_ASIGNADO,ENG_SUBORDINADO,,ENG-022;ENG-032;ENG-039;ENG-042;ENG-064,Sólo existe evidencia ENG; se conserva como evidencia técnica subordinada.,NO,DIFERIDO_ENG_ONLY,,,"Sólo posee evidencia ENG subordinada. Se conserva para compatibilidad/evolución, pero no se canoniza automáticamente.",DIFERIDO_ENG_ONLY
retry metric,Retry Metrics,Retry Metrics,1,4,ENG,4,ENG-039;ENG-040;ENG-041;ENG-042,ENCABEZADO,0,CANDIDATO_ENG_REPETIDO,NO,NO_ASIGNADO,ENG_SUBORDINADO,,ENG-039;ENG-040;ENG-041;ENG-042,Sólo existe evidencia ENG; se conserva como evidencia técnica subordinada.,NO,DIFERIDO_ENG_ONLY,,,"Sólo posee evidencia ENG subordinada. Se conserva para compatibilidad/evolución, pero no se canoniza automáticamente.",DIFERIDO_ENG_ONLY
retry ownership,Retry Ownership,Retry Ownership,1,3,ENG,3,ENG-032;ENG-034;ENG-039,ENCABEZADO,0,CANDIDATO_ENG_REPETIDO,NO,NO_ASIGNADO,ENG_SUBORDINADO,,ENG-032;ENG-034;ENG-039,Sólo existe evidencia ENG; se conserva como evidencia técnica subordinada.,NO,DIFERIDO_ENG_ONLY,,,"Sólo posee evidencia ENG subordinada. Se conserva para compatibilidad/evolución, pero no se canoniza automáticamente.",DIFERIDO_ENG_ONLY
retry policy,Retry Policy,Retry Policy,1,5,ENG,5,ENG-015;ENG-022;ENG-027;ENG-039;ENG-052,ENCABEZADO,0,CANDIDATO_ENG_REPETIDO,NO,NO_ASIGNADO,ENG_SUBORDINADO,,ENG-015;ENG-022;ENG-027;ENG-039;ENG-052,Sólo existe evidencia ENG; se conserva como evidencia técnica subordinada.,NO,DIFERIDO_ENG_ONLY,,,"Sólo posee evidencia ENG subordinada. Se conserva para compatibilidad/evolución, pero no se canoniza automáticamente.",DIFERIDO_ENG_ONLY
retry safety,Retry Safety,Retry Safety,1,6,ENG,6,ENG-022;ENG-023;ENG-027;ENG-030;ENG-038;ENG-052,ENCABEZADO,0,CANDIDATO_ENG_REPETIDO,NO,NO_ASIGNADO,ENG_SUBORDINADO,,ENG-022;ENG-023;ENG-027;ENG-030;ENG-038;ENG-052,Sólo existe evidencia ENG; se conserva como evidencia técnica subordinada.,NO,DIFERIDO_ENG_ONLY,,,"Sólo posee evidencia ENG subordinada. Se conserva para compatibilidad/evolución, pero no se canoniza automáticamente.",DIFERIDO_ENG_ONLY
retry storm,Retry Storm,Retry Storm,1,10,ENG,7,ENG-026;ENG-030;ENG-032;ENG-038;ENG-039;ENG-041;ENG-054,ENCABEZADO,0,CANDIDATO_ENG_REPETIDO,NO,NO_ASIGNADO,ENG_SUBORDINADO,,ENG-026;ENG-030;ENG-032;ENG-038;ENG-039;ENG-041;ENG-054,Sólo existe evidencia ENG; se conserva como evidencia técnica subordinada.,NO,DIFERIDO_ENG_ONLY,,,"Sólo posee evidencia ENG subordinada. Se conserva para compatibilidad/evolución, pero no se canoniza automáticamente.",DIFERIDO_ENG_ONLY
retry test,Retry Test,Retry Test,1,8,ENG,8,ENG-022;ENG-032;ENG-039;ENG-040;ENG-042;ENG-052;ENG-061;ENG-064,ENCABEZADO,0,CANDIDATO_ENG_REPETIDO,NO,NO_ASIGNADO,ENG_SUBORDINADO,,ENG-022;ENG-032;ENG-039;ENG-040;ENG-042;ENG-052;ENG-061;ENG-064,Sólo existe evidencia ENG; se conserva como evidencia técnica subordinada.,NO,DIFERIDO_ENG_ONLY,,,"Sólo posee evidencia ENG subordinada. Se conserva para compatibilidad/evolución, pero no se canoniza automáticamente.",DIFERIDO_ENG_ONLY
retry-after,Retry-After,Retry-After,1,3,ENG,3,ENG-032;ENG-039;ENG-044,ENCABEZADO,0,CANDIDATO_ENG_REPETIDO,NO,NO_ASIGNADO,ENG_SUBORDINADO,,ENG-032;ENG-039;ENG-044,Sólo existe evidencia ENG; se conserva como evidencia técnica subordinada.,NO,DIFERIDO_ENG_ONLY,,,"Sólo posee evidencia ENG subordinada. Se conserva para compatibilidad/evolución, pero no se canoniza automáticamente.",DIFERIDO_ENG_ONLY
revocation,Revocation,Revocation,1,3,ENG,3,ENG-017;ENG-045;ENG-046,ENCABEZADO,0,CANDIDATO_ENG_REPETIDO,NO,NO_ASIGNADO,ENG_SUBORDINADO,,ENG-017;ENG-045;ENG-046,Sólo existe evidencia ENG; se conserva como evidencia técnica subordinada.,NO,DIFERIDO_ENG_ONLY,,,"Sólo posee evidencia ENG subordinada. Se conserva para compatibilidad/evolución, pero no se canoniza automáticamente.",DIFERIDO_ENG_ONLY
riesgo,Riesgos,Riesgos,1,93,ENG,93,ENG-001;ENG-002;ENG-003;ENG-004;ENG-005;ENG-006;ENG-007;ENG-008;ENG-009;ENG-010;ENG-011;ENG-012;ENG-013;ENG-014;ENG-015;ENG-016;ENG-017;ENG-018;ENG-019;ENG-020;ENG-021;ENG-022;ENG-023;ENG-024;ENG-025;ENG-026;ENG-027;ENG-028;ENG-029;ENG-030;ENG-031;ENG-032;ENG-034;ENG-035;ENG-036;ENG-037;ENG-038;ENG-039;ENG-040;ENG-041;ENG-042;ENG-043;ENG-044;ENG-045;ENG-046;ENG-047;ENG-048;ENG-049;ENG-050;ENG-051;ENG-052;ENG-053;ENG-054;ENG-055;ENG-056;ENG-057;ENG-058;ENG-059;ENG-060;ENG-061;ENG-062;ENG-063;ENG-064;ENG-065;ENG-066;ENG-067;ENG-068;ENG-069;ENG-070;ENG-071;ENG-072;ENG-073;ENG-074;ENG-075;ENG-076;ENG-077;ENG-078;ENG-079;ENG-080;ENG-081;ENG-082;ENG-083;ENG-084;ENG-085;ENG-086;ENG-087;ENG-088;ENG-090;ENG-091;ENG-092;ENG-093;ENG-094;ENG-100,ENCABEZADO,0,CANDIDATO_ENG_REPETIDO,NO,NO_ASIGNADO,ENG_SUBORDINADO,,ENG-001;ENG-002;ENG-003;ENG-004;ENG-005;ENG-006;ENG-007;ENG-008;ENG-009;ENG-010;ENG-011;ENG-012;ENG-013;ENG-014;ENG-015;ENG-016;ENG-017;ENG-018;ENG-019;ENG-020;ENG-021;ENG-022;ENG-023;ENG-024;ENG-025;ENG-026;ENG-027;ENG-028;ENG-029;ENG-030;ENG-031;ENG-032;ENG-034;ENG-035;ENG-036;ENG-037;ENG-038;ENG-039;ENG-040;ENG-041;ENG-042;ENG-043;ENG-044;ENG-045;ENG-046;ENG-047;ENG-048;ENG-049;ENG-050;ENG-051;ENG-052;ENG-053;ENG-054;ENG-055;ENG-056;ENG-057;ENG-058;ENG-059;ENG-060;ENG-061;ENG-062;ENG-063;ENG-064;ENG-065;ENG-066;ENG-067;ENG-068;ENG-069;ENG-070;ENG-071;ENG-072;ENG-073;ENG-074;ENG-075;ENG-076;ENG-077;ENG-078;ENG-079;ENG-080;ENG-081;ENG-082;ENG-083;ENG-084;ENG-085;ENG-086;ENG-087;ENG-088;ENG-090;ENG-091;ENG-092;ENG-093;ENG-094;ENG-100,Sólo existe evidencia ENG; se conserva como evidencia técnica subordinada.,NO,DIFERIDO_ENG_ONLY,,,"Sólo posee evidencia ENG subordinada. Se conserva para compatibilidad/evolución, pero no se canoniza automáticamente.",DIFERIDO_ENG_ONLY
role,Role,Role; Roles,2,3,ENG,2,ENG-024;ENG-046,CODIGO_INLINE;ENCABEZADO,0,CANDIDATO_ENG_REPETIDO,NO,NO_ASIGNADO,ENG_SUBORDINADO,,ENG-024;ENG-046,Sólo existe evidencia ENG; se conserva como evidencia técnica subordinada.,NO,DIFERIDO_ENG_ONLY,,Roles,"Sólo posee evidencia ENG subordinada. Se conserva para compatibilidad/evolución, pero no se canoniza automáticamente.",DIFERIDO_ENG_ONLY
rollback,Rollback,Rollback,1,7,ENG,7,ENG-013;ENG-017;ENG-030;ENG-037;ENG-042;ENG-075;ENG-076,ENCABEZADO,0,CANDIDATO_ENG_REPETIDO,NO,NO_ASIGNADO,ENG_SUBORDINADO,,ENG-013;ENG-017;ENG-030;ENG-037;ENG-042;ENG-075;ENG-076,Sólo existe evidencia ENG; se conserva como evidencia técnica subordinada.,NO,DIFERIDO_ENG_ONLY,,,"Sólo posee evidencia ENG subordinada. Se conserva para compatibilidad/evolución, pero no se canoniza automáticamente.",DIFERIDO_ENG_ONLY
rollback compatibility,Rollback Compatibility,Rollback Compatibility,1,3,ENG,3,ENG-017;ENG-060;ENG-066,ENCABEZADO,0,CANDIDATO_ENG_REPETIDO,NO,NO_ASIGNADO,ENG_SUBORDINADO,,ENG-017;ENG-060;ENG-066,Sólo existe evidencia ENG; se conserva como evidencia técnica subordinada.,NO,DIFERIDO_ENG_ONLY,,,"Sólo posee evidencia ENG subordinada. Se conserva para compatibilidad/evolución, pero no se canoniza automáticamente.",DIFERIDO_ENG_ONLY
rollback test,Rollback Test,Rollback Test,1,7,ENG,7,ENG-027;ENG-029;ENG-042;ENG-055;ENG-065;ENG-066;ENG-067,ENCABEZADO,0,CANDIDATO_ENG_REPETIDO,NO,NO_ASIGNADO,ENG_SUBORDINADO,,ENG-027;ENG-029;ENG-042;ENG-055;ENG-065;ENG-066;ENG-067,Sólo existe evidencia ENG; se conserva como evidencia técnica subordinada.,NO,DIFERIDO_ENG_ONLY,,,"Sólo posee evidencia ENG subordinada. Se conserva para compatibilidad/evolución, pero no se canoniza automáticamente.",DIFERIDO_ENG_ONLY
rollforward,Rollforward,Rollforward,1,4,ENG,4,ENG-066;ENG-067;ENG-075;ENG-076,ENCABEZADO,0,CANDIDATO_ENG_REPETIDO,NO,NO_ASIGNADO,ENG_SUBORDINADO,,ENG-066;ENG-067;ENG-075;ENG-076,Sólo existe evidencia ENG; se conserva como evidencia técnica subordinada.,NO,DIFERIDO_ENG_ONLY,,,"Sólo posee evidencia ENG subordinada. Se conserva para compatibilidad/evolución, pero no se canoniza automáticamente.",DIFERIDO_ENG_ONLY
rolling deployment,Rolling Deployment,Rolling Deployment,1,5,ENG,5,ENG-037;ENG-040;ENG-041;ENG-067;ENG-073,ENCABEZADO,0,CANDIDATO_ENG_REPETIDO,NO,NO_ASIGNADO,ENG_SUBORDINADO,,ENG-037;ENG-040;ENG-041;ENG-067;ENG-073,Sólo existe evidencia ENG; se conserva como evidencia técnica subordinada.,NO,DIFERIDO_ENG_ONLY,,,"Sólo posee evidencia ENG subordinada. Se conserva para compatibilidad/evolución, pero no se canoniza automáticamente.",DIFERIDO_ENG_ONLY
root cause,Root Cause,Root Cause,1,4,ENG,4,ENG-023;ENG-075;ENG-080;ENG-083,ENCABEZADO,0,CANDIDATO_ENG_REPETIDO,NO,NO_ASIGNADO,ENG_SUBORDINADO,,ENG-023;ENG-075;ENG-080;ENG-083,Sólo existe evidencia ENG; se conserva como evidencia técnica subordinada.,NO,DIFERIDO_ENG_ONLY,,,"Sólo posee evidencia ENG subordinada. Se conserva para compatibilidad/evolución, pero no se canoniza automáticamente.",DIFERIDO_ENG_ONLY
round-trip test,Round-Trip Test,Round-Trip Test,1,4,ENG,3,ENG-031;ENG-061;ENG-063,ENCABEZADO,0,CANDIDATO_ENG_REPETIDO,NO,NO_ASIGNADO,ENG_SUBORDINADO,,ENG-031;ENG-061;ENG-063,Sólo existe evidencia ENG; se conserva como evidencia técnica subordinada.,NO,DIFERIDO_ENG_ONLY,,,"Sólo posee evidencia ENG subordinada. Se conserva para compatibilidad/evolución, pero no se canoniza automáticamente.",DIFERIDO_ENG_ONLY
row-level security,Row-Level Security,Row-Level Security,1,4,ENG,4,ENG-042;ENG-043;ENG-046;ENG-048,ENCABEZADO,0,CANDIDATO_ENG_REPETIDO,NO,NO_ASIGNADO,ENG_SUBORDINADO,,ENG-042;ENG-043;ENG-046;ENG-048,Sólo existe evidencia ENG; se conserva como evidencia técnica subordinada.,NO,DIFERIDO_ENG_ONLY,,,"Sólo posee evidencia ENG subordinada. Se conserva para compatibilidad/evolución, pero no se canoniza automáticamente.",DIFERIDO_ENG_ONLY
rule ordering,Rule Ordering,Rule Ordering,1,3,ENG,3,ENG-016;ENG-036;ENG-050,ENCABEZADO,0,CANDIDATO_ENG_REPETIDO,NO,NO_ASIGNADO,ENG_SUBORDINADO,,ENG-016;ENG-036;ENG-050,Sólo existe evidencia ENG; se conserva como evidencia técnica subordinada.,NO,DIFERIDO_ENG_ONLY,,,"Sólo posee evidencia ENG subordinada. Se conserva para compatibilidad/evolución, pero no se canoniza automáticamente.",DIFERIDO_ENG_ONLY
running,Running,RUNNING; Running,2,6,ENG,3,ENG-015;ENG-040;ENG-055,CODIGO_INLINE;DEFINICION_EXPLICITA;ENCABEZADO;TABLA_COLUMNA_PRINCIPAL,1,CANDIDATO_ENG_DEFINIDO,NO,NO_ASIGNADO,ENG_SUBORDINADO,,ENG-015;ENG-040;ENG-055,Sólo existe evidencia ENG; se conserva como evidencia técnica subordinada.,NO,DIFERIDO_ENG_ONLY,,,"Sólo posee evidencia ENG subordinada. Se conserva para compatibilidad/evolución, pero no se canoniza automáticamente.",DIFERIDO_ENG_ONLY
runtime,Runtime,Runtime,1,3,ENG,2,ENG-003;ENG-027,DEFINICION_EXPLICITA;ENCABEZADO,1,CANDIDATO_ENG_DEFINIDO,NO,NO_ASIGNADO,ENG_SUBORDINADO,,ENG-003;ENG-027,Sólo existe evidencia ENG; se conserva como evidencia técnica subordinada.,NO,DIFERIDO_ENG_ONLY,,,"Sólo posee evidencia ENG subordinada. Se conserva para compatibilidad/evolución, pero no se canoniza automáticamente.",DIFERIDO_ENG_ONLY
runtime compatibility,Runtime Compatibility,Runtime Compatibility,1,4,ENG,3,ENG-014;ENG-016;ENG-066,ENCABEZADO,0,CANDIDATO_ENG_REPETIDO,NO,NO_ASIGNADO,ENG_SUBORDINADO,,ENG-014;ENG-016;ENG-066,Sólo existe evidencia ENG; se conserva como evidencia técnica subordinada.,NO,DIFERIDO_ENG_ONLY,,,"Sólo posee evidencia ENG subordinada. Se conserva para compatibilidad/evolución, pero no se canoniza automáticamente.",DIFERIDO_ENG_ONLY
runtime diagnostic,Runtime Diagnostics,Runtime Diagnostics; runtime diagnostics,2,4,ENG,2,ENG-027;ENG-049,CODIGO_INLINE;ENCABEZADO,0,CANDIDATO_ENG_REPETIDO,NO,NO_ASIGNADO,ENG_SUBORDINADO,,ENG-027;ENG-049,Sólo existe evidencia ENG; se conserva como evidencia técnica subordinada.,NO,DIFERIDO_ENG_ONLY,,,"Sólo posee evidencia ENG subordinada. Se conserva para compatibilidad/evolución, pero no se canoniza automáticamente.",DIFERIDO_ENG_ONLY
runtime health,Runtime Health,Runtime Health; runtime health,2,4,ENG,2,ENG-019;ENG-027,CODIGO_INLINE;ENCABEZADO,0,CANDIDATO_ENG_REPETIDO,NO,NO_ASIGNADO,ENG_SUBORDINADO,,ENG-019;ENG-027,Sólo existe evidencia ENG; se conserva como evidencia técnica subordinada.,NO,DIFERIDO_ENG_ONLY,,,"Sólo posee evidencia ENG subordinada. Se conserva para compatibilidad/evolución, pero no se canoniza automáticamente.",DIFERIDO_ENG_ONLY
runtime integration,Runtime Integration,Runtime Integration,1,20,ENG,20,ENG-019;ENG-020;ENG-022;ENG-025;ENG-030;ENG-032;ENG-034;ENG-037;ENG-039;ENG-040;ENG-042;ENG-048;ENG-049;ENG-050;ENG-051;ENG-052;ENG-053;ENG-054;ENG-067;ENG-068,ENCABEZADO,0,CANDIDATO_ENG_REPETIDO,NO,NO_ASIGNADO,ENG_SUBORDINADO,,ENG-019;ENG-020;ENG-022;ENG-025;ENG-030;ENG-032;ENG-034;ENG-037;ENG-039;ENG-040;ENG-042;ENG-048;ENG-049;ENG-050;ENG-051;ENG-052;ENG-053;ENG-054;ENG-067;ENG-068,Sólo existe evidencia ENG; se conserva como evidencia técnica subordinada.,NO,DIFERIDO_ENG_ONLY,,,"Sólo posee evidencia ENG subordinada. Se conserva para compatibilidad/evolución, pero no se canoniza automáticamente.",DIFERIDO_ENG_ONLY
runtime lifecycle,Runtime Lifecycle,Runtime Lifecycle,1,3,ENG,3,ENG-027;ENG-029;ENG-055,ENCABEZADO,0,CANDIDATO_ENG_REPETIDO,NO,NO_ASIGNADO,ENG_SUBORDINADO,,ENG-027;ENG-029;ENG-055,Sólo existe evidencia ENG; se conserva como evidencia técnica subordinada.,NO,DIFERIDO_ENG_ONLY,,,"Sólo posee evidencia ENG subordinada. Se conserva para compatibilidad/evolución, pero no se canoniza automáticamente.",DIFERIDO_ENG_ONLY
runtime readiness,Runtime Readiness,Runtime Readiness,1,3,ENG,3,ENG-030;ENG-034;ENG-073,ENCABEZADO,0,CANDIDATO_ENG_REPETIDO,NO,NO_ASIGNADO,ENG_SUBORDINADO,,ENG-030;ENG-034;ENG-073,Sólo existe evidencia ENG; se conserva como evidencia técnica subordinada.,NO,DIFERIDO_ENG_ONLY,,,"Sólo posee evidencia ENG subordinada. Se conserva para compatibilidad/evolución, pero no se canoniza automáticamente.",DIFERIDO_ENG_ONLY
runtime shutdown,Runtime Shutdown,Runtime Shutdown,1,4,ENG,4,ENG-025;ENG-030;ENG-034;ENG-055,ENCABEZADO,0,CANDIDATO_ENG_REPETIDO,NO,NO_ASIGNADO,ENG_SUBORDINADO,,ENG-025;ENG-030;ENG-034;ENG-055,Sólo existe evidencia ENG; se conserva como evidencia técnica subordinada.,NO,DIFERIDO_ENG_ONLY,,,"Sólo posee evidencia ENG subordinada. Se conserva para compatibilidad/evolución, pero no se canoniza automáticamente.",DIFERIDO_ENG_ONLY
runtime state,Runtime State,Runtime State,1,2,ENG,2,ENG-027;ENG-049,DEFINICION_EXPLICITA;ENCABEZADO,1,CANDIDATO_ENG_DEFINIDO,NO,NO_ASIGNADO,ENG_SUBORDINADO,,ENG-027;ENG-049,Sólo existe evidencia ENG; se conserva como evidencia técnica subordinada.,NO,DIFERIDO_ENG_ONLY,,,"Sólo posee evidencia ENG subordinada. Se conserva para compatibilidad/evolución, pero no se canoniza automáticamente.",DIFERIDO_ENG_ONLY
runtime upgrade,Runtime Upgrade,Runtime Upgrade,1,3,ENG,2,ENG-027;ENG-066,ENCABEZADO,0,CANDIDATO_ENG_REPETIDO,NO,NO_ASIGNADO,ENG_SUBORDINADO,,ENG-027;ENG-066,Sólo existe evidencia ENG; se conserva como evidencia técnica subordinada.,NO,DIFERIDO_ENG_ONLY,,,"Sólo posee evidencia ENG subordinada. Se conserva para compatibilidad/evolución, pero no se canoniza automáticamente.",DIFERIDO_ENG_ONLY
saga,Saga,Saga,1,3,ENG,3,ENG-041;ENG-042;ENG-052,ENCABEZADO,0,CANDIDATO_ENG_REPETIDO,NO,NO_ASIGNADO,ENG_SUBORDINADO,,ENG-041;ENG-042;ENG-052,Sólo existe evidencia ENG; se conserva como evidencia técnica subordinada.,NO,DIFERIDO_ENG_ONLY,,,"Sólo posee evidencia ENG subordinada. Se conserva para compatibilidad/evolución, pero no se canoniza automáticamente.",DIFERIDO_ENG_ONLY
sampling,Sampling,Sampling,1,3,ENG,3,ENG-010;ENG-025;ENG-079,ENCABEZADO,0,CANDIDATO_ENG_REPETIDO,NO,NO_ASIGNADO,ENG_SUBORDINADO,,ENG-010;ENG-025;ENG-079,Sólo existe evidencia ENG; se conserva como evidencia técnica subordinada.,NO,DIFERIDO_ENG_ONLY,,,"Sólo posee evidencia ENG subordinada. Se conserva para compatibilidad/evolución, pero no se canoniza automáticamente.",DIFERIDO_ENG_ONLY
saturation,Saturation,Saturation,1,5,ENG,4,ENG-026;ENG-039;ENG-069;ENG-070,ENCABEZADO,0,CANDIDATO_ENG_REPETIDO,NO,NO_ASIGNADO,ENG_SUBORDINADO,,ENG-026;ENG-039;ENG-069;ENG-070,Sólo existe evidencia ENG; se conserva como evidencia técnica subordinada.,NO,DIFERIDO_ENG_ONLY,,,"Sólo posee evidencia ENG subordinada. Se conserva para compatibilidad/evolución, pero no se canoniza automáticamente.",DIFERIDO_ENG_ONLY
savepoint,Savepoint,Savepoint; Savepoints,2,3,ENG,2,ENG-030;ENG-042,CODIGO_INLINE;ENCABEZADO,0,CANDIDATO_ENG_REPETIDO,NO,NO_ASIGNADO,ENG_SUBORDINADO,,ENG-030;ENG-042,Sólo existe evidencia ENG; se conserva como evidencia técnica subordinada.,NO,DIFERIDO_ENG_ONLY,,Savepoints,"Sólo posee evidencia ENG subordinada. Se conserva para compatibilidad/evolución, pero no se canoniza automáticamente.",DIFERIDO_ENG_ONLY
sbom,SBOM,SBOM,1,3,ENG,3,ENG-012;ENG-017;ENG-024,ENCABEZADO,0,CANDIDATO_ENG_REPETIDO,NO,NO_ASIGNADO,ENG_SUBORDINADO,,ENG-012;ENG-017;ENG-024,Sólo existe evidencia ENG; se conserva como evidencia técnica subordinada.,NO,DIFERIDO_ENG_ONLY,,,"Sólo posee evidencia ENG subordinada. Se conserva para compatibilidad/evolución, pero no se canoniza automáticamente.",DIFERIDO_ENG_ONLY
scalability,Scalability,Scalability,1,6,ENG,3,ENG-026;ENG-071;ENG-072,CODIGO_INLINE;DEFINICION_EXPLICITA;ENCABEZADO,3,CANDIDATO_ENG_DEFINIDO,NO,NO_ASIGNADO,ENG_SUBORDINADO,,ENG-026;ENG-071;ENG-072,Sólo existe evidencia ENG; se conserva como evidencia técnica subordinada.,NO,DIFERIDO_ENG_ONLY,,,"Sólo posee evidencia ENG subordinada. Se conserva para compatibilidad/evolución, pero no se canoniza automáticamente.",DIFERIDO_ENG_ONLY
scalability engineering,Scalability Engineering,Scalability Engineering,1,3,ENG,1,ENG-072,ENCABEZADO;TERMINO_DESTACADO,0,CANDIDATO_ENG_REPETIDO,NO,NO_ASIGNADO,ENG_SUBORDINADO,,ENG-072,Sólo existe evidencia ENG; se conserva como evidencia técnica subordinada.,NO,DIFERIDO_ENG_ONLY,,,"Sólo posee evidencia ENG subordinada. Se conserva para compatibilidad/evolución, pero no se canoniza automáticamente.",DIFERIDO_ENG_ONLY
scalability test,Scalability Test,Scalability Test; scalability:test,2,4,ENG,3,ENG-026;ENG-070;ENG-072,ENCABEZADO,0,CANDIDATO_ENG_REPETIDO,NO,NO_ASIGNADO,ENG_SUBORDINADO,,ENG-026;ENG-070;ENG-072,Sólo existe evidencia ENG; se conserva como evidencia técnica subordinada.,NO,DIFERIDO_ENG_ONLY,,scalability:test,"Sólo posee evidencia ENG subordinada. Se conserva para compatibilidad/evolución, pero no se canoniza automáticamente.",DIFERIDO_ENG_ONLY
scaling efficiency,Scaling Efficiency,Scaling Efficiency,1,3,ENG,3,ENG-070;ENG-071;ENG-072,ENCABEZADO,0,CANDIDATO_ENG_REPETIDO,NO,NO_ASIGNADO,ENG_SUBORDINADO,,ENG-070;ENG-071;ENG-072,Sólo existe evidencia ENG; se conserva como evidencia técnica subordinada.,NO,DIFERIDO_ENG_ONLY,,,"Sólo posee evidencia ENG subordinada. Se conserva para compatibilidad/evolución, pero no se canoniza automáticamente.",DIFERIDO_ENG_ONLY
scheduling background jobs engineering,Scheduling & Background Jobs Engineering,Scheduling & Background Jobs Engineering,1,3,ENG,2,ENG-039;ENG-040,ENCABEZADO;TERMINO_DESTACADO,0,CANDIDATO_ENG_REPETIDO,NO,NO_ASIGNADO,ENG_SUBORDINADO,,ENG-039;ENG-040,Sólo existe evidencia ENG; se conserva como evidencia técnica subordinada.,NO,DIFERIDO_ENG_ONLY,,,"Sólo posee evidencia ENG subordinada. Se conserva para compatibilidad/evolución, pero no se canoniza automáticamente.",DIFERIDO_ENG_ONLY
scheduling integration,Scheduling Integration,Scheduling Integration,1,10,ENG,10,ENG-046;ENG-047;ENG-048;ENG-049;ENG-050;ENG-051;ENG-052;ENG-054;ENG-055;ENG-071,ENCABEZADO,0,CANDIDATO_ENG_REPETIDO,NO,NO_ASIGNADO,ENG_SUBORDINADO,,ENG-046;ENG-047;ENG-048;ENG-049;ENG-050;ENG-051;ENG-052;ENG-054;ENG-055;ENG-071,Sólo existe evidencia ENG; se conserva como evidencia técnica subordinada.,NO,DIFERIDO_ENG_ONLY,,,"Sólo posee evidencia ENG subordinada. Se conserva para compatibilidad/evolución, pero no se canoniza automáticamente.",DIFERIDO_ENG_ONLY
schema,Schema,Schema; schema,2,12,ENG,6,ENG-003;ENG-030;ENG-031;ENG-041;ENG-062;ENG-063,CODIGO_INLINE;DEFINICION_EXPLICITA;ENCABEZADO;TABLA_COLUMNA_PRINCIPAL,3,CANDIDATO_ENG_DEFINIDO,NO,NO_ASIGNADO,ENG_SUBORDINADO,,ENG-003;ENG-030;ENG-031;ENG-041;ENG-062;ENG-063,Sólo existe evidencia ENG; se conserva como evidencia técnica subordinada.,NO,DIFERIDO_ENG_ONLY,,,"Sólo posee evidencia ENG subordinada. Se conserva para compatibilidad/evolución, pero no se canoniza automáticamente.",DIFERIDO_ENG_ONLY
schema compatibility,Schema Compatibility,Schema Compatibility; schema compatibility; schema:compatibility,3,7,ENG,5,ENG-016;ENG-030;ENG-031;ENG-062;ENG-076,CODIGO_INLINE;ENCABEZADO,0,CANDIDATO_ENG_REPETIDO,NO,NO_ASIGNADO,ENG_SUBORDINADO,,ENG-016;ENG-030;ENG-031;ENG-062;ENG-076,Sólo existe evidencia ENG; se conserva como evidencia técnica subordinada.,NO,DIFERIDO_ENG_ONLY,,schema:compatibility,"Sólo posee evidencia ENG subordinada. Se conserva para compatibilidad/evolución, pero no se canoniza automáticamente.",DIFERIDO_ENG_ONLY
schema diff,Schema Diff,Schema Diff; schema:diff,2,4,ENG,3,ENG-014;ENG-017;ENG-062,ENCABEZADO,0,CANDIDATO_ENG_REPETIDO,NO,NO_ASIGNADO,ENG_SUBORDINADO,,ENG-014;ENG-017;ENG-062,Sólo existe evidencia ENG; se conserva como evidencia técnica subordinada.,NO,DIFERIDO_ENG_ONLY,,schema:diff,"Sólo posee evidencia ENG subordinada. Se conserva para compatibilidad/evolución, pero no se canoniza automáticamente.",DIFERIDO_ENG_ONLY
schema drift,Schema Drift,Schema Drift,1,3,ENG,2,ENG-031;ENG-079,ENCABEZADO,0,CANDIDATO_ENG_REPETIDO,NO,NO_ASIGNADO,ENG_SUBORDINADO,,ENG-031;ENG-079,Sólo existe evidencia ENG; se conserva como evidencia técnica subordinada.,NO,DIFERIDO_ENG_ONLY,,,"Sólo posee evidencia ENG subordinada. Se conserva para compatibilidad/evolución, pero no se canoniza automáticamente.",DIFERIDO_ENG_ONLY
schema engineering,Schema Engineering,Schema Engineering,1,6,ENG,3,ENG-061;ENG-062;ENG-080,DEFINICION_EXPLICITA;ENCABEZADO;TERMINO_DESTACADO,2,CANDIDATO_ENG_DEFINIDO,NO,NO_ASIGNADO,ENG_SUBORDINADO,,ENG-061;ENG-062;ENG-080,Sólo existe evidencia ENG; se conserva como evidencia técnica subordinada.,NO,DIFERIDO_ENG_ONLY,,,"Sólo posee evidencia ENG subordinada. Se conserva para compatibilidad/evolución, pero no se canoniza automáticamente.",DIFERIDO_ENG_ONLY
schema evolution,Schema Evolution,Schema Evolution,1,7,ENG,7,ENG-021;ENG-022;ENG-025;ENG-041;ENG-062;ENG-082;ENG-088,ENCABEZADO,0,CANDIDATO_ENG_REPETIDO,NO,NO_ASIGNADO,ENG_SUBORDINADO,,ENG-021;ENG-022;ENG-025;ENG-041;ENG-062;ENG-082;ENG-088,Sólo existe evidencia ENG; se conserva como evidencia técnica subordinada.,NO,DIFERIDO_ENG_ONLY,,,"Sólo posee evidencia ENG subordinada. Se conserva para compatibilidad/evolución, pero no se canoniza automáticamente.",DIFERIDO_ENG_ONLY
schema integration,Schema Integration,Schema Integration,1,5,ENG,5,ENG-064;ENG-065;ENG-090;ENG-091;ENG-094,ENCABEZADO,0,CANDIDATO_ENG_REPETIDO,NO,NO_ASIGNADO,ENG_SUBORDINADO,,ENG-064;ENG-065;ENG-090;ENG-091;ENG-094,Sólo existe evidencia ENG; se conserva como evidencia técnica subordinada.,NO,DIFERIDO_ENG_ONLY,,,"Sólo posee evidencia ENG subordinada. Se conserva para compatibilidad/evolución, pero no se canoniza automáticamente.",DIFERIDO_ENG_ONLY
schema list,schema list,schema list; schema:list,2,3,ENG,2,ENG-031;ENG-062,CODIGO_INLINE;ENCABEZADO,0,CANDIDATO_ENG_REPETIDO,NO,NO_ASIGNADO,ENG_SUBORDINADO,,ENG-031;ENG-062,Sólo existe evidencia ENG; se conserva como evidencia técnica subordinada.,NO,DIFERIDO_ENG_ONLY,,schema:list,"Sólo posee evidencia ENG subordinada. Se conserva para compatibilidad/evolución, pero no se canoniza automáticamente.",DIFERIDO_ENG_ONLY
schema ownership,Schema Ownership,Schema Ownership,1,4,ENG,4,ENG-028;ENG-030;ENG-031;ENG-062,ENCABEZADO,0,CANDIDATO_ENG_REPETIDO,NO,NO_ASIGNADO,ENG_SUBORDINADO,,ENG-028;ENG-030;ENG-031;ENG-062,Sólo existe evidencia ENG; se conserva como evidencia técnica subordinada.,NO,DIFERIDO_ENG_ONLY,,,"Sólo posee evidencia ENG subordinada. Se conserva para compatibilidad/evolución, pero no se canoniza automáticamente.",DIFERIDO_ENG_ONLY
schema registry,Schema Registry,Schema Registry,1,4,ENG,4,ENG-031;ENG-041;ENG-049;ENG-062,ENCABEZADO,0,CANDIDATO_ENG_REPETIDO,NO,NO_ASIGNADO,ENG_SUBORDINADO,,ENG-031;ENG-041;ENG-049;ENG-062,Sólo existe evidencia ENG; se conserva como evidencia técnica subordinada.,NO,DIFERIDO_ENG_ONLY,,,"Sólo posee evidencia ENG subordinada. Se conserva para compatibilidad/evolución, pero no se canoniza automáticamente.",DIFERIDO_ENG_ONLY
schema test,Schema Test,Schema Test,1,4,ENG,4,ENG-031;ENG-036;ENG-049;ENG-057,ENCABEZADO,0,CANDIDATO_ENG_REPETIDO,NO,NO_ASIGNADO,ENG_SUBORDINADO,,ENG-031;ENG-036;ENG-049;ENG-057,Sólo existe evidencia ENG; se conserva como evidencia técnica subordinada.,NO,DIFERIDO_ENG_ONLY,,,"Sólo posee evidencia ENG subordinada. Se conserva para compatibilidad/evolución, pero no se canoniza automáticamente.",DIFERIDO_ENG_ONLY
schema validate,schema validate,schema validate; schema:validate,2,3,ENG,2,ENG-031;ENG-062,CODIGO_INLINE;ENCABEZADO,0,CANDIDATO_ENG_REPETIDO,NO,NO_ASIGNADO,ENG_SUBORDINADO,,ENG-031;ENG-062,Sólo existe evidencia ENG; se conserva como evidencia técnica subordinada.,NO,DIFERIDO_ENG_ONLY,,schema:validate,"Sólo posee evidencia ENG subordinada. Se conserva para compatibilidad/evolución, pero no se canoniza automáticamente.",DIFERIDO_ENG_ONLY
schema validation,Schema Validation,Schema Validation,1,6,ENG,6,ENG-022;ENG-031;ENG-036;ENG-044;ENG-057;ENG-062,ENCABEZADO,0,CANDIDATO_ENG_REPETIDO,NO,NO_ASIGNADO,ENG_SUBORDINADO,,ENG-022;ENG-031;ENG-036;ENG-044;ENG-057;ENG-062,Sólo existe evidencia ENG; se conserva como evidencia técnica subordinada.,NO,DIFERIDO_ENG_ONLY,,,"Sólo posee evidencia ENG subordinada. Se conserva para compatibilidad/evolución, pero no se canoniza automáticamente.",DIFERIDO_ENG_ONLY
schema version,Schema Version,Schema Version; schema:versions,2,11,ENG,10,ENG-003;ENG-010;ENG-011;ENG-020;ENG-030;ENG-031;ENG-036;ENG-041;ENG-057;ENG-062,ENCABEZADO,0,CANDIDATO_ENG_REPETIDO,NO,NO_ASIGNADO,ENG_SUBORDINADO,,ENG-003;ENG-010;ENG-011;ENG-020;ENG-030;ENG-031;ENG-036;ENG-041;ENG-057;ENG-062,Sólo existe evidencia ENG; se conserva como evidencia técnica subordinada.,NO,DIFERIDO_ENG_ONLY,,schema:versions,"Sólo posee evidencia ENG subordinada. Se conserva para compatibilidad/evolución, pero no se canoniza automáticamente.",DIFERIDO_ENG_ONLY
scope leakage,Scope Leakage,Scope Leakage,1,3,ENG,2,ENG-053;ENG-054,ENCABEZADO,0,CANDIDATO_ENG_REPETIDO,NO,NO_ASIGNADO,ENG_SUBORDINADO,,ENG-053;ENG-054,Sólo existe evidencia ENG; se conserva como evidencia técnica subordinada.,NO,DIFERIDO_ENG_ONLY,,,"Sólo posee evidencia ENG subordinada. Se conserva para compatibilidad/evolución, pero no se canoniza automáticamente.",DIFERIDO_ENG_ONLY
scope lifetime,Scope ≠ Lifetime,Scope ≠ Lifetime,1,3,ENG,3,ENG-053;ENG-054;ENG-056,ENCABEZADO,0,CANDIDATO_ENG_REPETIDO,NO,NO_ASIGNADO,ENG_SUBORDINADO,,ENG-053;ENG-054;ENG-056,Sólo existe evidencia ENG; se conserva como evidencia técnica subordinada.,NO,DIFERIDO_ENG_ONLY,,,"Sólo posee evidencia ENG subordinada. Se conserva para compatibilidad/evolución, pero no se canoniza automáticamente.",DIFERIDO_ENG_ONLY
scope test,Scope Test,Scope Test; Scope Tests,2,4,ENG,4,ENG-019;ENG-053;ENG-056;ENG-059,ENCABEZADO,0,CANDIDATO_ENG_REPETIDO,NO,NO_ASIGNADO,ENG_SUBORDINADO,,ENG-019;ENG-053;ENG-056;ENG-059,Sólo existe evidencia ENG; se conserva como evidencia técnica subordinada.,NO,DIFERIDO_ENG_ONLY,,Scope Tests,"Sólo posee evidencia ENG subordinada. Se conserva para compatibilidad/evolución, pero no se canoniza automáticamente.",DIFERIDO_ENG_ONLY
second phase,Second Phase,Second Phase,1,57,ENG,57,ENG-026;ENG-028;ENG-029;ENG-030;ENG-031;ENG-032;ENG-034;ENG-035;ENG-036;ENG-037;ENG-038;ENG-039;ENG-040;ENG-041;ENG-042;ENG-043;ENG-044;ENG-045;ENG-046;ENG-047;ENG-048;ENG-049;ENG-050;ENG-051;ENG-052;ENG-053;ENG-054;ENG-055;ENG-056;ENG-057;ENG-058;ENG-059;ENG-060;ENG-061;ENG-062;ENG-063;ENG-064;ENG-065;ENG-066;ENG-067;ENG-068;ENG-069;ENG-070;ENG-071;ENG-072;ENG-073;ENG-074;ENG-075;ENG-076;ENG-077;ENG-078;ENG-079;ENG-080;ENG-081;ENG-083;ENG-084;ENG-085,ENCABEZADO,0,CANDIDATO_ENG_REPETIDO,NO,NO_ASIGNADO,ENG_SUBORDINADO,,ENG-026;ENG-028;ENG-029;ENG-030;ENG-031;ENG-032;ENG-034;ENG-035;ENG-036;ENG-037;ENG-038;ENG-039;ENG-040;ENG-041;ENG-042;ENG-043;ENG-044;ENG-045;ENG-046;ENG-047;ENG-048;ENG-049;ENG-050;ENG-051;ENG-052;ENG-053;ENG-054;ENG-055;ENG-056;ENG-057;ENG-058;ENG-059;ENG-060;ENG-061;ENG-062;ENG-063;ENG-064;ENG-065;ENG-066;ENG-067;ENG-068;ENG-069;ENG-070;ENG-071;ENG-072;ENG-073;ENG-074;ENG-075;ENG-076;ENG-077;ENG-078;ENG-079;ENG-080;ENG-081;ENG-083;ENG-084;ENG-085,Sólo existe evidencia ENG; se conserva como evidencia técnica subordinada.,NO,DIFERIDO_ENG_ONLY,,,"Sólo posee evidencia ENG subordinada. Se conserva para compatibilidad/evolución, pero no se canoniza automáticamente.",DIFERIDO_ENG_ONLY
secret,Secrets,Secrets,1,7,ENG,7,ENG-007;ENG-011;ENG-017;ENG-024;ENG-030;ENG-032;ENG-037,ENCABEZADO,0,CANDIDATO_ENG_REPETIDO,NO,NO_ASIGNADO,ENG_SUBORDINADO,,ENG-007;ENG-011;ENG-017;ENG-024;ENG-030;ENG-032;ENG-037,Sólo existe evidencia ENG; se conserva como evidencia técnica subordinada.,NO,DIFERIDO_ENG_ONLY,,,"Sólo posee evidencia ENG subordinada. Se conserva para compatibilidad/evolución, pero no se canoniza automáticamente.",DIFERIDO_ENG_ONLY
secret access,Secret Access,Secret Access,1,4,ENG,4,ENG-029;ENG-045;ENG-048;ENG-060,ENCABEZADO,0,CANDIDATO_ENG_REPETIDO,NO,NO_ASIGNADO,ENG_SUBORDINADO,,ENG-029;ENG-045;ENG-048;ENG-060,Sólo existe evidencia ENG; se conserva como evidencia técnica subordinada.,NO,DIFERIDO_ENG_ONLY,,,"Sólo posee evidencia ENG subordinada. Se conserva para compatibilidad/evolución, pero no se canoniza automáticamente.",DIFERIDO_ENG_ONLY
secret leakage,Secret Leakage,Secret Leakage,1,7,ENG,7,ENG-007;ENG-010;ENG-011;ENG-012;ENG-013;ENG-017;ENG-048,ENCABEZADO,0,CANDIDATO_ENG_REPETIDO,NO,NO_ASIGNADO,ENG_SUBORDINADO,,ENG-007;ENG-010;ENG-011;ENG-012;ENG-013;ENG-017;ENG-048,Sólo existe evidencia ENG; se conserva como evidencia técnica subordinada.,NO,DIFERIDO_ENG_ONLY,,,"Sólo posee evidencia ENG subordinada. Se conserva para compatibilidad/evolución, pero no se canoniza automáticamente.",DIFERIDO_ENG_ONLY
secret lifetime,Secret Lifetime,Secret Lifetime,1,3,ENG,3,ENG-011;ENG-024;ENG-027,ENCABEZADO,0,CANDIDATO_ENG_REPETIDO,NO,NO_ASIGNADO,ENG_SUBORDINADO,,ENG-011;ENG-024;ENG-027,Sólo existe evidencia ENG; se conserva como evidencia técnica subordinada.,NO,DIFERIDO_ENG_ONLY,,,"Sólo posee evidencia ENG subordinada. Se conserva para compatibilidad/evolución, pero no se canoniza automáticamente.",DIFERIDO_ENG_ONLY
secret logging,Secret Logging,Secret Logging,1,3,ENG,3,ENG-024;ENG-048;ENG-049,ENCABEZADO,0,CANDIDATO_ENG_REPETIDO,NO,NO_ASIGNADO,ENG_SUBORDINADO,,ENG-024;ENG-048;ENG-049,Sólo existe evidencia ENG; se conserva como evidencia técnica subordinada.,NO,DIFERIDO_ENG_ONLY,,,"Sólo posee evidencia ENG subordinada. Se conserva para compatibilidad/evolución, pero no se canoniza automáticamente.",DIFERIDO_ENG_ONLY
secret provider,Secret Provider,Secret Provider,1,3,ENG,3,ENG-011;ENG-024;ENG-049,ENCABEZADO,0,CANDIDATO_ENG_REPETIDO,NO,NO_ASIGNADO,ENG_SUBORDINADO,,ENG-011;ENG-024;ENG-049,Sólo existe evidencia ENG; se conserva como evidencia técnica subordinada.,NO,DIFERIDO_ENG_ONLY,,,"Sólo posee evidencia ENG subordinada. Se conserva para compatibilidad/evolución, pero no se canoniza automáticamente.",DIFERIDO_ENG_ONLY
secret resolution,Secret Resolution,Secret Resolution,1,3,ENG,3,ENG-011;ENG-027;ENG-049,ENCABEZADO,0,CANDIDATO_ENG_REPETIDO,NO,NO_ASIGNADO,ENG_SUBORDINADO,,ENG-011;ENG-027;ENG-049,Sólo existe evidencia ENG; se conserva como evidencia técnica subordinada.,NO,DIFERIDO_ENG_ONLY,,,"Sólo posee evidencia ENG subordinada. Se conserva para compatibilidad/evolución, pero no se canoniza automáticamente.",DIFERIDO_ENG_ONLY
secret rotation,Secret Rotation,Secret Rotation,1,3,ENG,3,ENG-024;ENG-049;ENG-061,ENCABEZADO,0,CANDIDATO_ENG_REPETIDO,NO,NO_ASIGNADO,ENG_SUBORDINADO,,ENG-024;ENG-049;ENG-061,Sólo existe evidencia ENG; se conserva como evidencia técnica subordinada.,NO,DIFERIDO_ENG_ONLY,,,"Sólo posee evidencia ENG subordinada. Se conserva para compatibilidad/evolución, pero no se canoniza automáticamente.",DIFERIDO_ENG_ONLY
secure default,Secure Defaults,Secure Defaults,1,3,ENG,3,ENG-008;ENG-011;ENG-024,ENCABEZADO,0,CANDIDATO_ENG_REPETIDO,NO,NO_ASIGNADO,ENG_SUBORDINADO,,ENG-008;ENG-011;ENG-024,Sólo existe evidencia ENG; se conserva como evidencia técnica subordinada.,NO,DIFERIDO_ENG_ONLY,,,"Sólo posee evidencia ENG subordinada. Se conserva para compatibilidad/evolución, pero no se canoniza automáticamente.",DIFERIDO_ENG_ONLY
security,Security,SECURITY; Security,2,23,ENG,23,ENG-007;ENG-008;ENG-014;ENG-018;ENG-020;ENG-022;ENG-031;ENG-034;ENG-035;ENG-039;ENG-040;ENG-041;ENG-042;ENG-043;ENG-045;ENG-047;ENG-054;ENG-086;ENG-088;ENG-091;ENG-092;ENG-093;ENG-094,ENCABEZADO;TABLA_COLUMNA_PRINCIPAL,0,CANDIDATO_ENG_REPETIDO,NO,NO_ASIGNADO,ENG_SUBORDINADO,,ENG-007;ENG-008;ENG-014;ENG-018;ENG-020;ENG-022;ENG-031;ENG-034;ENG-035;ENG-039;ENG-040;ENG-041;ENG-042;ENG-043;ENG-045;ENG-047;ENG-054;ENG-086;ENG-088;ENG-091;ENG-092;ENG-093;ENG-094,Sólo existe evidencia ENG; se conserva como evidencia técnica subordinada.,NO,DIFERIDO_ENG_ONLY,,,"Sólo posee evidencia ENG subordinada. Se conserva para compatibilidad/evolución, pero no se canoniza automáticamente.",DIFERIDO_ENG_ONLY
security architecture,Security Architecture,Security Architecture,1,3,ENG,3,ENG-029;ENG-031;ENG-032,ENCABEZADO,0,CANDIDATO_ENG_REPETIDO,NO,NO_ASIGNADO,ENG_SUBORDINADO,,ENG-029;ENG-031;ENG-032,Sólo existe evidencia ENG; se conserva como evidencia técnica subordinada.,NO,DIFERIDO_ENG_ONLY,,,"Sólo posee evidencia ENG subordinada. Se conserva para compatibilidad/evolución, pero no se canoniza automáticamente.",DIFERIDO_ENG_ONLY
security boundary,Security Boundary,Security Boundaries; Security Boundary,2,3,ENG,3,ENG-006;ENG-015;ENG-060,ENCABEZADO,0,CANDIDATO_ENG_REPETIDO,NO,NO_ASIGNADO,ENG_SUBORDINADO,,ENG-006;ENG-015;ENG-060,Sólo existe evidencia ENG; se conserva como evidencia técnica subordinada.,NO,DIFERIDO_ENG_ONLY,,Security Boundaries,"Sólo posee evidencia ENG subordinada. Se conserva para compatibilidad/evolución, pero no se canoniza automáticamente.",DIFERIDO_ENG_ONLY
security capability,security capabilities,Security Capability; security capabilities,2,3,ENG,2,ENG-024;ENG-028,CODIGO_INLINE;ENCABEZADO,0,CANDIDATO_ENG_REPETIDO,NO,NO_ASIGNADO,ENG_SUBORDINADO,,ENG-024;ENG-028,Sólo existe evidencia ENG; se conserva como evidencia técnica subordinada.,NO,DIFERIDO_ENG_ONLY,,Security Capability,"Sólo posee evidencia ENG subordinada. Se conserva para compatibilidad/evolución, pero no se canoniza automáticamente.",DIFERIDO_ENG_ONLY
security context,Security Context,Security Context,1,5,ENG,5,ENG-024;ENG-028;ENG-037;ENG-038;ENG-056,ENCABEZADO,0,CANDIDATO_ENG_REPETIDO,NO,NO_ASIGNADO,ENG_SUBORDINADO,,ENG-024;ENG-028;ENG-037;ENG-038;ENG-056,Sólo existe evidencia ENG; se conserva como evidencia técnica subordinada.,NO,DIFERIDO_ENG_ONLY,,,"Sólo posee evidencia ENG subordinada. Se conserva para compatibilidad/evolución, pero no se canoniza automáticamente.",DIFERIDO_ENG_ONLY
security exception,Security Exception,Security Exception,1,3,ENG,3,ENG-014;ENG-017;ENG-024,ENCABEZADO,0,CANDIDATO_ENG_REPETIDO,NO,NO_ASIGNADO,ENG_SUBORDINADO,,ENG-014;ENG-017;ENG-024,Sólo existe evidencia ENG; se conserva como evidencia técnica subordinada.,NO,DIFERIDO_ENG_ONLY,,,"Sólo posee evidencia ENG subordinada. Se conserva para compatibilidad/evolución, pero no se canoniza automáticamente.",DIFERIDO_ENG_ONLY
security failure,Security Failure,Security Failure,1,3,ENG,2,ENG-027;ENG-039,ENCABEZADO,0,CANDIDATO_ENG_REPETIDO,NO,NO_ASIGNADO,ENG_SUBORDINADO,,ENG-027;ENG-039,Sólo existe evidencia ENG; se conserva como evidencia técnica subordinada.,NO,DIFERIDO_ENG_ONLY,,,"Sólo posee evidencia ENG subordinada. Se conserva para compatibilidad/evolución, pero no se canoniza automáticamente.",DIFERIDO_ENG_ONLY
security gate,Security Gate,Security Gate,1,3,ENG,3,ENG-012;ENG-017;ENG-066,ENCABEZADO,0,CANDIDATO_ENG_REPETIDO,NO,NO_ASIGNADO,ENG_SUBORDINADO,,ENG-012;ENG-017;ENG-066,Sólo existe evidencia ENG; se conserva como evidencia técnica subordinada.,NO,DIFERIDO_ENG_ONLY,,,"Sólo posee evidencia ENG subordinada. Se conserva para compatibilidad/evolución, pero no se canoniza automáticamente.",DIFERIDO_ENG_ONLY
security integration,Security Integration,Security Integration,1,6,ENG,6,ENG-019;ENG-023;ENG-025;ENG-026;ENG-028;ENG-048,ENCABEZADO,0,CANDIDATO_ENG_REPETIDO,NO,NO_ASIGNADO,ENG_SUBORDINADO,,ENG-019;ENG-023;ENG-025;ENG-026;ENG-028;ENG-048,Sólo existe evidencia ENG; se conserva como evidencia técnica subordinada.,NO,DIFERIDO_ENG_ONLY,,,"Sólo posee evidencia ENG subordinada. Se conserva para compatibilidad/evolución, pero no se canoniza automáticamente.",DIFERIDO_ENG_ONLY
security review,Security Review,Security Review,1,3,ENG,3,ENG-021;ENG-024;ENG-045,ENCABEZADO,0,CANDIDATO_ENG_REPETIDO,NO,NO_ASIGNADO,ENG_SUBORDINADO,,ENG-021;ENG-024;ENG-045,Sólo existe evidencia ENG; se conserva como evidencia técnica subordinada.,NO,DIFERIDO_ENG_ONLY,,,"Sólo posee evidencia ENG subordinada. Se conserva para compatibilidad/evolución, pero no se canoniza automáticamente.",DIFERIDO_ENG_ONLY
security test,Security Test,Security Test; Security Tests,2,41,ENG,41,ENG-009;ENG-011;ENG-013;ENG-020;ENG-022;ENG-027;ENG-028;ENG-029;ENG-030;ENG-032;ENG-041;ENG-050;ENG-051;ENG-052;ENG-053;ENG-054;ENG-055;ENG-056;ENG-057;ENG-058;ENG-059;ENG-060;ENG-061;ENG-062;ENG-063;ENG-064;ENG-065;ENG-066;ENG-067;ENG-068;ENG-069;ENG-071;ENG-072;ENG-075;ENG-076;ENG-077;ENG-078;ENG-079;ENG-080;ENG-081;ENG-085,ENCABEZADO,0,CANDIDATO_ENG_REPETIDO,NO,NO_ASIGNADO,ENG_SUBORDINADO,,ENG-009;ENG-011;ENG-013;ENG-020;ENG-022;ENG-027;ENG-028;ENG-029;ENG-030;ENG-032;ENG-041;ENG-050;ENG-051;ENG-052;ENG-053;ENG-054;ENG-055;ENG-056;ENG-057;ENG-058;ENG-059;ENG-060;ENG-061;ENG-062;ENG-063;ENG-064;ENG-065;ENG-066;ENG-067;ENG-068;ENG-069;ENG-071;ENG-072;ENG-075;ENG-076;ENG-077;ENG-078;ENG-079;ENG-080;ENG-081;ENG-085,Sólo existe evidencia ENG; se conserva como evidencia técnica subordinada.,NO,DIFERIDO_ENG_ONLY,,Security Tests,"Sólo posee evidencia ENG subordinada. Se conserva para compatibilidad/evolución, pero no se canoniza automáticamente.",DIFERIDO_ENG_ONLY
security validation,Security Validation,Security Validation,1,5,ENG,5,ENG-027;ENG-028;ENG-036;ENG-049;ENG-051,ENCABEZADO,0,CANDIDATO_ENG_REPETIDO,NO,NO_ASIGNADO,ENG_SUBORDINADO,,ENG-027;ENG-028;ENG-036;ENG-049;ENG-051,Sólo existe evidencia ENG; se conserva como evidencia técnica subordinada.,NO,DIFERIDO_ENG_ONLY,,,"Sólo posee evidencia ENG subordinada. Se conserva para compatibilidad/evolución, pero no se canoniza automáticamente.",DIFERIDO_ENG_ONLY
segunda fase,Segunda Fase,Segunda Fase,1,9,ENG,9,ENG-017;ENG-018;ENG-019;ENG-020;ENG-021;ENG-022;ENG-023;ENG-024;ENG-025,ENCABEZADO,0,CANDIDATO_ENG_REPETIDO,NO,NO_ASIGNADO,ENG_SUBORDINADO,,ENG-017;ENG-018;ENG-019;ENG-020;ENG-021;ENG-022;ENG-023;ENG-024;ENG-025,Sólo existe evidencia ENG; se conserva como evidencia técnica subordinada.,NO,DIFERIDO_ENG_ONLY,,,"Sólo posee evidencia ENG subordinada. Se conserva para compatibilidad/evolución, pero no se canoniza automáticamente.",DIFERIDO_ENG_ONLY
self-approval,Self-Approval,Self-Approval,1,3,ENG,2,ENG-046;ENG-047,ENCABEZADO,0,CANDIDATO_ENG_REPETIDO,NO,NO_ASIGNADO,ENG_SUBORDINADO,,ENG-046;ENG-047,Sólo existe evidencia ENG; se conserva como evidencia técnica subordinada.,NO,DIFERIDO_ENG_ONLY,,,"Sólo posee evidencia ENG subordinada. Se conserva para compatibilidad/evolución, pero no se canoniza automáticamente.",DIFERIDO_ENG_ONLY
semantic compatibility,Semantic Compatibility,Semantic Compatibility,1,4,ENG,4,ENG-016;ENG-021;ENG-031;ENG-061,ENCABEZADO,0,CANDIDATO_ENG_REPETIDO,NO,NO_ASIGNADO,ENG_SUBORDINADO,,ENG-016;ENG-021;ENG-031;ENG-061,Sólo existe evidencia ENG; se conserva como evidencia técnica subordinada.,NO,DIFERIDO_ENG_ONLY,,,"Sólo posee evidencia ENG subordinada. Se conserva para compatibilidad/evolución, pero no se canoniza automáticamente.",DIFERIDO_ENG_ONLY
sender,Sender,Sender,1,2,ENG,1,ENG-087,CODIGO_INLINE;DEFINICION_EXPLICITA,1,CANDIDATO_ENG_DEFINIDO,NO,NO_ASIGNADO,ENG_SUBORDINADO,,ENG-087,Sólo existe evidencia ENG; se conserva como evidencia técnica subordinada.,NO,DIFERIDO_ENG_ONLY,,,"Sólo posee evidencia ENG subordinada. Se conserva para compatibilidad/evolución, pero no se canoniza automáticamente.",DIFERIDO_ENG_ONLY
sensitive audit,Sensitive Audit,Sensitive Audit,1,5,ENG,5,ENG-030;ENG-051;ENG-052;ENG-053;ENG-059,ENCABEZADO,0,CANDIDATO_ENG_REPETIDO,NO,NO_ASIGNADO,ENG_SUBORDINADO,,ENG-030;ENG-051;ENG-052;ENG-053;ENG-059,Sólo existe evidencia ENG; se conserva como evidencia técnica subordinada.,NO,DIFERIDO_ENG_ONLY,,,"Sólo posee evidencia ENG subordinada. Se conserva para compatibilidad/evolución, pero no se canoniza automáticamente.",DIFERIDO_ENG_ONLY
sensitive configuration,Sensitive Configuration,Sensitive Configuration,1,3,ENG,3,ENG-019;ENG-049;ENG-066,ENCABEZADO,0,CANDIDATO_ENG_REPETIDO,NO,NO_ASIGNADO,ENG_SUBORDINADO,,ENG-019;ENG-049;ENG-066,Sólo existe evidencia ENG; se conserva como evidencia técnica subordinada.,NO,DIFERIDO_ENG_ONLY,,,"Sólo posee evidencia ENG subordinada. Se conserva para compatibilidad/evolución, pero no se canoniza automáticamente.",DIFERIDO_ENG_ONLY
sensitive context,Sensitive Context,Sensitive Context,1,3,ENG,3,ENG-015;ENG-050;ENG-052,ENCABEZADO,0,CANDIDATO_ENG_REPETIDO,NO,NO_ASIGNADO,ENG_SUBORDINADO,,ENG-015;ENG-050;ENG-052,Sólo existe evidencia ENG; se conserva como evidencia técnica subordinada.,NO,DIFERIDO_ENG_ONLY,,,"Sólo posee evidencia ENG subordinada. Se conserva para compatibilidad/evolución, pero no se canoniza automáticamente.",DIFERIDO_ENG_ONLY
sensitive data,Sensitive Data,Sensitive Data,1,9,ENG,8,ENG-018;ENG-021;ENG-023;ENG-030;ENG-036;ENG-039;ENG-064;ENG-065,ENCABEZADO,0,CANDIDATO_ENG_REPETIDO,NO,NO_ASIGNADO,ENG_SUBORDINADO,,ENG-018;ENG-021;ENG-023;ENG-030;ENG-036;ENG-039;ENG-064;ENG-065,Sólo existe evidencia ENG; se conserva como evidencia técnica subordinada.,NO,DIFERIDO_ENG_ONLY,,,"Sólo posee evidencia ENG subordinada. Se conserva para compatibilidad/evolución, pero no se canoniza automáticamente.",DIFERIDO_ENG_ONLY
sensitive explain,Sensitive Explain,Sensitive Explain,1,3,ENG,3,ENG-050;ENG-051;ENG-059,ENCABEZADO,0,CANDIDATO_ENG_REPETIDO,NO,NO_ASIGNADO,ENG_SUBORDINADO,,ENG-050;ENG-051;ENG-059,Sólo existe evidencia ENG; se conserva como evidencia técnica subordinada.,NO,DIFERIDO_ENG_ONLY,,,"Sólo posee evidencia ENG subordinada. Se conserva para compatibilidad/evolución, pero no se canoniza automáticamente.",DIFERIDO_ENG_ONLY
sensitive metadata,Sensitive Metadata,Sensitive Metadata,1,5,ENG,5,ENG-011;ENG-020;ENG-032;ENG-057;ENG-062,ENCABEZADO,0,CANDIDATO_ENG_REPETIDO,NO,NO_ASIGNADO,ENG_SUBORDINADO,,ENG-011;ENG-020;ENG-032;ENG-057;ENG-062,Sólo existe evidencia ENG; se conserva como evidencia técnica subordinada.,NO,DIFERIDO_ENG_ONLY,,,"Sólo posee evidencia ENG subordinada. Se conserva para compatibilidad/evolución, pero no se canoniza automáticamente.",DIFERIDO_ENG_ONLY
separation of duty,Separation of Duties,Separation of Duties,1,6,ENG,6,ENG-017;ENG-046;ENG-076;ENG-081;ENG-083;ENG-084,ENCABEZADO,0,CANDIDATO_ENG_REPETIDO,NO,NO_ASIGNADO,ENG_SUBORDINADO,,ENG-017;ENG-046;ENG-076;ENG-081;ENG-083;ENG-084,Sólo existe evidencia ENG; se conserva como evidencia técnica subordinada.,NO,DIFERIDO_ENG_ONLY,,,"Sólo posee evidencia ENG subordinada. Se conserva para compatibilidad/evolución, pero no se canoniza automáticamente.",DIFERIDO_ENG_ONLY
serialization,Serialization,Serialization,1,9,ENG,6,ENG-019;ENG-020;ENG-026;ENG-030;ENG-031;ENG-041,CODIGO_INLINE;DEFINICION_EXPLICITA;ENCABEZADO,2,CANDIDATO_ENG_DEFINIDO,NO,NO_ASIGNADO,ENG_SUBORDINADO,,ENG-019;ENG-020;ENG-026;ENG-030;ENG-031;ENG-041,Sólo existe evidencia ENG; se conserva como evidencia técnica subordinada.,NO,DIFERIDO_ENG_ONLY,,,"Sólo posee evidencia ENG subordinada. Se conserva para compatibilidad/evolución, pero no se canoniza automáticamente.",DIFERIDO_ENG_ONLY
serialization test,Serialization Test,Serialization Test; Serialization Tests,2,4,ENG,4,ENG-020;ENG-053;ENG-056;ENG-057,ENCABEZADO,0,CANDIDATO_ENG_REPETIDO,NO,NO_ASIGNADO,ENG_SUBORDINADO,,ENG-020;ENG-053;ENG-056;ENG-057,Sólo existe evidencia ENG; se conserva como evidencia técnica subordinada.,NO,DIFERIDO_ENG_ONLY,,Serialization Tests,"Sólo posee evidencia ENG subordinada. Se conserva para compatibilidad/evolución, pero no se canoniza automáticamente.",DIFERIDO_ENG_ONLY
serializer,Serializer,Serializer; Serializers,2,3,ENG,2,ENG-005;ENG-031,CODIGO_INLINE;ENCABEZADO,0,CANDIDATO_ENG_REPETIDO,NO,NO_ASIGNADO,ENG_SUBORDINADO,,ENG-005;ENG-031,Sólo existe evidencia ENG; se conserva como evidencia técnica subordinada.,NO,DIFERIDO_ENG_ONLY,,Serializers,"Sólo posee evidencia ENG subordinada. Se conserva para compatibilidad/evolución, pero no se canoniza automáticamente.",DIFERIDO_ENG_ONLY
service container,Service Container,Service Container,1,8,ENG,6,ENG-018;ENG-019;ENG-038;ENG-039;ENG-040;ENG-041,DEFINICION_EXPLICITA;ENCABEZADO;TERMINO_DESTACADO,1,CANDIDATO_ENG_DEFINIDO,NO,NO_ASIGNADO,ENG_SUBORDINADO,,ENG-018;ENG-019;ENG-038;ENG-039;ENG-040;ENG-041,Sólo existe evidencia ENG; se conserva como evidencia técnica subordinada.,NO,DIFERIDO_ENG_ONLY,,,"Sólo posee evidencia ENG subordinada. Se conserva para compatibilidad/evolución, pero no se canoniza automáticamente.",DIFERIDO_ENG_ONLY
service container integration,Service Container Integration,Service Container Integration,1,3,ENG,3,ENG-020;ENG-042;ENG-054,ENCABEZADO,0,CANDIDATO_ENG_REPETIDO,NO,NO_ASIGNADO,ENG_SUBORDINADO,,ENG-020;ENG-042;ENG-054,Sólo existe evidencia ENG; se conserva como evidencia técnica subordinada.,NO,DIFERIDO_ENG_ONLY,,,"Sólo posee evidencia ENG subordinada. Se conserva para compatibilidad/evolución, pero no se canoniza automáticamente.",DIFERIDO_ENG_ONLY
session fixation,Session Fixation,Session Fixation,1,4,ENG,3,ENG-024;ENG-045;ENG-053,ENCABEZADO,0,CANDIDATO_ENG_REPETIDO,NO,NO_ASIGNADO,ENG_SUBORDINADO,,ENG-024;ENG-045;ENG-053,Sólo existe evidencia ENG; se conserva como evidencia técnica subordinada.,NO,DIFERIDO_ENG_ONLY,,,"Sólo posee evidencia ENG subordinada. Se conserva para compatibilidad/evolución, pero no se canoniza automáticamente.",DIFERIDO_ENG_ONLY
severity,Severity,Severity; severity,2,5,ENG,4,ENG-009;ENG-023;ENG-036;ENG-083,CODIGO_INLINE;ENCABEZADO,0,CANDIDATO_ENG_REPETIDO,NO,NO_ASIGNADO,ENG_SUBORDINADO,,ENG-009;ENG-023;ENG-036;ENG-083,Sólo existe evidencia ENG; se conserva como evidencia técnica subordinada.,NO,DIFERIDO_ENG_ONLY,,,"Sólo posee evidencia ENG subordinada. Se conserva para compatibilidad/evolución, pero no se canoniza automáticamente.",DIFERIDO_ENG_ONLY
shared credential,Shared Credential,Shared Credential,1,3,ENG,3,ENG-030;ENG-045;ENG-068,ENCABEZADO,0,CANDIDATO_ENG_REPETIDO,NO,NO_ASIGNADO,ENG_SUBORDINADO,,ENG-030;ENG-045;ENG-068,Sólo existe evidencia ENG; se conserva como evidencia técnica subordinada.,NO,DIFERIDO_ENG_ONLY,,,"Sólo posee evidencia ENG subordinada. Se conserva para compatibilidad/evolución, pero no se canoniza automáticamente.",DIFERIDO_ENG_ONLY
shared database,Shared Database,Shared Database,1,4,ENG,4,ENG-028;ENG-043;ENG-048;ENG-072,ENCABEZADO,0,CANDIDATO_ENG_REPETIDO,NO,NO_ASIGNADO,ENG_SUBORDINADO,,ENG-028;ENG-043;ENG-048;ENG-072,Sólo existe evidencia ENG; se conserva como evidencia técnica subordinada.,NO,DIFERIDO_ENG_ONLY,,,"Sólo posee evidencia ENG subordinada. Se conserva para compatibilidad/evolución, pero no se canoniza automáticamente.",DIFERIDO_ENG_ONLY
shared kernel,Shared Kernel,Shared Kernel,1,3,ENG,2,ENG-001;ENG-035,ENCABEZADO;TERMINO_DESTACADO,0,CANDIDATO_ENG_REPETIDO,NO,NO_ASIGNADO,ENG_SUBORDINADO,,ENG-001;ENG-035,Sólo existe evidencia ENG; se conserva como evidencia técnica subordinada.,NO,DIFERIDO_ENG_ONLY,,,"Sólo posee evidencia ENG subordinada. Se conserva para compatibilidad/evolución, pero no se canoniza automáticamente.",DIFERIDO_ENG_ONLY
shared state,Shared State,Shared State,1,5,ENG,5,ENG-009;ENG-026;ENG-038;ENG-053;ENG-072,ENCABEZADO,0,CANDIDATO_ENG_REPETIDO,NO,NO_ASIGNADO,ENG_SUBORDINADO,,ENG-009;ENG-026;ENG-038;ENG-053;ENG-072,Sólo existe evidencia ENG; se conserva como evidencia técnica subordinada.,NO,DIFERIDO_ENG_ONLY,,,"Sólo posee evidencia ENG subordinada. Se conserva para compatibilidad/evolución, pero no se canoniza automáticamente.",DIFERIDO_ENG_ONLY
shutdown,Shutdown,Shutdown,1,12,ENG,11,ENG-022;ENG-027;ENG-032;ENG-037;ENG-040;ENG-054;ENG-055;ENG-056;ENG-060;ENG-061;ENG-069,DEFINICION_EXPLICITA;ENCABEZADO,1,CANDIDATO_ENG_DEFINIDO,NO,NO_ASIGNADO,ENG_SUBORDINADO,,ENG-022;ENG-027;ENG-032;ENG-037;ENG-040;ENG-054;ENG-055;ENG-056;ENG-060;ENG-061;ENG-069,Sólo existe evidencia ENG; se conserva como evidencia técnica subordinada.,NO,DIFERIDO_ENG_ONLY,,,"Sólo posee evidencia ENG subordinada. Se conserva para compatibilidad/evolución, pero no se canoniza automáticamente.",DIFERIDO_ENG_ONLY
shutdown deadline,Shutdown Deadline,Shutdown Deadline,1,3,ENG,3,ENG-027;ENG-040;ENG-055,ENCABEZADO,0,CANDIDATO_ENG_REPETIDO,NO,NO_ASIGNADO,ENG_SUBORDINADO,,ENG-027;ENG-040;ENG-055,Sólo existe evidencia ENG; se conserva como evidencia técnica subordinada.,NO,DIFERIDO_ENG_ONLY,,,"Sólo posee evidencia ENG subordinada. Se conserva para compatibilidad/evolución, pero no se canoniza automáticamente.",DIFERIDO_ENG_ONLY
shutdown ordering,Shutdown Ordering,Shutdown Ordering,1,3,ENG,3,ENG-015;ENG-055;ENG-060,ENCABEZADO,0,CANDIDATO_ENG_REPETIDO,NO,NO_ASIGNADO,ENG_SUBORDINADO,,ENG-015;ENG-055;ENG-060,Sólo existe evidencia ENG; se conserva como evidencia técnica subordinada.,NO,DIFERIDO_ENG_ONLY,,,"Sólo posee evidencia ENG subordinada. Se conserva para compatibilidad/evolución, pero no se canoniza automáticamente.",DIFERIDO_ENG_ONLY
shutdown test,Shutdown Test,Shutdown Test,1,3,ENG,3,ENG-027;ENG-040;ENG-077,ENCABEZADO,0,CANDIDATO_ENG_REPETIDO,NO,NO_ASIGNADO,ENG_SUBORDINADO,,ENG-027;ENG-040;ENG-077,Sólo existe evidencia ENG; se conserva como evidencia técnica subordinada.,NO,DIFERIDO_ENG_ONLY,,,"Sólo posee evidencia ENG subordinada. Se conserva para compatibilidad/evolución, pero no se canoniza automáticamente.",DIFERIDO_ENG_ONLY
shutdown timeout,Shutdown Timeout,Shutdown Timeout,1,5,ENG,5,ENG-015;ENG-022;ENG-027;ENG-039;ENG-054,ENCABEZADO,0,CANDIDATO_ENG_REPETIDO,NO,NO_ASIGNADO,ENG_SUBORDINADO,,ENG-015;ENG-022;ENG-027;ENG-039;ENG-054,Sólo existe evidencia ENG; se conserva como evidencia técnica subordinada.,NO,DIFERIDO_ENG_ONLY,,,"Sólo posee evidencia ENG subordinada. Se conserva para compatibilidad/evolución, pero no se canoniza automáticamente.",DIFERIDO_ENG_ONLY
si,Si,Si,1,2,ENG,2,ENG-035;ENG-036,DEFINICION_EXPLICITA,2,CANDIDATO_ENG_DEFINIDO,NO,NO_ASIGNADO,ENG_SUBORDINADO,,ENG-035;ENG-036,Sólo existe evidencia ENG; se conserva como evidencia técnica subordinada.,NO,DIFERIDO_ENG_ONLY,,,"Sólo posee evidencia ENG subordinada. Se conserva para compatibilidad/evolución, pero no se canoniza automáticamente.",DIFERIDO_ENG_ONLY
side effect,Side Effects,Side Effects,1,3,ENG,3,ENG-021;ENG-035;ENG-063,ENCABEZADO,0,CANDIDATO_ENG_REPETIDO,NO,NO_ASIGNADO,ENG_SUBORDINADO,,ENG-021;ENG-035;ENG-063,Sólo existe evidencia ENG; se conserva como evidencia técnica subordinada.,NO,DIFERIDO_ENG_ONLY,,,"Sólo posee evidencia ENG subordinada. Se conserva para compatibilidad/evolución, pero no se canoniza automáticamente.",DIFERIDO_ENG_ONLY
silent breaking change,Silent Breaking Change,Silent Breaking Change,1,3,ENG,3,ENG-014;ENG-021;ENG-044,ENCABEZADO,0,CANDIDATO_ENG_REPETIDO,NO,NO_ASIGNADO,ENG_SUBORDINADO,,ENG-014;ENG-021;ENG-044,Sólo existe evidencia ENG; se conserva como evidencia técnica subordinada.,NO,DIFERIDO_ENG_ONLY,,,"Sólo posee evidencia ENG subordinada. Se conserva para compatibilidad/evolución, pero no se canoniza automáticamente.",DIFERIDO_ENG_ONLY
silent corruption,Silent Corruption,Silent Corruption,1,3,ENG,3,ENG-076;ENG-077;ENG-079,ENCABEZADO,0,CANDIDATO_ENG_REPETIDO,NO,NO_ASIGNADO,ENG_SUBORDINADO,,ENG-076;ENG-077;ENG-079,Sólo existe evidencia ENG; se conserva como evidencia técnica subordinada.,NO,DIFERIDO_ENG_ONLY,,,"Sólo posee evidencia ENG subordinada. Se conserva para compatibilidad/evolución, pero no se canoniza automáticamente.",DIFERIDO_ENG_ONLY
silent override,Silent Override,Silent Override,1,3,ENG,3,ENG-016;ENG-017;ENG-057,ENCABEZADO,0,CANDIDATO_ENG_REPETIDO,NO,NO_ASIGNADO,ENG_SUBORDINADO,,ENG-016;ENG-017;ENG-057,Sólo existe evidencia ENG; se conserva como evidencia técnica subordinada.,NO,DIFERIDO_ENG_ONLY,,,"Sólo posee evidencia ENG subordinada. Se conserva para compatibilidad/evolución, pero no se canoniza automáticamente.",DIFERIDO_ENG_ONLY
singleton,Singleton,SINGLETON; Singleton,2,3,ENG,3,ENG-019;ENG-026;ENG-040,CODIGO_INLINE;ENCABEZADO,0,CANDIDATO_ENG_REPETIDO,NO,NO_ASIGNADO,ENG_SUBORDINADO,,ENG-019;ENG-026;ENG-040,Sólo existe evidencia ENG; se conserva como evidencia técnica subordinada.,NO,DIFERIDO_ENG_ONLY,,,"Sólo posee evidencia ENG subordinada. Se conserva para compatibilidad/evolución, pero no se canoniza automáticamente.",DIFERIDO_ENG_ONLY
sli,SLI,SLI,1,3,ENG,3,ENG-025;ENG-044;ENG-086,DEFINICION_EXPLICITA;ENCABEZADO,1,CANDIDATO_ENG_DEFINIDO,NO,NO_ASIGNADO,ENG_SUBORDINADO,,ENG-025;ENG-044;ENG-086,Sólo existe evidencia ENG; se conserva como evidencia técnica subordinada.,NO,DIFERIDO_ENG_ONLY,,,"Sólo posee evidencia ENG subordinada. Se conserva para compatibilidad/evolución, pero no se canoniza automáticamente.",DIFERIDO_ENG_ONLY
slo,SLO,SLO,1,4,ENG,4,ENG-025;ENG-040;ENG-041;ENG-086,DEFINICION_EXPLICITA;ENCABEZADO,1,CANDIDATO_ENG_DEFINIDO,NO,NO_ASIGNADO,ENG_SUBORDINADO,,ENG-025;ENG-040;ENG-041;ENG-086,Sólo existe evidencia ENG; se conserva como evidencia técnica subordinada.,NO,DIFERIDO_ENG_ONLY,,,"Sólo posee evidencia ENG subordinada. Se conserva para compatibilidad/evolución, pero no se canoniza automáticamente.",DIFERIDO_ENG_ONLY
snapshot,Snapshot,Snapshot; snapshot,2,3,ENG,2,ENG-031;ENG-076,CODIGO_INLINE;ENCABEZADO,0,CANDIDATO_ENG_REPETIDO,NO,NO_ASIGNADO,ENG_SUBORDINADO,,ENG-031;ENG-076,Sólo existe evidencia ENG; se conserva como evidencia técnica subordinada.,NO,DIFERIDO_ENG_ONLY,,,"Sólo posee evidencia ENG subordinada. Se conserva para compatibilidad/evolución, pero no se canoniza automáticamente.",DIFERIDO_ENG_ONLY
snapshot consistency,Snapshot Consistency,Snapshot Consistency,1,8,ENG,8,ENG-025;ENG-027;ENG-049;ENG-053;ENG-057;ENG-059;ENG-069;ENG-076,ENCABEZADO,0,CANDIDATO_ENG_REPETIDO,NO,NO_ASIGNADO,ENG_SUBORDINADO,,ENG-025;ENG-027;ENG-049;ENG-053;ENG-057;ENG-059;ENG-069;ENG-076,Sólo existe evidencia ENG; se conserva como evidencia técnica subordinada.,NO,DIFERIDO_ENG_ONLY,,,"Sólo posee evidencia ENG subordinada. Se conserva para compatibilidad/evolución, pero no se canoniza automáticamente.",DIFERIDO_ENG_ONLY
snapshot identity,Snapshot Identity,Snapshot Identity,1,3,ENG,3,ENG-020;ENG-049;ENG-051,ENCABEZADO,0,CANDIDATO_ENG_REPETIDO,NO,NO_ASIGNADO,ENG_SUBORDINADO,,ENG-020;ENG-049;ENG-051,Sólo existe evidencia ENG; se conserva como evidencia técnica subordinada.,NO,DIFERIDO_ENG_ONLY,,,"Sólo posee evidencia ENG subordinada. Se conserva para compatibilidad/evolución, pero no se canoniza automáticamente.",DIFERIDO_ENG_ONLY
snapshot immutability,Snapshot Immutability,Snapshot Immutability,1,3,ENG,3,ENG-049;ENG-051;ENG-053,ENCABEZADO,0,CANDIDATO_ENG_REPETIDO,NO,NO_ASIGNADO,ENG_SUBORDINADO,,ENG-049;ENG-051;ENG-053,Sólo existe evidencia ENG; se conserva como evidencia técnica subordinada.,NO,DIFERIDO_ENG_ONLY,,,"Sólo posee evidencia ENG subordinada. Se conserva para compatibilidad/evolución, pero no se canoniza automáticamente.",DIFERIDO_ENG_ONLY
snapshot test,Snapshot Test,Snapshot Test; Snapshot Tests,2,5,ENG,5,ENG-009;ENG-020;ENG-049;ENG-050;ENG-051,ENCABEZADO,0,CANDIDATO_ENG_REPETIDO,NO,NO_ASIGNADO,ENG_SUBORDINADO,,ENG-009;ENG-020;ENG-049;ENG-050;ENG-051,Sólo existe evidencia ENG; se conserva como evidencia técnica subordinada.,NO,DIFERIDO_ENG_ONLY,,Snapshot Tests,"Sólo posee evidencia ENG subordinada. Se conserva para compatibilidad/evolución, pero no se canoniza automáticamente.",DIFERIDO_ENG_ONLY
soak test,Soak Test,Soak Test,1,6,ENG,5,ENG-026;ENG-038;ENG-040;ENG-041;ENG-070,ENCABEZADO,0,CANDIDATO_ENG_REPETIDO,NO,NO_ASIGNADO,ENG_SUBORDINADO,,ENG-026;ENG-038;ENG-040;ENG-041;ENG-070,Sólo existe evidencia ENG; se conserva como evidencia técnica subordinada.,NO,DIFERIDO_ENG_ONLY,,,"Sólo posee evidencia ENG subordinada. Se conserva para compatibilidad/evolución, pero no se canoniza automáticamente.",DIFERIDO_ENG_ONLY
source,Source,Source,1,3,ENG,2,ENG-082;ENG-089,CODIGO_INLINE;DEFINICION_EXPLICITA;ENCABEZADO,1,CANDIDATO_ENG_DEFINIDO,NO,NO_ASIGNADO,ENG_SUBORDINADO,,ENG-082;ENG-089,Sólo existe evidencia ENG; se conserva como evidencia técnica subordinada.,NO,DIFERIDO_ENG_ONLY,,,"Sólo posee evidencia ENG subordinada. Se conserva para compatibilidad/evolución, pero no se canoniza automáticamente.",DIFERIDO_ENG_ONLY
source adapter,Source Adapter,Source Adapter,1,3,ENG,1,ENG-088,CODIGO_INLINE;DEFINICION_EXPLICITA;ENCABEZADO,1,CANDIDATO_ENG_DEFINIDO,NO,NO_ASIGNADO,ENG_SUBORDINADO,,ENG-088,Sólo existe evidencia ENG; se conserva como evidencia técnica subordinada.,NO,DIFERIDO_ENG_ONLY,,,"Sólo posee evidencia ENG subordinada. Se conserva para compatibilidad/evolución, pero no se canoniza automáticamente.",DIFERIDO_ENG_ONLY
source identity,Source Identity,Source Identity,1,3,ENG,3,ENG-049;ENG-080;ENG-088,ENCABEZADO,0,CANDIDATO_ENG_REPETIDO,NO,NO_ASIGNADO,ENG_SUBORDINADO,,ENG-049;ENG-080;ENG-088,Sólo existe evidencia ENG; se conserva como evidencia técnica subordinada.,NO,DIFERIDO_ENG_ONLY,,,"Sólo posee evidencia ENG subordinada. Se conserva para compatibilidad/evolución, pero no se canoniza automáticamente.",DIFERIDO_ENG_ONLY
source of truth,Source of Truth,Source of Truth,1,11,ENG,11,ENG-008;ENG-016;ENG-020;ENG-021;ENG-028;ENG-030;ENG-036;ENG-037;ENG-053;ENG-077;ENG-079,ENCABEZADO,0,CANDIDATO_ENG_REPETIDO,NO,NO_ASIGNADO,ENG_SUBORDINADO,,ENG-008;ENG-016;ENG-020;ENG-021;ENG-028;ENG-030;ENG-036;ENG-037;ENG-053;ENG-077;ENG-079,Sólo existe evidencia ENG; se conserva como evidencia técnica subordinada.,NO,DIFERIDO_ENG_ONLY,,,"Sólo posee evidencia ENG subordinada. Se conserva para compatibilidad/evolución, pero no se canoniza automáticamente.",DIFERIDO_ENG_ONLY
specification,Specification,Specification,1,4,ENG,2,ENG-035;ENG-043,CODIGO_INLINE;ENCABEZADO,0,CANDIDATO_ENG_REPETIDO,NO,NO_ASIGNADO,ENG_SUBORDINADO,,ENG-035;ENG-043,Sólo existe evidencia ENG; se conserva como evidencia técnica subordinada.,NO,DIFERIDO_ENG_ONLY,,,"Sólo posee evidencia ENG subordinada. Se conserva para compatibilidad/evolución, pero no se canoniza automáticamente.",DIFERIDO_ENG_ONLY
split brain,Split Brain,Split Brain,1,3,ENG,3,ENG-038;ENG-073;ENG-078,ENCABEZADO,0,CANDIDATO_ENG_REPETIDO,NO,NO_ASIGNADO,ENG_SUBORDINADO,,ENG-038;ENG-073;ENG-078,Sólo existe evidencia ENG; se conserva como evidencia técnica subordinada.,NO,DIFERIDO_ENG_ONLY,,,"Sólo posee evidencia ENG subordinada. Se conserva para compatibilidad/evolución, pero no se canoniza automáticamente.",DIFERIDO_ENG_ONLY
sql injection,SQL Injection,SQL Injection,1,3,ENG,3,ENG-024;ENG-030;ENG-043,ENCABEZADO,0,CANDIDATO_ENG_REPETIDO,NO,NO_ASIGNADO,ENG_SUBORDINADO,,ENG-024;ENG-030;ENG-043,Sólo existe evidencia ENG; se conserva como evidencia técnica subordinada.,NO,DIFERIDO_ENG_ONLY,,,"Sólo posee evidencia ENG subordinada. Se conserva para compatibilidad/evolución, pero no se canoniza automáticamente.",DIFERIDO_ENG_ONLY
stable,Stable,Stable; stable,2,5,ENG,3,ENG-017;ENG-021;ENG-067,CODIGO_INLINE;ENCABEZADO,0,CANDIDATO_ENG_REPETIDO,NO,NO_ASIGNADO,ENG_SUBORDINADO,,ENG-017;ENG-021;ENG-067,Sólo existe evidencia ENG; se conserva como evidencia técnica subordinada.,NO,DIFERIDO_ENG_ONLY,,,"Sólo posee evidencia ENG subordinada. Se conserva para compatibilidad/evolución, pero no se canoniza automáticamente.",DIFERIDO_ENG_ONLY
stable identity,Stable Identity,Stable Identity,1,3,ENG,3,ENG-021;ENG-028;ENG-035,ENCABEZADO,0,CANDIDATO_ENG_REPETIDO,NO,NO_ASIGNADO,ENG_SUBORDINADO,,ENG-021;ENG-028;ENG-035,Sólo existe evidencia ENG; se conserva como evidencia técnica subordinada.,NO,DIFERIDO_ENG_ONLY,,,"Sólo posee evidencia ENG subordinada. Se conserva para compatibilidad/evolución, pero no se canoniza automáticamente.",DIFERIDO_ENG_ONLY
stack trace,Stack Trace,Stack Trace,1,3,ENG,3,ENG-023;ENG-025;ENG-044,ENCABEZADO,0,CANDIDATO_ENG_REPETIDO,NO,NO_ASIGNADO,ENG_SUBORDINADO,,ENG-023;ENG-025;ENG-044,Sólo existe evidencia ENG; se conserva como evidencia técnica subordinada.,NO,DIFERIDO_ENG_ONLY,,,"Sólo posee evidencia ENG subordinada. Se conserva para compatibilidad/evolución, pero no se canoniza automáticamente.",DIFERIDO_ENG_ONLY
stage,Stage,Stage,1,2,ENG,1,ENG-100,DEFINICION_EXPLICITA;TERMINO_DESTACADO,1,CANDIDATO_ENG_DEFINIDO,NO,NO_ASIGNADO,ENG_SUBORDINADO,,ENG-100,Sólo existe evidencia ENG; se conserva como evidencia técnica subordinada.,NO,DIFERIDO_ENG_ONLY,,,"Sólo posee evidencia ENG subordinada. Se conserva para compatibilidad/evolución, pero no se canoniza automáticamente.",DIFERIDO_ENG_ONLY
startup,Startup,Startup,1,4,ENG,3,ENG-039;ENG-055;ENG-069,DEFINICION_EXPLICITA;ENCABEZADO,1,CANDIDATO_ENG_DEFINIDO,NO,NO_ASIGNADO,ENG_SUBORDINADO,,ENG-039;ENG-055;ENG-069,Sólo existe evidencia ENG; se conserva como evidencia técnica subordinada.,NO,DIFERIDO_ENG_ONLY,,,"Sólo posee evidencia ENG subordinada. Se conserva para compatibilidad/evolución, pero no se canoniza automáticamente.",DIFERIDO_ENG_ONLY
startup failure,Startup Failure,Startup Failure,1,3,ENG,3,ENG-015;ENG-055;ENG-069,ENCABEZADO,0,CANDIDATO_ENG_REPETIDO,NO,NO_ASIGNADO,ENG_SUBORDINADO,,ENG-015;ENG-055;ENG-069,Sólo existe evidencia ENG; se conserva como evidencia técnica subordinada.,NO,DIFERIDO_ENG_ONLY,,,"Sólo posee evidencia ENG subordinada. Se conserva para compatibilidad/evolución, pero no se canoniza automáticamente.",DIFERIDO_ENG_ONLY
starvation,Starvation,Starvation,1,3,ENG,3,ENG-026;ENG-038;ENG-054,ENCABEZADO,0,CANDIDATO_ENG_REPETIDO,NO,NO_ASIGNADO,ENG_SUBORDINADO,,ENG-026;ENG-038;ENG-054,Sólo existe evidencia ENG; se conserva como evidencia técnica subordinada.,NO,DIFERIDO_ENG_ONLY,,,"Sólo posee evidencia ENG subordinada. Se conserva para compatibilidad/evolución, pero no se canoniza automáticamente.",DIFERIDO_ENG_ONLY
state,State,State; state,2,13,ENG,6,ENG-015;ENG-053;ENG-056;ENG-057;ENG-093;ENG-100,CODIGO_INLINE;DEFINICION_EXPLICITA;ENCABEZADO;TERMINO_DESTACADO,7,CANDIDATO_ENG_DEFINIDO,NO,NO_ASIGNADO,ENG_SUBORDINADO,,ENG-015;ENG-053;ENG-056;ENG-057;ENG-093;ENG-100,Sólo existe evidencia ENG; se conserva como evidencia técnica subordinada.,NO,DIFERIDO_ENG_ONLY,,,"Sólo posee evidencia ENG subordinada. Se conserva para compatibilidad/evolución, pero no se canoniza automáticamente.",DIFERIDO_ENG_ONLY
state integration,State Integration,State Integration,1,3,ENG,3,ENG-054;ENG-055;ENG-065,ENCABEZADO,0,CANDIDATO_ENG_REPETIDO,NO,NO_ASIGNADO,ENG_SUBORDINADO,,ENG-054;ENG-055;ENG-065,Sólo existe evidencia ENG; se conserva como evidencia técnica subordinada.,NO,DIFERIDO_ENG_ONLY,,,"Sólo posee evidencia ENG subordinada. Se conserva para compatibilidad/evolución, pero no se canoniza automáticamente.",DIFERIDO_ENG_ONLY
state machine,State Machine,State Machine,1,4,ENG,4,ENG-015;ENG-035;ENG-040;ENG-042,ENCABEZADO,0,CANDIDATO_ENG_REPETIDO,NO,NO_ASIGNADO,ENG_SUBORDINADO,,ENG-015;ENG-035;ENG-040;ENG-042,Sólo existe evidencia ENG; se conserva como evidencia técnica subordinada.,NO,DIFERIDO_ENG_ONLY,,,"Sólo posee evidencia ENG subordinada. Se conserva para compatibilidad/evolución, pero no se canoniza automáticamente.",DIFERIDO_ENG_ONLY
state machine integration,State Machine Integration,State Machine Integration,1,6,ENG,6,ENG-016;ENG-017;ENG-018;ENG-019;ENG-023;ENG-053,ENCABEZADO,0,CANDIDATO_ENG_REPETIDO,NO,NO_ASIGNADO,ENG_SUBORDINADO,,ENG-016;ENG-017;ENG-018;ENG-019;ENG-023;ENG-053,Sólo existe evidencia ENG; se conserva como evidencia técnica subordinada.,NO,DIFERIDO_ENG_ONLY,,,"Sólo posee evidencia ENG subordinada. Se conserva para compatibilidad/evolución, pero no se canoniza automáticamente.",DIFERIDO_ENG_ONLY
state management engineering,State Management Engineering,State Management Engineering,1,5,ENG,2,ENG-052;ENG-053,CODIGO_INLINE;ENCABEZADO;TERMINO_DESTACADO,0,CANDIDATO_ENG_REPETIDO,NO,NO_ASIGNADO,ENG_SUBORDINADO,,ENG-052;ENG-053,Sólo existe evidencia ENG; se conserva como evidencia técnica subordinada.,NO,DIFERIDO_ENG_ONLY,,,"Sólo posee evidencia ENG subordinada. Se conserva para compatibilidad/evolución, pero no se canoniza automáticamente.",DIFERIDO_ENG_ONLY
state migration,State Migration,State Migration,1,3,ENG,3,ENG-015;ENG-053;ENG-065,ENCABEZADO,0,CANDIDATO_ENG_REPETIDO,NO,NO_ASIGNADO,ENG_SUBORDINADO,,ENG-015;ENG-053;ENG-065,Sólo existe evidencia ENG; se conserva como evidencia técnica subordinada.,NO,DIFERIDO_ENG_ONLY,,,"Sólo posee evidencia ENG subordinada. Se conserva para compatibilidad/evolución, pero no se canoniza automáticamente.",DIFERIDO_ENG_ONLY
state persistence,State Persistence,State Persistence; State ≠ Persistence,2,3,ENG,2,ENG-015;ENG-053,ENCABEZADO,0,CANDIDATO_ENG_REPETIDO,NO,NO_ASIGNADO,ENG_SUBORDINADO,,ENG-015;ENG-053,Sólo existe evidencia ENG; se conserva como evidencia técnica subordinada.,NO,DIFERIDO_ENG_ONLY,,State ≠ Persistence,"Sólo posee evidencia ENG subordinada. Se conserva para compatibilidad/evolución, pero no se canoniza automáticamente.",DIFERIDO_ENG_ONLY
state recovery,State Recovery,State Recovery,1,3,ENG,3,ENG-053;ENG-065;ENG-076,ENCABEZADO,0,CANDIDATO_ENG_REPETIDO,NO,NO_ASIGNADO,ENG_SUBORDINADO,,ENG-053;ENG-065;ENG-076,Sólo existe evidencia ENG; se conserva como evidencia técnica subordinada.,NO,DIFERIDO_ENG_ONLY,,,"Sólo posee evidencia ENG subordinada. Se conserva para compatibilidad/evolución, pero no se canoniza automáticamente.",DIFERIDO_ENG_ONLY
state snapshot,State Snapshot,State Snapshot; state:snapshot,2,3,ENG,2,ENG-015;ENG-053,ENCABEZADO,0,CANDIDATO_ENG_REPETIDO,NO,NO_ASIGNADO,ENG_SUBORDINADO,,ENG-015;ENG-053,Sólo existe evidencia ENG; se conserva como evidencia técnica subordinada.,NO,DIFERIDO_ENG_ONLY,,state:snapshot,"Sólo posee evidencia ENG subordinada. Se conserva para compatibilidad/evolución, pero no se canoniza automáticamente.",DIFERIDO_ENG_ONLY
state transition,State Transition,State Transition,1,5,ENG,5,ENG-027;ENG-035;ENG-040;ENG-047;ENG-053,ENCABEZADO,0,CANDIDATO_ENG_REPETIDO,NO,NO_ASIGNADO,ENG_SUBORDINADO,,ENG-027;ENG-035;ENG-040;ENG-047;ENG-053,Sólo existe evidencia ENG; se conserva como evidencia técnica subordinada.,NO,DIFERIDO_ENG_ONLY,,,"Sólo posee evidencia ENG subordinada. Se conserva para compatibilidad/evolución, pero no se canoniza automáticamente.",DIFERIDO_ENG_ONLY
state version,State Version,State Version,1,3,ENG,3,ENG-015;ENG-053;ENG-065,ENCABEZADO,0,CANDIDATO_ENG_REPETIDO,NO,NO_ASIGNADO,ENG_SUBORDINADO,,ENG-015;ENG-053;ENG-065,Sólo existe evidencia ENG; se conserva como evidencia técnica subordinada.,NO,DIFERIDO_ENG_ONLY,,,"Sólo posee evidencia ENG subordinada. Se conserva para compatibilidad/evolución, pero no se canoniza automáticamente.",DIFERIDO_ENG_ONLY
static analysis,Static Analysis,Static Analysis,1,10,ENG,10,ENG-010;ENG-012;ENG-023;ENG-024;ENG-028;ENG-035;ENG-038;ENG-046;ENG-048;ENG-075,ENCABEZADO,0,CANDIDATO_ENG_REPETIDO,NO,NO_ASIGNADO,ENG_SUBORDINADO,,ENG-010;ENG-012;ENG-023;ENG-024;ENG-028;ENG-035;ENG-038;ENG-046;ENG-048;ENG-075,Sólo existe evidencia ENG; se conserva como evidencia técnica subordinada.,NO,DIFERIDO_ENG_ONLY,,,"Sólo posee evidencia ENG subordinada. Se conserva para compatibilidad/evolución, pero no se canoniza automáticamente.",DIFERIDO_ENG_ONLY
static validation,Static Validation,Static Validation,1,3,ENG,3,ENG-012;ENG-021;ENG-039,ENCABEZADO,0,CANDIDATO_ENG_REPETIDO,NO,NO_ASIGNADO,ENG_SUBORDINADO,,ENG-012;ENG-021;ENG-039,Sólo existe evidencia ENG; se conserva como evidencia técnica subordinada.,NO,DIFERIDO_ENG_ONLY,,,"Sólo posee evidencia ENG subordinada. Se conserva para compatibilidad/evolución, pero no se canoniza automáticamente.",DIFERIDO_ENG_ONLY
step ordering,Step Ordering,Step Ordering,1,4,ENG,4,ENG-065;ENG-066;ENG-067;ENG-076,ENCABEZADO,0,CANDIDATO_ENG_REPETIDO,NO,NO_ASIGNADO,ENG_SUBORDINADO,,ENG-065;ENG-066;ENG-067;ENG-076,Sólo existe evidencia ENG; se conserva como evidencia técnica subordinada.,NO,DIFERIDO_ENG_ONLY,,,"Sólo posee evidencia ENG subordinada. Se conserva para compatibilidad/evolución, pero no se canoniza automáticamente.",DIFERIDO_ENG_ONLY
stopped,Stopped,STOPPED; Stopped,2,4,ENG,2,ENG-015;ENG-027,CODIGO_INLINE;DEFINICION_EXPLICITA;ENCABEZADO,1,CANDIDATO_ENG_DEFINIDO,NO,NO_ASIGNADO,ENG_SUBORDINADO,,ENG-015;ENG-027,Sólo existe evidencia ENG; se conserva como evidencia técnica subordinada.,NO,DIFERIDO_ENG_ONLY,,,"Sólo posee evidencia ENG subordinada. Se conserva para compatibilidad/evolución, pero no se canoniza automáticamente.",DIFERIDO_ENG_ONLY
stopping,Stopping,STOPPING; Stopping,2,7,ENG,2,ENG-015;ENG-027,CODIGO_INLINE;DEFINICION_EXPLICITA;ENCABEZADO;TABLA_COLUMNA_PRINCIPAL,1,CANDIDATO_ENG_DEFINIDO,NO,NO_ASIGNADO,ENG_SUBORDINADO,,ENG-015;ENG-027,Sólo existe evidencia ENG; se conserva como evidencia técnica subordinada.,NO,DIFERIDO_ENG_ONLY,,,"Sólo posee evidencia ENG subordinada. Se conserva para compatibilidad/evolución, pero no se canoniza automáticamente.",DIFERIDO_ENG_ONLY
streaming,Streaming,Streaming,1,6,ENG,6,ENG-007;ENG-030;ENG-031;ENG-032;ENG-044;ENG-061,ENCABEZADO,0,CANDIDATO_ENG_REPETIDO,NO,NO_ASIGNADO,ENG_SUBORDINADO,,ENG-007;ENG-030;ENG-031;ENG-032;ENG-044;ENG-061,Sólo existe evidencia ENG; se conserva como evidencia técnica subordinada.,NO,DIFERIDO_ENG_ONLY,,,"Sólo posee evidencia ENG subordinada. Se conserva para compatibilidad/evolución, pero no se canoniza automáticamente.",DIFERIDO_ENG_ONLY
stress test,Stress Test,Stress Test,1,4,ENG,3,ENG-026;ENG-038;ENG-070,ENCABEZADO,0,CANDIDATO_ENG_REPETIDO,NO,NO_ASIGNADO,ENG_SUBORDINADO,,ENG-026;ENG-038;ENG-070,Sólo existe evidencia ENG; se conserva como evidencia técnica subordinada.,NO,DIFERIDO_ENG_ONLY,,,"Sólo posee evidencia ENG subordinada. Se conserva para compatibilidad/evolución, pero no se canoniza automáticamente.",DIFERIDO_ENG_ONLY
strict mode,Strict Mode,Strict Mode,1,3,ENG,3,ENG-011;ENG-016;ENG-031,ENCABEZADO,0,CANDIDATO_ENG_REPETIDO,NO,NO_ASIGNADO,ENG_SUBORDINADO,,ENG-011;ENG-016;ENG-031,Sólo existe evidencia ENG; se conserva como evidencia técnica subordinada.,NO,DIFERIDO_ENG_ONLY,,,"Sólo posee evidencia ENG subordinada. Se conserva para compatibilidad/evolución, pero no se canoniza automáticamente.",DIFERIDO_ENG_ONLY
strong consistency,Strong Consistency,Strong Consistency,1,4,ENG,4,ENG-037;ENG-049;ENG-053;ENG-078,ENCABEZADO,0,CANDIDATO_ENG_REPETIDO,NO,NO_ASIGNADO,ENG_SUBORDINADO,,ENG-037;ENG-049;ENG-053;ENG-078,Sólo existe evidencia ENG; se conserva como evidencia técnica subordinada.,NO,DIFERIDO_ENG_ONLY,,,"Sólo posee evidencia ENG subordinada. Se conserva para compatibilidad/evolución, pero no se canoniza automáticamente.",DIFERIDO_ENG_ONLY
structural validation,Structural Validation,Structural Validation,1,3,ENG,3,ENG-028;ENG-035;ENG-036,ENCABEZADO,0,CANDIDATO_ENG_REPETIDO,NO,NO_ASIGNADO,ENG_SUBORDINADO,,ENG-028;ENG-035;ENG-036,Sólo existe evidencia ENG; se conserva como evidencia técnica subordinada.,NO,DIFERIDO_ENG_ONLY,,,"Sólo posee evidencia ENG subordinada. Se conserva para compatibilidad/evolución, pero no se canoniza automáticamente.",DIFERIDO_ENG_ONLY
structured logging,Structured Logging,Structured Logging,1,3,ENG,2,ENG-010;ENG-082,ENCABEZADO;TERMINO_DESTACADO,0,CANDIDATO_ENG_REPETIDO,NO,NO_ASIGNADO,ENG_SUBORDINADO,,ENG-010;ENG-082,Sólo existe evidencia ENG; se conserva como evidencia técnica subordinada.,NO,DIFERIDO_ENG_ONLY,,,"Sólo posee evidencia ENG subordinada. Se conserva para compatibilidad/evolución, pero no se canoniza automáticamente.",DIFERIDO_ENG_ONLY
su objetivo,Su objetivo,Su objetivo,1,4,ENG,4,ENG-005;ENG-007;ENG-011;ENG-018,DEFINICION_EXPLICITA,4,CANDIDATO_ENG_DEFINIDO,NO,NO_ASIGNADO,ENG_SUBORDINADO,,ENG-005;ENG-007;ENG-011;ENG-018,Sólo existe evidencia ENG; se conserva como evidencia técnica subordinada.,NO,DIFERIDO_ENG_ONLY,,,"Sólo posee evidencia ENG subordinada. Se conserva para compatibilidad/evolución, pero no se canoniza automáticamente.",DIFERIDO_ENG_ONLY
subject,Subject,Subject,1,7,ENG,3,ENG-024;ENG-045;ENG-046,CODIGO_INLINE;DEFINICION_EXPLICITA;ENCABEZADO,2,CANDIDATO_ENG_DEFINIDO,NO,NO_ASIGNADO,ENG_SUBORDINADO,,ENG-024;ENG-045;ENG-046,Sólo existe evidencia ENG; se conserva como evidencia técnica subordinada.,NO,DIFERIDO_ENG_ONLY,,,"Sólo posee evidencia ENG subordinada. Se conserva para compatibilidad/evolución, pero no se canoniza automáticamente.",DIFERIDO_ENG_ONLY
subscriber,Subscriber,Subscriber; Subscribers,2,3,ENG,3,ENG-005;ENG-022;ENG-041,ENCABEZADO,0,CANDIDATO_ENG_REPETIDO,NO,NO_ASIGNADO,ENG_SUBORDINADO,,ENG-005;ENG-022;ENG-041,Sólo existe evidencia ENG; se conserva como evidencia técnica subordinada.,NO,DIFERIDO_ENG_ONLY,,Subscribers,"Sólo posee evidencia ENG subordinada. Se conserva para compatibilidad/evolución, pero no se canoniza automáticamente.",DIFERIDO_ENG_ONLY
subscription,Subscription,Subscription,1,2,ENG,2,ENG-041;ENG-086,DEFINICION_EXPLICITA;ENCABEZADO,1,CANDIDATO_ENG_DEFINIDO,NO,NO_ASIGNADO,ENG_SUBORDINADO,,ENG-041;ENG-086,Sólo existe evidencia ENG; se conserva como evidencia técnica subordinada.,NO,DIFERIDO_ENG_ONLY,,,"Sólo posee evidencia ENG subordinada. Se conserva para compatibilidad/evolución, pero no se canoniza automáticamente.",DIFERIDO_ENG_ONLY
supply chain security,Supply Chain Security,Supply Chain Security,1,3,ENG,3,ENG-017;ENG-060;ENG-067,ENCABEZADO,0,CANDIDATO_ENG_REPETIDO,NO,NO_ASIGNADO,ENG_SUBORDINADO,,ENG-017;ENG-060;ENG-067,Sólo existe evidencia ENG; se conserva como evidencia técnica subordinada.,NO,DIFERIDO_ENG_ONLY,,,"Sólo posee evidencia ENG subordinada. Se conserva para compatibilidad/evolución, pero no se canoniza automáticamente.",DIFERIDO_ENG_ONLY
synchronization,Synchronization,Synchronization,1,4,ENG,3,ENG-038;ENG-061;ENG-094,CODIGO_INLINE;ENCABEZADO,0,CANDIDATO_ENG_REPETIDO,NO,NO_ASIGNADO,ENG_SUBORDINADO,,ENG-038;ENG-061;ENG-094,Sólo existe evidencia ENG; se conserva como evidencia técnica subordinada.,NO,DIFERIDO_ENG_ONLY,,,"Sólo posee evidencia ENG subordinada. Se conserva para compatibilidad/evolución, pero no se canoniza automáticamente.",DIFERIDO_ENG_ONLY
syntax validation,Syntax Validation,Syntax Validation,1,3,ENG,3,ENG-044;ENG-049;ENG-051,ENCABEZADO,0,CANDIDATO_ENG_REPETIDO,NO,NO_ASIGNADO,ENG_SUBORDINADO,,ENG-044;ENG-049;ENG-051,Sólo existe evidencia ENG; se conserva como evidencia técnica subordinada.,NO,DIFERIDO_ENG_ONLY,,,"Sólo posee evidencia ENG subordinada. Se conserva para compatibilidad/evolución, pero no se canoniza automáticamente.",DIFERIDO_ENG_ONLY
tail latency,Tail Latency,Tail Latency,1,4,ENG,4,ENG-026;ENG-032;ENG-039;ENG-070,ENCABEZADO,0,CANDIDATO_ENG_REPETIDO,NO,NO_ASIGNADO,ENG_SUBORDINADO,,ENG-026;ENG-032;ENG-039;ENG-070,Sólo existe evidencia ENG; se conserva como evidencia técnica subordinada.,NO,DIFERIDO_ENG_ONLY,,,"Sólo posee evidencia ENG subordinada. Se conserva para compatibilidad/evolución, pero no se canoniza automáticamente.",DIFERIDO_ENG_ONLY
taxonomia de error,Taxonomía de Errores,Taxonomía de Errores,1,4,ENG,4,ENG-082;ENG-083;ENG-084;ENG-085,ENCABEZADO,0,CANDIDATO_ENG_REPETIDO,NO,NO_ASIGNADO,ENG_SUBORDINADO,,ENG-082;ENG-083;ENG-084;ENG-085,Sólo existe evidencia ENG; se conserva como evidencia técnica subordinada.,NO,DIFERIDO_ENG_ONLY,,,"Sólo posee evidencia ENG subordinada. Se conserva para compatibilidad/evolución, pero no se canoniza automáticamente.",DIFERIDO_ENG_ONLY
technology independence,Technology Independence,Technology Independence,1,3,ENG,3,ENG-022;ENG-025;ENG-035,ENCABEZADO,0,CANDIDATO_ENG_REPETIDO,NO,NO_ASIGNADO,ENG_SUBORDINADO,,ENG-022;ENG-025;ENG-035,Sólo existe evidencia ENG; se conserva como evidencia técnica subordinada.,NO,DIFERIDO_ENG_ONLY,,,"Sólo posee evidencia ENG subordinada. Se conserva para compatibilidad/evolución, pero no se canoniza automáticamente.",DIFERIDO_ENG_ONLY
technology neutrality,Technology Neutrality,Technology Neutrality,1,4,ENG,4,ENG-020;ENG-021;ENG-023;ENG-030,ENCABEZADO,0,CANDIDATO_ENG_REPETIDO,NO,NO_ASIGNADO,ENG_SUBORDINADO,,ENG-020;ENG-021;ENG-023;ENG-030,Sólo existe evidencia ENG; se conserva como evidencia técnica subordinada.,NO,DIFERIDO_ENG_ONLY,,,"Sólo posee evidencia ENG subordinada. Se conserva para compatibilidad/evolución, pero no se canoniza automáticamente.",DIFERIDO_ENG_ONLY
telemetry,Telemetry,Telemetry,1,4,ENG,2,ENG-025;ENG-082,DEFINICION_EXPLICITA;ENCABEZADO,2,CANDIDATO_ENG_DEFINIDO,NO,NO_ASIGNADO,ENG_SUBORDINADO,,ENG-025;ENG-082,Sólo existe evidencia ENG; se conserva como evidencia técnica subordinada.,NO,DIFERIDO_ENG_ONLY,,,"Sólo posee evidencia ENG subordinada. Se conserva para compatibilidad/evolución, pero no se canoniza automáticamente.",DIFERIDO_ENG_ONLY
tenant,Tenant,Tenant,1,8,ENG,6,ENG-034;ENG-035;ENG-037;ENG-048;ENG-056;ENG-068,CODIGO_INLINE;DEFINICION_EXPLICITA;ENCABEZADO;TABLA_COLUMNA_PRINCIPAL,2,CANDIDATO_ENG_DEFINIDO,NO,NO_ASIGNADO,ENG_SUBORDINADO,,ENG-034;ENG-035;ENG-037;ENG-048;ENG-056;ENG-068,Sólo existe evidencia ENG; se conserva como evidencia técnica subordinada.,NO,DIFERIDO_ENG_ONLY,,,"Sólo posee evidencia ENG subordinada. Se conserva para compatibilidad/evolución, pero no se canoniza automáticamente.",DIFERIDO_ENG_ONLY
tenant context,Tenant Context,Tenant Context,1,6,ENG,6,ENG-038;ENG-043;ENG-044;ENG-046;ENG-048;ENG-056,ENCABEZADO,0,CANDIDATO_ENG_REPETIDO,NO,NO_ASIGNADO,ENG_SUBORDINADO,,ENG-038;ENG-043;ENG-044;ENG-046;ENG-048;ENG-056,Sólo existe evidencia ENG; se conserva como evidencia técnica subordinada.,NO,DIFERIDO_ENG_ONLY,,,"Sólo posee evidencia ENG subordinada. Se conserva para compatibilidad/evolución, pero no se canoniza automáticamente.",DIFERIDO_ENG_ONLY
tenant isolation,Tenant Isolation,Tenant Isolation,1,13,ENG,13,ENG-024;ENG-037;ENG-040;ENG-041;ENG-042;ENG-043;ENG-048;ENG-052;ENG-053;ENG-054;ENG-056;ENG-063;ENG-074,ENCABEZADO,0,CANDIDATO_ENG_REPETIDO,NO,NO_ASIGNADO,ENG_SUBORDINADO,,ENG-024;ENG-037;ENG-040;ENG-041;ENG-042;ENG-043;ENG-048;ENG-052;ENG-053;ENG-054;ENG-056;ENG-063;ENG-074,Sólo existe evidencia ENG; se conserva como evidencia técnica subordinada.,NO,DIFERIDO_ENG_ONLY,,,"Sólo posee evidencia ENG subordinada. Se conserva para compatibilidad/evolución, pero no se canoniza automáticamente.",DIFERIDO_ENG_ONLY
tenant isolation test,Tenant Isolation Test,Tenant Isolation Test,1,11,ENG,11,ENG-037;ENG-043;ENG-044;ENG-046;ENG-050;ENG-051;ENG-052;ENG-053;ENG-054;ENG-060;ENG-065,ENCABEZADO,0,CANDIDATO_ENG_REPETIDO,NO,NO_ASIGNADO,ENG_SUBORDINADO,,ENG-037;ENG-043;ENG-044;ENG-046;ENG-050;ENG-051;ENG-052;ENG-053;ENG-054;ENG-060;ENG-065,Sólo existe evidencia ENG; se conserva como evidencia técnica subordinada.,NO,DIFERIDO_ENG_ONLY,,,"Sólo posee evidencia ENG subordinada. Se conserva para compatibilidad/evolución, pero no se canoniza automáticamente.",DIFERIDO_ENG_ONLY
tenant membership,Tenant Membership,Tenant Membership,1,3,ENG,3,ENG-046;ENG-047;ENG-048,ENCABEZADO,0,CANDIDATO_ENG_REPETIDO,NO,NO_ASIGNADO,ENG_SUBORDINADO,,ENG-046;ENG-047;ENG-048,Sólo existe evidencia ENG; se conserva como evidencia técnica subordinada.,NO,DIFERIDO_ENG_ONLY,,,"Sólo posee evidencia ENG subordinada. Se conserva para compatibilidad/evolución, pero no se canoniza automáticamente.",DIFERIDO_ENG_ONLY
tenant override,Tenant Override,Tenant Override,1,3,ENG,3,ENG-048;ENG-049;ENG-081,ENCABEZADO,0,CANDIDATO_ENG_REPETIDO,NO,NO_ASIGNADO,ENG_SUBORDINADO,,ENG-048;ENG-049;ENG-081,Sólo existe evidencia ENG; se conserva como evidencia técnica subordinada.,NO,DIFERIDO_ENG_ONLY,,,"Sólo posee evidencia ENG subordinada. Se conserva para compatibilidad/evolución, pero no se canoniza automáticamente.",DIFERIDO_ENG_ONLY
tenant spoofing,Tenant Spoofing,Tenant Spoofing,1,3,ENG,2,ENG-048;ENG-056,ENCABEZADO,0,CANDIDATO_ENG_REPETIDO,NO,NO_ASIGNADO,ENG_SUBORDINADO,,ENG-048;ENG-056,Sólo existe evidencia ENG; se conserva como evidencia técnica subordinada.,NO,DIFERIDO_ENG_ONLY,,,"Sólo posee evidencia ENG subordinada. Se conserva para compatibilidad/evolución, pero no se canoniza automáticamente.",DIFERIDO_ENG_ONLY
tenant test,Tenant Test,Tenant Test,1,3,ENG,3,ENG-042;ENG-056;ENG-059,ENCABEZADO,0,CANDIDATO_ENG_REPETIDO,NO,NO_ASIGNADO,ENG_SUBORDINADO,,ENG-042;ENG-056;ENG-059,Sólo existe evidencia ENG; se conserva como evidencia técnica subordinada.,NO,DIFERIDO_ENG_ONLY,,,"Sólo posee evidencia ENG subordinada. Se conserva para compatibilidad/evolución, pero no se canoniza automáticamente.",DIFERIDO_ENG_ONLY
tenantcontext,TenantContext,TenantContext,1,2,ENG,1,ENG-048,CODIGO_INLINE;DEFINICION_EXPLICITA,1,CANDIDATO_ENG_DEFINIDO,NO,NO_ASIGNADO,ENG_SUBORDINADO,,ENG-048,Sólo existe evidencia ENG; se conserva como evidencia técnica subordinada.,NO,DIFERIDO_ENG_ONLY,,,"Sólo posee evidencia ENG subordinada. Se conserva para compatibilidad/evolución, pero no se canoniza automáticamente.",DIFERIDO_ENG_ONLY
tercera fase,Tercera Fase,Tercera Fase,1,9,ENG,9,ENG-017;ENG-018;ENG-019;ENG-020;ENG-021;ENG-022;ENG-023;ENG-024;ENG-025,ENCABEZADO,0,CANDIDATO_ENG_REPETIDO,NO,NO_ASIGNADO,ENG_SUBORDINADO,,ENG-017;ENG-018;ENG-019;ENG-020;ENG-021;ENG-022;ENG-023;ENG-024;ENG-025,Sólo existe evidencia ENG; se conserva como evidencia técnica subordinada.,NO,DIFERIDO_ENG_ONLY,,,"Sólo posee evidencia ENG subordinada. Se conserva para compatibilidad/evolución, pero no se canoniza automáticamente.",DIFERIDO_ENG_ONLY
test data,Test Data,Test Data,1,3,ENG,3,ENG-009;ENG-024;ENG-030,ENCABEZADO,0,CANDIDATO_ENG_REPETIDO,NO,NO_ASIGNADO,ENG_SUBORDINADO,,ENG-009;ENG-024;ENG-030,Sólo existe evidencia ENG; se conserva como evidencia técnica subordinada.,NO,DIFERIDO_ENG_ONLY,,,"Sólo posee evidencia ENG subordinada. Se conserva para compatibilidad/evolución, pero no se canoniza automáticamente.",DIFERIDO_ENG_ONLY
test isolation,Test Isolation,Test Isolation,1,3,ENG,3,ENG-027;ENG-034;ENG-068,ENCABEZADO,0,CANDIDATO_ENG_REPETIDO,NO,NO_ASIGNADO,ENG_SUBORDINADO,,ENG-027;ENG-034;ENG-068,Sólo existe evidencia ENG; se conserva como evidencia técnica subordinada.,NO,DIFERIDO_ENG_ONLY,,,"Sólo posee evidencia ENG subordinada. Se conserva para compatibilidad/evolución, pero no se canoniza automáticamente.",DIFERIDO_ENG_ONLY
testing,Testing,Testing,1,73,ENG,72,ENG-002;ENG-009;ENG-010;ENG-011;ENG-012;ENG-013;ENG-015;ENG-018;ENG-019;ENG-020;ENG-022;ENG-023;ENG-025;ENG-028;ENG-029;ENG-030;ENG-031;ENG-032;ENG-034;ENG-035;ENG-037;ENG-038;ENG-039;ENG-040;ENG-041;ENG-042;ENG-043;ENG-044;ENG-045;ENG-046;ENG-047;ENG-048;ENG-049;ENG-050;ENG-051;ENG-052;ENG-053;ENG-054;ENG-055;ENG-056;ENG-058;ENG-059;ENG-060;ENG-061;ENG-062;ENG-063;ENG-064;ENG-065;ENG-066;ENG-067;ENG-068;ENG-069;ENG-070;ENG-071;ENG-072;ENG-073;ENG-075;ENG-076;ENG-077;ENG-078;ENG-079;ENG-080;ENG-081;ENG-087;ENG-088;ENG-089;ENG-090;ENG-091;ENG-092;ENG-093;ENG-094;ENG-100,ENCABEZADO;TERMINO_DESTACADO,0,CANDIDATO_ENG_REPETIDO,NO,NO_ASIGNADO,ENG_SUBORDINADO,,ENG-002;ENG-009;ENG-010;ENG-011;ENG-012;ENG-013;ENG-015;ENG-018;ENG-019;ENG-020;ENG-022;ENG-023;ENG-025;ENG-028;ENG-029;ENG-030;ENG-031;ENG-032;ENG-034;ENG-035;ENG-037;ENG-038;ENG-039;ENG-040;ENG-041;ENG-042;ENG-043;ENG-044;ENG-045;ENG-046;ENG-047;ENG-048;ENG-049;ENG-050;ENG-051;ENG-052;ENG-053;ENG-054;ENG-055;ENG-056;ENG-058;ENG-059;ENG-060;ENG-061;ENG-062;ENG-063;ENG-064;ENG-065;ENG-066;ENG-067;ENG-068;ENG-069;ENG-070;ENG-071;ENG-072;ENG-073;ENG-075;ENG-076;ENG-077;ENG-078;ENG-079;ENG-080;ENG-081;ENG-087;ENG-088;ENG-089;ENG-090;ENG-091;ENG-092;ENG-093;ENG-094;ENG-100,Sólo existe evidencia ENG; se conserva como evidencia técnica subordinada.,NO,DIFERIDO_ENG_ONLY,,,"Sólo posee evidencia ENG subordinada. Se conserva para compatibilidad/evolución, pero no se canoniza automáticamente.",DIFERIDO_ENG_ONLY
testing integration,Testing Integration,Testing Integration,1,5,ENG,4,ENG-016;ENG-017;ENG-024;ENG-026,ENCABEZADO,0,CANDIDATO_ENG_REPETIDO,NO,NO_ASIGNADO,ENG_SUBORDINADO,,ENG-016;ENG-017;ENG-024;ENG-026,Sólo existe evidencia ENG; se conserva como evidencia técnica subordinada.,NO,DIFERIDO_ENG_ONLY,,,"Sólo posee evidencia ENG subordinada. Se conserva para compatibilidad/evolución, pero no se canoniza automáticamente.",DIFERIDO_ENG_ONLY
third phase,Third Phase,Third Phase,1,57,ENG,57,ENG-026;ENG-028;ENG-029;ENG-030;ENG-031;ENG-032;ENG-034;ENG-035;ENG-036;ENG-037;ENG-038;ENG-039;ENG-040;ENG-041;ENG-042;ENG-043;ENG-044;ENG-045;ENG-046;ENG-047;ENG-048;ENG-049;ENG-050;ENG-051;ENG-052;ENG-053;ENG-054;ENG-055;ENG-056;ENG-057;ENG-058;ENG-059;ENG-060;ENG-061;ENG-062;ENG-063;ENG-064;ENG-065;ENG-066;ENG-067;ENG-068;ENG-069;ENG-070;ENG-071;ENG-072;ENG-073;ENG-074;ENG-075;ENG-076;ENG-077;ENG-078;ENG-079;ENG-080;ENG-081;ENG-083;ENG-084;ENG-085,ENCABEZADO,0,CANDIDATO_ENG_REPETIDO,NO,NO_ASIGNADO,ENG_SUBORDINADO,,ENG-026;ENG-028;ENG-029;ENG-030;ENG-031;ENG-032;ENG-034;ENG-035;ENG-036;ENG-037;ENG-038;ENG-039;ENG-040;ENG-041;ENG-042;ENG-043;ENG-044;ENG-045;ENG-046;ENG-047;ENG-048;ENG-049;ENG-050;ENG-051;ENG-052;ENG-053;ENG-054;ENG-055;ENG-056;ENG-057;ENG-058;ENG-059;ENG-060;ENG-061;ENG-062;ENG-063;ENG-064;ENG-065;ENG-066;ENG-067;ENG-068;ENG-069;ENG-070;ENG-071;ENG-072;ENG-073;ENG-074;ENG-075;ENG-076;ENG-077;ENG-078;ENG-079;ENG-080;ENG-081;ENG-083;ENG-084;ENG-085,Sólo existe evidencia ENG; se conserva como evidencia técnica subordinada.,NO,DIFERIDO_ENG_ONLY,,,"Sólo posee evidencia ENG subordinada. Se conserva para compatibilidad/evolución, pero no se canoniza automáticamente.",DIFERIDO_ENG_ONLY
thread safety,Thread Safety,Thread Safety,1,3,ENG,3,ENG-019;ENG-022;ENG-038,ENCABEZADO,0,CANDIDATO_ENG_REPETIDO,NO,NO_ASIGNADO,ENG_SUBORDINADO,,ENG-019;ENG-022;ENG-038,Sólo existe evidencia ENG; se conserva como evidencia técnica subordinada.,NO,DIFERIDO_ENG_ONLY,,,"Sólo posee evidencia ENG subordinada. Se conserva para compatibilidad/evolución, pero no se canoniza automáticamente.",DIFERIDO_ENG_ONLY
throughput,Throughput,Throughput,1,3,ENG,2,ENG-026;ENG-070,DEFINICION_EXPLICITA;ENCABEZADO,1,CANDIDATO_ENG_DEFINIDO,NO,NO_ASIGNADO,ENG_SUBORDINADO,,ENG-026;ENG-070,Sólo existe evidencia ENG; se conserva como evidencia técnica subordinada.,NO,DIFERIDO_ENG_ONLY,,,"Sólo posee evidencia ENG subordinada. Se conserva para compatibilidad/evolución, pero no se canoniza automáticamente.",DIFERIDO_ENG_ONLY
time to live,Time To Live,Time To Live,1,2,ENG,1,ENG-037,CODIGO_INLINE;DEFINICION_EXPLICITA,1,CANDIDATO_ENG_DEFINIDO,NO,NO_ASIGNADO,ENG_SUBORDINADO,,ENG-037,Sólo existe evidencia ENG; se conserva como evidencia técnica subordinada.,NO,DIFERIDO_ENG_ONLY,,,"Sólo posee evidencia ENG subordinada. Se conserva para compatibilidad/evolución, pero no se canoniza automáticamente.",DIFERIDO_ENG_ONLY
timeout,Timeout,Timeout; Timeouts,2,10,ENG,8,ENG-022;ENG-023;ENG-024;ENG-026;ENG-032;ENG-034;ENG-039;ENG-044,CODIGO_INLINE;DEFINICION_EXPLICITA;ENCABEZADO,1,CANDIDATO_ENG_DEFINIDO,NO,NO_ASIGNADO,ENG_SUBORDINADO,,ENG-022;ENG-023;ENG-024;ENG-026;ENG-032;ENG-034;ENG-039;ENG-044,Sólo existe evidencia ENG; se conserva como evidencia técnica subordinada.,NO,DIFERIDO_ENG_ONLY,,Timeouts,"Sólo posee evidencia ENG subordinada. Se conserva para compatibilidad/evolución, pero no se canoniza automáticamente.",DIFERIDO_ENG_ONLY
timeout budget,Timeout Budget,Timeout Budget,1,4,ENG,4,ENG-026;ENG-032;ENG-054;ENG-070,ENCABEZADO,0,CANDIDATO_ENG_REPETIDO,NO,NO_ASIGNADO,ENG_SUBORDINADO,,ENG-026;ENG-032;ENG-054;ENG-070,Sólo existe evidencia ENG; se conserva como evidencia técnica subordinada.,NO,DIFERIDO_ENG_ONLY,,,"Sólo posee evidencia ENG subordinada. Se conserva para compatibilidad/evolución, pero no se canoniza automáticamente.",DIFERIDO_ENG_ONLY
timeout test,Timeout Test,Timeout Test,1,9,ENG,9,ENG-032;ENG-034;ENG-039;ENG-042;ENG-044;ENG-052;ENG-055;ENG-061;ENG-069,ENCABEZADO,0,CANDIDATO_ENG_REPETIDO,NO,NO_ASIGNADO,ENG_SUBORDINADO,,ENG-032;ENG-034;ENG-039;ENG-042;ENG-044;ENG-052;ENG-055;ENG-061;ENG-069,Sólo existe evidencia ENG; se conserva como evidencia técnica subordinada.,NO,DIFERIDO_ENG_ONLY,,,"Sólo posee evidencia ENG subordinada. Se conserva para compatibilidad/evolución, pero no se canoniza automáticamente.",DIFERIDO_ENG_ONLY
timezone,Timezone,Timezone,1,4,ENG,4,ENG-030;ENG-031;ENG-044;ENG-061,ENCABEZADO,0,CANDIDATO_ENG_REPETIDO,NO,NO_ASIGNADO,ENG_SUBORDINADO,,ENG-030;ENG-031;ENG-044;ENG-061,Sólo existe evidencia ENG; se conserva como evidencia técnica subordinada.,NO,DIFERIDO_ENG_ONLY,,,"Sólo posee evidencia ENG subordinada. Se conserva para compatibilidad/evolución, pero no se canoniza automáticamente.",DIFERIDO_ENG_ONLY
tipo,Tipo,Tipo,1,3,ENG,2,ENG-002;ENG-003,ENCABEZADO;TABLA_COLUMNA_PRINCIPAL,0,CANDIDATO_ENG_REPETIDO,NO,NO_ASIGNADO,ENG_SUBORDINADO,,ENG-002;ENG-003,Sólo existe evidencia ENG; se conserva como evidencia técnica subordinada.,NO,DIFERIDO_ENG_ONLY,,,"Sólo posee evidencia ENG subordinada. Se conserva para compatibilidad/evolución, pero no se canoniza automáticamente.",DIFERIDO_ENG_ONLY
toctou,TOCTOU,TOCTOU,1,3,ENG,3,ENG-024;ENG-038;ENG-042,CODIGO_INLINE;ENCABEZADO,0,CANDIDATO_ENG_REPETIDO,NO,NO_ASIGNADO,ENG_SUBORDINADO,,ENG-024;ENG-038;ENG-042,Sólo existe evidencia ENG; se conserva como evidencia técnica subordinada.,NO,DIFERIDO_ENG_ONLY,,,"Sólo posee evidencia ENG subordinada. Se conserva para compatibilidad/evolución, pero no se canoniza automáticamente.",DIFERIDO_ENG_ONLY
tombstone,Tombstone,Tombstone,1,3,ENG,3,ENG-041;ENG-047;ENG-077,ENCABEZADO,0,CANDIDATO_ENG_REPETIDO,NO,NO_ASIGNADO,ENG_SUBORDINADO,,ENG-041;ENG-047;ENG-077,Sólo existe evidencia ENG; se conserva como evidencia técnica subordinada.,NO,DIFERIDO_ENG_ONLY,,,"Sólo posee evidencia ENG subordinada. Se conserva para compatibilidad/evolución, pero no se canoniza automáticamente.",DIFERIDO_ENG_ONLY
trace,Trace,TRACE; Trace,2,9,ENG,6,ENG-010;ENG-025;ENG-038;ENG-039;ENG-040;ENG-056,CODIGO_INLINE;DEFINICION_EXPLICITA;ENCABEZADO;TABLA_COLUMNA_PRINCIPAL,1,CANDIDATO_ENG_DEFINIDO,NO,NO_ASIGNADO,ENG_SUBORDINADO,,ENG-010;ENG-025;ENG-038;ENG-039;ENG-040;ENG-056,Sólo existe evidencia ENG; se conserva como evidencia técnica subordinada.,NO,DIFERIDO_ENG_ONLY,,,"Sólo posee evidencia ENG subordinada. Se conserva para compatibilidad/evolución, pero no se canoniza automáticamente.",DIFERIDO_ENG_ONLY
trace context,Trace Context,Trace Context,1,8,ENG,7,ENG-010;ENG-022;ENG-025;ENG-032;ENG-041;ENG-044;ENG-056,ENCABEZADO,0,CANDIDATO_ENG_REPETIDO,NO,NO_ASIGNADO,ENG_SUBORDINADO,,ENG-010;ENG-022;ENG-025;ENG-032;ENG-041;ENG-044;ENG-056,Sólo existe evidencia ENG; se conserva como evidencia técnica subordinada.,NO,DIFERIDO_ENG_ONLY,,,"Sólo posee evidencia ENG subordinada. Se conserva para compatibilidad/evolución, pero no se canoniza automáticamente.",DIFERIDO_ENG_ONLY
tracing,Tracing,Tracing,1,8,ENG,8,ENG-022;ENG-023;ENG-031;ENG-041;ENG-042;ENG-052;ENG-064;ENG-082,ENCABEZADO,0,CANDIDATO_ENG_REPETIDO,NO,NO_ASIGNADO,ENG_SUBORDINADO,,ENG-022;ENG-023;ENG-031;ENG-041;ENG-042;ENG-052;ENG-064;ENG-082,Sólo existe evidencia ENG; se conserva como evidencia técnica subordinada.,NO,DIFERIDO_ENG_ONLY,,,"Sólo posee evidencia ENG subordinada. Se conserva para compatibilidad/evolución, pero no se canoniza automáticamente.",DIFERIDO_ENG_ONLY
transaction,Transaction,Transaction; transaction,2,4,ENG,3,ENG-018;ENG-030;ENG-042,CODIGO_INLINE;ENCABEZADO,0,CANDIDATO_ENG_REPETIDO,NO,NO_ASIGNADO,ENG_SUBORDINADO,,ENG-018;ENG-030;ENG-042,Sólo existe evidencia ENG; se conserva como evidencia técnica subordinada.,NO,DIFERIDO_ENG_ONLY,,,"Sólo posee evidencia ENG subordinada. Se conserva para compatibilidad/evolución, pero no se canoniza automáticamente.",DIFERIDO_ENG_ONLY
transaction boundary,Transaction Boundary,Transaction Boundary,1,7,ENG,6,ENG-022;ENG-030;ENG-034;ENG-038;ENG-041;ENG-042,CODIGO_INLINE;ENCABEZADO,0,CANDIDATO_ENG_REPETIDO,NO,NO_ASIGNADO,ENG_SUBORDINADO,,ENG-022;ENG-030;ENG-034;ENG-038;ENG-041;ENG-042,Sólo existe evidencia ENG; se conserva como evidencia técnica subordinada.,NO,DIFERIDO_ENG_ONLY,,,"Sólo posee evidencia ENG subordinada. Se conserva para compatibilidad/evolución, pero no se canoniza automáticamente.",DIFERIDO_ENG_ONLY
transaction engineering,Transaction Engineering,Transaction Engineering,1,3,ENG,2,ENG-041;ENG-042,ENCABEZADO;TERMINO_DESTACADO,0,CANDIDATO_ENG_REPETIDO,NO,NO_ASIGNADO,ENG_SUBORDINADO,,ENG-041;ENG-042,Sólo existe evidencia ENG; se conserva como evidencia técnica subordinada.,NO,DIFERIDO_ENG_ONLY,,,"Sólo posee evidencia ENG subordinada. Se conserva para compatibilidad/evolución, pero no se canoniza automáticamente.",DIFERIDO_ENG_ONLY
transaction integration,Transaction Integration,Transaction Integration,1,13,ENG,13,ENG-044;ENG-045;ENG-046;ENG-047;ENG-048;ENG-049;ENG-051;ENG-052;ENG-053;ENG-054;ENG-055;ENG-064;ENG-065,ENCABEZADO,0,CANDIDATO_ENG_REPETIDO,NO,NO_ASIGNADO,ENG_SUBORDINADO,,ENG-044;ENG-045;ENG-046;ENG-047;ENG-048;ENG-049;ENG-051;ENG-052;ENG-053;ENG-054;ENG-055;ENG-064;ENG-065,Sólo existe evidencia ENG; se conserva como evidencia técnica subordinada.,NO,DIFERIDO_ENG_ONLY,,,"Sólo posee evidencia ENG subordinada. Se conserva para compatibilidad/evolución, pero no se canoniza automáticamente.",DIFERIDO_ENG_ONLY
transaction scope,Transaction Scope,Transaction Scope,1,6,ENG,6,ENG-022;ENG-030;ENG-034;ENG-037;ENG-038;ENG-042,ENCABEZADO,0,CANDIDATO_ENG_REPETIDO,NO,NO_ASIGNADO,ENG_SUBORDINADO,,ENG-022;ENG-030;ENG-034;ENG-037;ENG-038;ENG-042,Sólo existe evidencia ENG; se conserva como evidencia técnica subordinada.,NO,DIFERIDO_ENG_ONLY,,,"Sólo posee evidencia ENG subordinada. Se conserva para compatibilidad/evolución, pero no se canoniza automáticamente.",DIFERIDO_ENG_ONLY
transactional outbox,Transactional Outbox,Transactional Outbox,1,7,ENG,7,ENG-022;ENG-030;ENG-034;ENG-040;ENG-041;ENG-042;ENG-052,CODIGO_INLINE;ENCABEZADO,0,CANDIDATO_ENG_REPETIDO,NO,NO_ASIGNADO,ENG_SUBORDINADO,,ENG-022;ENG-030;ENG-034;ENG-040;ENG-041;ENG-042;ENG-052,Sólo existe evidencia ENG; se conserva como evidencia técnica subordinada.,NO,DIFERIDO_ENG_ONLY,,,"Sólo posee evidencia ENG subordinada. Se conserva para compatibilidad/evolución, pero no se canoniza automáticamente.",DIFERIDO_ENG_ONLY
transfer,Transfer,Transfer,1,3,ENG,2,ENG-087;ENG-094,CODIGO_INLINE;DEFINICION_EXPLICITA,2,CANDIDATO_ENG_DEFINIDO,NO,NO_ASIGNADO,ENG_SUBORDINADO,,ENG-087;ENG-094,Sólo existe evidencia ENG; se conserva como evidencia técnica subordinada.,NO,DIFERIDO_ENG_ONLY,,,"Sólo posee evidencia ENG subordinada. Se conserva para compatibilidad/evolución, pero no se canoniza automáticamente.",DIFERIDO_ENG_ONLY
transformation,Transformation,Transformation,1,5,ENG,4,ENG-061;ENG-063;ENG-093;ENG-094,CODIGO_INLINE;ENCABEZADO,0,CANDIDATO_ENG_REPETIDO,NO,NO_ASIGNADO,ENG_SUBORDINADO,,ENG-061;ENG-063;ENG-093;ENG-094,Sólo existe evidencia ENG; se conserva como evidencia técnica subordinada.,NO,DIFERIDO_ENG_ONLY,,,"Sólo posee evidencia ENG subordinada. Se conserva para compatibilidad/evolución, pero no se canoniza automáticamente.",DIFERIDO_ENG_ONLY
transformation integration,Transformation Integration,Transformation Integration,1,3,ENG,3,ENG-064;ENG-065;ENG-088,ENCABEZADO,0,CANDIDATO_ENG_REPETIDO,NO,NO_ASIGNADO,ENG_SUBORDINADO,,ENG-064;ENG-065;ENG-088,Sólo existe evidencia ENG; se conserva como evidencia técnica subordinada.,NO,DIFERIDO_ENG_ONLY,,,"Sólo posee evidencia ENG subordinada. Se conserva para compatibilidad/evolución, pero no se canoniza automáticamente.",DIFERIDO_ENG_ONLY
transition atomicity,Transition Atomicity,Transition Atomicity,1,3,ENG,3,ENG-015;ENG-052;ENG-055,ENCABEZADO,0,CANDIDATO_ENG_REPETIDO,NO,NO_ASIGNADO,ENG_SUBORDINADO,,ENG-015;ENG-052;ENG-055,Sólo existe evidencia ENG; se conserva como evidencia técnica subordinada.,NO,DIFERIDO_ENG_ONLY,,,"Sólo posee evidencia ENG subordinada. Se conserva para compatibilidad/evolución, pero no se canoniza automáticamente.",DIFERIDO_ENG_ONLY
transition validation,Transition Validation,Transition Validation,1,3,ENG,3,ENG-015;ENG-052;ENG-053,ENCABEZADO,0,CANDIDATO_ENG_REPETIDO,NO,NO_ASIGNADO,ENG_SUBORDINADO,,ENG-015;ENG-052;ENG-053,Sólo existe evidencia ENG; se conserva como evidencia técnica subordinada.,NO,DIFERIDO_ENG_ONLY,,,"Sólo posee evidencia ENG subordinada. Se conserva para compatibilidad/evolución, pero no se canoniza automáticamente.",DIFERIDO_ENG_ONLY
transitive dependency,Transitive Dependency,Transitive Dependencies; Transitive Dependency,2,4,ENG,4,ENG-013;ENG-024;ENG-050;ENG-060,ENCABEZADO,0,CANDIDATO_ENG_REPETIDO,NO,NO_ASIGNADO,ENG_SUBORDINADO,,ENG-013;ENG-024;ENG-050;ENG-060,Sólo existe evidencia ENG; se conserva como evidencia técnica subordinada.,NO,DIFERIDO_ENG_ONLY,,Transitive Dependencies,"Sólo posee evidencia ENG subordinada. Se conserva para compatibilidad/evolución, pero no se canoniza automáticamente.",DIFERIDO_ENG_ONLY
transport,Transport,Transport,1,8,ENG,4,ENG-032;ENG-039;ENG-040;ENG-041,CODIGO_INLINE;DEFINICION_EXPLICITA;ENCABEZADO,2,CANDIDATO_ENG_DEFINIDO,NO,NO_ASIGNADO,ENG_SUBORDINADO,,ENG-032;ENG-039;ENG-040;ENG-041,Sólo existe evidencia ENG; se conserva como evidencia técnica subordinada.,NO,DIFERIDO_ENG_ONLY,,,"Sólo posee evidencia ENG subordinada. Se conserva para compatibilidad/evolución, pero no se canoniza automáticamente.",DIFERIDO_ENG_ONLY
trust,Trust,Trust,1,5,ENG,5,ENG-024;ENG-085;ENG-092;ENG-093;ENG-094,DEFINICION_EXPLICITA;ENCABEZADO,1,CANDIDATO_ENG_DEFINIDO,NO,NO_ASIGNADO,ENG_SUBORDINADO,,ENG-024;ENG-085;ENG-092;ENG-093;ENG-094,Sólo existe evidencia ENG; se conserva como evidencia técnica subordinada.,NO,DIFERIDO_ENG_ONLY,,,"Sólo posee evidencia ENG subordinada. Se conserva para compatibilidad/evolución, pero no se canoniza automáticamente.",DIFERIDO_ENG_ONLY
trust boundary,Trust Boundary,Trust Boundary,1,6,ENG,6,ENG-021;ENG-024;ENG-036;ENG-056;ENG-079;ENG-085,ENCABEZADO,0,CANDIDATO_ENG_REPETIDO,NO,NO_ASIGNADO,ENG_SUBORDINADO,,ENG-021;ENG-024;ENG-036;ENG-056;ENG-079;ENG-085,Sólo existe evidencia ENG; se conserva como evidencia técnica subordinada.,NO,DIFERIDO_ENG_ONLY,,,"Sólo posee evidencia ENG subordinada. Se conserva para compatibilidad/evolución, pero no se canoniza automáticamente.",DIFERIDO_ENG_ONLY
trust gate,Trust Gate,Trust Gate; trust:gates,2,3,ENG,1,ENG-085,ENCABEZADO,0,CANDIDATO_ENG_REPETIDO,NO,NO_ASIGNADO,ENG_SUBORDINADO,,ENG-085,Sólo existe evidencia ENG; se conserva como evidencia técnica subordinada.,NO,DIFERIDO_ENG_ONLY,,trust:gates,"Sólo posee evidencia ENG subordinada. Se conserva para compatibilidad/evolución, pero no se canoniza automáticamente.",DIFERIDO_ENG_ONLY
trust level,Trust Levels,Trust Level; Trust Levels,2,3,ENG,3,ENG-058;ENG-060;ENG-085,ENCABEZADO,0,CANDIDATO_ENG_REPETIDO,NO,NO_ASIGNADO,ENG_SUBORDINADO,,ENG-058;ENG-060;ENG-085,Sólo existe evidencia ENG; se conserva como evidencia técnica subordinada.,NO,DIFERIDO_ENG_ONLY,,Trust Level,"Sólo posee evidencia ENG subordinada. Se conserva para compatibilidad/evolución, pero no se canoniza automáticamente.",DIFERIDO_ENG_ONLY
trust metadata,Trust Metadata,Trust Metadata,1,4,ENG,4,ENG-020;ENG-022;ENG-028;ENG-090,ENCABEZADO,0,CANDIDATO_ENG_REPETIDO,NO,NO_ASIGNADO,ENG_SUBORDINADO,,ENG-020;ENG-022;ENG-028;ENG-090,Sólo existe evidencia ENG; se conserva como evidencia técnica subordinada.,NO,DIFERIDO_ENG_ONLY,,,"Sólo posee evidencia ENG subordinada. Se conserva para compatibilidad/evolución, pero no se canoniza automáticamente.",DIFERIDO_ENG_ONLY
ttl,TTL,TTL,1,3,ENG,3,ENG-037;ENG-041;ENG-077,ENCABEZADO,0,CANDIDATO_ENG_REPETIDO,NO,NO_ASIGNADO,ENG_SUBORDINADO,,ENG-037;ENG-041;ENG-077,Sólo existe evidencia ENG; se conserva como evidencia técnica subordinada.,NO,DIFERIDO_ENG_ONLY,,,"Sólo posee evidencia ENG subordinada. Se conserva para compatibilidad/evolución, pero no se canoniza automáticamente.",DIFERIDO_ENG_ONLY
typed configuration,Typed Configuration,Typed Configuration,1,3,ENG,3,ENG-011;ENG-019;ENG-049,ENCABEZADO,0,CANDIDATO_ENG_REPETIDO,NO,NO_ASIGNADO,ENG_SUBORDINADO,,ENG-011;ENG-019;ENG-049,Sólo existe evidencia ENG; se conserva como evidencia técnica subordinada.,NO,DIFERIDO_ENG_ONLY,,,"Sólo posee evidencia ENG subordinada. Se conserva para compatibilidad/evolución, pero no se canoniza automáticamente.",DIFERIDO_ENG_ONLY
un command,Un Command,Un Command,1,3,ENG,2,ENG-004;ENG-034,DEFINICION_EXPLICITA,3,CANDIDATO_ENG_DEFINIDO,NO,NO_ASIGNADO,ENG_SUBORDINADO,,ENG-004;ENG-034,Sólo existe evidencia ENG; se conserva como evidencia técnica subordinada.,NO,DIFERIDO_ENG_ONLY,,,"Sólo posee evidencia ENG subordinada. Se conserva para compatibilidad/evolución, pero no se canoniza automáticamente.",DIFERIDO_ENG_ONLY
un deadline,Un Deadline,Un Deadline,1,3,ENG,3,ENG-026;ENG-032;ENG-039,DEFINICION_EXPLICITA,3,CANDIDATO_ENG_DEFINIDO,NO,NO_ASIGNADO,ENG_SUBORDINADO,,ENG-026;ENG-032;ENG-039,Sólo existe evidencia ENG; se conserva como evidencia técnica subordinada.,NO,DIFERIDO_ENG_ONLY,,,"Sólo posee evidencia ENG subordinada. Se conserva para compatibilidad/evolución, pero no se canoniza automáticamente.",DIFERIDO_ENG_ONLY
un domain event,Un Domain Event,Un Domain Event,1,2,ENG,2,ENG-022;ENG-035,DEFINICION_EXPLICITA,2,CANDIDATO_ENG_DEFINIDO,NO,NO_ASIGNADO,ENG_SUBORDINADO,,ENG-022;ENG-035,Sólo existe evidencia ENG; se conserva como evidencia técnica subordinada.,NO,DIFERIDO_ENG_ONLY,,,"Sólo posee evidencia ENG subordinada. Se conserva para compatibilidad/evolución, pero no se canoniza automáticamente.",DIFERIDO_ENG_ONLY
un dto,Un DTO,Un DTO,1,3,ENG,2,ENG-034;ENG-062,DEFINICION_EXPLICITA,3,CANDIDATO_ENG_DEFINIDO,NO,NO_ASIGNADO,ENG_SUBORDINADO,,ENG-034;ENG-062,Sólo existe evidencia ENG; se conserva como evidencia técnica subordinada.,NO,DIFERIDO_ENG_ONLY,,,"Sólo posee evidencia ENG subordinada. Se conserva para compatibilidad/evolución, pero no se canoniza automáticamente.",DIFERIDO_ENG_ONLY
un endpoint,Un Endpoint,Un Endpoint,1,2,ENG,2,ENG-032;ENG-044,DEFINICION_EXPLICITA,2,CANDIDATO_ENG_DEFINIDO,NO,NO_ASIGNADO,ENG_SUBORDINADO,,ENG-032;ENG-044,Sólo existe evidencia ENG; se conserva como evidencia técnica subordinada.,NO,DIFERIDO_ENG_ONLY,,,"Sólo posee evidencia ENG subordinada. Se conserva para compatibilidad/evolución, pero no se canoniza automáticamente.",DIFERIDO_ENG_ONLY
un event,Un Event,Un Event,1,5,ENG,4,ENG-004;ENG-022;ENG-035;ENG-053,DEFINICION_EXPLICITA,5,CANDIDATO_ENG_DEFINIDO,NO,NO_ASIGNADO,ENG_SUBORDINADO,,ENG-004;ENG-022;ENG-035;ENG-053,Sólo existe evidencia ENG; se conserva como evidencia técnica subordinada.,NO,DIFERIDO_ENG_ONLY,,,"Sólo posee evidencia ENG subordinada. Se conserva para compatibilidad/evolución, pero no se canoniza automáticamente.",DIFERIDO_ENG_ONLY
un extension point,Un Extension Point,Un Extension Point,1,2,ENG,2,ENG-029;ENG-060,DEFINICION_EXPLICITA,2,CANDIDATO_ENG_DEFINIDO,NO,NO_ASIGNADO,ENG_SUBORDINADO,,ENG-029;ENG-060,Sólo existe evidencia ENG; se conserva como evidencia técnica subordinada.,NO,DIFERIDO_ENG_ONLY,,,"Sólo posee evidencia ENG subordinada. Se conserva para compatibilidad/evolución, pero no se canoniza automáticamente.",DIFERIDO_ENG_ONLY
un job,Un Job,Un Job,1,2,ENG,2,ENG-040;ENG-054,DEFINICION_EXPLICITA,2,CANDIDATO_ENG_DEFINIDO,NO,NO_ASIGNADO,ENG_SUBORDINADO,,ENG-040;ENG-054,Sólo existe evidencia ENG; se conserva como evidencia técnica subordinada.,NO,DIFERIDO_ENG_ONLY,,,"Sólo posee evidencia ENG subordinada. Se conserva para compatibilidad/evolución, pero no se canoniza automáticamente.",DIFERIDO_ENG_ONLY
un package,Un Package,Un Package,1,3,ENG,3,ENG-013;ENG-028;ENG-060,DEFINICION_EXPLICITA,3,CANDIDATO_ENG_DEFINIDO,NO,NO_ASIGNADO,ENG_SUBORDINADO,,ENG-013;ENG-028;ENG-060,Sólo existe evidencia ENG; se conserva como evidencia técnica subordinada.,NO,DIFERIDO_ENG_ONLY,,,"Sólo posee evidencia ENG subordinada. Se conserva para compatibilidad/evolución, pero no se canoniza automáticamente.",DIFERIDO_ENG_ONLY
un plugin,Un Plugin,Un Plugin,1,3,ENG,1,ENG-060,DEFINICION_EXPLICITA,3,CANDIDATO_ENG_DEFINIDO,NO,NO_ASIGNADO,ENG_SUBORDINADO,,ENG-060,Sólo existe evidencia ENG; se conserva como evidencia técnica subordinada.,NO,DIFERIDO_ENG_ONLY,,,"Sólo posee evidencia ENG subordinada. Se conserva para compatibilidad/evolución, pero no se canoniza automáticamente.",DIFERIDO_ENG_ONLY
un resource,Un Resource,Un Resource,1,3,ENG,2,ENG-046;ENG-054,DEFINICION_EXPLICITA,3,CANDIDATO_ENG_DEFINIDO,NO,NO_ASIGNADO,ENG_SUBORDINADO,,ENG-046;ENG-054,Sólo existe evidencia ENG; se conserva como evidencia técnica subordinada.,NO,DIFERIDO_ENG_ONLY,,,"Sólo posee evidencia ENG subordinada. Se conserva para compatibilidad/evolución, pero no se canoniza automáticamente.",DIFERIDO_ENG_ONLY
un schema,Un Schema,Un Schema,1,2,ENG,1,ENG-062,DEFINICION_EXPLICITA,2,CANDIDATO_ENG_DEFINIDO,NO,NO_ASIGNADO,ENG_SUBORDINADO,,ENG-062,Sólo existe evidencia ENG; se conserva como evidencia técnica subordinada.,NO,DIFERIDO_ENG_ONLY,,,"Sólo posee evidencia ENG subordinada. Se conserva para compatibilidad/evolución, pero no se canoniza automáticamente.",DIFERIDO_ENG_ONLY
un snapshot,Un Snapshot,Un Snapshot,1,2,ENG,2,ENG-020;ENG-025,DEFINICION_EXPLICITA,2,CANDIDATO_ENG_DEFINIDO,NO,NO_ASIGNADO,ENG_SUBORDINADO,,ENG-020;ENG-025,Sólo existe evidencia ENG; se conserva como evidencia técnica subordinada.,NO,DIFERIDO_ENG_ONLY,,,"Sólo posee evidencia ENG subordinada. Se conserva para compatibilidad/evolución, pero no se canoniza automáticamente.",DIFERIDO_ENG_ONLY
una action,Una Action,Una Action,1,2,ENG,2,ENG-015;ENG-046,DEFINICION_EXPLICITA,2,CANDIDATO_ENG_DEFINIDO,NO,NO_ASIGNADO,ENG_SUBORDINADO,,ENG-015;ENG-046,Sólo existe evidencia ENG; se conserva como evidencia técnica subordinada.,NO,DIFERIDO_ENG_ONLY,,,"Sólo posee evidencia ENG subordinada. Se conserva para compatibilidad/evolución, pero no se canoniza automáticamente.",DIFERIDO_ENG_ONLY
una capability,Una Capability,Una Capability,1,3,ENG,3,ENG-020;ENG-024;ENG-046,DEFINICION_EXPLICITA,3,CANDIDATO_ENG_DEFINIDO,NO,NO_ASIGNADO,ENG_SUBORDINADO,,ENG-020;ENG-024;ENG-046,Sólo existe evidencia ENG; se conserva como evidencia técnica subordinada.,NO,DIFERIDO_ENG_ONLY,,,"Sólo posee evidencia ENG subordinada. Se conserva para compatibilidad/evolución, pero no se canoniza automáticamente.",DIFERIDO_ENG_ONLY
una extension,Una Extension,Una Extension,1,2,ENG,2,ENG-029;ENG-060,DEFINICION_EXPLICITA,2,CANDIDATO_ENG_DEFINIDO,NO,NO_ASIGNADO,ENG_SUBORDINADO,,ENG-029;ENG-060,Sólo existe evidencia ENG; se conserva como evidencia técnica subordinada.,NO,DIFERIDO_ENG_ONLY,,,"Sólo posee evidencia ENG subordinada. Se conserva para compatibilidad/evolución, pero no se canoniza automáticamente.",DIFERIDO_ENG_ONLY
una identity,Una Identity,Una Identity,1,2,ENG,2,ENG-045;ENG-047,DEFINICION_EXPLICITA,2,CANDIDATO_ENG_DEFINIDO,NO,NO_ASIGNADO,ENG_SUBORDINADO,,ENG-045;ENG-047,Sólo existe evidencia ENG; se conserva como evidencia técnica subordinada.,NO,DIFERIDO_ENG_ONLY,,,"Sólo posee evidencia ENG subordinada. Se conserva para compatibilidad/evolución, pero no se canoniza automáticamente.",DIFERIDO_ENG_ONLY
una interface,Una Interface,Una Interface,1,2,ENG,1,ENG-033,DEFINICION_EXPLICITA,2,CANDIDATO_ENG_DEFINIDO,NO,NO_ASIGNADO,ENG_SUBORDINADO,,ENG-033,Sólo existe evidencia ENG; se conserva como evidencia técnica subordinada.,NO,DIFERIDO_ENG_ONLY,,,"Sólo posee evidencia ENG subordinada. Se conserva para compatibilidad/evolución, pero no se canoniza automáticamente.",DIFERIDO_ENG_ONLY
una migration,Una Migration,Una Migration,1,2,ENG,2,ENG-030;ENG-065,DEFINICION_EXPLICITA,2,CANDIDATO_ENG_DEFINIDO,NO,NO_ASIGNADO,ENG_SUBORDINADO,,ENG-030;ENG-065,Sólo existe evidencia ENG; se conserva como evidencia técnica subordinada.,NO,DIFERIDO_ENG_ONLY,,,"Sólo posee evidencia ENG subordinada. Se conserva para compatibilidad/evolución, pero no se canoniza automáticamente.",DIFERIDO_ENG_ONLY
una permission,Una Permission,Una Permission,1,2,ENG,2,ENG-024;ENG-046,DEFINICION_EXPLICITA,2,CANDIDATO_ENG_DEFINIDO,NO,NO_ASIGNADO,ENG_SUBORDINADO,,ENG-024;ENG-046,Sólo existe evidencia ENG; se conserva como evidencia técnica subordinada.,NO,DIFERIDO_ENG_ONLY,,,"Sólo posee evidencia ENG subordinada. Se conserva para compatibilidad/evolución, pero no se canoniza automáticamente.",DIFERIDO_ENG_ONLY
una policy,Una Policy,Una Policy,1,3,ENG,3,ENG-035;ENG-046;ENG-051,DEFINICION_EXPLICITA,3,CANDIDATO_ENG_DEFINIDO,NO,NO_ASIGNADO,ENG_SUBORDINADO,,ENG-035;ENG-046;ENG-051,Sólo existe evidencia ENG; se conserva como evidencia técnica subordinada.,NO,DIFERIDO_ENG_ONLY,,,"Sólo posee evidencia ENG subordinada. Se conserva para compatibilidad/evolución, pero no se canoniza automáticamente.",DIFERIDO_ENG_ONLY
una query,Una Query,Una Query,1,4,ENG,3,ENG-004;ENG-034;ENG-043,DEFINICION_EXPLICITA,4,CANDIDATO_ENG_DEFINIDO,NO,NO_ASIGNADO,ENG_SUBORDINADO,,ENG-004;ENG-034;ENG-043,Sólo existe evidencia ENG; se conserva como evidencia técnica subordinada.,NO,DIFERIDO_ENG_ONLY,,,"Sólo posee evidencia ENG subordinada. Se conserva para compatibilidad/evolución, pero no se canoniza automáticamente.",DIFERIDO_ENG_ONLY
una specification,Una Specification,Una Specification,1,2,ENG,2,ENG-035;ENG-043,DEFINICION_EXPLICITA,2,CANDIDATO_ENG_DEFINIDO,NO,NO_ASIGNADO,ENG_SUBORDINADO,,ENG-035;ENG-043,Sólo existe evidencia ENG; se conserva como evidencia técnica subordinada.,NO,DIFERIDO_ENG_ONLY,,,"Sólo posee evidencia ENG subordinada. Se conserva para compatibilidad/evolución, pero no se canoniza automáticamente.",DIFERIDO_ENG_ONLY
una transaction,Una Transaction,Una Transaction,1,2,ENG,2,ENG-030;ENG-042,DEFINICION_EXPLICITA,2,CANDIDATO_ENG_DEFINIDO,NO,NO_ASIGNADO,ENG_SUBORDINADO,,ENG-030;ENG-042,Sólo existe evidencia ENG; se conserva como evidencia técnica subordinada.,NO,DIFERIDO_ENG_ONLY,,,"Sólo posee evidencia ENG subordinada. Se conserva para compatibilidad/evolución, pero no se canoniza automáticamente.",DIFERIDO_ENG_ONLY
unbounded buffer,Unbounded Buffer,Unbounded Buffer; Unbounded Buffers,2,4,ENG,3,ENG-025;ENG-054;ENG-064,ENCABEZADO,0,CANDIDATO_ENG_REPETIDO,NO,NO_ASIGNADO,ENG_SUBORDINADO,,ENG-025;ENG-054;ENG-064,Sólo existe evidencia ENG; se conserva como evidencia técnica subordinada.,NO,DIFERIDO_ENG_ONLY,,Unbounded Buffers,"Sólo posee evidencia ENG subordinada. Se conserva para compatibilidad/evolución, pero no se canoniza automáticamente.",DIFERIDO_ENG_ONLY
unbounded pool,Unbounded Pool,Unbounded Pool,1,3,ENG,2,ENG-030;ENG-054,ENCABEZADO,0,CANDIDATO_ENG_REPETIDO,NO,NO_ASIGNADO,ENG_SUBORDINADO,,ENG-030;ENG-054,Sólo existe evidencia ENG; se conserva como evidencia técnica subordinada.,NO,DIFERIDO_ENG_ONLY,,,"Sólo posee evidencia ENG subordinada. Se conserva para compatibilidad/evolución, pero no se canoniza automáticamente.",DIFERIDO_ENG_ONLY
unbounded queue,Unbounded Queue,Unbounded Queue,1,3,ENG,3,ENG-026;ENG-032;ENG-038,ENCABEZADO,0,CANDIDATO_ENG_REPETIDO,NO,NO_ASIGNADO,ENG_SUBORDINADO,,ENG-026;ENG-032;ENG-038,Sólo existe evidencia ENG; se conserva como evidencia técnica subordinada.,NO,DIFERIDO_ENG_ONLY,,,"Sólo posee evidencia ENG subordinada. Se conserva para compatibilidad/evolución, pero no se canoniza automáticamente.",DIFERIDO_ENG_ONLY
unhealthy,UNHEALTHY,UNHEALTHY; Unhealthy,2,3,ENG,2,ENG-025;ENG-069,CODIGO_INLINE;ENCABEZADO,0,CANDIDATO_ENG_REPETIDO,NO,NO_ASIGNADO,ENG_SUBORDINADO,,ENG-025;ENG-069,Sólo existe evidencia ENG; se conserva como evidencia técnica subordinada.,NO,DIFERIDO_ENG_ONLY,,,"Sólo posee evidencia ENG subordinada. Se conserva para compatibilidad/evolución, pero no se canoniza automáticamente.",DIFERIDO_ENG_ONLY
unique constraint,Unique Constraint,Unique Constraint,1,4,ENG,4,ENG-030;ENG-036;ENG-038;ENG-079,ENCABEZADO,0,CANDIDATO_ENG_REPETIDO,NO,NO_ASIGNADO,ENG_SUBORDINADO,,ENG-030;ENG-036;ENG-038;ENG-079,Sólo existe evidencia ENG; se conserva como evidencia técnica subordinada.,NO,DIFERIDO_ENG_ONLY,,,"Sólo posee evidencia ENG subordinada. Se conserva para compatibilidad/evolución, pero no se canoniza automáticamente.",DIFERIDO_ENG_ONLY
unit,Units,Units,1,3,ENG,3,ENG-011;ENG-061;ENG-094,ENCABEZADO,0,CANDIDATO_ENG_REPETIDO,NO,NO_ASIGNADO,ENG_SUBORDINADO,,ENG-011;ENG-061;ENG-094,Sólo existe evidencia ENG; se conserva como evidencia técnica subordinada.,NO,DIFERIDO_ENG_ONLY,,,"Sólo posee evidencia ENG subordinada. Se conserva para compatibilidad/evolución, pero no se canoniza automáticamente.",DIFERIDO_ENG_ONLY
unit of work,Unit of Work,Unit of Work,1,3,ENG,2,ENG-030;ENG-042,CODIGO_INLINE;ENCABEZADO,0,CANDIDATO_ENG_REPETIDO,NO,NO_ASIGNADO,ENG_SUBORDINADO,,ENG-030;ENG-042,Sólo existe evidencia ENG; se conserva como evidencia técnica subordinada.,NO,DIFERIDO_ENG_ONLY,,,"Sólo posee evidencia ENG subordinada. Se conserva para compatibilidad/evolución, pero no se canoniza automáticamente.",DIFERIDO_ENG_ONLY
unit test,Unit Tests,Unit Test; Unit Tests,2,3,ENG,3,ENG-009;ENG-020;ENG-061,ENCABEZADO,0,CANDIDATO_ENG_REPETIDO,NO,NO_ASIGNADO,ENG_SUBORDINADO,,ENG-009;ENG-020;ENG-061,Sólo existe evidencia ENG; se conserva como evidencia técnica subordinada.,NO,DIFERIDO_ENG_ONLY,,Unit Test,"Sólo posee evidencia ENG subordinada. Se conserva para compatibilidad/evolución, pero no se canoniza automáticamente.",DIFERIDO_ENG_ONLY
unknown,UNKNOWN,UNKNOWN; Unknown,2,34,ENG,19,ENG-016;ENG-021;ENG-025;ENG-026;ENG-069;ENG-071;ENG-072;ENG-073;ENG-074;ENG-075;ENG-077;ENG-078;ENG-079;ENG-080;ENG-081;ENG-083;ENG-084;ENG-085;ENG-091,CODIGO_INLINE;ENCABEZADO,0,CANDIDATO_ENG_REPETIDO,NO,NO_ASIGNADO,ENG_SUBORDINADO,,ENG-016;ENG-021;ENG-025;ENG-026;ENG-069;ENG-071;ENG-072;ENG-073;ENG-074;ENG-075;ENG-077;ENG-078;ENG-079;ENG-080;ENG-081;ENG-083;ENG-084;ENG-085;ENG-091,Sólo existe evidencia ENG; se conserva como evidencia técnica subordinada.,NO,DIFERIDO_ENG_ONLY,,,"Sólo posee evidencia ENG subordinada. Se conserva para compatibilidad/evolución, pero no se canoniza automáticamente.",DIFERIDO_ENG_ONLY
unknown compliant,UNKNOWN ≠ COMPLIANT,UNKNOWN ≠ COMPLIANT,1,3,ENG,3,ENG-081;ENG-082;ENG-083,ENCABEZADO,0,CANDIDATO_ENG_REPETIDO,NO,NO_ASIGNADO,ENG_SUBORDINADO,,ENG-081;ENG-082;ENG-083,Sólo existe evidencia ENG; se conserva como evidencia técnica subordinada.,NO,DIFERIDO_ENG_ONLY,,,"Sólo posee evidencia ENG subordinada. Se conserva para compatibilidad/evolución, pero no se canoniza automáticamente.",DIFERIDO_ENG_ONLY
unknown field,Unknown Fields,Unknown Field; Unknown Fields,2,8,ENG,7,ENG-022;ENG-023;ENG-031;ENG-036;ENG-044;ENG-061;ENG-062,ENCABEZADO,0,CANDIDATO_ENG_REPETIDO,NO,NO_ASIGNADO,ENG_SUBORDINADO,,ENG-022;ENG-023;ENG-031;ENG-036;ENG-044;ENG-061;ENG-062,Sólo existe evidencia ENG; se conserva como evidencia técnica subordinada.,NO,DIFERIDO_ENG_ONLY,,Unknown Field,"Sólo posee evidencia ENG subordinada. Se conserva para compatibilidad/evolución, pero no se canoniza automáticamente.",DIFERIDO_ENG_ONLY
unknown outcome,Unknown Outcome,Unknown Outcome,1,3,ENG,3,ENG-061;ENG-065;ENG-077,ENCABEZADO,0,CANDIDATO_ENG_REPETIDO,NO,NO_ASIGNADO,ENG_SUBORDINADO,,ENG-061;ENG-065;ENG-077,Sólo existe evidencia ENG; se conserva como evidencia técnica subordinada.,NO,DIFERIDO_ENG_ONLY,,,"Sólo posee evidencia ENG subordinada. Se conserva para compatibilidad/evolución, pero no se canoniza automáticamente.",DIFERIDO_ENG_ONLY
unsafe deserialization,Unsafe Deserialization,Unsafe Deserialization,1,3,ENG,2,ENG-024;ENG-031,ENCABEZADO,0,CANDIDATO_ENG_REPETIDO,NO,NO_ASIGNADO,ENG_SUBORDINADO,,ENG-024;ENG-031,Sólo existe evidencia ENG; se conserva como evidencia técnica subordinada.,NO,DIFERIDO_ENG_ONLY,,,"Sólo posee evidencia ENG subordinada. Se conserva para compatibilidad/evolución, pero no se canoniza automáticamente.",DIFERIDO_ENG_ONLY
upcaster,Upcaster,Upcaster,1,3,ENG,2,ENG-031;ENG-041,CODIGO_INLINE;ENCABEZADO,0,CANDIDATO_ENG_REPETIDO,NO,NO_ASIGNADO,ENG_SUBORDINADO,,ENG-031;ENG-041,Sólo existe evidencia ENG; se conserva como evidencia técnica subordinada.,NO,DIFERIDO_ENG_ONLY,,,"Sólo posee evidencia ENG subordinada. Se conserva para compatibilidad/evolución, pero no se canoniza automáticamente.",DIFERIDO_ENG_ONLY
upgrade,Upgrade,Upgrade,1,3,ENG,1,ENG-066,CODIGO_INLINE;DEFINICION_EXPLICITA;ENCABEZADO,1,CANDIDATO_ENG_DEFINIDO,NO,NO_ASIGNADO,ENG_SUBORDINADO,,ENG-066,Sólo existe evidencia ENG; se conserva como evidencia técnica subordinada.,NO,DIFERIDO_ENG_ONLY,,,"Sólo posee evidencia ENG subordinada. Se conserva para compatibilidad/evolución, pero no se canoniza automáticamente.",DIFERIDO_ENG_ONLY
upgrade engineering,Upgrade Engineering,Upgrade Engineering,1,3,ENG,1,ENG-066,ENCABEZADO;TERMINO_DESTACADO,0,CANDIDATO_ENG_REPETIDO,NO,NO_ASIGNADO,ENG_SUBORDINADO,,ENG-066,Sólo existe evidencia ENG; se conserva como evidencia técnica subordinada.,NO,DIFERIDO_ENG_ONLY,,,"Sólo posee evidencia ENG subordinada. Se conserva para compatibilidad/evolución, pero no se canoniza automáticamente.",DIFERIDO_ENG_ONLY
upgrade integration,Upgrade Integration,Upgrade Integration,1,4,ENG,4,ENG-067;ENG-068;ENG-071;ENG-073,ENCABEZADO,0,CANDIDATO_ENG_REPETIDO,NO,NO_ASIGNADO,ENG_SUBORDINADO,,ENG-067;ENG-068;ENG-071;ENG-073,Sólo existe evidencia ENG; se conserva como evidencia técnica subordinada.,NO,DIFERIDO_ENG_ONLY,,,"Sólo posee evidencia ENG subordinada. Se conserva para compatibilidad/evolución, pero no se canoniza automáticamente.",DIFERIDO_ENG_ONLY
use case,Use Case,Use Case,1,3,ENG,2,ENG-034;ENG-080,CODIGO_INLINE;ENCABEZADO,0,CANDIDATO_ENG_REPETIDO,NO,NO_ASIGNADO,ENG_SUBORDINADO,,ENG-034;ENG-080,Sólo existe evidencia ENG; se conserva como evidencia técnica subordinada.,NO,DIFERIDO_ENG_ONLY,,,"Sólo posee evidencia ENG subordinada. Se conserva para compatibilidad/evolución, pero no se canoniza automáticamente.",DIFERIDO_ENG_ONLY
vague requirement,Vague Requirement,Vague Requirement,1,4,ENG,4,ENG-070;ENG-073;ENG-074;ENG-075,ENCABEZADO,0,CANDIDATO_ENG_REPETIDO,NO,NO_ASIGNADO,ENG_SUBORDINADO,,ENG-070;ENG-073;ENG-074;ENG-075,Sólo existe evidencia ENG; se conserva como evidencia técnica subordinada.,NO,DIFERIDO_ENG_ONLY,,,"Sólo posee evidencia ENG subordinada. Se conserva para compatibilidad/evolución, pero no se canoniza automáticamente.",DIFERIDO_ENG_ONLY
validate,Validate,Validate; validate,2,4,ENG,3,ENG-007;ENG-017;ENG-068,CODIGO_INLINE;ENCABEZADO,0,CANDIDATO_ENG_REPETIDO,NO,NO_ASIGNADO,ENG_SUBORDINADO,,ENG-007;ENG-017;ENG-068,Sólo existe evidencia ENG; se conserva como evidencia técnica subordinada.,NO,DIFERIDO_ENG_ONLY,,,"Sólo posee evidencia ENG subordinada. Se conserva para compatibilidad/evolución, pero no se canoniza automáticamente.",DIFERIDO_ENG_ONLY
validated,Validated,Validated,1,6,ENG,3,ENG-017;ENG-020;ENG-049,CODIGO_INLINE;ENCABEZADO;TABLA_COLUMNA_PRINCIPAL,0,CANDIDATO_ENG_REPETIDO,NO,NO_ASIGNADO,ENG_SUBORDINADO,,ENG-017;ENG-020;ENG-049,Sólo existe evidencia ENG; se conserva como evidencia técnica subordinada.,NO,DIFERIDO_ENG_ONLY,,,"Sólo posee evidencia ENG subordinada. Se conserva para compatibilidad/evolución, pero no se canoniza automáticamente.",DIFERIDO_ENG_ONLY
validation,Validation,Validation,1,13,ENG,11,ENG-020;ENG-028;ENG-035;ENG-036;ENG-040;ENG-041;ENG-044;ENG-055;ENG-079;ENG-080;ENG-090,CODIGO_INLINE;DEFINICION_EXPLICITA;ENCABEZADO,3,CANDIDATO_ENG_DEFINIDO,NO,NO_ASIGNADO,ENG_SUBORDINADO,,ENG-020;ENG-028;ENG-035;ENG-036;ENG-040;ENG-041;ENG-044;ENG-055;ENG-079;ENG-080;ENG-090,Sólo existe evidencia ENG; se conserva como evidencia técnica subordinada.,NO,DIFERIDO_ENG_ONLY,,,"Sólo posee evidencia ENG subordinada. Se conserva para compatibilidad/evolución, pero no se canoniza automáticamente.",DIFERIDO_ENG_ONLY
validation error,Validation Error,Validation Error; Validation Errors,2,4,ENG,4,ENG-023;ENG-039;ENG-044;ENG-049,ENCABEZADO,0,CANDIDATO_ENG_REPETIDO,NO,NO_ASIGNADO,ENG_SUBORDINADO,,ENG-023;ENG-039;ENG-044;ENG-049,Sólo existe evidencia ENG; se conserva como evidencia técnica subordinada.,NO,DIFERIDO_ENG_ONLY,,Validation Errors,"Sólo posee evidencia ENG subordinada. Se conserva para compatibilidad/evolución, pero no se canoniza automáticamente.",DIFERIDO_ENG_ONLY
validation failure,Validation Failure,Validation Failure,1,4,ENG,4,ENG-031;ENG-039;ENG-040;ENG-057,ENCABEZADO,0,CANDIDATO_ENG_REPETIDO,NO,NO_ASIGNADO,ENG_SUBORDINADO,,ENG-031;ENG-039;ENG-040;ENG-057,Sólo existe evidencia ENG; se conserva como evidencia técnica subordinada.,NO,DIFERIDO_ENG_ONLY,,,"Sólo posee evidencia ENG subordinada. Se conserva para compatibilidad/evolución, pero no se canoniza automáticamente.",DIFERIDO_ENG_ONLY
validation integration,Validation Integration,Validation Integration,1,11,ENG,11,ENG-042;ENG-046;ENG-049;ENG-051;ENG-052;ENG-053;ENG-088;ENG-091;ENG-092;ENG-093;ENG-094,ENCABEZADO,0,CANDIDATO_ENG_REPETIDO,NO,NO_ASIGNADO,ENG_SUBORDINADO,,ENG-042;ENG-046;ENG-049;ENG-051;ENG-052;ENG-053;ENG-088;ENG-091;ENG-092;ENG-093;ENG-094,Sólo existe evidencia ENG; se conserva como evidencia técnica subordinada.,NO,DIFERIDO_ENG_ONLY,,,"Sólo posee evidencia ENG subordinada. Se conserva para compatibilidad/evolución, pero no se canoniza automáticamente.",DIFERIDO_ENG_ONLY
validation layer,Validation Layers,Validation Layer; Validation Layers,2,7,ENG,7,ENG-021;ENG-028;ENG-036;ENG-049;ENG-051;ENG-061;ENG-079,ENCABEZADO,0,CANDIDATO_ENG_REPETIDO,NO,NO_ASIGNADO,ENG_SUBORDINADO,,ENG-021;ENG-028;ENG-036;ENG-049;ENG-051;ENG-061;ENG-079,Sólo existe evidencia ENG; se conserva como evidencia técnica subordinada.,NO,DIFERIDO_ENG_ONLY,,Validation Layer,"Sólo posee evidencia ENG subordinada. Se conserva para compatibilidad/evolución, pero no se canoniza automáticamente.",DIFERIDO_ENG_ONLY
validator,Validator,Validator; Validators,2,5,ENG,3,ENG-005;ENG-006;ENG-036,CODIGO_INLINE;ENCABEZADO,0,CANDIDATO_ENG_REPETIDO,NO,NO_ASIGNADO,ENG_SUBORDINADO,,ENG-005;ENG-006;ENG-036,Sólo existe evidencia ENG; se conserva como evidencia técnica subordinada.,NO,DIFERIDO_ENG_ONLY,,Validators,"Sólo posee evidencia ENG subordinada. Se conserva para compatibilidad/evolución, pero no se canoniza automáticamente.",DIFERIDO_ENG_ONLY
value object,Value Objects,Value Object; Value Objects,2,4,ENG,3,ENG-005;ENG-018;ENG-035,CODIGO_INLINE;ENCABEZADO,0,CANDIDATO_ENG_REPETIDO,NO,NO_ASIGNADO,ENG_SUBORDINADO,,ENG-005;ENG-018;ENG-035,Sólo existe evidencia ENG; se conserva como evidencia técnica subordinada.,NO,DIFERIDO_ENG_ONLY,,Value Object,"Sólo posee evidencia ENG subordinada. Se conserva para compatibilidad/evolución, pero no se canoniza automáticamente.",DIFERIDO_ENG_ONLY
vendor leakage,Vendor Leakage,Vendor Leakage,1,3,ENG,3,ENG-006;ENG-021;ENG-023,ENCABEZADO,0,CANDIDATO_ENG_REPETIDO,NO,NO_ASIGNADO,ENG_SUBORDINADO,,ENG-006;ENG-021;ENG-023,Sólo existe evidencia ENG; se conserva como evidencia técnica subordinada.,NO,DIFERIDO_ENG_ONLY,,,"Sólo posee evidencia ENG subordinada. Se conserva para compatibilidad/evolución, pero no se canoniza automáticamente.",DIFERIDO_ENG_ONLY
vendor lock-in,Vendor Lock-in,Vendor Lock-In; Vendor Lock-in,2,4,ENG,4,ENG-010;ENG-012;ENG-013;ENG-025,ENCABEZADO,0,CANDIDATO_ENG_REPETIDO,NO,NO_ASIGNADO,ENG_SUBORDINADO,,ENG-010;ENG-012;ENG-013;ENG-025,Sólo existe evidencia ENG; se conserva como evidencia técnica subordinada.,NO,DIFERIDO_ENG_ONLY,,,"Sólo posee evidencia ENG subordinada. Se conserva para compatibilidad/evolución, pero no se canoniza automáticamente.",DIFERIDO_ENG_ONLY
versioning integration,Versioning Integration,Versioning Integration,1,4,ENG,4,ENG-011;ENG-013;ENG-016;ENG-017,ENCABEZADO,0,CANDIDATO_ENG_REPETIDO,NO,NO_ASIGNADO,ENG_SUBORDINADO,,ENG-011;ENG-013;ENG-016;ENG-017,Sólo existe evidencia ENG; se conserva como evidencia técnica subordinada.,NO,DIFERIDO_ENG_ONLY,,,"Sólo posee evidencia ENG subordinada. Se conserva para compatibilidad/evolución, pero no se canoniza automáticamente.",DIFERIDO_ENG_ONLY
violated,VIOLATED,VIOLATED,1,3,ENG,3,ENG-077;ENG-078;ENG-079,ENCABEZADO,0,CANDIDATO_ENG_REPETIDO,NO,NO_ASIGNADO,ENG_SUBORDINADO,,ENG-077;ENG-078;ENG-079,Sólo existe evidencia ENG; se conserva como evidencia técnica subordinada.,NO,DIFERIDO_ENG_ONLY,,,"Sólo posee evidencia ENG subordinada. Se conserva para compatibilidad/evolución, pero no se canoniza automáticamente.",DIFERIDO_ENG_ONLY
visibility,Visibility,Visibility,1,3,ENG,3,ENG-019;ENG-020;ENG-090,DEFINICION_EXPLICITA;ENCABEZADO,1,CANDIDATO_ENG_DEFINIDO,NO,NO_ASIGNADO,ENG_SUBORDINADO,,ENG-019;ENG-020;ENG-090,Sólo existe evidencia ENG; se conserva como evidencia técnica subordinada.,NO,DIFERIDO_ENG_ONLY,,,"Sólo posee evidencia ENG subordinada. Se conserva para compatibilidad/evolución, pero no se canoniza automáticamente.",DIFERIDO_ENG_ONLY
warm-up,Warm-Up,Warm-Up,1,4,ENG,4,ENG-037;ENG-039;ENG-067;ENG-069,ENCABEZADO,0,CANDIDATO_ENG_REPETIDO,NO,NO_ASIGNADO,ENG_SUBORDINADO,,ENG-037;ENG-039;ENG-067;ENG-069,Sólo existe evidencia ENG; se conserva como evidencia técnica subordinada.,NO,DIFERIDO_ENG_ONLY,,,"Sólo posee evidencia ENG subordinada. Se conserva para compatibilidad/evolución, pero no se canoniza automáticamente.",DIFERIDO_ENG_ONLY
warn,WARN,WARN,1,4,ENG,2,ENG-010;ENG-026,CODIGO_INLINE;ENCABEZADO;TABLA_COLUMNA_PRINCIPAL,0,CANDIDATO_ENG_REPETIDO,NO,NO_ASIGNADO,ENG_SUBORDINADO,,ENG-010;ENG-026,Sólo existe evidencia ENG; se conserva como evidencia técnica subordinada.,NO,DIFERIDO_ENG_ONLY,,,"Sólo posee evidencia ENG subordinada. Se conserva para compatibilidad/evolución, pero no se canoniza automáticamente.",DIFERIDO_ENG_ONLY
warning,Warning,WARNING; Warning; Warnings,3,5,ENG,5,ENG-007;ENG-016;ENG-017;ENG-027;ENG-036,CODIGO_INLINE;ENCABEZADO,0,CANDIDATO_ENG_REPETIDO,NO,NO_ASIGNADO,ENG_SUBORDINADO,,ENG-007;ENG-016;ENG-017;ENG-027;ENG-036,Sólo existe evidencia ENG; se conserva como evidencia técnica subordinada.,NO,DIFERIDO_ENG_ONLY,,Warnings,"Sólo posee evidencia ENG subordinada. Se conserva para compatibilidad/evolución, pero no se canoniza automáticamente.",DIFERIDO_ENG_ONLY
why,Why,Why; why,2,8,ENG,5,ENG-019;ENG-020;ENG-030;ENG-031;ENG-034,CODIGO_INLINE;ENCABEZADO,0,CANDIDATO_ENG_REPETIDO,NO,NO_ASIGNADO,ENG_SUBORDINADO,,ENG-019;ENG-020;ENG-030;ENG-031;ENG-034,Sólo existe evidencia ENG; se conserva como evidencia técnica subordinada.,NO,DIFERIDO_ENG_ONLY,,,"Sólo posee evidencia ENG subordinada. Se conserva para compatibilidad/evolución, pero no se canoniza automáticamente.",DIFERIDO_ENG_ONLY
wire model,Wire Model,Wire Model,1,3,ENG,1,ENG-031,CODIGO_INLINE;DEFINICION_EXPLICITA;ENCABEZADO,1,CANDIDATO_ENG_DEFINIDO,NO,NO_ASIGNADO,ENG_SUBORDINADO,,ENG-031,Sólo existe evidencia ENG; se conserva como evidencia técnica subordinada.,NO,DIFERIDO_ENG_ONLY,,,"Sólo posee evidencia ENG subordinada. Se conserva para compatibilidad/evolución, pero no se canoniza automáticamente.",DIFERIDO_ENG_ONLY
worker pool,Worker Pool,Worker Pool,1,3,ENG,3,ENG-026;ENG-038;ENG-040,ENCABEZADO,0,CANDIDATO_ENG_REPETIDO,NO,NO_ASIGNADO,ENG_SUBORDINADO,,ENG-026;ENG-038;ENG-040,Sólo existe evidencia ENG; se conserva como evidencia técnica subordinada.,NO,DIFERIDO_ENG_ONLY,,,"Sólo posee evidencia ENG subordinada. Se conserva para compatibilidad/evolución, pero no se canoniza automáticamente.",DIFERIDO_ENG_ONLY
workflow,Workflow,Workflow,1,4,ENG,3,ENG-034;ENG-040;ENG-052,CODIGO_INLINE;ENCABEZADO,0,CANDIDATO_ENG_REPETIDO,NO,NO_ASIGNADO,ENG_SUBORDINADO,,ENG-034;ENG-040;ENG-052,Sólo existe evidencia ENG; se conserva como evidencia técnica subordinada.,NO,DIFERIDO_ENG_ONLY,,,"Sólo posee evidencia ENG subordinada. Se conserva para compatibilidad/evolución, pero no se canoniza automáticamente.",DIFERIDO_ENG_ONLY
workflow engineering,Workflow Engineering,Workflow Engineering,1,5,ENG,2,ENG-051;ENG-052,CODIGO_INLINE;ENCABEZADO;TERMINO_DESTACADO,0,CANDIDATO_ENG_REPETIDO,NO,NO_ASIGNADO,ENG_SUBORDINADO,,ENG-051;ENG-052,Sólo existe evidencia ENG; se conserva como evidencia técnica subordinada.,NO,DIFERIDO_ENG_ONLY,,,"Sólo posee evidencia ENG subordinada. Se conserva para compatibilidad/evolución, pero no se canoniza automáticamente.",DIFERIDO_ENG_ONLY
workflow state,Workflow State,Workflow State,1,2,ENG,2,ENG-052;ENG-053,DEFINICION_EXPLICITA;ENCABEZADO,1,CANDIDATO_ENG_DEFINIDO,NO,NO_ASIGNADO,ENG_SUBORDINADO,,ENG-052;ENG-053,Sólo existe evidencia ENG; se conserva como evidencia técnica subordinada.,NO,DIFERIDO_ENG_ONLY,,,"Sólo posee evidencia ENG subordinada. Se conserva para compatibilidad/evolución, pero no se canoniza automáticamente.",DIFERIDO_ENG_ONLY
write skew,Write Skew,Write Skew,1,3,ENG,3,ENG-038;ENG-042;ENG-078,ENCABEZADO,0,CANDIDATO_ENG_REPETIDO,NO,NO_ASIGNADO,ENG_SUBORDINADO,,ENG-038;ENG-042;ENG-078,Sólo existe evidencia ENG; se conserva como evidencia técnica subordinada.,NO,DIFERIDO_ENG_ONLY,,,"Sólo posee evidencia ENG subordinada. Se conserva para compatibilidad/evolución, pero no se canoniza automáticamente.",DIFERIDO_ENG_ONLY
