mef_v3_id,termino_canonico,capa,fuente_id,archivo,apariciones,lineas,tipos_coincidencia,formas_observadas,autoridad_10_4,tipo_vinculo_normativo,estado_vinculo
MEF-V3-DIC-0001,Acoplamiento oculto,ARQ,ARQ-004,ARQ-004-MODULES.md,1,607,CANONICO,Acoplamiento oculto,AUTORIDAD_ARQ,AUTORIDAD_PRIMARIA,VINCULADO
MEF-V3-DIC-0002,Activos Empaquetables,ARQ,ARQ-017,ARQ-017-PACKAGING.md,1,105,CANONICO,Activos Empaquetables,AUTORIDAD_ARQ,AUTORIDAD_PRIMARIA,VINCULADO
MEF-V3-DIC-0003,AI-011,ARQ,ARQ-004,ARQ-004-MODULES.md,1,588,CANONICO,AI-011,AUTORIDAD_ARQ,AUTORIDAD_PRIMARIA,VINCULADO
MEF-V3-DIC-0004,AI-012,ARQ,ARQ-004,ARQ-004-MODULES.md,1,589,CANONICO,AI-012,AUTORIDAD_ARQ,AUTORIDAD_PRIMARIA,VINCULADO
MEF-V3-DIC-0005,AI-013,ARQ,ARQ-004,ARQ-004-MODULES.md,1,590,CANONICO,AI-013,AUTORIDAD_ARQ,AUTORIDAD_PRIMARIA,VINCULADO
MEF-V3-DIC-0006,AI-014,ARQ,ARQ-004,ARQ-004-MODULES.md,1,591,CANONICO,AI-014,AUTORIDAD_ARQ,AUTORIDAD_PRIMARIA,VINCULADO
MEF-V3-DIC-0007,AI-015,ARQ,ARQ-004,ARQ-004-MODULES.md,1,592,CANONICO,AI-015,AUTORIDAD_ARQ,AUTORIDAD_PRIMARIA,VINCULADO
MEF-V3-DIC-0007,AI-015,ENG,ENG-009,ENG-009-TESTING.md,1,333,CANONICO,AI-015,AUTORIDAD_ARQ,TRAZABILIDAD_SUBORDINADA,VINCULADO
MEF-V3-DIC-0008,AI-016,ARQ,ARQ-004,ARQ-004-MODULES.md,1,593,CANONICO,AI-016,AUTORIDAD_ARQ,AUTORIDAD_PRIMARIA,VINCULADO
MEF-V3-DIC-0009,AI-017,ARQ,ARQ-004,ARQ-004-MODULES.md,1,594,CANONICO,AI-017,AUTORIDAD_ARQ,AUTORIDAD_PRIMARIA,VINCULADO
MEF-V3-DIC-0010,AI-018,ARQ,ARQ-004,ARQ-004-MODULES.md,1,595,CANONICO,AI-018,AUTORIDAD_ARQ,AUTORIDAD_PRIMARIA,VINCULADO
MEF-V3-DIC-0011,AI-055,ARQ,ARQ-010,ARQ-010-TEMPLATE_ENGINE.md,1,211,CANONICO,AI-055,AUTORIDAD_ARQ,AUTORIDAD_PRIMARIA,VINCULADO
MEF-V3-DIC-0012,AI-056,ARQ,ARQ-010,ARQ-010-TEMPLATE_ENGINE.md,1,212,CANONICO,AI-056,AUTORIDAD_ARQ,AUTORIDAD_PRIMARIA,VINCULADO
MEF-V3-DIC-0013,AI-057,ARQ,ARQ-010,ARQ-010-TEMPLATE_ENGINE.md,1,213,CANONICO,AI-057,AUTORIDAD_ARQ,AUTORIDAD_PRIMARIA,VINCULADO
MEF-V3-DIC-0014,AI-058,ARQ,ARQ-010,ARQ-010-TEMPLATE_ENGINE.md,1,214,CANONICO,AI-058,AUTORIDAD_ARQ,AUTORIDAD_PRIMARIA,VINCULADO
MEF-V3-DIC-0015,AI-058 La generación,ARQ,ARQ-010,ARQ-010-TEMPLATE_ENGINE.md,1,214,CANONICO,AI-058 La generación,AUTORIDAD_ARQ,AUTORIDAD_PRIMARIA,VINCULADO
MEF-V3-DIC-0016,AI-059,ARQ,ARQ-010,ARQ-010-TEMPLATE_ENGINE.md,1,215,CANONICO,AI-059,AUTORIDAD_ARQ,AUTORIDAD_PRIMARIA,VINCULADO
MEF-V3-DIC-0017,AI-059 Las plantillas,ARQ,ARQ-010,ARQ-010-TEMPLATE_ENGINE.md,1,215,CANONICO,AI-059 Las plantillas,AUTORIDAD_ARQ,AUTORIDAD_PRIMARIA,VINCULADO
MEF-V3-DIC-0018,AI-060,ARQ,ARQ-010,ARQ-010-TEMPLATE_ENGINE.md,1,216,CANONICO,AI-060,AUTORIDAD_ARQ,AUTORIDAD_PRIMARIA,VINCULADO
MEF-V3-DIC-0019,AI-061,ARQ,ARQ-011,ARQ-011-CONTRACTS.md,1,205,CANONICO,AI-061,AUTORIDAD_ARQ,AUTORIDAD_PRIMARIA,VINCULADO
MEF-V3-DIC-0020,AI-062,ARQ,ARQ-011,ARQ-011-CONTRACTS.md,1,206,CANONICO,AI-062,AUTORIDAD_ARQ,AUTORIDAD_PRIMARIA,VINCULADO
MEF-V3-DIC-0021,AI-063,ARQ,ARQ-011,ARQ-011-CONTRACTS.md,1,207,CANONICO,AI-063,AUTORIDAD_ARQ,AUTORIDAD_PRIMARIA,VINCULADO
MEF-V3-DIC-0022,AI-064,ARQ,ARQ-011,ARQ-011-CONTRACTS.md,1,208,CANONICO,AI-064,AUTORIDAD_ARQ,AUTORIDAD_PRIMARIA,VINCULADO
MEF-V3-DIC-0023,AI-064 Los Contracts,ARQ,ARQ-011,ARQ-011-CONTRACTS.md,1,208,CANONICO,AI-064 Los Contracts,AUTORIDAD_ARQ,AUTORIDAD_PRIMARIA,VINCULADO
MEF-V3-DIC-0024,AI-065,ARQ,ARQ-011,ARQ-011-CONTRACTS.md,1,209,CANONICO,AI-065,AUTORIDAD_ARQ,AUTORIDAD_PRIMARIA,VINCULADO
MEF-V3-DIC-0025,AI-066,ARQ,ARQ-011,ARQ-011-CONTRACTS.md,1,210,CANONICO,AI-066,AUTORIDAD_ARQ,AUTORIDAD_PRIMARIA,VINCULADO
MEF-V3-DIC-0026,AI-066 Los Contracts,ARQ,ARQ-011,ARQ-011-CONTRACTS.md,1,210,CANONICO,AI-066 Los Contracts,AUTORIDAD_ARQ,AUTORIDAD_PRIMARIA,VINCULADO
MEF-V3-DIC-0027,AI-067,ARQ,ARQ-012,ARQ-012-DEPENDENCY_INJECTION.md,1,192,CANONICO,AI-067,AUTORIDAD_ARQ,AUTORIDAD_PRIMARIA,VINCULADO
MEF-V3-DIC-0028,AI-068,ARQ,ARQ-012,ARQ-012-DEPENDENCY_INJECTION.md,1,193,CANONICO,AI-068,AUTORIDAD_ARQ,AUTORIDAD_PRIMARIA,VINCULADO
MEF-V3-DIC-0029,AI-069,ARQ,ARQ-012,ARQ-012-DEPENDENCY_INJECTION.md,1,194,CANONICO,AI-069,AUTORIDAD_ARQ,AUTORIDAD_PRIMARIA,VINCULADO
MEF-V3-DIC-0030,AI-070,ARQ,ARQ-012,ARQ-012-DEPENDENCY_INJECTION.md,1,195,CANONICO,AI-070,AUTORIDAD_ARQ,AUTORIDAD_PRIMARIA,VINCULADO
MEF-V3-DIC-0031,AI-071,ARQ,ARQ-012,ARQ-012-DEPENDENCY_INJECTION.md,1,196,CANONICO,AI-071,AUTORIDAD_ARQ,AUTORIDAD_PRIMARIA,VINCULADO
MEF-V3-DIC-0032,AI-072,ARQ,ARQ-012,ARQ-012-DEPENDENCY_INJECTION.md,1,197,CANONICO,AI-072,AUTORIDAD_ARQ,AUTORIDAD_PRIMARIA,VINCULADO
MEF-V3-DIC-0033,AI-072 Constructor Injection,ARQ,ARQ-012,ARQ-012-DEPENDENCY_INJECTION.md,1,197,CANONICO,AI-072 Constructor Injection,AUTORIDAD_ARQ,AUTORIDAD_PRIMARIA,VINCULADO
MEF-V3-DIC-0034,AI-073,ARQ,ARQ-013,ARQ-013-CONFIGURATION.md,1,223,CANONICO,AI-073,AUTORIDAD_ARQ,AUTORIDAD_PRIMARIA,VINCULADO
MEF-V3-DIC-0035,AI-074,ARQ,ARQ-013,ARQ-013-CONFIGURATION.md,1,224,CANONICO,AI-074,AUTORIDAD_ARQ,AUTORIDAD_PRIMARIA,VINCULADO
MEF-V3-DIC-0036,AI-075,ARQ,ARQ-013,ARQ-013-CONFIGURATION.md,1,225,CANONICO,AI-075,AUTORIDAD_ARQ,AUTORIDAD_PRIMARIA,VINCULADO
MEF-V3-DIC-0037,AI-075 Toda política,ARQ,ARQ-013,ARQ-013-CONFIGURATION.md,1,225,CANONICO,AI-075 Toda política,AUTORIDAD_ARQ,AUTORIDAD_PRIMARIA,VINCULADO
MEF-V3-DIC-0038,AI-076,ARQ,ARQ-013,ARQ-013-CONFIGURATION.md,1,226,CANONICO,AI-076,AUTORIDAD_ARQ,AUTORIDAD_PRIMARIA,VINCULADO
MEF-V3-DIC-0039,AI-076 La configuración,ARQ,ARQ-013,ARQ-013-CONFIGURATION.md,1,226,CANONICO,AI-076 La configuración,AUTORIDAD_ARQ,AUTORIDAD_PRIMARIA,VINCULADO
MEF-V3-DIC-0040,AI-077,ARQ,ARQ-013,ARQ-013-CONFIGURATION.md,1,227,CANONICO,AI-077,AUTORIDAD_ARQ,AUTORIDAD_PRIMARIA,VINCULADO
MEF-V3-DIC-0041,AI-078,ARQ,ARQ-013,ARQ-013-CONFIGURATION.md,1,228,CANONICO,AI-078,AUTORIDAD_ARQ,AUTORIDAD_PRIMARIA,VINCULADO
MEF-V3-DIC-0042,AI-097,ARQ,ARQ-017,ARQ-017-PACKAGING.md,1,211,CANONICO,AI-097,AUTORIDAD_ARQ,AUTORIDAD_PRIMARIA,VINCULADO
MEF-V3-DIC-0043,AI-098,ARQ,ARQ-017,ARQ-017-PACKAGING.md,1,212,CANONICO,AI-098,AUTORIDAD_ARQ,AUTORIDAD_PRIMARIA,VINCULADO
MEF-V3-DIC-0044,AI-099,ARQ,ARQ-017,ARQ-017-PACKAGING.md,1,213,CANONICO,AI-099,AUTORIDAD_ARQ,AUTORIDAD_PRIMARIA,VINCULADO
MEF-V3-DIC-0045,AI-100,ARQ,ARQ-017,ARQ-017-PACKAGING.md,1,214,CANONICO,AI-100,AUTORIDAD_ARQ,AUTORIDAD_PRIMARIA,VINCULADO
MEF-V3-DIC-0046,AI-101,ARQ,ARQ-017,ARQ-017-PACKAGING.md,1,215,CANONICO,AI-101,AUTORIDAD_ARQ,AUTORIDAD_PRIMARIA,VINCULADO
MEF-V3-DIC-0047,AI-102,ARQ,ARQ-017,ARQ-017-PACKAGING.md,1,216,CANONICO,AI-102,AUTORIDAD_ARQ,AUTORIDAD_PRIMARIA,VINCULADO
MEF-V3-DIC-0048,AI-102 Todo Package,ARQ,ARQ-017,ARQ-017-PACKAGING.md,1,216,CANONICO,AI-102 Todo Package,AUTORIDAD_ARQ,AUTORIDAD_PRIMARIA,VINCULADO
MEF-V3-DIC-0049,Anatomía conceptual,ARQ,ARQ-004,ARQ-004-MODULES.md,1,137,CANONICO,Anatomía conceptual,AUTORIDAD_ARQ,AUTORIDAD_PRIMARIA,VINCULADO
MEF-V3-DIC-0050,API pública,ARQ,ARQ-004,ARQ-004-MODULES.md,7,115;198;200;202;590;623;635,CANONICO,API pública,AUTORIDAD_ARQ,AUTORIDAD_PRIMARIA,VINCULADO
MEF-V3-DIC-0050,API pública,ENG,ENG-001,ENG-001-ORGANIZACION_DEL_CODIGO.md,3,326;340;445,CANONICO,API pública,AUTORIDAD_ARQ,TRAZABILIDAD_SUBORDINADA,VINCULADO
MEF-V3-DIC-0050,API pública,ENG,ENG-002,ENG-002-ESPECIFICACION_DE_MODULES.md,7,106;293;620;825;908;928;985,CANONICO,API pública,AUTORIDAD_ARQ,TRAZABILIDAD_SUBORDINADA,VINCULADO
MEF-V3-DIC-0050,API pública,ENG,ENG-004,ENG-004-CONVENCIONES.md,2,335;815,CANONICO,API pública,AUTORIDAD_ARQ,TRAZABILIDAD_SUBORDINADA,VINCULADO
MEF-V3-DIC-0050,API pública,ENG,ENG-006,ENG-006-ESTRUCTURA_DE_DIRECTORIOS.md,1,1451,CANONICO,API pública,AUTORIDAD_ARQ,TRAZABILIDAD_SUBORDINADA,VINCULADO
MEF-V3-DIC-0050,API pública,ENG,ENG-016,ENG-016-COMPATIBILITY.md,1,1018,CANONICO,API pública,AUTORIDAD_ARQ,TRAZABILIDAD_SUBORDINADA,VINCULADO
MEF-V3-DIC-0050,API pública,ENG,ENG-028,ENG-028-MODULE_ENGINEERING.md,1,1328,CANONICO,API pública,AUTORIDAD_ARQ,TRAZABILIDAD_SUBORDINADA,VINCULADO
MEF-V3-DIC-0050,API pública,ENG,ENG-030,ENG-030-PERSISTENCE_ENGINEERING.md,1,266,CANONICO,API pública,AUTORIDAD_ARQ,TRAZABILIDAD_SUBORDINADA,VINCULADO
MEF-V3-DIC-0050,API pública,ENG,ENG-033,ENG-033-INTERFACE_ENGINEERING.md,1,1390,CANONICO,API pública,AUTORIDAD_ARQ,TRAZABILIDAD_SUBORDINADA,VINCULADO
MEF-V3-DIC-0050,API pública,ENG,ENG-041,ENG-041-MESSAGING_ENGINEERING.md,1,3704,CANONICO,API pública,AUTORIDAD_ARQ,TRAZABILIDAD_SUBORDINADA,VINCULADO
MEF-V3-DIC-0050,API pública,ENG,ENG-044,ENG-044-API_ENGINEERING.md,7,136;1540;1984;2625;3544;3559;3971,CANONICO,API pública,AUTORIDAD_ARQ,TRAZABILIDAD_SUBORDINADA,VINCULADO
MEF-V3-DIC-0050,API pública,ENG,ENG-057,ENG-057-METADATA_ENGINEERING.md,1,2689,CANONICO,API pública,AUTORIDAD_ARQ,TRAZABILIDAD_SUBORDINADA,VINCULADO
MEF-V3-DIC-0051,API pública accidental,ARQ,ARQ-004,ARQ-004-MODULES.md,1,623,CANONICO,API pública accidental,AUTORIDAD_ARQ,AUTORIDAD_PRIMARIA,VINCULADO
MEF-V3-DIC-0052,ARQ-004,ARQ,ARQ-001,ARQ-001-VISION_ARQUITECTONICA.md,1,19,CANONICO,ARQ-004,AUTORIDAD_ARQ,AUTORIDAD_PRIMARIA,VINCULADO
MEF-V3-DIC-0052,ARQ-004,ARQ,ARQ-002,ARQ-002-CORE.md,1,19,CANONICO,ARQ-004,AUTORIDAD_ARQ,AUTORIDAD_PRIMARIA,VINCULADO
MEF-V3-DIC-0052,ARQ-004,ARQ,ARQ-003,ARQ-003-PLATFORM.md,1,17,CANONICO,ARQ-004,AUTORIDAD_ARQ,AUTORIDAD_PRIMARIA,VINCULADO
MEF-V3-DIC-0052,ARQ-004,ARQ,ARQ-004,ARQ-004-MODULES.md,2,2;32,CANONICO,ARQ-004,AUTORIDAD_ARQ,AUTORIDAD_PRIMARIA,VINCULADO
MEF-V3-DIC-0052,ARQ-004,ARQ,ARQ-005,ARQ-005-KERNEL.md,1,15,CANONICO,ARQ-004,AUTORIDAD_ARQ,AUTORIDAD_PRIMARIA,VINCULADO
MEF-V3-DIC-0052,ARQ-004,ARQ,ARQ-006,ARQ-006-REGISTRY.md,1,14,CANONICO,ARQ-004,AUTORIDAD_ARQ,AUTORIDAD_PRIMARIA,VINCULADO
MEF-V3-DIC-0052,ARQ-004,ARQ,ARQ-008,ARQ-008-EVENT_BUS.md,1,14,CANONICO,ARQ-004,AUTORIDAD_ARQ,AUTORIDAD_PRIMARIA,VINCULADO
MEF-V3-DIC-0052,ARQ-004,ARQ,ARQ-015,ARQ-015-EXTENSION_MODEL.md,1,13,CANONICO,ARQ-004,AUTORIDAD_ARQ,AUTORIDAD_PRIMARIA,VINCULADO
MEF-V3-DIC-0052,ARQ-004,ARQ,ARQ-017,ARQ-017-PACKAGING.md,2,13;300,CANONICO,ARQ-004,AUTORIDAD_ARQ,AUTORIDAD_PRIMARIA,VINCULADO
MEF-V3-DIC-0052,ARQ-004,ENG,ENG-000,ENG-000-INGENIERIA_GENERAL.md,3,190;696;834,CANONICO,ARQ-004,AUTORIDAD_ARQ,TRAZABILIDAD_SUBORDINADA,VINCULADO
MEF-V3-DIC-0052,ARQ-004,ENG,ENG-001,ENG-001-ORGANIZACION_DEL_CODIGO.md,2,16;1066,CANONICO,ARQ-004,AUTORIDAD_ARQ,TRAZABILIDAD_SUBORDINADA,VINCULADO
MEF-V3-DIC-0052,ARQ-004,ENG,ENG-002,ENG-002-ESPECIFICACION_DE_MODULES.md,8,15;51;77;80;93;1099;1138;1151,CANONICO,ARQ-004,AUTORIDAD_ARQ,TRAZABILIDAD_SUBORDINADA,VINCULADO
MEF-V3-DIC-0052,ARQ-004,ENG,ENG-003,ENG-003-MANIFEST.md,2,16;1405,CANONICO,ARQ-004,AUTORIDAD_ARQ,TRAZABILIDAD_SUBORDINADA,VINCULADO
MEF-V3-DIC-0052,ARQ-004,ENG,ENG-004,ENG-004-CONVENCIONES.md,1,1572,CANONICO,ARQ-004,AUTORIDAD_ARQ,TRAZABILIDAD_SUBORDINADA,VINCULADO
MEF-V3-DIC-0052,ARQ-004,ENG,ENG-005,ENG-005-NOMENCLATURA.md,1,2540,CANONICO,ARQ-004,AUTORIDAD_ARQ,TRAZABILIDAD_SUBORDINADA,VINCULADO
MEF-V3-DIC-0052,ARQ-004,ENG,ENG-006,ENG-006-ESTRUCTURA_DE_DIRECTORIOS.md,2,21;1660,CANONICO,ARQ-004,AUTORIDAD_ARQ,TRAZABILIDAD_SUBORDINADA,VINCULADO
MEF-V3-DIC-0052,ARQ-004,ENG,ENG-009,ENG-009-TESTING.md,1,1773,CANONICO,ARQ-004,AUTORIDAD_ARQ,TRAZABILIDAD_SUBORDINADA,VINCULADO
MEF-V3-DIC-0052,ARQ-004,ENG,ENG-013,ENG-013-PACKAGE_MANAGER.md,1,3024,CANONICO,ARQ-004,AUTORIDAD_ARQ,TRAZABILIDAD_SUBORDINADA,VINCULADO
MEF-V3-DIC-0052,ARQ-004,ENG,ENG-014,ENG-014-VERSIONADO.md,1,2759,CANONICO,ARQ-004,AUTORIDAD_ARQ,TRAZABILIDAD_SUBORDINADA,VINCULADO
MEF-V3-DIC-0052,ARQ-004,ENG,ENG-015,ENG-015-ARCHITECTURAL_STATE_MACHINE.md,2,21;3165,CANONICO,ARQ-004,AUTORIDAD_ARQ,TRAZABILIDAD_SUBORDINADA,VINCULADO
MEF-V3-DIC-0052,ARQ-004,ENG,ENG-016,ENG-016-COMPATIBILITY.md,2,22;3277,CANONICO,ARQ-004,AUTORIDAD_ARQ,TRAZABILIDAD_SUBORDINADA,VINCULADO
MEF-V3-DIC-0052,ARQ-004,ENG,ENG-018,ENG-018-DEPENDENCY_INJECTION.md,1,3014,CANONICO,ARQ-004,AUTORIDAD_ARQ,TRAZABILIDAD_SUBORDINADA,VINCULADO
MEF-V3-DIC-0052,ARQ-004,ENG,ENG-019,ENG-019-SERVICE_CONTAINER.md,2,23;2785,CANONICO,ARQ-004,AUTORIDAD_ARQ,TRAZABILIDAD_SUBORDINADA,VINCULADO
MEF-V3-DIC-0052,ARQ-004,ENG,ENG-020,ENG-020-REGISTRY_ENGINNEERING.md,2,26;3202,CANONICO,ARQ-004,AUTORIDAD_ARQ,TRAZABILIDAD_SUBORDINADA,VINCULADO
MEF-V3-DIC-0052,ARQ-004,ENG,ENG-021,ENG-021-CONTRACTS_ENGINNEERING.md,2,25;3265,CANONICO,ARQ-004,AUTORIDAD_ARQ,TRAZABILIDAD_SUBORDINADA,VINCULADO
MEF-V3-DIC-0052,ARQ-004,ENG,ENG-022,ENG-022-EVENT_BUS_ENGINNEERING.md,2,27;3495,CANONICO,ARQ-004,AUTORIDAD_ARQ,TRAZABILIDAD_SUBORDINADA,VINCULADO
MEF-V3-DIC-0052,ARQ-004,ENG,ENG-023,ENG-023-ERROR_HANDLING.md,2,29;3390,CANONICO,ARQ-004,AUTORIDAD_ARQ,TRAZABILIDAD_SUBORDINADA,VINCULADO
MEF-V3-DIC-0052,ARQ-004,ENG,ENG-024,ENG-024-SECURITY_ENGINEERING.md,2,35;4121,CANONICO,ARQ-004,AUTORIDAD_ARQ,TRAZABILIDAD_SUBORDINADA,VINCULADO
MEF-V3-DIC-0052,ARQ-004,ENG,ENG-028,ENG-028-MODULE_ENGINEERING.md,2,26;3425,CANONICO,ARQ-004,AUTORIDAD_ARQ,TRAZABILIDAD_SUBORDINADA,VINCULADO
MEF-V3-DIC-0052,ARQ-004,ENG,ENG-029,ENG-029-EXTENSION_ENGINEERING.md,2,24;2623,CANONICO,ARQ-004,AUTORIDAD_ARQ,TRAZABILIDAD_SUBORDINADA,VINCULADO
MEF-V3-DIC-0052,ARQ-004,ENG,ENG-030,ENG-030-PERSISTENCE_ENGINEERING.md,1,3068,CANONICO,ARQ-004,AUTORIDAD_ARQ,TRAZABILIDAD_SUBORDINADA,VINCULADO
MEF-V3-DIC-0052,ARQ-004,ENG,ENG-031,ENG-031-SERIALIZATION_ENGINEERING.md,1,3238,CANONICO,ARQ-004,AUTORIDAD_ARQ,TRAZABILIDAD_SUBORDINADA,VINCULADO
MEF-V3-DIC-0052,ARQ-004,ENG,ENG-032,ENG-032-TRANSPORT_ENGINEERING.md,1,3251,CANONICO,ARQ-004,AUTORIDAD_ARQ,TRAZABILIDAD_SUBORDINADA,VINCULADO
MEF-V3-DIC-0052,ARQ-004,ENG,ENG-033,ENG-033-INTERFACE_ENGINEERING.md,1,1719,CANONICO,ARQ-004,AUTORIDAD_ARQ,TRAZABILIDAD_SUBORDINADA,VINCULADO
MEF-V3-DIC-0052,ARQ-004,ENG,ENG-034,ENG-034-APPLICATION_ENGINEERING.md,1,3018,CANONICO,ARQ-004,AUTORIDAD_ARQ,TRAZABILIDAD_SUBORDINADA,VINCULADO
MEF-V3-DIC-0052,ARQ-004,ENG,ENG-035,ENG-035-DOMAIN_ENGINEERING.md,1,3522,CANONICO,ARQ-004,AUTORIDAD_ARQ,TRAZABILIDAD_SUBORDINADA,VINCULADO
MEF-V3-DIC-0052,ARQ-004,ENG,ENG-036,ENG-036-VALIDATION_ENGINEERING.md,1,2980,CANONICO,ARQ-004,AUTORIDAD_ARQ,TRAZABILIDAD_SUBORDINADA,VINCULADO
MEF-V3-DIC-0052,ARQ-004,ENG,ENG-037,ENG-037-CACHING_ENGINEERING.md,1,3256,CANONICO,ARQ-004,AUTORIDAD_ARQ,TRAZABILIDAD_SUBORDINADA,VINCULADO
MEF-V3-DIC-0052,ARQ-004,ENG,ENG-038,ENG-038-CONCURRENCY_ENGINEERING.md,1,3273,CANONICO,ARQ-004,AUTORIDAD_ARQ,TRAZABILIDAD_SUBORDINADA,VINCULADO
MEF-V3-DIC-0052,ARQ-004,ENG,ENG-039,ENG-039-RESILIENCE_ENGINEERING.md,1,3178,CANONICO,ARQ-004,AUTORIDAD_ARQ,TRAZABILIDAD_SUBORDINADA,VINCULADO
MEF-V3-DIC-0052,ARQ-004,ENG,ENG-040,ENG-040-SCHEDULING_BACKGROUND_JOBS_ENGINEERING.md,1,4165,CANONICO,ARQ-004,AUTORIDAD_ARQ,TRAZABILIDAD_SUBORDINADA,VINCULADO
MEF-V3-DIC-0052,ARQ-004,ENG,ENG-041,ENG-041-MESSAGING_ENGINEERING.md,1,4126,CANONICO,ARQ-004,AUTORIDAD_ARQ,TRAZABILIDAD_SUBORDINADA,VINCULADO
MEF-V3-DIC-0052,ARQ-004,ENG,ENG-042,ENG-042-TRANSACTION_ENGINEERING.md,1,3375,CANONICO,ARQ-004,AUTORIDAD_ARQ,TRAZABILIDAD_SUBORDINADA,VINCULADO
MEF-V3-DIC-0052,ARQ-004,ENG,ENG-043,ENG-043-DATA_ACCESS_ENGINEERING.md,1,3605,CANONICO,ARQ-004,AUTORIDAD_ARQ,TRAZABILIDAD_SUBORDINADA,VINCULADO
MEF-V3-DIC-0052,ARQ-004,ENG,ENG-044,ENG-044-API_ENGINEERING.md,1,4199,CANONICO,ARQ-004,AUTORIDAD_ARQ,TRAZABILIDAD_SUBORDINADA,VINCULADO
MEF-V3-DIC-0052,ARQ-004,ENG,ENG-045,ENG-045-AUTHENTICATION_ENGINEERING.md,1,3885,CANONICO,ARQ-004,AUTORIDAD_ARQ,TRAZABILIDAD_SUBORDINADA,VINCULADO
MEF-V3-DIC-0052,ARQ-004,ENG,ENG-046,ENG-046-AUTHORIZATION_ENGINEERING.md,1,3956,CANONICO,ARQ-004,AUTORIDAD_ARQ,TRAZABILIDAD_SUBORDINADA,VINCULADO
MEF-V3-DIC-0052,ARQ-004,ENG,ENG-047,ENG-047-IDENTITY_ACCESS_MANAGEMENT_ENGINEERING.md,1,4017,CANONICO,ARQ-004,AUTORIDAD_ARQ,TRAZABILIDAD_SUBORDINADA,VINCULADO
MEF-V3-DIC-0052,ARQ-004,ENG,ENG-048,ENG-048-MULTI_TENANCY_ENGINEERING.md,1,3481,CANONICO,ARQ-004,AUTORIDAD_ARQ,TRAZABILIDAD_SUBORDINADA,VINCULADO
MEF-V3-DIC-0052,ARQ-004,ENG,ENG-049,ENG-049-CONFIGURATION_MANAGEMENT_ENGINEERING.md,1,3470,CANONICO,ARQ-004,AUTORIDAD_ARQ,TRAZABILIDAD_SUBORDINADA,VINCULADO
MEF-V3-DIC-0052,ARQ-004,ENG,ENG-050,ENG-050-FEATURE_MANAGEMENT_ENGINEERING.md,1,3016,CANONICO,ARQ-004,AUTORIDAD_ARQ,TRAZABILIDAD_SUBORDINADA,VINCULADO
MEF-V3-DIC-0052,ARQ-004,ENG,ENG-051,ENG-051-POLICY_ENGINEERING.md,1,3104,CANONICO,ARQ-004,AUTORIDAD_ARQ,TRAZABILIDAD_SUBORDINADA,VINCULADO
MEF-V3-DIC-0052,ARQ-004,ENG,ENG-052,ENG-052-WORKFLOW_ENGINEERING.md,1,3556,CANONICO,ARQ-004,AUTORIDAD_ARQ,TRAZABILIDAD_SUBORDINADA,VINCULADO
MEF-V3-DIC-0052,ARQ-004,ENG,ENG-053,ENG-053-STATE_MANAGEMENT_ENGINEERING.md,1,3137,CANONICO,ARQ-004,AUTORIDAD_ARQ,TRAZABILIDAD_SUBORDINADA,VINCULADO
MEF-V3-DIC-0052,ARQ-004,ENG,ENG-054,ENG-054-RESOURCE_MANAGEMENT_ENGINEERING.md,1,3337,CANONICO,ARQ-004,AUTORIDAD_ARQ,TRAZABILIDAD_SUBORDINADA,VINCULADO
MEF-V3-DIC-0052,ARQ-004,ENG,ENG-055,ENG-055-LIFECYCLE_MANAGEMENT_ENGINEERING.md,1,3342,CANONICO,ARQ-004,AUTORIDAD_ARQ,TRAZABILIDAD_SUBORDINADA,VINCULADO
MEF-V3-DIC-0052,ARQ-004,ENG,ENG-056,ENG-056-CONTEXT_MANAGEMENT_ENGINEERING.md,1,3109,CANONICO,ARQ-004,AUTORIDAD_ARQ,TRAZABILIDAD_SUBORDINADA,VINCULADO
MEF-V3-DIC-0052,ARQ-004,ENG,ENG-057,ENG-057-METADATA_ENGINEERING.md,1,3107,CANONICO,ARQ-004,AUTORIDAD_ARQ,TRAZABILIDAD_SUBORDINADA,VINCULADO
MEF-V3-DIC-0052,ARQ-004,ENG,ENG-059,ENG-059-RESOLUTION_ENGINEERING.md,1,2742,CANONICO,ARQ-004,AUTORIDAD_ARQ,TRAZABILIDAD_SUBORDINADA,VINCULADO
MEF-V3-DIC-0052,ARQ-004,ENG,ENG-060,ENG-060-PLUGIN_ENGINEERING.md,1,3244,CANONICO,ARQ-004,AUTORIDAD_ARQ,TRAZABILIDAD_SUBORDINADA,VINCULADO
MEF-V3-DIC-0052,ARQ-004,ENG,ENG-061,ENG-061-INTEROPERABILITY_ENGINEERING.md,1,2914,CANONICO,ARQ-004,AUTORIDAD_ARQ,TRAZABILIDAD_SUBORDINADA,VINCULADO
MEF-V3-DIC-0052,ARQ-004,ENG,ENG-062,ENG-062-SCHEMA_ENGINEERING.md,1,2980,CANONICO,ARQ-004,AUTORIDAD_ARQ,TRAZABILIDAD_SUBORDINADA,VINCULADO
MEF-V3-DIC-0052,ARQ-004,ENG,ENG-063,ENG-063-DATA_TRANSFORMATION_ENGINEERING.md,1,2945,CANONICO,ARQ-004,AUTORIDAD_ARQ,TRAZABILIDAD_SUBORDINADA,VINCULADO
MEF-V3-DIC-0052,ARQ-004,ENG,ENG-065,ENG-065-MIGRATION_ENGINEERING.md,1,3272,CANONICO,ARQ-004,AUTORIDAD_ARQ,TRAZABILIDAD_SUBORDINADA,VINCULADO
MEF-V3-DIC-0052,ARQ-004,ENG,ENG-066,ENG-066-UPGRADE_ENGINEERING.md,1,3001,CANONICO,ARQ-004,AUTORIDAD_ARQ,TRAZABILIDAD_SUBORDINADA,VINCULADO
MEF-V3-DIC-0052,ARQ-004,ENG,ENG-067,ENG-067-DEPLOYMENT_ENGINEERING.md,1,3232,CANONICO,ARQ-004,AUTORIDAD_ARQ,TRAZABILIDAD_SUBORDINADA,VINCULADO
MEF-V3-DIC-0052,ARQ-004,ENG,ENG-068,ENG-068-ENVIRONMENT_ENGINEERING.md,1,3079,CANONICO,ARQ-004,AUTORIDAD_ARQ,TRAZABILIDAD_SUBORDINADA,VINCULADO
MEF-V3-DIC-0052,ARQ-004,ENG,ENG-069,ENG-069-HEALTH_READINESS_ENGINEERING.md,1,3043,CANONICO,ARQ-004,AUTORIDAD_ARQ,TRAZABILIDAD_SUBORDINADA,VINCULADO
MEF-V3-DIC-0052,ARQ-004,ENG,ENG-074,ENG-074-RELIABILITY_ENGINEERING.md,1,3351,CANONICO,ARQ-004,AUTORIDAD_ARQ,TRAZABILIDAD_SUBORDINADA,VINCULADO
MEF-V3-DIC-0052,ARQ-004,ENG,ENG-075,ENG-075-MAINTAINABILITY_ENGINEERING.md,1,3580,CANONICO,ARQ-004,AUTORIDAD_ARQ,TRAZABILIDAD_SUBORDINADA,VINCULADO
MEF-V3-DIC-0053,ARQ-010,ARQ,ARQ-009,ARQ-009-BUILDERS.md,1,17,CANONICO,ARQ-010,AUTORIDAD_ARQ,AUTORIDAD_PRIMARIA,VINCULADO
MEF-V3-DIC-0053,ARQ-010,ARQ,ARQ-010,ARQ-010-TEMPLATE_ENGINE.md,2,2;26,CANONICO,ARQ-010,AUTORIDAD_ARQ,AUTORIDAD_PRIMARIA,VINCULADO
MEF-V3-DIC-0053,ARQ-010,ARQ,ARQ-013,ARQ-013-CONFIGURATION.md,2,17;314,CANONICO,ARQ-010,AUTORIDAD_ARQ,AUTORIDAD_PRIMARIA,VINCULADO
MEF-V3-DIC-0053,ARQ-010,ENG,ENG-000,ENG-000-INGENIERIA_GENERAL.md,2,700;835,CANONICO,ARQ-010,AUTORIDAD_ARQ,TRAZABILIDAD_SUBORDINADA,VINCULADO
MEF-V3-DIC-0053,ARQ-010,ENG,ENG-008,ENG-008-GENERADORES.md,2,19;1489,CANONICO,ARQ-010,AUTORIDAD_ARQ,TRAZABILIDAD_SUBORDINADA,VINCULADO
MEF-V3-DIC-0053,ARQ-010,ENG,ENG-012,ENG-012-BUILD_SYSTEM.md,1,1854,CANONICO,ARQ-010,AUTORIDAD_ARQ,TRAZABILIDAD_SUBORDINADA,VINCULADO
MEF-V3-DIC-0054,ARQ-011,ARQ,ARQ-007,ARQ-007-SERVICE_CONTAINER.md,1,18,CANONICO,ARQ-011,AUTORIDAD_ARQ,AUTORIDAD_PRIMARIA,VINCULADO
MEF-V3-DIC-0054,ARQ-011,ARQ,ARQ-009,ARQ-009-BUILDERS.md,1,18,CANONICO,ARQ-011,AUTORIDAD_ARQ,AUTORIDAD_PRIMARIA,VINCULADO
MEF-V3-DIC-0054,ARQ-011,ARQ,ARQ-010,ARQ-010-TEMPLATE_ENGINE.md,2,16;284,CANONICO,ARQ-011,AUTORIDAD_ARQ,AUTORIDAD_PRIMARIA,VINCULADO
MEF-V3-DIC-0054,ARQ-011,ARQ,ARQ-011,ARQ-011-CONTRACTS.md,2,2;27,CANONICO,ARQ-011,AUTORIDAD_ARQ,AUTORIDAD_PRIMARIA,VINCULADO
MEF-V3-DIC-0054,ARQ-011,ARQ,ARQ-012,ARQ-012-DEPENDENCY_INJECTION.md,2,14;266,CANONICO,ARQ-011,AUTORIDAD_ARQ,AUTORIDAD_PRIMARIA,VINCULADO
MEF-V3-DIC-0054,ARQ-011,ARQ,ARQ-015,ARQ-015-EXTENSION_MODEL.md,1,15,CANONICO,ARQ-011,AUTORIDAD_ARQ,AUTORIDAD_PRIMARIA,VINCULADO
MEF-V3-DIC-0054,ARQ-011,ARQ,ARQ-016,ARQ-016-SECURITY.md,1,13,CANONICO,ARQ-011,AUTORIDAD_ARQ,AUTORIDAD_PRIMARIA,VINCULADO
MEF-V3-DIC-0054,ARQ-011,ARQ,ARQ-017,ARQ-017-PACKAGING.md,2,14;301,CANONICO,ARQ-011,AUTORIDAD_ARQ,AUTORIDAD_PRIMARIA,VINCULADO
MEF-V3-DIC-0054,ARQ-011,ENG,ENG-001,ENG-001-ORGANIZACION_DEL_CODIGO.md,2,17;1070,CANONICO,ARQ-011,AUTORIDAD_ARQ,TRAZABILIDAD_SUBORDINADA,VINCULADO
MEF-V3-DIC-0054,ARQ-011,ENG,ENG-002,ENG-002-ESPECIFICACION_DE_MODULES.md,2,17;1154,CANONICO,ARQ-011,AUTORIDAD_ARQ,TRAZABILIDAD_SUBORDINADA,VINCULADO
MEF-V3-DIC-0054,ARQ-011,ENG,ENG-003,ENG-003-MANIFEST.md,1,1407,CANONICO,ARQ-011,AUTORIDAD_ARQ,TRAZABILIDAD_SUBORDINADA,VINCULADO
MEF-V3-DIC-0054,ARQ-011,ENG,ENG-004,ENG-004-CONVENCIONES.md,1,1574,CANONICO,ARQ-011,AUTORIDAD_ARQ,TRAZABILIDAD_SUBORDINADA,VINCULADO
MEF-V3-DIC-0054,ARQ-011,ENG,ENG-005,ENG-005-NOMENCLATURA.md,2,1649;2544,CANONICO,ARQ-011,AUTORIDAD_ARQ,TRAZABILIDAD_SUBORDINADA,VINCULADO
MEF-V3-DIC-0054,ARQ-011,ENG,ENG-008,ENG-008-GENERADORES.md,1,1490,CANONICO,ARQ-011,AUTORIDAD_ARQ,TRAZABILIDAD_SUBORDINADA,VINCULADO
MEF-V3-DIC-0054,ARQ-011,ENG,ENG-009,ENG-009-TESTING.md,2,22;1776,CANONICO,ARQ-011,AUTORIDAD_ARQ,TRAZABILIDAD_SUBORDINADA,VINCULADO
MEF-V3-DIC-0054,ARQ-011,ENG,ENG-013,ENG-013-PACKAGE_MANAGER.md,1,3026,CANONICO,ARQ-011,AUTORIDAD_ARQ,TRAZABILIDAD_SUBORDINADA,VINCULADO
MEF-V3-DIC-0054,ARQ-011,ENG,ENG-014,ENG-014-VERSIONADO.md,3,18;277;2761,CANONICO,ARQ-011,AUTORIDAD_ARQ,TRAZABILIDAD_SUBORDINADA,VINCULADO
MEF-V3-DIC-0054,ARQ-011,ENG,ENG-015,ENG-015-ARCHITECTURAL_STATE_MACHINE.md,1,3167,CANONICO,ARQ-011,AUTORIDAD_ARQ,TRAZABILIDAD_SUBORDINADA,VINCULADO
MEF-V3-DIC-0054,ARQ-011,ENG,ENG-016,ENG-016-COMPATIBILITY.md,3,24;518;3279,CANONICO,ARQ-011,AUTORIDAD_ARQ,TRAZABILIDAD_SUBORDINADA,VINCULADO
MEF-V3-DIC-0054,ARQ-011,ENG,ENG-017,ENG-017-RELEASE_PROCESS.md,2,23;3295,CANONICO,ARQ-011,AUTORIDAD_ARQ,TRAZABILIDAD_SUBORDINADA,VINCULADO
MEF-V3-DIC-0054,ARQ-011,ENG,ENG-018,ENG-018-DEPENDENCY_INJECTION.md,3,24;314;3018,CANONICO,ARQ-011,AUTORIDAD_ARQ,TRAZABILIDAD_SUBORDINADA,VINCULADO
MEF-V3-DIC-0054,ARQ-011,ENG,ENG-019,ENG-019-SERVICE_CONTAINER.md,2,26;2789,CANONICO,ARQ-011,AUTORIDAD_ARQ,TRAZABILIDAD_SUBORDINADA,VINCULADO
MEF-V3-DIC-0054,ARQ-011,ENG,ENG-020,ENG-020-REGISTRY_ENGINNEERING.md,2,30;3206,CANONICO,ARQ-011,AUTORIDAD_ARQ,TRAZABILIDAD_SUBORDINADA,VINCULADO
MEF-V3-DIC-0054,ARQ-011,ENG,ENG-021,ENG-021-CONTRACTS_ENGINNEERING.md,3,29;2835;3269,CANONICO,ARQ-011,AUTORIDAD_ARQ,TRAZABILIDAD_SUBORDINADA,VINCULADO
MEF-V3-DIC-0054,ARQ-011,ENG,ENG-022,ENG-022-EVENT_BUS_ENGINNEERING.md,2,31;3499,CANONICO,ARQ-011,AUTORIDAD_ARQ,TRAZABILIDAD_SUBORDINADA,VINCULADO
MEF-V3-DIC-0054,ARQ-011,ENG,ENG-023,ENG-023-ERROR_HANDLING.md,2,33;3394,CANONICO,ARQ-011,AUTORIDAD_ARQ,TRAZABILIDAD_SUBORDINADA,VINCULADO
MEF-V3-DIC-0054,ARQ-011,ENG,ENG-024,ENG-024-SECURITY_ENGINEERING.md,2,39;4125,CANONICO,ARQ-011,AUTORIDAD_ARQ,TRAZABILIDAD_SUBORDINADA,VINCULADO
MEF-V3-DIC-0054,ARQ-011,ENG,ENG-028,ENG-028-MODULE_ENGINEERING.md,2,27;3428,CANONICO,ARQ-011,AUTORIDAD_ARQ,TRAZABILIDAD_SUBORDINADA,VINCULADO
MEF-V3-DIC-0054,ARQ-011,ENG,ENG-029,ENG-029-EXTENSION_ENGINEERING.md,2,25;2627,CANONICO,ARQ-011,AUTORIDAD_ARQ,TRAZABILIDAD_SUBORDINADA,VINCULADO
MEF-V3-DIC-0054,ARQ-011,ENG,ENG-030,ENG-030-PERSISTENCE_ENGINEERING.md,1,3072,CANONICO,ARQ-011,AUTORIDAD_ARQ,TRAZABILIDAD_SUBORDINADA,VINCULADO
MEF-V3-DIC-0054,ARQ-011,ENG,ENG-031,ENG-031-SERIALIZATION_ENGINEERING.md,1,3241,CANONICO,ARQ-011,AUTORIDAD_ARQ,TRAZABILIDAD_SUBORDINADA,VINCULADO
MEF-V3-DIC-0054,ARQ-011,ENG,ENG-032,ENG-032-TRANSPORT_ENGINEERING.md,1,3255,CANONICO,ARQ-011,AUTORIDAD_ARQ,TRAZABILIDAD_SUBORDINADA,VINCULADO
MEF-V3-DIC-0054,ARQ-011,ENG,ENG-033,ENG-033-INTERFACE_ENGINEERING.md,1,1727,CANONICO,ARQ-011,AUTORIDAD_ARQ,TRAZABILIDAD_SUBORDINADA,VINCULADO
MEF-V3-DIC-0054,ARQ-011,ENG,ENG-034,ENG-034-APPLICATION_ENGINEERING.md,1,3022,CANONICO,ARQ-011,AUTORIDAD_ARQ,TRAZABILIDAD_SUBORDINADA,VINCULADO
MEF-V3-DIC-0054,ARQ-011,ENG,ENG-035,ENG-035-DOMAIN_ENGINEERING.md,1,3525,CANONICO,ARQ-011,AUTORIDAD_ARQ,TRAZABILIDAD_SUBORDINADA,VINCULADO
MEF-V3-DIC-0054,ARQ-011,ENG,ENG-036,ENG-036-VALIDATION_ENGINEERING.md,1,2982,CANONICO,ARQ-011,AUTORIDAD_ARQ,TRAZABILIDAD_SUBORDINADA,VINCULADO
MEF-V3-DIC-0054,ARQ-011,ENG,ENG-037,ENG-037-CACHING_ENGINEERING.md,1,3259,CANONICO,ARQ-011,AUTORIDAD_ARQ,TRAZABILIDAD_SUBORDINADA,VINCULADO
MEF-V3-DIC-0054,ARQ-011,ENG,ENG-038,ENG-038-CONCURRENCY_ENGINEERING.md,1,3276,CANONICO,ARQ-011,AUTORIDAD_ARQ,TRAZABILIDAD_SUBORDINADA,VINCULADO
MEF-V3-DIC-0054,ARQ-011,ENG,ENG-039,ENG-039-RESILIENCE_ENGINEERING.md,1,3181,CANONICO,ARQ-011,AUTORIDAD_ARQ,TRAZABILIDAD_SUBORDINADA,VINCULADO
MEF-V3-DIC-0054,ARQ-011,ENG,ENG-040,ENG-040-SCHEDULING_BACKGROUND_JOBS_ENGINEERING.md,1,4168,CANONICO,ARQ-011,AUTORIDAD_ARQ,TRAZABILIDAD_SUBORDINADA,VINCULADO
MEF-V3-DIC-0054,ARQ-011,ENG,ENG-041,ENG-041-MESSAGING_ENGINEERING.md,1,4129,CANONICO,ARQ-011,AUTORIDAD_ARQ,TRAZABILIDAD_SUBORDINADA,VINCULADO
MEF-V3-DIC-0054,ARQ-011,ENG,ENG-042,ENG-042-TRANSACTION_ENGINEERING.md,1,3378,CANONICO,ARQ-011,AUTORIDAD_ARQ,TRAZABILIDAD_SUBORDINADA,VINCULADO
MEF-V3-DIC-0054,ARQ-011,ENG,ENG-043,ENG-043-DATA_ACCESS_ENGINEERING.md,1,3608,CANONICO,ARQ-011,AUTORIDAD_ARQ,TRAZABILIDAD_SUBORDINADA,VINCULADO
MEF-V3-DIC-0054,ARQ-011,ENG,ENG-044,ENG-044-API_ENGINEERING.md,1,4202,CANONICO,ARQ-011,AUTORIDAD_ARQ,TRAZABILIDAD_SUBORDINADA,VINCULADO
MEF-V3-DIC-0054,ARQ-011,ENG,ENG-045,ENG-045-AUTHENTICATION_ENGINEERING.md,1,3888,CANONICO,ARQ-011,AUTORIDAD_ARQ,TRAZABILIDAD_SUBORDINADA,VINCULADO
MEF-V3-DIC-0054,ARQ-011,ENG,ENG-046,ENG-046-AUTHORIZATION_ENGINEERING.md,1,3959,CANONICO,ARQ-011,AUTORIDAD_ARQ,TRAZABILIDAD_SUBORDINADA,VINCULADO
MEF-V3-DIC-0054,ARQ-011,ENG,ENG-047,ENG-047-IDENTITY_ACCESS_MANAGEMENT_ENGINEERING.md,1,4020,CANONICO,ARQ-011,AUTORIDAD_ARQ,TRAZABILIDAD_SUBORDINADA,VINCULADO
MEF-V3-DIC-0054,ARQ-011,ENG,ENG-048,ENG-048-MULTI_TENANCY_ENGINEERING.md,1,3484,CANONICO,ARQ-011,AUTORIDAD_ARQ,TRAZABILIDAD_SUBORDINADA,VINCULADO
MEF-V3-DIC-0054,ARQ-011,ENG,ENG-049,ENG-049-CONFIGURATION_MANAGEMENT_ENGINEERING.md,1,3473,CANONICO,ARQ-011,AUTORIDAD_ARQ,TRAZABILIDAD_SUBORDINADA,VINCULADO
MEF-V3-DIC-0054,ARQ-011,ENG,ENG-050,ENG-050-FEATURE_MANAGEMENT_ENGINEERING.md,1,3019,CANONICO,ARQ-011,AUTORIDAD_ARQ,TRAZABILIDAD_SUBORDINADA,VINCULADO
MEF-V3-DIC-0054,ARQ-011,ENG,ENG-051,ENG-051-POLICY_ENGINEERING.md,1,3107,CANONICO,ARQ-011,AUTORIDAD_ARQ,TRAZABILIDAD_SUBORDINADA,VINCULADO
MEF-V3-DIC-0054,ARQ-011,ENG,ENG-052,ENG-052-WORKFLOW_ENGINEERING.md,1,3559,CANONICO,ARQ-011,AUTORIDAD_ARQ,TRAZABILIDAD_SUBORDINADA,VINCULADO
MEF-V3-DIC-0054,ARQ-011,ENG,ENG-053,ENG-053-STATE_MANAGEMENT_ENGINEERING.md,1,3140,CANONICO,ARQ-011,AUTORIDAD_ARQ,TRAZABILIDAD_SUBORDINADA,VINCULADO
MEF-V3-DIC-0054,ARQ-011,ENG,ENG-054,ENG-054-RESOURCE_MANAGEMENT_ENGINEERING.md,1,3340,CANONICO,ARQ-011,AUTORIDAD_ARQ,TRAZABILIDAD_SUBORDINADA,VINCULADO
MEF-V3-DIC-0054,ARQ-011,ENG,ENG-055,ENG-055-LIFECYCLE_MANAGEMENT_ENGINEERING.md,1,3345,CANONICO,ARQ-011,AUTORIDAD_ARQ,TRAZABILIDAD_SUBORDINADA,VINCULADO
MEF-V3-DIC-0054,ARQ-011,ENG,ENG-056,ENG-056-CONTEXT_MANAGEMENT_ENGINEERING.md,1,3112,CANONICO,ARQ-011,AUTORIDAD_ARQ,TRAZABILIDAD_SUBORDINADA,VINCULADO
MEF-V3-DIC-0054,ARQ-011,ENG,ENG-057,ENG-057-METADATA_ENGINEERING.md,1,3110,CANONICO,ARQ-011,AUTORIDAD_ARQ,TRAZABILIDAD_SUBORDINADA,VINCULADO
MEF-V3-DIC-0054,ARQ-011,ENG,ENG-059,ENG-059-RESOLUTION_ENGINEERING.md,1,2745,CANONICO,ARQ-011,AUTORIDAD_ARQ,TRAZABILIDAD_SUBORDINADA,VINCULADO
MEF-V3-DIC-0054,ARQ-011,ENG,ENG-060,ENG-060-PLUGIN_ENGINEERING.md,1,3247,CANONICO,ARQ-011,AUTORIDAD_ARQ,TRAZABILIDAD_SUBORDINADA,VINCULADO
MEF-V3-DIC-0054,ARQ-011,ENG,ENG-061,ENG-061-INTEROPERABILITY_ENGINEERING.md,1,2915,CANONICO,ARQ-011,AUTORIDAD_ARQ,TRAZABILIDAD_SUBORDINADA,VINCULADO
MEF-V3-DIC-0054,ARQ-011,ENG,ENG-062,ENG-062-SCHEMA_ENGINEERING.md,1,2981,CANONICO,ARQ-011,AUTORIDAD_ARQ,TRAZABILIDAD_SUBORDINADA,VINCULADO
MEF-V3-DIC-0054,ARQ-011,ENG,ENG-063,ENG-063-DATA_TRANSFORMATION_ENGINEERING.md,1,2946,CANONICO,ARQ-011,AUTORIDAD_ARQ,TRAZABILIDAD_SUBORDINADA,VINCULADO
MEF-V3-DIC-0054,ARQ-011,ENG,ENG-065,ENG-065-MIGRATION_ENGINEERING.md,1,3273,CANONICO,ARQ-011,AUTORIDAD_ARQ,TRAZABILIDAD_SUBORDINADA,VINCULADO
MEF-V3-DIC-0054,ARQ-011,ENG,ENG-066,ENG-066-UPGRADE_ENGINEERING.md,1,3002,CANONICO,ARQ-011,AUTORIDAD_ARQ,TRAZABILIDAD_SUBORDINADA,VINCULADO
MEF-V3-DIC-0054,ARQ-011,ENG,ENG-067,ENG-067-DEPLOYMENT_ENGINEERING.md,1,3233,CANONICO,ARQ-011,AUTORIDAD_ARQ,TRAZABILIDAD_SUBORDINADA,VINCULADO
MEF-V3-DIC-0054,ARQ-011,ENG,ENG-070,ENG-070-PERFORMANCE_ENGINEERING.md,1,3176,CANONICO,ARQ-011,AUTORIDAD_ARQ,TRAZABILIDAD_SUBORDINADA,VINCULADO
MEF-V3-DIC-0054,ARQ-011,ENG,ENG-071,ENG-071-CAPACITY_ENGINEERING.md,1,3779,CANONICO,ARQ-011,AUTORIDAD_ARQ,TRAZABILIDAD_SUBORDINADA,VINCULADO
MEF-V3-DIC-0054,ARQ-011,ENG,ENG-072,ENG-072-SCALABILITY_ENGINEERING.md,1,3399,CANONICO,ARQ-011,AUTORIDAD_ARQ,TRAZABILIDAD_SUBORDINADA,VINCULADO
MEF-V3-DIC-0054,ARQ-011,ENG,ENG-073,ENG-073-AVAILABILITY_ENGINEERING.md,1,3437,CANONICO,ARQ-011,AUTORIDAD_ARQ,TRAZABILIDAD_SUBORDINADA,VINCULADO
MEF-V3-DIC-0054,ARQ-011,ENG,ENG-074,ENG-074-RELIABILITY_ENGINEERING.md,1,3352,CANONICO,ARQ-011,AUTORIDAD_ARQ,TRAZABILIDAD_SUBORDINADA,VINCULADO
MEF-V3-DIC-0054,ARQ-011,ENG,ENG-075,ENG-075-MAINTAINABILITY_ENGINEERING.md,1,3581,CANONICO,ARQ-011,AUTORIDAD_ARQ,TRAZABILIDAD_SUBORDINADA,VINCULADO
MEF-V3-DIC-0054,ARQ-011,ENG,ENG-076,ENG-076-RECOVERABILITY_ENGINEERING.md,1,3866,CANONICO,ARQ-011,AUTORIDAD_ARQ,TRAZABILIDAD_SUBORDINADA,VINCULADO
MEF-V3-DIC-0054,ARQ-011,ENG,ENG-077,ENG-077-DURABILITY_ENGINEERING.md,1,3653,CANONICO,ARQ-011,AUTORIDAD_ARQ,TRAZABILIDAD_SUBORDINADA,VINCULADO
MEF-V3-DIC-0054,ARQ-011,ENG,ENG-078,ENG-078-CONSISTENCY_ENGINEERING.md,1,3684,CANONICO,ARQ-011,AUTORIDAD_ARQ,TRAZABILIDAD_SUBORDINADA,VINCULADO
MEF-V3-DIC-0054,ARQ-011,ENG,ENG-079,ENG-079-DATA_INTEGRITY_ENGINEERING.md,1,3950,CANONICO,ARQ-011,AUTORIDAD_ARQ,TRAZABILIDAD_SUBORDINADA,VINCULADO
MEF-V3-DIC-0054,ARQ-011,ENG,ENG-080,ENG-080-DATA_QUALITY_ENGINEERING.md,1,4048,CANONICO,ARQ-011,AUTORIDAD_ARQ,TRAZABILIDAD_SUBORDINADA,VINCULADO
MEF-V3-DIC-0054,ARQ-011,ENG,ENG-081,ENG-081-DATA_GOVERNANCE_ENGINEERING.md,1,4534,CANONICO,ARQ-011,AUTORIDAD_ARQ,TRAZABILIDAD_SUBORDINADA,VINCULADO
MEF-V3-DIC-0055,ARQ-012,ARQ,ARQ-007,ARQ-007-SERVICE_CONTAINER.md,1,19,CANONICO,ARQ-012,AUTORIDAD_ARQ,AUTORIDAD_PRIMARIA,VINCULADO
MEF-V3-DIC-0055,ARQ-012,ARQ,ARQ-009,ARQ-009-BUILDERS.md,1,19,CANONICO,ARQ-012,AUTORIDAD_ARQ,AUTORIDAD_PRIMARIA,VINCULADO
MEF-V3-DIC-0055,ARQ-012,ARQ,ARQ-011,ARQ-011-CONTRACTS.md,2,17;283,CANONICO,ARQ-012,AUTORIDAD_ARQ,AUTORIDAD_PRIMARIA,VINCULADO
MEF-V3-DIC-0055,ARQ-012,ARQ,ARQ-012,ARQ-012-DEPENDENCY_INJECTION.md,2,2;27,CANONICO,ARQ-012,AUTORIDAD_ARQ,AUTORIDAD_PRIMARIA,VINCULADO
MEF-V3-DIC-0055,ARQ-012,ARQ,ARQ-013,ARQ-013-CONFIGURATION.md,2,15;315,CANONICO,ARQ-012,AUTORIDAD_ARQ,AUTORIDAD_PRIMARIA,VINCULADO
MEF-V3-DIC-0055,ARQ-012,ARQ,ARQ-014,ARQ-014-FRAMEWORK_LIFECYCLE.md,1,17,CANONICO,ARQ-012,AUTORIDAD_ARQ,AUTORIDAD_PRIMARIA,VINCULADO
MEF-V3-DIC-0055,ARQ-012,ENG,ENG-004,ENG-004-CONVENCIONES.md,1,1575,CANONICO,ARQ-012,AUTORIDAD_ARQ,TRAZABILIDAD_SUBORDINADA,VINCULADO
MEF-V3-DIC-0055,ARQ-012,ENG,ENG-018,ENG-018-DEPENDENCY_INJECTION.md,2,25;3019,CANONICO,ARQ-012,AUTORIDAD_ARQ,TRAZABILIDAD_SUBORDINADA,VINCULADO
MEF-V3-DIC-0055,ARQ-012,ENG,ENG-019,ENG-019-SERVICE_CONTAINER.md,2,27;2790,CANONICO,ARQ-012,AUTORIDAD_ARQ,TRAZABILIDAD_SUBORDINADA,VINCULADO
MEF-V3-DIC-0055,ARQ-012,ENG,ENG-020,ENG-020-REGISTRY_ENGINNEERING.md,1,3207,CANONICO,ARQ-012,AUTORIDAD_ARQ,TRAZABILIDAD_SUBORDINADA,VINCULADO
MEF-V3-DIC-0055,ARQ-012,ENG,ENG-021,ENG-021-CONTRACTS_ENGINNEERING.md,2,30;3270,CANONICO,ARQ-012,AUTORIDAD_ARQ,TRAZABILIDAD_SUBORDINADA,VINCULADO
MEF-V3-DIC-0055,ARQ-012,ENG,ENG-022,ENG-022-EVENT_BUS_ENGINNEERING.md,2,32;3500,CANONICO,ARQ-012,AUTORIDAD_ARQ,TRAZABILIDAD_SUBORDINADA,VINCULADO
MEF-V3-DIC-0055,ARQ-012,ENG,ENG-023,ENG-023-ERROR_HANDLING.md,2,34;3395,CANONICO,ARQ-012,AUTORIDAD_ARQ,TRAZABILIDAD_SUBORDINADA,VINCULADO
MEF-V3-DIC-0055,ARQ-012,ENG,ENG-024,ENG-024-SECURITY_ENGINEERING.md,2,40;4126,CANONICO,ARQ-012,AUTORIDAD_ARQ,TRAZABILIDAD_SUBORDINADA,VINCULADO
MEF-V3-DIC-0056,ARQ-013,ARQ,ARQ-010,ARQ-010-TEMPLATE_ENGINE.md,2,17;285,CANONICO,ARQ-013,AUTORIDAD_ARQ,AUTORIDAD_PRIMARIA,VINCULADO
MEF-V3-DIC-0056,ARQ-013,ARQ,ARQ-012,ARQ-012-DEPENDENCY_INJECTION.md,2,17;267,CANONICO,ARQ-013,AUTORIDAD_ARQ,AUTORIDAD_PRIMARIA,VINCULADO
MEF-V3-DIC-0056,ARQ-013,ARQ,ARQ-013,ARQ-013-CONFIGURATION.md,2,2;27,CANONICO,ARQ-013,AUTORIDAD_ARQ,AUTORIDAD_PRIMARIA,VINCULADO
MEF-V3-DIC-0056,ARQ-013,ARQ,ARQ-016,ARQ-016-SECURITY.md,1,14,CANONICO,ARQ-013,AUTORIDAD_ARQ,AUTORIDAD_PRIMARIA,VINCULADO
MEF-V3-DIC-0056,ARQ-013,ARQ,ARQ-017,ARQ-017-PACKAGING.md,2,15;302,CANONICO,ARQ-013,AUTORIDAD_ARQ,AUTORIDAD_PRIMARIA,VINCULADO
MEF-V3-DIC-0056,ARQ-013,ENG,ENG-000,ENG-000-INGENIERIA_GENERAL.md,1,704,CANONICO,ARQ-013,AUTORIDAD_ARQ,TRAZABILIDAD_SUBORDINADA,VINCULADO
MEF-V3-DIC-0056,ARQ-013,ENG,ENG-002,ENG-002-ESPECIFICACION_DE_MODULES.md,2,698;1155,CANONICO,ARQ-013,AUTORIDAD_ARQ,TRAZABILIDAD_SUBORDINADA,VINCULADO
MEF-V3-DIC-0056,ARQ-013,ENG,ENG-004,ENG-004-CONVENCIONES.md,1,1576,CANONICO,ARQ-013,AUTORIDAD_ARQ,TRAZABILIDAD_SUBORDINADA,VINCULADO
MEF-V3-DIC-0056,ARQ-013,ENG,ENG-005,ENG-005-NOMENCLATURA.md,1,2545,CANONICO,ARQ-013,AUTORIDAD_ARQ,TRAZABILIDAD_SUBORDINADA,VINCULADO
MEF-V3-DIC-0056,ARQ-013,ENG,ENG-010,ENG-010-LOGGING.md,1,1813,CANONICO,ARQ-013,AUTORIDAD_ARQ,TRAZABILIDAD_SUBORDINADA,VINCULADO
MEF-V3-DIC-0056,ARQ-013,ENG,ENG-011,ENG-011-CONFIGURATION_FILES.md,4,19;55;2464;2517,CANONICO,ARQ-013,AUTORIDAD_ARQ,TRAZABILIDAD_SUBORDINADA,VINCULADO
MEF-V3-DIC-0056,ARQ-013,ENG,ENG-013,ENG-013-PACKAGE_MANAGER.md,1,3027,CANONICO,ARQ-013,AUTORIDAD_ARQ,TRAZABILIDAD_SUBORDINADA,VINCULADO
MEF-V3-DIC-0056,ARQ-013,ENG,ENG-014,ENG-014-VERSIONADO.md,1,2762,CANONICO,ARQ-013,AUTORIDAD_ARQ,TRAZABILIDAD_SUBORDINADA,VINCULADO
MEF-V3-DIC-0056,ARQ-013,ENG,ENG-015,ENG-015-ARCHITECTURAL_STATE_MACHINE.md,1,3168,CANONICO,ARQ-013,AUTORIDAD_ARQ,TRAZABILIDAD_SUBORDINADA,VINCULADO
MEF-V3-DIC-0056,ARQ-013,ENG,ENG-016,ENG-016-COMPATIBILITY.md,2,25;3280,CANONICO,ARQ-013,AUTORIDAD_ARQ,TRAZABILIDAD_SUBORDINADA,VINCULADO
MEF-V3-DIC-0056,ARQ-013,ENG,ENG-018,ENG-018-DEPENDENCY_INJECTION.md,1,3020,CANONICO,ARQ-013,AUTORIDAD_ARQ,TRAZABILIDAD_SUBORDINADA,VINCULADO
MEF-V3-DIC-0056,ARQ-013,ENG,ENG-019,ENG-019-SERVICE_CONTAINER.md,1,2791,CANONICO,ARQ-013,AUTORIDAD_ARQ,TRAZABILIDAD_SUBORDINADA,VINCULADO
MEF-V3-DIC-0056,ARQ-013,ENG,ENG-020,ENG-020-REGISTRY_ENGINNEERING.md,1,3208,CANONICO,ARQ-013,AUTORIDAD_ARQ,TRAZABILIDAD_SUBORDINADA,VINCULADO
MEF-V3-DIC-0057,ARQ-017,ARQ,ARQ-016,ARQ-016-SECURITY.md,1,19,CANONICO,ARQ-017,AUTORIDAD_ARQ,AUTORIDAD_PRIMARIA,VINCULADO
MEF-V3-DIC-0057,ARQ-017,ARQ,ARQ-017,ARQ-017-PACKAGING.md,2,2;29,CANONICO,ARQ-017,AUTORIDAD_ARQ,AUTORIDAD_PRIMARIA,VINCULADO
MEF-V3-DIC-0057,ARQ-017,ENG,ENG-000,ENG-000-INGENIERIA_GENERAL.md,2,716;839,CANONICO,ARQ-017,AUTORIDAD_ARQ,TRAZABILIDAD_SUBORDINADA,VINCULADO
MEF-V3-DIC-0057,ARQ-017,ENG,ENG-002,ENG-002-ESPECIFICACION_DE_MODULES.md,2,852;1159,CANONICO,ARQ-017,AUTORIDAD_ARQ,TRAZABILIDAD_SUBORDINADA,VINCULADO
MEF-V3-DIC-0057,ARQ-017,ENG,ENG-003,ENG-003-MANIFEST.md,2,20;1411,CANONICO,ARQ-017,AUTORIDAD_ARQ,TRAZABILIDAD_SUBORDINADA,VINCULADO
MEF-V3-DIC-0057,ARQ-017,ENG,ENG-004,ENG-004-CONVENCIONES.md,1,1579,CANONICO,ARQ-017,AUTORIDAD_ARQ,TRAZABILIDAD_SUBORDINADA,VINCULADO
MEF-V3-DIC-0057,ARQ-017,ENG,ENG-005,ENG-005-NOMENCLATURA.md,1,2547,CANONICO,ARQ-017,AUTORIDAD_ARQ,TRAZABILIDAD_SUBORDINADA,VINCULADO
MEF-V3-DIC-0057,ARQ-017,ENG,ENG-006,ENG-006-ESTRUCTURA_DE_DIRECTORIOS.md,1,1662,CANONICO,ARQ-017,AUTORIDAD_ARQ,TRAZABILIDAD_SUBORDINADA,VINCULADO
MEF-V3-DIC-0057,ARQ-017,ENG,ENG-007,ENG-007-CLI.md,1,1584,CANONICO,ARQ-017,AUTORIDAD_ARQ,TRAZABILIDAD_SUBORDINADA,VINCULADO
MEF-V3-DIC-0057,ARQ-017,ENG,ENG-009,ENG-009-TESTING.md,1,1779,CANONICO,ARQ-017,AUTORIDAD_ARQ,TRAZABILIDAD_SUBORDINADA,VINCULADO
MEF-V3-DIC-0057,ARQ-017,ENG,ENG-011,ENG-011-CONFIGURATION_FILES.md,1,2520,CANONICO,ARQ-017,AUTORIDAD_ARQ,TRAZABILIDAD_SUBORDINADA,VINCULADO
MEF-V3-DIC-0057,ARQ-017,ENG,ENG-012,ENG-012-BUILD_SYSTEM.md,2,19;1857,CANONICO,ARQ-017,AUTORIDAD_ARQ,TRAZABILIDAD_SUBORDINADA,VINCULADO
MEF-V3-DIC-0057,ARQ-017,ENG,ENG-013,ENG-013-PACKAGE_MANAGER.md,2,21;3030,CANONICO,ARQ-017,AUTORIDAD_ARQ,TRAZABILIDAD_SUBORDINADA,VINCULADO
MEF-V3-DIC-0057,ARQ-017,ENG,ENG-014,ENG-014-VERSIONADO.md,2,20;2765,CANONICO,ARQ-017,AUTORIDAD_ARQ,TRAZABILIDAD_SUBORDINADA,VINCULADO
MEF-V3-DIC-0057,ARQ-017,ENG,ENG-015,ENG-015-ARCHITECTURAL_STATE_MACHINE.md,1,3171,CANONICO,ARQ-017,AUTORIDAD_ARQ,TRAZABILIDAD_SUBORDINADA,VINCULADO
MEF-V3-DIC-0057,ARQ-017,ENG,ENG-016,ENG-016-COMPATIBILITY.md,2,28;3283,CANONICO,ARQ-017,AUTORIDAD_ARQ,TRAZABILIDAD_SUBORDINADA,VINCULADO
MEF-V3-DIC-0057,ARQ-017,ENG,ENG-017,ENG-017-RELEASE_PROCESS.md,4,26;634;1402;3298,CANONICO,ARQ-017,AUTORIDAD_ARQ,TRAZABILIDAD_SUBORDINADA,VINCULADO
MEF-V3-DIC-0057,ARQ-017,FND,FND-011,FND-11-DOCTRINA_DE_ARQUITECTURA.md,1,18,CANONICO,ARQ-017,AUTORIDAD_ARQ,TRAZABILIDAD_SUPERIOR,VINCULADO
MEF-V3-DIC-0058,Artefactos Generables,ARQ,ARQ-010,ARQ-010-TEMPLATE_ENGINE.md,1,105,CANONICO,Artefactos Generables,AUTORIDAD_ARQ,AUTORIDAD_PRIMARIA,VINCULADO
MEF-V3-DIC-0059,Cada paquete,ARQ,ARQ-017,ARQ-017-PACKAGING.md,1,78,CANONICO,Cada paquete,AUTORIDAD_ARQ,AUTORIDAD_PRIMARIA,VINCULADO
MEF-V3-DIC-0060,Categorías de Modules,ARQ,ARQ-004,ARQ-004-MODULES.md,1,356,CANONICO,Categorías de Modules,AUTORIDAD_ARQ,AUTORIDAD_PRIMARIA,VINCULADO
MEF-V3-DIC-0061,CFG-001,ARQ,ARQ-013,ARQ-013-CONFIGURATION.md,1,139,CANONICO,CFG-001,AUTORIDAD_ARQ,AUTORIDAD_PRIMARIA,VINCULADO
MEF-V3-DIC-0061,CFG-001,ENG,ENG-004,ENG-004-CONVENCIONES.md,1,657,CANONICO,CFG-001,AUTORIDAD_ARQ,TRAZABILIDAD_SUBORDINADA,VINCULADO
MEF-V3-DIC-0061,CFG-001,ENG,ENG-005,ENG-005-NOMENCLATURA.md,1,1417,CANONICO,CFG-001,AUTORIDAD_ARQ,TRAZABILIDAD_SUBORDINADA,VINCULADO
MEF-V3-DIC-0061,CFG-001,ENG,ENG-011,ENG-011-CONFIGURATION_FILES.md,1,1599,CANONICO,CFG-001,AUTORIDAD_ARQ,TRAZABILIDAD_SUBORDINADA,VINCULADO
MEF-V3-DIC-0062,CFG-002,ARQ,ARQ-013,ARQ-013-CONFIGURATION.md,1,140,CANONICO,CFG-002,AUTORIDAD_ARQ,AUTORIDAD_PRIMARIA,VINCULADO
MEF-V3-DIC-0062,CFG-002,ENG,ENG-011,ENG-011-CONFIGURATION_FILES.md,1,1600,CANONICO,CFG-002,AUTORIDAD_ARQ,TRAZABILIDAD_SUBORDINADA,VINCULADO
MEF-V3-DIC-0063,CFG-003,ARQ,ARQ-013,ARQ-013-CONFIGURATION.md,1,141,CANONICO,CFG-003,AUTORIDAD_ARQ,AUTORIDAD_PRIMARIA,VINCULADO
MEF-V3-DIC-0063,CFG-003,ENG,ENG-011,ENG-011-CONFIGURATION_FILES.md,1,1601,CANONICO,CFG-003,AUTORIDAD_ARQ,TRAZABILIDAD_SUBORDINADA,VINCULADO
MEF-V3-DIC-0064,CFG-004,ARQ,ARQ-013,ARQ-013-CONFIGURATION.md,1,142,CANONICO,CFG-004,AUTORIDAD_ARQ,AUTORIDAD_PRIMARIA,VINCULADO
MEF-V3-DIC-0064,CFG-004,ENG,ENG-011,ENG-011-CONFIGURATION_FILES.md,2,1584;1602,CANONICO,CFG-004,AUTORIDAD_ARQ,TRAZABILIDAD_SUBORDINADA,VINCULADO
MEF-V3-DIC-0065,CFG-005,ARQ,ARQ-013,ARQ-013-CONFIGURATION.md,1,143,CANONICO,CFG-005,AUTORIDAD_ARQ,AUTORIDAD_PRIMARIA,VINCULADO
MEF-V3-DIC-0065,CFG-005,ENG,ENG-011,ENG-011-CONFIGURATION_FILES.md,1,1603,CANONICO,CFG-005,AUTORIDAD_ARQ,TRAZABILIDAD_SUBORDINADA,VINCULADO
MEF-V3-DIC-0066,CFG-006,ARQ,ARQ-013,ARQ-013-CONFIGURATION.md,1,144,CANONICO,CFG-006,AUTORIDAD_ARQ,AUTORIDAD_PRIMARIA,VINCULADO
MEF-V3-DIC-0066,CFG-006,ENG,ENG-011,ENG-011-CONFIGURATION_FILES.md,1,1604,CANONICO,CFG-006,AUTORIDAD_ARQ,TRAZABILIDAD_SUBORDINADA,VINCULADO
MEF-V3-DIC-0067,Ciclo de Vida,ARQ,ARQ-004,ARQ-004-MODULES.md,5,130;397;399;422;541,CANONICO,Ciclo de Vida,AUTORIDAD_ARQ,AUTORIDAD_PRIMARIA,VINCULADO
MEF-V3-DIC-0067,Ciclo de Vida,ARQ,ARQ-012,ARQ-012-DEPENDENCY_INJECTION.md,3,174;176;184,CANONICO,Ciclo de Vida,AUTORIDAD_ARQ,AUTORIDAD_PRIMARIA,VINCULADO
MEF-V3-DIC-0067,Ciclo de Vida,ARQ,ARQ-014,ARQ-014-FRAMEWORK_LIFECYCLE.md,1,6,CANONICO,Ciclo de Vida,AUTORIDAD_ARQ,AUTORIDAD_PRIMARIA,VINCULADO
MEF-V3-DIC-0067,Ciclo de Vida,ARQ,ARQ-015,ARQ-015-EXTENSION_MODEL.md,1,6,CANONICO,Ciclo de Vida,AUTORIDAD_ARQ,AUTORIDAD_PRIMARIA,VINCULADO
MEF-V3-DIC-0067,Ciclo de Vida,ARQ,ARQ-016,ARQ-016-SECURITY.md,1,6,CANONICO,Ciclo de Vida,AUTORIDAD_ARQ,AUTORIDAD_PRIMARIA,VINCULADO
MEF-V3-DIC-0067,Ciclo de Vida,ENG,ENG-002,ENG-002-ESPECIFICACION_DE_MODULES.md,3,68;110;475,CANONICO,Ciclo de Vida,AUTORIDAD_ARQ,TRAZABILIDAD_SUBORDINADA,VINCULADO
MEF-V3-DIC-0067,Ciclo de Vida,ENG,ENG-004,ENG-004-CONVENCIONES.md,1,418,CANONICO,Ciclo de Vida,AUTORIDAD_ARQ,TRAZABILIDAD_SUBORDINADA,VINCULADO
MEF-V3-DIC-0067,Ciclo de Vida,ENG,ENG-050,ENG-050-FEATURE_MANAGEMENT_ENGINEERING.md,1,140,CANONICO,Ciclo de Vida,AUTORIDAD_ARQ,TRAZABILIDAD_SUBORDINADA,VINCULADO
MEF-V3-DIC-0067,Ciclo de Vida,ENG,ENG-075,ENG-075-MAINTAINABILITY_ENGINEERING.md,1,262,CANONICO,Ciclo de Vida,AUTORIDAD_ARQ,TRAZABILIDAD_SUBORDINADA,VINCULADO
MEF-V3-DIC-0067,Ciclo de Vida,ENG,ENG-081,ENG-081-DATA_GOVERNANCE_ENGINEERING.md,1,4302,CANONICO,Ciclo de Vida,AUTORIDAD_ARQ,TRAZABILIDAD_SUBORDINADA,VINCULADO
MEF-V3-DIC-0067,Ciclo de Vida,FND,FND-000,FND-000-Carta_del_Proyecto.md,1,220,CANONICO,Ciclo de Vida,AUTORIDAD_ARQ,TRAZABILIDAD_SUPERIOR,VINCULADO
MEF-V3-DIC-0068,Compatibilidad,ARQ,ARQ-004,ARQ-004-MODULES.md,6,174;442;466;479;558;681,CANONICO,Compatibilidad,AUTORIDAD_ARQ,AUTORIDAD_PRIMARIA,VINCULADO
MEF-V3-DIC-0068,Compatibilidad,ARQ,ARQ-010,ARQ-010-TEMPLATE_ENGINE.md,2,154;201,CANONICO,Compatibilidad,AUTORIDAD_ARQ,AUTORIDAD_PRIMARIA,VINCULADO
MEF-V3-DIC-0068,Compatibilidad,ARQ,ARQ-011,ARQ-011-CONTRACTS.md,8,68;112;153;170;179;221;266;274,CANONICO,Compatibilidad,AUTORIDAD_ARQ,AUTORIDAD_PRIMARIA,VINCULADO
MEF-V3-DIC-0068,Compatibilidad,ARQ,ARQ-013,ARQ-013-CONFIGURATION.md,1,201,CANONICO,Compatibilidad,AUTORIDAD_ARQ,AUTORIDAD_PRIMARIA,VINCULADO
MEF-V3-DIC-0068,Compatibilidad,ARQ,ARQ-017,ARQ-017-PACKAGING.md,4,43;67;150;162,CANONICO,Compatibilidad,AUTORIDAD_ARQ,AUTORIDAD_PRIMARIA,VINCULADO
MEF-V3-DIC-0068,Compatibilidad,ENG,ENG-000,ENG-000-INGENIERIA_GENERAL.md,4,491;534;536;609,CANONICO,Compatibilidad,AUTORIDAD_ARQ,TRAZABILIDAD_SUBORDINADA,VINCULADO
MEF-V3-DIC-0068,Compatibilidad,ENG,ENG-001,ENG-001-ORGANIZACION_DEL_CODIGO.md,2,342;367,CANONICO,Compatibilidad,AUTORIDAD_ARQ,TRAZABILIDAD_SUBORDINADA,VINCULADO
MEF-V3-DIC-0068,Compatibilidad,ENG,ENG-002,ENG-002-ESPECIFICACION_DE_MODULES.md,6,210;557;573;714;829;1058,CANONICO,Compatibilidad,AUTORIDAD_ARQ,TRAZABILIDAD_SUBORDINADA,VINCULADO
MEF-V3-DIC-0068,Compatibilidad,ENG,ENG-003,ENG-003-MANIFEST.md,9,57;119;387;1027;1107;1238;1251;1313;1377,CANONICO,Compatibilidad,AUTORIDAD_ARQ,TRAZABILIDAD_SUBORDINADA,VINCULADO
MEF-V3-DIC-0068,Compatibilidad,ENG,ENG-004,ENG-004-CONVENCIONES.md,3,125;811;1448,CANONICO,Compatibilidad,AUTORIDAD_ARQ,TRAZABILIDAD_SUBORDINADA,VINCULADO
MEF-V3-DIC-0068,Compatibilidad,ENG,ENG-005,ENG-005-NOMENCLATURA.md,3,1832;1848;2264,CANONICO,Compatibilidad,AUTORIDAD_ARQ,TRAZABILIDAD_SUBORDINADA,VINCULADO
MEF-V3-DIC-0068,Compatibilidad,ENG,ENG-007,ENG-007-CLI.md,2,972;1460,CANONICO,Compatibilidad,AUTORIDAD_ARQ,TRAZABILIDAD_SUBORDINADA,VINCULADO
MEF-V3-DIC-0068,Compatibilidad,ENG,ENG-008,ENG-008-GENERADORES.md,7,250;348;490;903;1062;1102;1116,CANONICO,Compatibilidad,AUTORIDAD_ARQ,TRAZABILIDAD_SUBORDINADA,VINCULADO
MEF-V3-DIC-0068,Compatibilidad,ENG,ENG-009,ENG-009-TESTING.md,4,64;97;365;1140,CANONICO,Compatibilidad,AUTORIDAD_ARQ,TRAZABILIDAD_SUBORDINADA,VINCULADO
MEF-V3-DIC-0068,Compatibilidad,ENG,ENG-012,ENG-012-BUILD_SYSTEM.md,2,277;1297,CANONICO,Compatibilidad,AUTORIDAD_ARQ,TRAZABILIDAD_SUBORDINADA,VINCULADO
MEF-V3-DIC-0068,Compatibilidad,ENG,ENG-013,ENG-013-PACKAGE_MANAGER.md,3,117;309;2945,CANONICO,Compatibilidad,AUTORIDAD_ARQ,TRAZABILIDAD_SUBORDINADA,VINCULADO
MEF-V3-DIC-0068,Compatibilidad,ENG,ENG-014,ENG-014-VERSIONADO.md,27,70;78;100;412;637;788;973;1006;1046;1084;1298;1910;2334;2336;2382;2384;2386;2391;2413;2427;2527;2529;2656;2662;2668;2719;2735,CANONICO,Compatibilidad,AUTORIDAD_ARQ,TRAZABILIDAD_SUBORDINADA,VINCULADO
MEF-V3-DIC-0068,Compatibilidad,ENG,ENG-015,ENG-015-ARCHITECTURAL_STATE_MACHINE.md,1,2794,CANONICO,Compatibilidad,AUTORIDAD_ARQ,TRAZABILIDAD_SUBORDINADA,VINCULADO
MEF-V3-DIC-0068,Compatibilidad,ENG,ENG-016,ENG-016-COMPATIBILITY.md,21,77;113;179;218;286;352;476;638;739;886;966;1160;1967;2158;2782;2881;2883;2885;2888;3188;3194,CANONICO,Compatibilidad,AUTORIDAD_ARQ,TRAZABILIDAD_SUBORDINADA,VINCULADO
MEF-V3-DIC-0068,Compatibilidad,ENG,ENG-017,ENG-017-RELEASE_PROCESS.md,3,175;3148;3220,CANONICO,Compatibilidad,AUTORIDAD_ARQ,TRAZABILIDAD_SUBORDINADA,VINCULADO
MEF-V3-DIC-0068,Compatibilidad,ENG,ENG-019,ENG-019-SERVICE_CONTAINER.md,1,239,CANONICO,Compatibilidad,AUTORIDAD_ARQ,TRAZABILIDAD_SUBORDINADA,VINCULADO
MEF-V3-DIC-0068,Compatibilidad,ENG,ENG-020,ENG-020-REGISTRY_ENGINNEERING.md,1,1770,CANONICO,Compatibilidad,AUTORIDAD_ARQ,TRAZABILIDAD_SUBORDINADA,VINCULADO
MEF-V3-DIC-0068,Compatibilidad,ENG,ENG-021,ENG-021-CONTRACTS_ENGINNEERING.md,2,264;2053,CANONICO,Compatibilidad,AUTORIDAD_ARQ,TRAZABILIDAD_SUBORDINADA,VINCULADO
MEF-V3-DIC-0068,Compatibilidad,ENG,ENG-022,ENG-022-EVENT_BUS_ENGINNEERING.md,1,338,CANONICO,Compatibilidad,AUTORIDAD_ARQ,TRAZABILIDAD_SUBORDINADA,VINCULADO
MEF-V3-DIC-0068,Compatibilidad,ENG,ENG-041,ENG-041-MESSAGING_ENGINEERING.md,1,3050,CANONICO,Compatibilidad,AUTORIDAD_ARQ,TRAZABILIDAD_SUBORDINADA,VINCULADO
MEF-V3-DIC-0068,Compatibilidad,ENG,ENG-061,ENG-061-INTEROPERABILITY_ENGINEERING.md,3,236;2396;2727,CANONICO,Compatibilidad,AUTORIDAD_ARQ,TRAZABILIDAD_SUBORDINADA,VINCULADO
MEF-V3-DIC-0068,Compatibilidad,ENG,ENG-062,ENG-062-SCHEMA_ENGINEERING.md,1,264,CANONICO,Compatibilidad,AUTORIDAD_ARQ,TRAZABILIDAD_SUBORDINADA,VINCULADO
MEF-V3-DIC-0068,Compatibilidad,ENG,ENG-063,ENG-063-DATA_TRANSFORMATION_ENGINEERING.md,1,1780,CANONICO,Compatibilidad,AUTORIDAD_ARQ,TRAZABILIDAD_SUBORDINADA,VINCULADO
MEF-V3-DIC-0068,Compatibilidad,ENG,ENG-065,ENG-065-MIGRATION_ENGINEERING.md,3,735;2783;3067,CANONICO,Compatibilidad,AUTORIDAD_ARQ,TRAZABILIDAD_SUBORDINADA,VINCULADO
MEF-V3-DIC-0068,Compatibilidad,ENG,ENG-066,ENG-066-UPGRADE_ENGINEERING.md,2,1101;1745,CANONICO,Compatibilidad,AUTORIDAD_ARQ,TRAZABILIDAD_SUBORDINADA,VINCULADO
MEF-V3-DIC-0068,Compatibilidad,ENG,ENG-067,ENG-067-DEPLOYMENT_ENGINEERING.md,1,1538,CANONICO,Compatibilidad,AUTORIDAD_ARQ,TRAZABILIDAD_SUBORDINADA,VINCULADO
MEF-V3-DIC-0068,Compatibilidad,ENG,ENG-073,ENG-073-AVAILABILITY_ENGINEERING.md,1,1418,CANONICO,Compatibilidad,AUTORIDAD_ARQ,TRAZABILIDAD_SUBORDINADA,VINCULADO
MEF-V3-DIC-0068,Compatibilidad,ENG,ENG-080,ENG-080-DATA_QUALITY_ENGINEERING.md,1,724,CANONICO,Compatibilidad,AUTORIDAD_ARQ,TRAZABILIDAD_SUBORDINADA,VINCULADO
MEF-V3-DIC-0068,Compatibilidad,ENG,ENG-088,ENG-088-DATA_FEDERATION_ENGINEERING.md,1,1772,CANONICO,Compatibilidad,AUTORIDAD_ARQ,TRAZABILIDAD_SUBORDINADA,VINCULADO
MEF-V3-DIC-0068,Compatibilidad,ENG,ENG-095,ENG-095-DATA_SYNCHRONIZATION_ENGINEERING.md,1,465,CANONICO,Compatibilidad,AUTORIDAD_ARQ,TRAZABILIDAD_SUBORDINADA,VINCULADO
MEF-V3-DIC-0068,Compatibilidad,ENG,ENG-096,ENG-096-DATA_REPLICATION_ENGINEERING.md,1,386,CANONICO,Compatibilidad,AUTORIDAD_ARQ,TRAZABILIDAD_SUBORDINADA,VINCULADO
MEF-V3-DIC-0068,Compatibilidad,ENG,ENG-097,ENG-097-DATA_PARTITIONING_SHARDING_ENGINEERING.md,1,560,CANONICO,Compatibilidad,AUTORIDAD_ARQ,TRAZABILIDAD_SUBORDINADA,VINCULADO
MEF-V3-DIC-0068,Compatibilidad,FND,FND-000,FND-000-Carta_del_Proyecto.md,1,117,CANONICO,Compatibilidad,AUTORIDAD_ARQ,TRAZABILIDAD_SUPERIOR,VINCULADO
MEF-V3-DIC-0068,Compatibilidad,FND,FND-001,FND-001-VISION.md,1,112,CANONICO,Compatibilidad,AUTORIDAD_ARQ,TRAZABILIDAD_SUPERIOR,VINCULADO
MEF-V3-DIC-0069,Componentes,ARQ,ARQ-004,ARQ-004-MODULES.md,4,119;420;645;690,CANONICO,Componentes,AUTORIDAD_ARQ,AUTORIDAD_PRIMARIA,VINCULADO
MEF-V3-DIC-0069,Componentes,ARQ,ARQ-010,ARQ-010-TEMPLATE_ENGINE.md,4,52;129;245;276,CANONICO,Componentes,AUTORIDAD_ARQ,AUTORIDAD_PRIMARIA,VINCULADO
MEF-V3-DIC-0069,Componentes,ARQ,ARQ-011,ARQ-011-CONTRACTS.md,5,39;63;241;266;274,CANONICO,Componentes,AUTORIDAD_ARQ,AUTORIDAD_PRIMARIA,VINCULADO
MEF-V3-DIC-0069,Componentes,ARQ,ARQ-012,ARQ-012-DEPENDENCY_INJECTION.md,6,39;41;61;115;225;250,CANONICO,Componentes,AUTORIDAD_ARQ,AUTORIDAD_PRIMARIA,VINCULADO
MEF-V3-DIC-0069,Componentes,ARQ,ARQ-013,ARQ-013-CONFIGURATION.md,5,39;64;116;126;256,CANONICO,Componentes,AUTORIDAD_ARQ,AUTORIDAD_PRIMARIA,VINCULADO
MEF-V3-DIC-0069,Componentes,ARQ,ARQ-017,ARQ-017-PACKAGING.md,2,41;245,CANONICO,Componentes,AUTORIDAD_ARQ,AUTORIDAD_PRIMARIA,VINCULADO
MEF-V3-DIC-0069,Componentes,ENG,ENG-000,ENG-000-INGENIERIA_GENERAL.md,7,107;169;242;258;428;585;740,CANONICO,Componentes,AUTORIDAD_ARQ,TRAZABILIDAD_SUBORDINADA,VINCULADO
MEF-V3-DIC-0069,Componentes,ENG,ENG-001,ENG-001-ORGANIZACION_DEL_CODIGO.md,16,100;201;254;260;266;272;279;350;375;757;839;845;854;877;952;953,ALIAS_PROVISIONAL;CANONICO,Component;Componentes,AUTORIDAD_ARQ,TRAZABILIDAD_SUBORDINADA,VINCULADO
MEF-V3-DIC-0069,Componentes,ENG,ENG-003,ENG-003-MANIFEST.md,1,136,CANONICO,Componentes,AUTORIDAD_ARQ,TRAZABILIDAD_SUBORDINADA,VINCULADO
MEF-V3-DIC-0069,Componentes,ENG,ENG-004,ENG-004-CONVENCIONES.md,2,203;777,CANONICO,Componentes,AUTORIDAD_ARQ,TRAZABILIDAD_SUBORDINADA,VINCULADO
MEF-V3-DIC-0069,Componentes,ENG,ENG-005,ENG-005-NOMENCLATURA.md,3,734;1765;2373,ALIAS_PROVISIONAL;CANONICO,Component;Componentes,AUTORIDAD_ARQ,TRAZABILIDAD_SUBORDINADA,VINCULADO
MEF-V3-DIC-0069,Componentes,ENG,ENG-006,ENG-006-ESTRUCTURA_DE_DIRECTORIOS.md,3,251;791;871,CANONICO,Componentes,AUTORIDAD_ARQ,TRAZABILIDAD_SUBORDINADA,VINCULADO
MEF-V3-DIC-0069,Componentes,ENG,ENG-007,ENG-007-CLI.md,1,1312,CANONICO,Componentes,AUTORIDAD_ARQ,TRAZABILIDAD_SUBORDINADA,VINCULADO
MEF-V3-DIC-0069,Componentes,ENG,ENG-009,ENG-009-TESTING.md,5,216;883;891;977;1224,ALIAS_PROVISIONAL;CANONICO,Component;Componentes,AUTORIDAD_ARQ,TRAZABILIDAD_SUBORDINADA,VINCULADO
MEF-V3-DIC-0069,Componentes,ENG,ENG-010,ENG-010-LOGGING.md,12,50;115;144;207;225;487;796;797;1512;1651;1658;1720,ALIAS_PROVISIONAL;CANONICO,Component;Componentes,AUTORIDAD_ARQ,TRAZABILIDAD_SUBORDINADA,VINCULADO
MEF-V3-DIC-0069,Componentes,ENG,ENG-011,ENG-011-CONFIGURATION_FILES.md,11,160;164;454;477;2058;2144;2180;2279;2293;2294;2343,ALIAS_PROVISIONAL;CANONICO,Component;Componentes,AUTORIDAD_ARQ,TRAZABILIDAD_SUBORDINADA,VINCULADO
MEF-V3-DIC-0069,Componentes,ENG,ENG-013,ENG-013-PACKAGE_MANAGER.md,2,259;1120,CANONICO,Componentes,AUTORIDAD_ARQ,TRAZABILIDAD_SUBORDINADA,VINCULADO
MEF-V3-DIC-0069,Componentes,ENG,ENG-014,ENG-014-VERSIONADO.md,14,178;198;427;444;637;847;1482;1494;1509;1580;2028;2052;2258;2435,ALIAS_PROVISIONAL;CANONICO,Component;Componentes,AUTORIDAD_ARQ,TRAZABILIDAD_SUBORDINADA,VINCULADO
MEF-V3-DIC-0069,Componentes,ENG,ENG-015,ENG-015-ARCHITECTURAL_STATE_MACHINE.md,3,56;66;2697,ALIAS_PROVISIONAL;CANONICO,Component;Componentes,AUTORIDAD_ARQ,TRAZABILIDAD_SUBORDINADA,VINCULADO
MEF-V3-DIC-0069,Componentes,ENG,ENG-016,ENG-016-COMPATIBILITY.md,8,167;966;1177;1322;1961;2793;3151;3234,ALIAS_PROVISIONAL;CANONICO,Component;Componentes,AUTORIDAD_ARQ,TRAZABILIDAD_SUBORDINADA,VINCULADO
MEF-V3-DIC-0069,Componentes,ENG,ENG-017,ENG-017-RELEASE_PROCESS.md,20,215;260;685;809;820;824;827;920;933;1187;1338;1631;2064;2181;2437;2439;2570;2576;2582;3075,ALIAS_PROVISIONAL;CANONICO,Component;Componentes,AUTORIDAD_ARQ,TRAZABILIDAD_SUBORDINADA,VINCULADO
MEF-V3-DIC-0069,Componentes,ENG,ENG-018,ENG-018-DEPENDENCY_INJECTION.md,22,59;327;454;482;501;749;1076;1213;1224;1404;1553;1575;1647;2187;2416;2477;2489;2661;2752;2923;2929;2952,ALIAS_PROVISIONAL;CANONICO,Component;Componentes,AUTORIDAD_ARQ,TRAZABILIDAD_SUBORDINADA,VINCULADO
MEF-V3-DIC-0069,Componentes,ENG,ENG-019,ENG-019-SERVICE_CONTAINER.md,4,78;97;1432;2652,CANONICO,Componentes,AUTORIDAD_ARQ,TRAZABILIDAD_SUBORDINADA,VINCULADO
MEF-V3-DIC-0069,Componentes,ENG,ENG-020,ENG-020-REGISTRY_ENGINNEERING.md,6,83;1681;2515;2797;2828;2898,ALIAS_PROVISIONAL;CANONICO,Component;Componentes,AUTORIDAD_ARQ,TRAZABILIDAD_SUBORDINADA,VINCULADO
MEF-V3-DIC-0069,Componentes,ENG,ENG-021,ENG-021-CONTRACTS_ENGINNEERING.md,1,66,CANONICO,Componentes,AUTORIDAD_ARQ,TRAZABILIDAD_SUBORDINADA,VINCULADO
MEF-V3-DIC-0069,Componentes,ENG,ENG-022,ENG-022-EVENT_BUS_ENGINNEERING.md,1,73,CANONICO,Componentes,AUTORIDAD_ARQ,TRAZABILIDAD_SUBORDINADA,VINCULADO
MEF-V3-DIC-0069,Componentes,ENG,ENG-023,ENG-023-ERROR_HANDLING.md,6,1224;1527;1811;2466;3104;3247,ALIAS_PROVISIONAL,Component,AUTORIDAD_ARQ,TRAZABILIDAD_SUBORDINADA,VINCULADO
MEF-V3-DIC-0069,Componentes,ENG,ENG-024,ENG-024-SECURITY_ENGINEERING.md,5,117;168;501;3037;3551,ALIAS_PROVISIONAL;CANONICO,Component;Componentes,AUTORIDAD_ARQ,TRAZABILIDAD_SUBORDINADA,VINCULADO
MEF-V3-DIC-0069,Componentes,ENG,ENG-025,ENG-025-OBSERVABILITY_ENGINEERING.md,6,258;929;954;959;1113;1119,ALIAS_PROVISIONAL,Component,AUTORIDAD_ARQ,TRAZABILIDAD_SUBORDINADA,VINCULADO
MEF-V3-DIC-0069,Componentes,ENG,ENG-026,ENG-026-RUNTIME_PERFORMANCE_ENGINEERING.md,3,344;368;2484,ALIAS_PROVISIONAL,Component,AUTORIDAD_ARQ,TRAZABILIDAD_SUBORDINADA,VINCULADO
MEF-V3-DIC-0069,Componentes,ENG,ENG-027,ENG-027-RUNTIME_ENGINEERING.md,8,160;922;950;2017;2025;2072;2439;2455,ALIAS_PROVISIONAL;CANONICO,Component;Componentes,AUTORIDAD_ARQ,TRAZABILIDAD_SUBORDINADA,VINCULADO
MEF-V3-DIC-0069,Componentes,ENG,ENG-028,ENG-028-MODULE_ENGINEERING.md,1,3236,CANONICO,Componentes,AUTORIDAD_ARQ,TRAZABILIDAD_SUBORDINADA,VINCULADO
MEF-V3-DIC-0069,Componentes,ENG,ENG-033,ENG-033-INTERFACE_ENGINEERING.md,2,452;1274,CANONICO,Componentes,AUTORIDAD_ARQ,TRAZABILIDAD_SUBORDINADA,VINCULADO
MEF-V3-DIC-0069,Componentes,ENG,ENG-034,ENG-034-APPLICATION_ENGINEERING.md,2,835;2267,ALIAS_PROVISIONAL;CANONICO,Component;Componentes,AUTORIDAD_ARQ,TRAZABILIDAD_SUBORDINADA,VINCULADO
MEF-V3-DIC-0069,Componentes,ENG,ENG-035,ENG-035-DOMAIN_ENGINEERING.md,2,640;901,ALIAS_PROVISIONAL;CANONICO,Component;Componentes,AUTORIDAD_ARQ,TRAZABILIDAD_SUBORDINADA,VINCULADO
MEF-V3-DIC-0069,Componentes,ENG,ENG-037,ENG-037-CACHING_ENGINEERING.md,2,365;2857,CANONICO,Componentes,AUTORIDAD_ARQ,TRAZABILIDAD_SUBORDINADA,VINCULADO
MEF-V3-DIC-0069,Componentes,ENG,ENG-038,ENG-038-CONCURRENCY_ENGINEERING.md,1,2442,CANONICO,Componentes,AUTORIDAD_ARQ,TRAZABILIDAD_SUBORDINADA,VINCULADO
MEF-V3-DIC-0069,Componentes,ENG,ENG-039,ENG-039-RESILIENCE_ENGINEERING.md,4,206;209;212;1533,ALIAS_PROVISIONAL;CANONICO,Component;Componentes,AUTORIDAD_ARQ,TRAZABILIDAD_SUBORDINADA,VINCULADO
MEF-V3-DIC-0069,Componentes,ENG,ENG-042,ENG-042-TRANSACTION_ENGINEERING.md,1,2956,ALIAS_PROVISIONAL,Component,AUTORIDAD_ARQ,TRAZABILIDAD_SUBORDINADA,VINCULADO
MEF-V3-DIC-0069,Componentes,ENG,ENG-045,ENG-045-AUTHENTICATION_ENGINEERING.md,2,1770;2911,CANONICO,Componentes,AUTORIDAD_ARQ,TRAZABILIDAD_SUBORDINADA,VINCULADO
MEF-V3-DIC-0069,Componentes,ENG,ENG-048,ENG-048-MULTI_TENANCY_ENGINEERING.md,1,864,CANONICO,Componentes,AUTORIDAD_ARQ,TRAZABILIDAD_SUBORDINADA,VINCULADO
MEF-V3-DIC-0069,Componentes,ENG,ENG-049,ENG-049-CONFIGURATION_MANAGEMENT_ENGINEERING.md,4,1223;2313;2402;2934,CANONICO,Componentes,AUTORIDAD_ARQ,TRAZABILIDAD_SUBORDINADA,VINCULADO
MEF-V3-DIC-0069,Componentes,ENG,ENG-052,ENG-052-WORKFLOW_ENGINEERING.md,1,991,CANONICO,Componentes,AUTORIDAD_ARQ,TRAZABILIDAD_SUBORDINADA,VINCULADO
MEF-V3-DIC-0069,Componentes,ENG,ENG-053,ENG-053-STATE_MANAGEMENT_ENGINEERING.md,2,322;1176,ALIAS_PROVISIONAL;CANONICO,Component;Componentes,AUTORIDAD_ARQ,TRAZABILIDAD_SUBORDINADA,VINCULADO
MEF-V3-DIC-0069,Componentes,ENG,ENG-054,ENG-054-RESOURCE_MANAGEMENT_ENGINEERING.md,3,270;1483;2163,CANONICO,Componentes,AUTORIDAD_ARQ,TRAZABILIDAD_SUBORDINADA,VINCULADO
MEF-V3-DIC-0069,Componentes,ENG,ENG-055,ENG-055-LIFECYCLE_MANAGEMENT_ENGINEERING.md,37,197;204;207;208;274;1063;1081;1154;1227;1238;1257;1263;1462;1468;1744;1817;1884;1924;2056;2074;2190;2207;2208;2238;2483;2547;2743;2776;2781;2782;2884;2939;2948;3007;3091;3096;3243,ALIAS_PROVISIONAL;CANONICO,Component;Componentes,AUTORIDAD_ARQ,TRAZABILIDAD_SUBORDINADA,VINCULADO
MEF-V3-DIC-0069,Componentes,ENG,ENG-056,ENG-056-CONTEXT_MANAGEMENT_ENGINEERING.md,4,284;1035;1627;2812,ALIAS_PROVISIONAL;CANONICO,Component;Componentes,AUTORIDAD_ARQ,TRAZABILIDAD_SUBORDINADA,VINCULADO
MEF-V3-DIC-0069,Componentes,ENG,ENG-057,ENG-057-METADATA_ENGINEERING.md,5,198;228;342;358;524,ALIAS_PROVISIONAL;CANONICO,Component;Componentes,AUTORIDAD_ARQ,TRAZABILIDAD_SUBORDINADA,VINCULADO
MEF-V3-DIC-0069,Componentes,ENG,ENG-058,ENG-058-DISCOVERY_ENGINEERING.md,4,218;261;282;1122,ALIAS_PROVISIONAL;CANONICO,Component;Componentes,AUTORIDAD_ARQ,TRAZABILIDAD_SUBORDINADA,VINCULADO
MEF-V3-DIC-0069,Componentes,ENG,ENG-064,ENG-064-DATA_PIPELINE_ENGINEERING.md,1,183,CANONICO,Componentes,AUTORIDAD_ARQ,TRAZABILIDAD_SUBORDINADA,VINCULADO
MEF-V3-DIC-0069,Componentes,ENG,ENG-065,ENG-065-MIGRATION_ENGINEERING.md,2,2965;2990,ALIAS_PROVISIONAL;CANONICO,Component;Componentes,AUTORIDAD_ARQ,TRAZABILIDAD_SUBORDINADA,VINCULADO
MEF-V3-DIC-0069,Componentes,ENG,ENG-066,ENG-066-UPGRADE_ENGINEERING.md,2,1262;1289,CANONICO,Componentes,AUTORIDAD_ARQ,TRAZABILIDAD_SUBORDINADA,VINCULADO
MEF-V3-DIC-0069,Componentes,ENG,ENG-068,ENG-068-ENVIRONMENT_ENGINEERING.md,1,2815,ALIAS_PROVISIONAL,Component,AUTORIDAD_ARQ,TRAZABILIDAD_SUBORDINADA,VINCULADO
MEF-V3-DIC-0069,Componentes,ENG,ENG-069,ENG-069-HEALTH_READINESS_ENGINEERING.md,10,132;180;207;237;568;588;1051;1710;2662;2839,ALIAS_PROVISIONAL,Component,AUTORIDAD_ARQ,TRAZABILIDAD_SUBORDINADA,VINCULADO
MEF-V3-DIC-0069,Componentes,ENG,ENG-070,ENG-070-PERFORMANCE_ENGINEERING.md,2,380;2635,CANONICO,Componentes,AUTORIDAD_ARQ,TRAZABILIDAD_SUBORDINADA,VINCULADO
MEF-V3-DIC-0069,Componentes,ENG,ENG-072,ENG-072-SCALABILITY_ENGINEERING.md,2,314;3087,ALIAS_PROVISIONAL,Component,AUTORIDAD_ARQ,TRAZABILIDAD_SUBORDINADA,VINCULADO
MEF-V3-DIC-0069,Componentes,ENG,ENG-073,ENG-073-AVAILABILITY_ENGINEERING.md,11,126;390;396;752;1118;1929;1950;2824;2912;2952;3382,ALIAS_PROVISIONAL;CANONICO,Component;Componentes,AUTORIDAD_ARQ,TRAZABILIDAD_SUBORDINADA,VINCULADO
MEF-V3-DIC-0069,Componentes,ENG,ENG-074,ENG-074-RELIABILITY_ENGINEERING.md,7,249;346;428;970;1070;1116;1270,ALIAS_PROVISIONAL;CANONICO,Component;Componentes,AUTORIDAD_ARQ,TRAZABILIDAD_SUBORDINADA,VINCULADO
MEF-V3-DIC-0069,Componentes,ENG,ENG-075,ENG-075-MAINTAINABILITY_ENGINEERING.md,14,398;445;478;571;934;1048;1076;1777;2116;2136;2218;2235;2346;2973,ALIAS_PROVISIONAL;CANONICO,Component;Componentes,AUTORIDAD_ARQ,TRAZABILIDAD_SUBORDINADA,VINCULADO
MEF-V3-DIC-0069,Componentes,ENG,ENG-076,ENG-076-RECOVERABILITY_ENGINEERING.md,3,1278;1401;1641,CANONICO,Componentes,AUTORIDAD_ARQ,TRAZABILIDAD_SUBORDINADA,VINCULADO
MEF-V3-DIC-0069,Componentes,ENG,ENG-083,ENG-083-DATA_COMPLIANCE_ENGINEERING.md,1,1562,ALIAS_PROVISIONAL,Component,AUTORIDAD_ARQ,TRAZABILIDAD_SUBORDINADA,VINCULADO
MEF-V3-DIC-0069,Componentes,ENG,ENG-085,ENG-085-DATA_TRUST_ENGINEERING.md,1,1433,CANONICO,Componentes,AUTORIDAD_ARQ,TRAZABILIDAD_SUBORDINADA,VINCULADO
MEF-V3-DIC-0069,Componentes,FND,FND-000,FND-000-Carta_del_Proyecto.md,3,60;97;228,CANONICO,Componentes,AUTORIDAD_ARQ,TRAZABILIDAD_SUPERIOR,VINCULADO
MEF-V3-DIC-0069,Componentes,FND,FND-001,FND-001-VISION.md,2,52;126,CANONICO,Componentes,AUTORIDAD_ARQ,TRAZABILIDAD_SUPERIOR,VINCULADO
MEF-V3-DIC-0069,Componentes,FND,FND-002,FND-02-MISION.md,1,62,CANONICO,Componentes,AUTORIDAD_ARQ,TRAZABILIDAD_SUPERIOR,VINCULADO
MEF-V3-DIC-0070,Comunicación entre Modules,ARQ,ARQ-004,ARQ-004-MODULES.md,1,329,CANONICO,Comunicación entre Modules,AUTORIDAD_ARQ,AUTORIDAD_PRIMARIA,VINCULADO
MEF-V3-DIC-0071,Configuration,ARQ,ARQ-004,ARQ-004-MODULES.md,2,149,ALIAS_PROVISIONAL;CANONICO,/Configuration;Configuration,AUTORIDAD_ARQ,AUTORIDAD_PRIMARIA,VINCULADO
MEF-V3-DIC-0071,Configuration,ARQ,ARQ-010,ARQ-010-TEMPLATE_ENGINE.md,4,120;285,ALIAS_PROVISIONAL;CANONICO,/Configuration;Configuration,AUTORIDAD_ARQ,AUTORIDAD_PRIMARIA,VINCULADO
MEF-V3-DIC-0071,Configuration,ARQ,ARQ-012,ARQ-012-DEPENDENCY_INJECTION.md,2,267,ALIAS_PROVISIONAL;CANONICO,/Configuration;Configuration,AUTORIDAD_ARQ,AUTORIDAD_PRIMARIA,VINCULADO
MEF-V3-DIC-0071,Configuration,ARQ,ARQ-013,ARQ-013-CONFIGURATION.md,46,3;7;20;29;39;41;61;74;94;109;122;139;140;141;142;143;144;150;246;262;274;298;304,ALIAS_PROVISIONAL;CANONICO,/Configuration;Configuration,AUTORIDAD_ARQ,AUTORIDAD_PRIMARIA,VINCULADO
MEF-V3-DIC-0071,Configuration,ARQ,ARQ-017,ARQ-017-PACKAGING.md,6,92;115;302,ALIAS_PROVISIONAL;CANONICO,/Configuration;Configuration,AUTORIDAD_ARQ,AUTORIDAD_PRIMARIA,VINCULADO
MEF-V3-DIC-0071,Configuration,ENG,ENG-000,ENG-000-INGENIERIA_GENERAL.md,6,681;704;706,ALIAS_PROVISIONAL;CANONICO,/Configuration;Configuration,AUTORIDAD_ARQ,TRAZABILIDAD_SUBORDINADA,VINCULADO
MEF-V3-DIC-0071,Configuration,ENG,ENG-002,ENG-002-ESPECIFICACION_DE_MODULES.md,6,688;887;1155,ALIAS_PROVISIONAL;CANONICO,/Configuration;Configuration,AUTORIDAD_ARQ,TRAZABILIDAD_SUBORDINADA,VINCULADO
MEF-V3-DIC-0071,Configuration,ENG,ENG-003,ENG-003-MANIFEST.md,10,138;152;626;634;897,ALIAS_PROVISIONAL;CANONICO,/Configuration;Configuration,AUTORIDAD_ARQ,TRAZABILIDAD_SUBORDINADA,VINCULADO
MEF-V3-DIC-0071,Configuration,ENG,ENG-004,ENG-004-CONVENCIONES.md,12,156;166;435;1295;1576;1592,ALIAS_PROVISIONAL;CANONICO,/Configuration;Configuration,AUTORIDAD_ARQ,TRAZABILIDAD_SUBORDINADA,VINCULADO
MEF-V3-DIC-0071,Configuration,ENG,ENG-005,ENG-005-NOMENCLATURA.md,12,1129;1131;1751;2131;2545;2560,ALIAS_PROVISIONAL;CANONICO,/Configuration;Configuration,AUTORIDAD_ARQ,TRAZABILIDAD_SUBORDINADA,VINCULADO
MEF-V3-DIC-0071,Configuration,ENG,ENG-006,ENG-006-ESTRUCTURA_DE_DIRECTORIOS.md,24,36;265;344;464;471;559;594;1005;1258;1401;1402;1675,ALIAS_PROVISIONAL;CANONICO,/Configuration;Configuration,AUTORIDAD_ARQ,TRAZABILIDAD_SUBORDINADA,VINCULADO
MEF-V3-DIC-0071,Configuration,ENG,ENG-007,ENG-007-CLI.md,10,454;815;832;1341;1595,ALIAS_PROVISIONAL;CANONICO,/Configuration;Configuration,AUTORIDAD_ARQ,TRAZABILIDAD_SUBORDINADA,VINCULADO
MEF-V3-DIC-0071,Configuration,ENG,ENG-008,ENG-008-GENERADORES.md,6,658;1130;1501,ALIAS_PROVISIONAL;CANONICO,/Configuration;Configuration,AUTORIDAD_ARQ,TRAZABILIDAD_SUBORDINADA,VINCULADO
MEF-V3-DIC-0071,Configuration,ENG,ENG-009,ENG-009-TESTING.md,2,1793,ALIAS_PROVISIONAL;CANONICO,/Configuration;Configuration,AUTORIDAD_ARQ,TRAZABILIDAD_SUBORDINADA,VINCULADO
MEF-V3-DIC-0071,Configuration,ENG,ENG-010,ENG-010-LOGGING.md,18,366;378;734;745;1206;1220;1254;1813;1824,ALIAS_PROVISIONAL;CANONICO,/Configuration;Configuration,AUTORIDAD_ARQ,TRAZABILIDAD_SUBORDINADA,VINCULADO
MEF-V3-DIC-0071,Configuration,ENG,ENG-011,ENG-011-CONFIGURATION_FILES.md,386,3;7;29;43;53;55;71;87;89;91;97;106;121;123;141;162;169;171;176;185;192;198;208;217;220;226;234;236;242;260;261;281;283;296;403;445;448;451;463;477;537;574;615;644;661;667;683;726;734;757;822;836;850;852;899;923;933;941;945;964;976;988;1004;1018;1025;1027;1049;1055;1061;1075;1083;1101;1103;1111;1117;1119;1124;1128;1135;1144;1153;1157;1161;1173;1185;1224;1267;1273;1319;1420;1431;1542;1578;1585;1592;1631;1632;1633;1636;1658;1688;1706;1718;1747;1748;1761;1768;1772;1786;1792;1810;1812;1819;1827;1836;1853;1858;1882;1888;1901;1903;1911;1949;1970;1997;2041;2049;2062;2075;2091;2106;2110;2116;2123;2125;2130;2131;2138;2144;2146;2152;2162;2164;2178;2198;2200;2208;2229;2231;2245;2267;2277;2278;2279;2283;2285;2287;2288;2289;2291;2292;2294;2295;2296;2304;2307;2311;2314;2317;2325;2327;2337;2365;2378;2384;2387;2396;2399;2402;2424;2428;2429;2442;2458;2464;2469;2481;2483;2488;2497;2504;2507;2517,ALIAS_PROVISIONAL;CANONICO,/Configuration;Configuration,AUTORIDAD_ARQ,TRAZABILIDAD_SUBORDINADA,VINCULADO
MEF-V3-DIC-0071,Configuration,ENG,ENG-012,ENG-012-BUILD_SYSTEM.md,32,119;203;320;322;459;549;564;874;876;881;887;1585;1683;1710;1779;1870,ALIAS_PROVISIONAL;CANONICO,/Configuration;Configuration,AUTORIDAD_ARQ,TRAZABILIDAD_SUBORDINADA,VINCULADO
MEF-V3-DIC-0071,Configuration,ENG,ENG-013,ENG-013-PACKAGE_MANAGER.md,12,201;389;2425;2933;3027;3042,ALIAS_PROVISIONAL;CANONICO,/Configuration;Configuration,AUTORIDAD_ARQ,TRAZABILIDAD_SUBORDINADA,VINCULADO
MEF-V3-DIC-0071,Configuration,ENG,ENG-014,ENG-014-VERSIONADO.md,34,63;212;252;521;523;533;548;563;652;1329;1679;2382;2540;2571;2740;2762;2776,ALIAS_PROVISIONAL;CANONICO,/Configuration;Configuration,AUTORIDAD_ARQ,TRAZABILIDAD_SUBORDINADA,VINCULADO
MEF-V3-DIC-0071,Configuration,ENG,ENG-015,ENG-015-ARCHITECTURAL_STATE_MACHINE.md,40,190;476;570;790;1051;1075;1080;1101;1105;1239;1260;1299;1543;2787;2946;3006;3033;3045;3168;3180,ALIAS_PROVISIONAL;CANONICO,/Configuration;Configuration,AUTORIDAD_ARQ,TRAZABILIDAD_SUBORDINADA,VINCULADO
MEF-V3-DIC-0071,Configuration,ENG,ENG-016,ENG-016-COMPATIBILITY.md,34,207;462;672;797;812;814;826;828;1193;1665;1690;2669;2671;2841;2890;3280;3292,ALIAS_PROVISIONAL;CANONICO,/Configuration;Configuration,AUTORIDAD_ARQ,TRAZABILIDAD_SUBORDINADA,VINCULADO
MEF-V3-DIC-0071,Configuration,ENG,ENG-017,ENG-017-RELEASE_PROCESS.md,8,1988;2471;2839;3307,ALIAS_PROVISIONAL;CANONICO,/Configuration;Configuration,AUTORIDAD_ARQ,TRAZABILIDAD_SUBORDINADA,VINCULADO
MEF-V3-DIC-0071,Configuration,ENG,ENG-018,ENG-018-DEPENDENCY_INJECTION.md,34,467;483;506;588;1016;1018;1172;1213;1218;1680;2055;2635;2665;2669;2763;3020;3034,ALIAS_PROVISIONAL;CANONICO,/Configuration;Configuration,AUTORIDAD_ARQ,TRAZABILIDAD_SUBORDINADA,VINCULADO
MEF-V3-DIC-0071,Configuration,ENG,ENG-019,ENG-019-SERVICE_CONTAINER.md,34,747;1099;1138;1283;1331;1773;1775;1997;1999;2011;2013;2428;2502;2504;2683;2791;2803,ALIAS_PROVISIONAL;CANONICO,/Configuration;Configuration,AUTORIDAD_ARQ,TRAZABILIDAD_SUBORDINADA,VINCULADO
MEF-V3-DIC-0071,Configuration,ENG,ENG-020,ENG-020-REGISTRY_ENGINNEERING.md,14,1311;1925;1954;1998;2758;3208;3222,ALIAS_PROVISIONAL;CANONICO,/Configuration;Configuration,AUTORIDAD_ARQ,TRAZABILIDAD_SUBORDINADA,VINCULADO
MEF-V3-DIC-0071,Configuration,ENG,ENG-021,ENG-021-CONTRACTS_ENGINNEERING.md,2,610,ALIAS_PROVISIONAL;CANONICO,/Configuration;Configuration,AUTORIDAD_ARQ,TRAZABILIDAD_SUBORDINADA,VINCULADO
MEF-V3-DIC-0071,Configuration,ENG,ENG-022,ENG-022-EVENT_BUS_ENGINNEERING.md,18,2808;2810;2822;2828;2830;2834;2836;2851;3513,ALIAS_PROVISIONAL;CANONICO,/Configuration;Configuration,AUTORIDAD_ARQ,TRAZABILIDAD_SUBORDINADA,VINCULADO
MEF-V3-DIC-0071,Configuration,ENG,ENG-023,ENG-023-ERROR_HANDLING.md,14,255;1171;1177;1507;1516;1538;3408,ALIAS_PROVISIONAL;CANONICO,/Configuration;Configuration,AUTORIDAD_ARQ,TRAZABILIDAD_SUBORDINADA,VINCULADO
MEF-V3-DIC-0071,Configuration,ENG,ENG-024,ENG-024-SECURITY_ENGINEERING.md,40,91;110;1006;1082;1087;1787;1789;1793;1808;1824;2043;2306;2754;2762;2835;2939;3137;3973;4039;4141,ALIAS_PROVISIONAL;CANONICO,/Configuration;Configuration,AUTORIDAD_ARQ,TRAZABILIDAD_SUBORDINADA,VINCULADO
MEF-V3-DIC-0071,Configuration,ENG,ENG-025,ENG-025-OBSERVABILITY_ENGINEERING.md,32,1198;1228;1233;1326;1605;1618;1622;1628;1641;1643;1880;1983;2391;2393;2450;3266,ALIAS_PROVISIONAL;CANONICO,/Configuration;Configuration,AUTORIDAD_ARQ,TRAZABILIDAD_SUBORDINADA,VINCULADO
MEF-V3-DIC-0071,Configuration,ENG,ENG-026,ENG-026-RUNTIME_PERFORMANCE_ENGINEERING.md,24,295;644;662;1486;1938;2374;2561;2585;2813;2830;2853;3537,ALIAS_PROVISIONAL;CANONICO,/Configuration;Configuration,AUTORIDAD_ARQ,TRAZABILIDAD_SUBORDINADA,VINCULADO
MEF-V3-DIC-0071,Configuration,ENG,ENG-027,ENG-027-RUNTIME_ENGINEERING.md,66,144;363;384;399;433;441;486;488;493;500;502;506;508;758;852;969;974;1015;1046;1135;1240;1625;1682;1722;1773;1800;2354;2811;2895;3311;3541;3580;3763,ALIAS_PROVISIONAL;CANONICO,/Configuration;Configuration,AUTORIDAD_ARQ,TRAZABILIDAD_SUBORDINADA,VINCULADO
MEF-V3-DIC-0071,Configuration,ENG,ENG-028,ENG-028-MODULE_ENGINEERING.md,44,327;671;987;1015;1017;1021;1033;1035;1144;1548;1550;1554;1560;1566;1572;1701;1786;1833;1946;2362;3052;3439,ALIAS_PROVISIONAL;CANONICO,/Configuration;Configuration,AUTORIDAD_ARQ,TRAZABILIDAD_SUBORDINADA,VINCULADO
MEF-V3-DIC-0071,Configuration,ENG,ENG-029,ENG-029-EXTENSION_ENGINEERING.md,22,534;687;1320;1322;1326;1338;1340;1344;1346;1748;2636,ALIAS_PROVISIONAL;CANONICO,/Configuration;Configuration,AUTORIDAD_ARQ,TRAZABILIDAD_SUBORDINADA,VINCULADO
MEF-V3-DIC-0071,Configuration,ENG,ENG-030,ENG-030-PERSISTENCE_ENGINEERING.md,16,725;727;731;749;1692;2250;2601;3081,ALIAS_PROVISIONAL;CANONICO,/Configuration;Configuration,AUTORIDAD_ARQ,TRAZABILIDAD_SUBORDINADA,VINCULADO
MEF-V3-DIC-0071,Configuration,ENG,ENG-031,ENG-031-SERIALIZATION_ENGINEERING.md,10,1401;1412;2961;2963;3252,ALIAS_PROVISIONAL;CANONICO,/Configuration;Configuration,AUTORIDAD_ARQ,TRAZABILIDAD_SUBORDINADA,VINCULADO
MEF-V3-DIC-0071,Configuration,ENG,ENG-032,ENG-032-TRANSPORT_ENGINEERING.md,14,401;1089;1391;1512;2416;2763;3265,ALIAS_PROVISIONAL;CANONICO,/Configuration;Configuration,AUTORIDAD_ARQ,TRAZABILIDAD_SUBORDINADA,VINCULADO
MEF-V3-DIC-0071,Configuration,ENG,ENG-033,ENG-033-INTERFACE_ENGINEERING.md,2,538,ALIAS_PROVISIONAL;CANONICO,/Configuration;Configuration,AUTORIDAD_ARQ,TRAZABILIDAD_SUBORDINADA,VINCULADO
MEF-V3-DIC-0071,Configuration,ENG,ENG-034,ENG-034-APPLICATION_ENGINEERING.md,2,3032,ALIAS_PROVISIONAL;CANONICO,/Configuration;Configuration,AUTORIDAD_ARQ,TRAZABILIDAD_SUBORDINADA,VINCULADO
MEF-V3-DIC-0071,Configuration,ENG,ENG-036,ENG-036-VALIDATION_ENGINEERING.md,48,47;82;246;310;344;540;542;546;558;571;573;916;1010;1127;1577;1645;1771;1774;1786;1889;2555;2662;2747;2991,ALIAS_PROVISIONAL;CANONICO,/Configuration;Configuration,AUTORIDAD_ARQ,TRAZABILIDAD_SUBORDINADA,VINCULADO
MEF-V3-DIC-0071,Configuration,ENG,ENG-037,ENG-037-CACHING_ENGINEERING.md,28,172;398;1155;1220;1514;1527;1529;1533;2245;2332;2334;2365;2434;3268,ALIAS_PROVISIONAL;CANONICO,/Configuration;Configuration,AUTORIDAD_ARQ,TRAZABILIDAD_SUBORDINADA,VINCULADO
MEF-V3-DIC-0071,Configuration,ENG,ENG-038,ENG-038-CONCURRENCY_ENGINEERING.md,10,2004;2488;2502;2516;3285,ALIAS_PROVISIONAL;CANONICO,/Configuration;Configuration,AUTORIDAD_ARQ,TRAZABILIDAD_SUBORDINADA,VINCULADO
MEF-V3-DIC-0071,Configuration,ENG,ENG-039,ENG-039-RESILIENCE_ENGINEERING.md,16,1390;1392;1396;1419;1471;2030;2040;3190,ALIAS_PROVISIONAL;CANONICO,/Configuration;Configuration,AUTORIDAD_ARQ,TRAZABILIDAD_SUBORDINADA,VINCULADO
MEF-V3-DIC-0071,Configuration,ENG,ENG-040,ENG-040-SCHEDULING_BACKGROUND_JOBS_ENGINEERING.md,14,934;2914;2940;2950;3124;3889;4178,ALIAS_PROVISIONAL;CANONICO,/Configuration;Configuration,AUTORIDAD_ARQ,TRAZABILIDAD_SUBORDINADA,VINCULADO
MEF-V3-DIC-0071,Configuration,ENG,ENG-041,ENG-041-MESSAGING_ENGINEERING.md,10,2617;2840;3320;3348;4139,ALIAS_PROVISIONAL;CANONICO,/Configuration;Configuration,AUTORIDAD_ARQ,TRAZABILIDAD_SUBORDINADA,VINCULADO
MEF-V3-DIC-0071,Configuration,ENG,ENG-042,ENG-042-TRANSACTION_ENGINEERING.md,6,2443;2464;3388,ALIAS_PROVISIONAL;CANONICO,/Configuration;Configuration,AUTORIDAD_ARQ,TRAZABILIDAD_SUBORDINADA,VINCULADO
MEF-V3-DIC-0071,Configuration,ENG,ENG-043,ENG-043-DATA_ACCESS_ENGINEERING.md,8,2527;2556;2668;3618,ALIAS_PROVISIONAL;CANONICO,/Configuration;Configuration,AUTORIDAD_ARQ,TRAZABILIDAD_SUBORDINADA,VINCULADO
MEF-V3-DIC-0071,Configuration,ENG,ENG-044,ENG-044-API_ENGINEERING.md,8,2877;2911;3031;4212,ALIAS_PROVISIONAL;CANONICO,/Configuration;Configuration,AUTORIDAD_ARQ,TRAZABILIDAD_SUBORDINADA,VINCULADO
MEF-V3-DIC-0071,Configuration,ENG,ENG-045,ENG-045-AUTHENTICATION_ENGINEERING.md,16,2115;2681;2683;2721;2755;2764;2840;3898,ALIAS_PROVISIONAL;CANONICO,/Configuration;Configuration,AUTORIDAD_ARQ,TRAZABILIDAD_SUBORDINADA,VINCULADO
MEF-V3-DIC-0071,Configuration,ENG,ENG-046,ENG-046-AUTHORIZATION_ENGINEERING.md,12,316;2623;2653;2812;2861;3969,ALIAS_PROVISIONAL;CANONICO,/Configuration;Configuration,AUTORIDAD_ARQ,TRAZABILIDAD_SUBORDINADA,VINCULADO
MEF-V3-DIC-0071,Configuration,ENG,ENG-047,ENG-047-IDENTITY_ACCESS_MANAGEMENT_ENGINEERING.md,16,2725;2762;2774;2907;2947;3716;3741;4030,ALIAS_PROVISIONAL;CANONICO,/Configuration;Configuration,AUTORIDAD_ARQ,TRAZABILIDAD_SUBORDINADA,VINCULADO
MEF-V3-DIC-0071,Configuration,ENG,ENG-048,ENG-048-MULTI_TENANCY_ENGINEERING.md,150,68;120;152;196;334;634;1017;1023;1031;1034;1045;1051;1057;1618;1851;1874;1924;2130;2162;2255;2317;2326;2365;2378;2434;2490;2535;2565;2771;2821;2892;2902;2904;2946;3012;3190;3195;3199;3201;3203;3209;3210;3211;3212;3213;3214;3215;3216;3217;3218;3219;3220;3221;3222;3223;3224;3225;3226;3227;3228;3229;3230;3231;3232;3233;3234;3235;3236;3237;3238;3239;3240;3449;3494;3525,ALIAS_PROVISIONAL;CANONICO,/Configuration;Configuration,AUTORIDAD_ARQ,TRAZABILIDAD_SUBORDINADA,VINCULADO
MEF-V3-DIC-0071,Configuration,ENG,ENG-049,ENG-049-CONFIGURATION_MANAGEMENT_ENGINEERING.md,620,3;7;55;56;57;58;59;60;61;62;63;64;65;66;67;68;69;70;71;72;73;74;75;76;77;78;79;80;86;96;101;102;103;104;105;106;107;108;109;110;111;112;113;114;115;116;117;118;119;120;121;122;123;124;125;126;127;128;129;130;131;132;133;134;135;136;137;151;154;166;169;179;181;206;217;222;234;236;244;252;316;318;341;375;415;419;457;470;473;474;475;500;521;553;674;723;759;764;787;814;816;856;864;889;895;954;989;1077;1114;1138;1150;1185;1191;1215;1221;1258;1288;1349;1373;1379;1385;1440;1452;1464;1470;1476;1498;1504;1510;1516;1522;1534;1540;1551;1559;1561;1567;1595;1605;1631;1643;1649;1659;1664;1675;1676;1677;1678;1679;1680;1681;1682;1689;1699;1771;1776;1777;1778;1779;1780;1781;1782;1783;1796;1817;1818;1819;1820;1821;1822;1823;1833;1862;1883;1884;1944;2003;2015;2061;2062;2063;2120;2195;2229;2242;2256;2273;2281;2287;2293;2313;2320;2326;2358;2366;2370;2393;2428;2442;2446;2460;2514;2521;2536;2547;2565;2571;2627;2628;2630;2641;2710;2711;2712;2713;2714;2715;2716;2717;2718;2719;2720;2721;2722;2723;2724;2725;2726;2727;2728;2729;2730;2731;2732;2733;2734;2735;2736;2737;2738;2739;2749;2750;2758;2774;2775;2776;2778;2779;2780;2790;2791;2797;2807;2812;2823;2824;2825;2827;2828;2830;2833;2834;2835;2836;2837;2838;2839;2840;2841;2842;2862;2877;2884;2900;2924;2944;2952;2962;2964;2980;2982;2991;3027;3029;3045;3061;3070;3103;3115;3133;3155;3161;3167;3178;3179;3226;3232;3237;3246;3261;3344;3356;3381;3388;3429;3450;3454;3455;3483,ALIAS_PROVISIONAL;CANONICO,/Configuration;Configuration,AUTORIDAD_ARQ,TRAZABILIDAD_SUBORDINADA,VINCULADO
MEF-V3-DIC-0071,Configuration,ENG,ENG-050,ENG-050-FEATURE_MANAGEMENT_ENGINEERING.md,44,125;140;204;206;743;1086;1111;1124;1987;1994;2131;2140;2439;2612;2614;2615;2616;2703;2752;2789;3029;3062,ALIAS_PROVISIONAL;CANONICO,/Configuration;Configuration,AUTORIDAD_ARQ,TRAZABILIDAD_SUBORDINADA,VINCULADO
MEF-V3-DIC-0071,Configuration,ENG,ENG-051,ENG-051-POLICY_ENGINEERING.md,26,232;234;2032;2039;2236;2273;2543;2695;2697;2744;2972;3117;3150,ALIAS_PROVISIONAL;CANONICO,/Configuration;Configuration,AUTORIDAD_ARQ,TRAZABILIDAD_SUBORDINADA,VINCULADO
MEF-V3-DIC-0071,Configuration,ENG,ENG-052,ENG-052-WORKFLOW_ENGINEERING.md,8,2429;2646;3450;3599,ALIAS_PROVISIONAL;CANONICO,/Configuration;Configuration,AUTORIDAD_ARQ,TRAZABILIDAD_SUBORDINADA,VINCULADO
MEF-V3-DIC-0071,Configuration,ENG,ENG-053,ENG-053-STATE_MANAGEMENT_ENGINEERING.md,18,252;254;259;354;2114;2301;2303;3049;3174,ALIAS_PROVISIONAL;CANONICO,/Configuration;Configuration,AUTORIDAD_ARQ,TRAZABILIDAD_SUBORDINADA,VINCULADO
MEF-V3-DIC-0071,Configuration,ENG,ENG-054,ENG-054-RESOURCE_MANAGEMENT_ENGINEERING.md,14,284;286;2163;2170;2212;2422;3372,ALIAS_PROVISIONAL;CANONICO,/Configuration;Configuration,AUTORIDAD_ARQ,TRAZABILIDAD_SUBORDINADA,VINCULADO
MEF-V3-DIC-0071,Configuration,ENG,ENG-055,ENG-055-LIFECYCLE_MANAGEMENT_ENGINEERING.md,22,596;624;707;1565;1601;1721;1736;2444;2777;3257;3375,ALIAS_PROVISIONAL;CANONICO,/Configuration;Configuration,AUTORIDAD_ARQ,TRAZABILIDAD_SUBORDINADA,VINCULADO
MEF-V3-DIC-0071,Configuration,ENG,ENG-056,ENG-056-CONTEXT_MANAGEMENT_ENGINEERING.md,12,252;254;261;2057;2478;3149,ALIAS_PROVISIONAL;CANONICO,/Configuration;Configuration,AUTORIDAD_ARQ,TRAZABILIDAD_SUBORDINADA,VINCULADO
MEF-V3-DIC-0071,Configuration,ENG,ENG-057,ENG-057-METADATA_ENGINEERING.md,28,277;279;289;326;602;1443;1445;2106;2549;2566;2765;2767;3121;3139,ALIAS_PROVISIONAL;CANONICO,/Configuration;Configuration,AUTORIDAD_ARQ,TRAZABILIDAD_SUBORDINADA,VINCULADO
MEF-V3-DIC-0071,Configuration,ENG,ENG-058,ENG-058-DISCOVERY_ENGINEERING.md,10,1635;1712;1838;2207;2496,ALIAS_PROVISIONAL;CANONICO,/Configuration;Configuration,AUTORIDAD_ARQ,TRAZABILIDAD_SUBORDINADA,VINCULADO
MEF-V3-DIC-0071,Configuration,ENG,ENG-059,ENG-059-RESOLUTION_ENGINEERING.md,14,236;996;1761;1851;2261;2494;2773,ALIAS_PROVISIONAL;CANONICO,/Configuration;Configuration,AUTORIDAD_ARQ,TRAZABILIDAD_SUBORDINADA,VINCULADO
MEF-V3-DIC-0071,Configuration,ENG,ENG-060,ENG-060-PLUGIN_ENGINEERING.md,26,240;427;577;733;849;855;861;873;2202;2228;2634;3157;3284,ALIAS_PROVISIONAL;CANONICO,/Configuration;Configuration,AUTORIDAD_ARQ,TRAZABILIDAD_SUBORDINADA,VINCULADO
MEF-V3-DIC-0071,Configuration,ENG,ENG-061,ENG-061-INTEROPERABILITY_ENGINEERING.md,8,1358;2073;2114;2944,ALIAS_PROVISIONAL;CANONICO,/Configuration;Configuration,AUTORIDAD_ARQ,TRAZABILIDAD_SUBORDINADA,VINCULADO
MEF-V3-DIC-0071,Configuration,ENG,ENG-062,ENG-062-SCHEMA_ENGINEERING.md,10,278;1677;2481;2647;3007,ALIAS_PROVISIONAL;CANONICO,/Configuration;Configuration,AUTORIDAD_ARQ,TRAZABILIDAD_SUBORDINADA,VINCULADO
MEF-V3-DIC-0071,Configuration,ENG,ENG-063,ENG-063-DATA_TRANSFORMATION_ENGINEERING.md,4,1264;1468,ALIAS_PROVISIONAL;CANONICO,/Configuration;Configuration,AUTORIDAD_ARQ,TRAZABILIDAD_SUBORDINADA,VINCULADO
MEF-V3-DIC-0071,Configuration,ENG,ENG-064,ENG-064-DATA_PIPELINE_ENGINEERING.md,4,2488;2999,ALIAS_PROVISIONAL;CANONICO,/Configuration;Configuration,AUTORIDAD_ARQ,TRAZABILIDAD_SUBORDINADA,VINCULADO
MEF-V3-DIC-0071,Configuration,ENG,ENG-065,ENG-065-MIGRATION_ENGINEERING.md,24,78;133;267;403;655;657;670;998;1573;2792;3031;3299,ALIAS_PROVISIONAL;CANONICO,/Configuration;Configuration,AUTORIDAD_ARQ,TRAZABILIDAD_SUBORDINADA,VINCULADO
MEF-V3-DIC-0071,Configuration,ENG,ENG-066,ENG-066-UPGRADE_ENGINEERING.md,42,146;262;369;478;594;600;606;709;979;1061;1094;1361;1495;1515;1697;2510;2511;2516;2521;2796;3027,ALIAS_PROVISIONAL;CANONICO,/Configuration;Configuration,AUTORIDAD_ARQ,TRAZABILIDAD_SUBORDINADA,VINCULADO
MEF-V3-DIC-0071,Configuration,ENG,ENG-067,ENG-067-DEPLOYMENT_ENGINEERING.md,54,238;308;310;312;515;554;643;694;952;1264;1299;1344;1518;1520;1524;1690;2060;2107;2412;2597;2713;2723;2725;2765;2940;2979;3256,ALIAS_PROVISIONAL;CANONICO,/Configuration;Configuration,AUTORIDAD_ARQ,TRAZABILIDAD_SUBORDINADA,VINCULADO
MEF-V3-DIC-0071,Configuration,ENG,ENG-068,ENG-068-ENVIRONMENT_ENGINEERING.md,76,141;178;194;248;252;505;622;628;714;722;893;986;1116;1495;1671;1786;1867;1906;2467;2504;2587;2591;2595;2597;2600;2603;2605;2634;2707;2713;2716;2909;2920;2924;2944;3040;3088;3102,ALIAS_PROVISIONAL;CANONICO,/Configuration;Configuration,AUTORIDAD_ARQ,TRAZABILIDAD_SUBORDINADA,VINCULADO
MEF-V3-DIC-0071,Configuration,ENG,ENG-069,ENG-069-HEALTH_READINESS_ENGINEERING.md,4,1958;3064,ALIAS_PROVISIONAL;CANONICO,/Configuration;Configuration,AUTORIDAD_ARQ,TRAZABILIDAD_SUBORDINADA,VINCULADO
MEF-V3-DIC-0071,Configuration,ENG,ENG-070,ENG-070-PERFORMANCE_ENGINEERING.md,2,789,ALIAS_PROVISIONAL;CANONICO,/Configuration;Configuration,AUTORIDAD_ARQ,TRAZABILIDAD_SUBORDINADA,VINCULADO
MEF-V3-DIC-0071,Configuration,ENG,ENG-071,ENG-071-CAPACITY_ENGINEERING.md,8,551;644;3457;3802,ALIAS_PROVISIONAL;CANONICO,/Configuration;Configuration,AUTORIDAD_ARQ,TRAZABILIDAD_SUBORDINADA,VINCULADO
MEF-V3-DIC-0071,Configuration,ENG,ENG-072,ENG-072-SCALABILITY_ENGINEERING.md,14,262;930;1448;1615;1617;3291;3297,ALIAS_PROVISIONAL;CANONICO,/Configuration;Configuration,AUTORIDAD_ARQ,TRAZABILIDAD_SUBORDINADA,VINCULADO
MEF-V3-DIC-0071,Configuration,ENG,ENG-073,ENG-073-AVAILABILITY_ENGINEERING.md,14,819;892;1440;1442;2916;2917;2997,ALIAS_PROVISIONAL;CANONICO,/Configuration;Configuration,AUTORIDAD_ARQ,TRAZABILIDAD_SUBORDINADA,VINCULADO
MEF-V3-DIC-0071,Configuration,ENG,ENG-074,ENG-074-RELIABILITY_ENGINEERING.md,4,1105;2180,ALIAS_PROVISIONAL;CANONICO,/Configuration;Configuration,AUTORIDAD_ARQ,TRAZABILIDAD_SUBORDINADA,VINCULADO
MEF-V3-DIC-0071,Configuration,ENG,ENG-075,ENG-075-MAINTAINABILITY_ENGINEERING.md,32,215;615;659;954;1053;1351;1731;1733;1737;1743;2535;2695;2975;3163;3270;3609,ALIAS_PROVISIONAL;CANONICO,/Configuration;Configuration,AUTORIDAD_ARQ,TRAZABILIDAD_SUBORDINADA,VINCULADO
MEF-V3-DIC-0071,Configuration,ENG,ENG-076,ENG-076-RECOVERABILITY_ENGINEERING.md,52,166;208;228;301;654;745;945;1105;1175;1177;1181;1214;1504;1715;2351;2353;2411;3126;3170;3256;3266;3267;3306;3681;3823;3890,ALIAS_PROVISIONAL;CANONICO,/Configuration;Configuration,AUTORIDAD_ARQ,TRAZABILIDAD_SUBORDINADA,VINCULADO
MEF-V3-DIC-0071,Configuration,ENG,ENG-077,ENG-077-DURABILITY_ENGINEERING.md,22,402;968;1332;1681;1683;2087;2314;2615;2681;2692;3041,ALIAS_PROVISIONAL;CANONICO,/Configuration;Configuration,AUTORIDAD_ARQ,TRAZABILIDAD_SUBORDINADA,VINCULADO
MEF-V3-DIC-0071,Configuration,ENG,ENG-078,ENG-078-CONSISTENCY_ENGINEERING.md,2,1923,ALIAS_PROVISIONAL;CANONICO,/Configuration;Configuration,AUTORIDAD_ARQ,TRAZABILIDAD_SUBORDINADA,VINCULADO
MEF-V3-DIC-0071,Configuration,ENG,ENG-080,ENG-080-DATA_QUALITY_ENGINEERING.md,2,2691,ALIAS_PROVISIONAL;CANONICO,/Configuration;Configuration,AUTORIDAD_ARQ,TRAZABILIDAD_SUBORDINADA,VINCULADO
MEF-V3-DIC-0071,Configuration,ENG,ENG-082,ENG-082-DATA_PRIVACY_ENGINEERING.md,2,2907,ALIAS_PROVISIONAL;CANONICO,/Configuration;Configuration,AUTORIDAD_ARQ,TRAZABILIDAD_SUBORDINADA,VINCULADO
MEF-V3-DIC-0071,Configuration,ENG,ENG-083,ENG-083-DATA_COMPLIANCE_ENGINEERING.md,16,388;730;803;1255;1488;2670;2678;2681,ALIAS_PROVISIONAL;CANONICO,/Configuration;Configuration,AUTORIDAD_ARQ,TRAZABILIDAD_SUBORDINADA,VINCULADO
MEF-V3-DIC-0071,Configuration,ENG,ENG-084,ENG-084-DATA_ETHICS_ENGINEERING.md,2,2027,ALIAS_PROVISIONAL;CANONICO,/Configuration;Configuration,AUTORIDAD_ARQ,TRAZABILIDAD_SUBORDINADA,VINCULADO
MEF-V3-DIC-0071,Configuration,ENG,ENG-085,ENG-085-DATA_TRUST_ENGINEERING.md,6,1372;2589;2591,ALIAS_PROVISIONAL;CANONICO,/Configuration;Configuration,AUTORIDAD_ARQ,TRAZABILIDAD_SUBORDINADA,VINCULADO
MEF-V3-DIC-0071,Configuration,ENG,ENG-095,ENG-095-DATA_SYNCHRONIZATION_ENGINEERING.md,2,655,ALIAS_PROVISIONAL;CANONICO,/Configuration;Configuration,AUTORIDAD_ARQ,TRAZABILIDAD_SUBORDINADA,VINCULADO
MEF-V3-DIC-0071,Configuration,ENG,ENG-096,ENG-096-DATA_REPLICATION_ENGINEERING.md,4,302;684,ALIAS_PROVISIONAL;CANONICO,/Configuration;Configuration,AUTORIDAD_ARQ,TRAZABILIDAD_SUBORDINADA,VINCULADO
MEF-V3-DIC-0071,Configuration,ENG,ENG-097,ENG-097-DATA_PARTITIONING_SHARDING_ENGINEERING.md,2,660,ALIAS_PROVISIONAL;CANONICO,/Configuration;Configuration,AUTORIDAD_ARQ,TRAZABILIDAD_SUBORDINADA,VINCULADO
MEF-V3-DIC-0071,Configuration,ENG,ENG-098,ENG-098-DATA_DISTRIBUTION_ENGINEERING.md,2,651,ALIAS_PROVISIONAL;CANONICO,/Configuration;Configuration,AUTORIDAD_ARQ,TRAZABILIDAD_SUBORDINADA,VINCULADO
MEF-V3-DIC-0071,Configuration,ENG,ENG-099,ENG-099-DATA_LOCALIZATION_RESIDENCY_ENGINEERING.md,4,476;731,ALIAS_PROVISIONAL;CANONICO,/Configuration;Configuration,AUTORIDAD_ARQ,TRAZABILIDAD_SUBORDINADA,VINCULADO
MEF-V3-DIC-0072,Constructor Injection,ARQ,ARQ-012,ARQ-012-DEPENDENCY_INJECTION.md,3,129;134;197,CANONICO,Constructor Injection,AUTORIDAD_ARQ,AUTORIDAD_PRIMARIA,VINCULADO
MEF-V3-DIC-0072,Constructor Injection,ENG,ENG-018,ENG-018-DEPENDENCY_INJECTION.md,9,37;320;322;405;1355;2617;2653;2679;2801,CANONICO,Constructor Injection,AUTORIDAD_ARQ,TRAZABILIDAD_SUBORDINADA,VINCULADO
MEF-V3-DIC-0072,Constructor Injection,ENG,ENG-019,ENG-019-SERVICE_CONTAINER.md,2,2167;2568,CANONICO,Constructor Injection,AUTORIDAD_ARQ,TRAZABILIDAD_SUBORDINADA,VINCULADO
MEF-V3-DIC-0073,Contaminación del Core,ARQ,ARQ-004,ARQ-004-MODULES.md,1,619,CANONICO,Contaminación del Core,AUTORIDAD_ARQ,AUTORIDAD_PRIMARIA,VINCULADO
MEF-V3-DIC-0074,Contenido Mínimo,ARQ,ARQ-017,ARQ-017-PACKAGING.md,1,121,CANONICO,Contenido Mínimo,AUTORIDAD_ARQ,AUTORIDAD_PRIMARIA,VINCULADO
MEF-V3-DIC-0075,Contracts,ARQ,ARQ-004,ARQ-004-MODULES.md,6,143;242;244,ALIAS_PROVISIONAL;CANONICO,/Contracts;Contracts,AUTORIDAD_ARQ,AUTORIDAD_PRIMARIA,VINCULADO
MEF-V3-DIC-0075,Contracts,ARQ,ARQ-010,ARQ-010-TEMPLATE_ENGINE.md,4,112;284,ALIAS_PROVISIONAL;CANONICO,/Contracts;Contracts,AUTORIDAD_ARQ,AUTORIDAD_PRIMARIA,VINCULADO
MEF-V3-DIC-0075,Contracts,ARQ,ARQ-011,ARQ-011-CONTRACTS.md,66,3;7;20;29;39;41;43;49;51;53;61;74;82;92;98;106;118;132;133;134;135;136;137;138;140;146;159;174;179;185;188;205;207;208;209;210;218;222;228;230;247;258;266;272,ALIAS_PROVISIONAL;CANONICO,/Contracts;Contract;Contracts,AUTORIDAD_ARQ,AUTORIDAD_PRIMARIA,VINCULADO
MEF-V3-DIC-0075,Contracts,ARQ,ARQ-012,ARQ-012-DEPENDENCY_INJECTION.md,22,23;39;47;86;104;140;146;192;228;240;250;256;266,ALIAS_PROVISIONAL;CANONICO,/Contracts;Contract;Contracts,AUTORIDAD_ARQ,AUTORIDAD_PRIMARIA,VINCULADO
MEF-V3-DIC-0075,Contracts,ARQ,ARQ-013,ARQ-013-CONFIGURATION.md,2,53,ALIAS_PROVISIONAL;CANONICO,/Contracts;Contracts,AUTORIDAD_ARQ,AUTORIDAD_PRIMARIA,VINCULADO
MEF-V3-DIC-0075,Contracts,ARQ,ARQ-017,ARQ-017-PACKAGING.md,10,90;114;173;278;301,ALIAS_PROVISIONAL;CANONICO,/Contracts;Contracts,AUTORIDAD_ARQ,AUTORIDAD_PRIMARIA,VINCULADO
MEF-V3-DIC-0075,Contracts,ENG,ENG-000,ENG-000-INGENIERIA_GENERAL.md,17,156;216;224;383;426;441;460;541;740;753,ALIAS_PROVISIONAL;CANONICO,/Contracts;Contract;Contracts,AUTORIDAD_ARQ,TRAZABILIDAD_SUBORDINADA,VINCULADO
MEF-V3-DIC-0075,Contracts,ENG,ENG-001,ENG-001-ORGANIZACION_DEL_CODIGO.md,52,103;149;186;225;231;248;257;298;308;310;313;320;383;433;485;495;519;590;630;641;646;664;702;824;842;867;889;908;957;974;1048;1070,ALIAS_PROVISIONAL;CANONICO,/Contracts;Contract;Contracts,AUTORIDAD_ARQ,TRAZABILIDAD_SUBORDINADA,VINCULADO
MEF-V3-DIC-0075,Contracts,ENG,ENG-002,ENG-002-ESPECIFICACION_DE_MODULES.md,53,30;212;249;251;263;299;339;363;365;427;441;575;593;610;628;711;777;786;788;793;795;796;809;827;881;936;939;960;988;1037;1116;1154,ALIAS_PROVISIONAL;CANONICO,/Contracts;Contract;Contracts,AUTORIDAD_ARQ,TRAZABILIDAD_SUBORDINADA,VINCULADO
MEF-V3-DIC-0075,Contracts,ENG,ENG-003,ENG-003-MANIFEST.md,35,60;122;139;437;534;536;541;549;555;557;562;606;873;879;969;1019;1235;1268;1295;1407,ALIAS_PROVISIONAL;CANONICO,/Contracts;Contract;Contracts,AUTORIDAD_ARQ,TRAZABILIDAD_SUBORDINADA,VINCULADO
MEF-V3-DIC-0075,Contracts,ENG,ENG-004,ENG-004-CONVENCIONES.md,25,120;155;165;206;220;253;353;355;364;392;585;602;807;818;962;1111;1250;1462;1574,ALIAS_PROVISIONAL;CANONICO,/Contracts;Contract;Contracts,AUTORIDAD_ARQ,TRAZABILIDAD_SUBORDINADA,VINCULADO
MEF-V3-DIC-0075,Contracts,ENG,ENG-005,ENG-005-NOMENCLATURA.md,38,31;56;143;405;407;425;427;452;538;1204;1528;1575;1624;1649;1743;1764;1955;1976;1982;1998;2071;2079;2311;2464;2544,ALIAS_PROVISIONAL;CANONICO,/Contracts;Contract;Contracts,AUTORIDAD_ARQ,TRAZABILIDAD_SUBORDINADA,VINCULADO
MEF-V3-DIC-0075,Contracts,ENG,ENG-006,ENG-006-ESTRUCTURA_DE_DIRECTORIOS.md,39,214;274;276;281;288;306;338;358;365;371;427;506;557;628;649;668;952;1004;1253;1469;1549,ALIAS_PROVISIONAL;CANONICO,/Contracts;Contract;Contracts,AUTORIDAD_ARQ,TRAZABILIDAD_SUBORDINADA,VINCULADO
MEF-V3-DIC-0075,Contracts,ENG,ENG-007,ENG-007-CLI.md,23,58;197;290;324;365;370;371;372;377;405;421;526;911;1183;1271;1388,ALIAS_PROVISIONAL;CANONICO,/Contracts;Contract;Contracts,AUTORIDAD_ARQ,TRAZABILIDAD_SUBORDINADA,VINCULADO
MEF-V3-DIC-0075,Contracts,ENG,ENG-008,ENG-008-GENERADORES.md,29,62;195;207;209;266;461;494;499;591;620;786;866;868;873;883;1043;1086;1328;1477;1490,ALIAS_PROVISIONAL;CANONICO,/Contracts;Contract;Contracts,AUTORIDAD_ARQ,TRAZABILIDAD_SUBORDINADA,VINCULADO
MEF-V3-DIC-0075,Contracts,ENG,ENG-009,ENG-009-TESTING.md,50,36;62;82;94;141;162;227;231;233;238;245;252;254;259;262;282;349;512;534;649;783;957;999;1113;1115;1118;1120;1171;1173;1290;1537;1582;1626;1652;1705;1726;1760;1776,ALIAS_PROVISIONAL;CANONICO,/Contracts;Contract;Contracts,AUTORIDAD_ARQ,TRAZABILIDAD_SUBORDINADA,VINCULADO
MEF-V3-DIC-0075,Contracts,ENG,ENG-010,ENG-010-LOGGING.md,14,210;225;229;810;947;1200;1400;1402;1574;1576;1736,ALIAS_PROVISIONAL;CANONICO,/Contracts;Contract;Contracts,AUTORIDAD_ARQ,TRAZABILIDAD_SUBORDINADA,VINCULADO
MEF-V3-DIC-0075,Contracts,ENG,ENG-011,ENG-011-CONFIGURATION_FILES.md,5,136;443;445;1706,ALIAS_PROVISIONAL;CANONICO,/Contracts;Contract;Contracts,AUTORIDAD_ARQ,TRAZABILIDAD_SUBORDINADA,VINCULADO
MEF-V3-DIC-0075,Contracts,ENG,ENG-012,ENG-012-BUILD_SYSTEM.md,8,71;280;408;1266;1277;1784,ALIAS_PROVISIONAL;CANONICO,/Contracts;Contract;Contracts,AUTORIDAD_ARQ,TRAZABILIDAD_SUBORDINADA,VINCULADO
MEF-V3-DIC-0075,Contracts,ENG,ENG-013,ENG-013-PACKAGE_MANAGER.md,27,199;348;502;570;675;712;1131;1559;1565;1566;1674;1676;1681;1761;2604;2610;2618;2769;3026,ALIAS_PROVISIONAL;CANONICO,/Contracts;Contract;Contracts,AUTORIDAD_ARQ,TRAZABILIDAD_SUBORDINADA,VINCULADO
MEF-V3-DIC-0075,Contracts,ENG,ENG-014,ENG-014-VERSIONADO.md,42,33;61;78;209;250;275;277;293;300;307;309;323;333;360;388;1011;1033;1130;1140;1248;1251;1255;1325;1337;1345;1408;2246;2537;2562;2738;2761,ALIAS_PROVISIONAL;CANONICO,/Contracts;Contract;Contracts,AUTORIDAD_ARQ,TRAZABILIDAD_SUBORDINADA,VINCULADO
MEF-V3-DIC-0075,Contracts,ENG,ENG-015,ENG-015-ARCHITECTURAL_STATE_MACHINE.md,12,686;788;865;2000;2626;3008;3167,ALIAS_PROVISIONAL;CANONICO,/Contracts;Contract;Contracts,AUTORIDAD_ARQ,TRAZABILIDAD_SUBORDINADA,VINCULADO
MEF-V3-DIC-0075,Contracts,ENG,ENG-016,ENG-016-COMPATIBILITY.md,64,36;66;132;167;205;226;350;352;459;460;516;518;523;524;532;556;578;583;592;594;660;771;1018;1192;1271;1322;1356;1494;1667;1689;1707;1750;1773;1927;2209;2381;2664;2761;2838;2854;2887;2888;2913;2984;3075;3161;3279,ALIAS_PROVISIONAL;CANONICO,/Contracts;Contract;Contracts,AUTORIDAD_ARQ,TRAZABILIDAD_SUBORDINADA,VINCULADO
MEF-V3-DIC-0075,Contracts,ENG,ENG-017,ENG-017-RELEASE_PROCESS.md,11,201;249;512;657;891;2370;2375;2381;3295,ALIAS_PROVISIONAL;CANONICO,/Contracts;Contract;Contracts,AUTORIDAD_ARQ,TRAZABILIDAD_SUBORDINADA,VINCULADO
MEF-V3-DIC-0075,Contracts,ENG,ENG-018,ENG-018-DEPENDENCY_INJECTION.md,85,38;88;198;237;254;268;270;302;312;314;316;538;619;664;728;754;793;795;881;1042;1066;1074;1086;1088;1108;1161;1170;1171;1243;1599;1601;1653;1767;1798;1807;1835;1989;2006;2179;2181;2193;2199;2230;2232;2268;2287;2426;2462;2536;2655;2681;2803;2894;2910;2911;2912;2913;2917;2937;2988;2997;3018;3039,ALIAS_PROVISIONAL;CANONICO,/Contracts;Contract;Contracts,AUTORIDAD_ARQ,TRAZABILIDAD_SUBORDINADA,VINCULADO
MEF-V3-DIC-0075,Contracts,ENG,ENG-019,ENG-019-SERVICE_CONTAINER.md,66,138;159;183;227;229;232;245;266;386;465;480;583;646;719;1266;1282;1370;1371;1446;1460;1487;1496;1531;1533;1545;1548;1699;1828;2070;2072;2083;2098;2184;2239;2257;2278;2324;2350;2387;2426;2431;2663;2664;2667;2697;2708;2789;2808,ALIAS_PROVISIONAL;CANONICO,/Contracts;Contract;Contracts,AUTORIDAD_ARQ,TRAZABILIDAD_SUBORDINADA,VINCULADO
MEF-V3-DIC-0075,Contracts,ENG,ENG-020,ENG-020-REGISTRY_ENGINNEERING.md,64,44;120;144;241;310;649;706;780;789;791;799;814;819;983;1118;1253;1416;1423;1471;1507;1619;1659;1836;1909;1955;2248;2253;2550;2605;2662;2680;2689;2725;2730;2731;2732;2733;2734;2840;2914;2977;3048;3059;3062;3138;3206;3230,ALIAS_PROVISIONAL;CANONICO,/Contracts;Contract;Contracts,AUTORIDAD_ARQ,TRAZABILIDAD_SUBORDINADA,VINCULADO
MEF-V3-DIC-0075,Contracts,ENG,ENG-021,ENG-021-CONTRACTS_ENGINNEERING.md,397,3;38;39;47;54;64;66;76;88;93;101;111;132;142;150;152;168;172;174;211;215;233;237;239;243;245;272;288;290;300;305;307;322;326;328;332;334;346;348;360;373;379;385;391;397;399;418;431;433;454;456;460;528;536;542;566;568;572;574;598;615;623;627;629;654;674;718;723;740;766;770;865;885;889;904;916;929;940;944;955;966;978;1004;1021;1032;1034;1040;1048;1056;1065;1078;1080;1091;1110;1112;1116;1128;1133;1142;1148;1150;1162;1164;1170;1174;1180;1186;1192;1212;1218;1224;1228;1236;1244;1263;1279;1302;1304;1308;1331;1338;1346;1374;1376;1389;1391;1461;1495;1521;1527;1533;1551;1553;1559;1563;1565;1592;1627;1629;1653;1703;1723;1735;1737;1750;1752;1784;1786;1790;1796;1798;1811;1817;1819;1823;1825;1831;1835;1843;1848;1863;1865;1891;1897;1927;1935;1939;1945;1951;1953;1959;1973;1987;1993;1997;2011;2017;2068;2069;2070;2071;2072;2073;2078;2095;2101;2103;2107;2113;2130;2147;2153;2163;2170;2190;2211;2247;2249;2255;2257;2261;2266;2279;2281;2287;2298;2300;2314;2328;2340;2342;2358;2364;2370;2372;2376;2378;2397;2416;2441;2453;2466;2481;2483;2486;2495;2503;2513;2524;2525;2526;2527;2532;2533;2535;2545;2561;2566;2571;2585;2587;2604;2606;2631;2644;2649;2651;2671;2672;2673;2674;2687;2693;2704;2714;2726;2736;2746;2758;2767;2781;2785;2787;2791;2797;2805;2809;2815;2817;2821;2823;2835;2845;2846;2847;2848;2849;2850;2851;2852;2854;2855;2856;2858;2860;2861;2862;2863;2864;2876;2888;2898;2902;2906;2912;2930;2944;2955;2958;3001;3016;3028;3029;3030;3040;3043;3046;3056;3057;3069;3076;3083;3099;3106;3112;3122;3137;3148;3165;3171;3178;3194;3216;3219;3251;3255;3257;3269,ALIAS_PROVISIONAL;CANONICO,/Contracts;Contract;Contracts,AUTORIDAD_ARQ,TRAZABILIDAD_SUBORDINADA,VINCULADO
MEF-V3-DIC-0075,Contracts,ENG,ENG-022,ENG-022-EVENT_BUS_ENGINNEERING.md,42,54;160;300;302;306;418;430;477;732;982;1427;1723;1865;1910;1922;2232;2447;2828;2859;2967;2981;2982;3081;3091;3138;3246;3291;3308;3359;3393;3424;3459;3499;3522,ALIAS_PROVISIONAL;CANONICO,/Contracts;Contract;Contracts,AUTORIDAD_ARQ,TRAZABILIDAD_SUBORDINADA,VINCULADO
MEF-V3-DIC-0075,Contracts,ENG,ENG-023,ENG-023-ERROR_HANDLING.md,32,156;220;270;321;410;638;764;768;770;970;1307;1315;1327;1338;1543;1628;1917;2341;2544;2909;2958;3178;3301;3394;3416,ALIAS_PROVISIONAL;CANONICO,/Contracts;Contract;Contracts,AUTORIDAD_ARQ,TRAZABILIDAD_SUBORDINADA,VINCULADO
MEF-V3-DIC-0075,Contracts,ENG,ENG-024,ENG-024-SECURITY_ENGINEERING.md,32,87;219;472;1589;1591;1602;1604;1608;1614;2600;2738;3522;3663;3710;3877;3994;4037;4062;4125;4151,ALIAS_PROVISIONAL;CANONICO,/Contracts;Contract;Contracts,AUTORIDAD_ARQ,TRAZABILIDAD_SUBORDINADA,VINCULADO
MEF-V3-DIC-0075,Contracts,ENG,ENG-025,ENG-025-OBSERVABILITY_ENGINEERING.md,45,238;297;299;390;553;782;785;786;787;1196;1252;1288;1618;1692;1893;1967;1987;2026;2029;2032;2195;2213;2259;2881;2905;3041;3066;3132;3183;3274,ALIAS_PROVISIONAL;CANONICO,/Contracts;Contract;Contracts,AUTORIDAD_ARQ,TRAZABILIDAD_SUBORDINADA,VINCULADO
MEF-V3-DIC-0075,Contracts,ENG,ENG-026,ENG-026-RUNTIME_PERFORMANCE_ENGINEERING.md,36,86;376;629;649;666;791;944;950;952;956;963;2262;2303;2627;2830;3024;3052;3069;3101;3103;3200;3269;3325;3407;3488;3500;3545,ALIAS_PROVISIONAL;CANONICO,/Contracts;Contract;Contracts,AUTORIDAD_ARQ,TRAZABILIDAD_SUBORDINADA,VINCULADO
MEF-V3-DIC-0075,Contracts,ENG,ENG-027,ENG-027-RUNTIME_ENGINEERING.md,108,50;147;214;366;419;440;556;574;753;802;804;808;815;824;828;836;840;846;872;1053;1099;1140;1241;1359;1423;1425;1449;1537;1564;1627;1802;1840;1842;2160;2255;2288;2314;2362;2389;2392;2472;2601;2674;2722;2747;2829;2899;2975;3116;3136;3154;3170;3180;3198;3272;3318;3443;3513;3547;3566;3586;3590;3592;3633;3647;3715;3727;3772,ALIAS_PROVISIONAL;CANONICO,/Contracts;Contract;Contracts,AUTORIDAD_ARQ,TRAZABILIDAD_SUBORDINADA,VINCULADO
MEF-V3-DIC-0075,Contracts,ENG,ENG-028,ENG-028-MODULE_ENGINEERING.md,144,46;78;99;112;123;191;289;308;341;385;457;494;498;567;577;714;716;790;792;796;802;808;814;820;826;828;832;845;988;1039;1142;1265;1297;1351;1400;1402;1420;1484;1514;1516;1608;1614;1642;1657;1682;1700;1784;1831;1853;1855;1942;1943;2008;2013;2018;2075;2207;2230;2238;2240;2288;2331;2360;2380;2426;2448;2638;2664;2685;2796;2873;2916;2957;2973;2992;3030;3046;3047;3052;3055;3060;3087;3088;3097;3158;3162;3248;3319;3342;3377;3401;3428;3447,ALIAS_PROVISIONAL;CANONICO,/Contracts;Contract;Contracts,AUTORIDAD_ARQ,TRAZABILIDAD_SUBORDINADA,VINCULADO
MEF-V3-DIC-0075,Contracts,ENG,ENG-029,ENG-029-EXTENSION_ENGINEERING.md,67,44;94;122;263;276;278;282;284;300;314;365;381;443;460;535;811;861;883;937;939;941;989;1008;1021;1053;1455;1459;1461;1485;1543;1616;1675;1690;1734;1770;1775;1783;2019;2045;2122;2182;2191;2231;2308;2319;2323;2326;2349;2401;2455;2535;2573;2598;2627;2644,ALIAS_PROVISIONAL;CANONICO,/Contracts;Contract;Contracts,AUTORIDAD_ARQ,TRAZABILIDAD_SUBORDINADA,VINCULADO
MEF-V3-DIC-0075,Contracts,ENG,ENG-030,ENG-030-PERSISTENCE_ENGINEERING.md,56,94;102;200;244;264;276;278;315;340;392;405;449;520;592;635;1032;1043;1413;1437;1527;1696;1971;1977;2186;2348;2386;2429;2488;2551;2593;2663;2664;2701;2702;2843;2861;2939;2956;3034;3072;3089,ALIAS_PROVISIONAL;CANONICO,/Contracts;Contract;Contracts,AUTORIDAD_ARQ,TRAZABILIDAD_SUBORDINADA,VINCULADO
MEF-V3-DIC-0075,Contracts,ENG,ENG-031,ENG-031-SERIALIZATION_ENGINEERING.md,79,49;91;99;107;134;222;228;245;249;321;355;370;387;436;454;493;505;549;580;663;755;767;896;1092;1138;1250;1310;1347;1397;1473;1481;1492;1527;1630;1668;1692;1704;1730;1742;2228;2246;2495;2542;2574;2582;2600;2721;2773;2800;2803;2805;2807;2812;2875;2977;3006;3011;3087;3118;3135;3165;3171;3200;3241;3259,ALIAS_PROVISIONAL;CANONICO,/Contracts;Contract;Contracts,AUTORIDAD_ARQ,TRAZABILIDAD_SUBORDINADA,VINCULADO
MEF-V3-DIC-0075,Contracts,ENG,ENG-032,ENG-032-TRANSPORT_ENGINEERING.md,42,95;103;108;210;215;218;600;936;948;954;1066;1676;1691;1749;2070;2200;2336;2354;2494;2551;2592;2752;2826;2865;3002;3109;3114;3129;3143;3167;3216;3255;3272,ALIAS_PROVISIONAL;CANONICO,/Contracts;Contract;Contracts,AUTORIDAD_ARQ,TRAZABILIDAD_SUBORDINADA,VINCULADO
MEF-V3-DIC-0075,Contracts,ENG,ENG-033,ENG-033-INTERFACE_ENGINEERING.md,84,75;87;89;91;134;142;147;148;149;165;171;181;196;214;218;257;261;267;269;279;281;283;373;377;410;475;528;547;620;721;733;816;828;832;849;867;873;887;914;916;1018;1103;1145;1160;1168;1193;1203;1229;1254;1262;1294;1322;1354;1398;1413;1448;1509;1529;1561;1571;1572;1573;1574;1575;1582;1637;1658;1691;1701;1727;1755,ALIAS_PROVISIONAL;CANONICO,/Contracts;Contract;Contracts,AUTORIDAD_ARQ,TRAZABILIDAD_SUBORDINADA,VINCULADO
MEF-V3-DIC-0075,Contracts,ENG,ENG-034,ENG-034-APPLICATION_ENGINEERING.md,58,87;102;146;207;274;395;523;659;766;1024;1088;1100;1110;1112;1124;1168;1259;1478;1730;1808;1818;1897;1991;1995;2050;2143;2155;2159;2251;2336;2408;2531;2619;2650;2656;2694;2803;2845;2857;2897;2923;3022;3040,ALIAS_PROVISIONAL;CANONICO,/Contracts;Contract;Contracts,AUTORIDAD_ARQ,TRAZABILIDAD_SUBORDINADA,VINCULADO
MEF-V3-DIC-0075,Contracts,ENG,ENG-035,ENG-035-DOMAIN_ENGINEERING.md,51,88;113;262;814;1042;1067;1227;1414;1416;1420;1449;1877;2008;2064;2066;2072;2109;2497;2722;2765;2799;2973;3046;3049;3088;3152;3216;3264;3270;3276;3495;3525;3541,ALIAS_PROVISIONAL;CANONICO,/Contracts;Contract;Contracts,AUTORIDAD_ARQ,TRAZABILIDAD_SUBORDINADA,VINCULADO
MEF-V3-DIC-0075,Contracts,ENG,ENG-036,ENG-036-VALIDATION_ENGINEERING.md,52,83;206;247;353;375;393;577;583;589;595;605;888;937;971;1014;1136;1438;1578;1685;1693;1711;2055;2207;2209;2285;2303;2336;2348;2371;2475;2531;2602;2625;2628;2674;2735;2759;2923;2982;2997,ALIAS_PROVISIONAL;CANONICO,/Contracts;Contract;Contracts,AUTORIDAD_ARQ,TRAZABILIDAD_SUBORDINADA,VINCULADO
MEF-V3-DIC-0075,Contracts,ENG,ENG-037,ENG-037-CACHING_ENGINEERING.md,40,76;108;216;218;256;278;731;805;904;1296;1429;1539;1764;2084;2094;2100;2442;2541;2738;2796;2894;2914;2916;2982;2994;3000;3018;3213;3230;3259;3274,ALIAS_PROVISIONAL;CANONICO,/Contracts;Contract;Contracts,AUTORIDAD_ARQ,TRAZABILIDAD_SUBORDINADA,VINCULADO
MEF-V3-DIC-0075,Contracts,ENG,ENG-038,ENG-038-CONCURRENCY_ENGINEERING.md,19,1051;1215;1240;1546;1925;2009;2543;2599;2625;2684;2954;2960;3053;3276;3291,ALIAS_PROVISIONAL;CANONICO,/Contracts;Contract;Contracts,AUTORIDAD_ARQ,TRAZABILIDAD_SUBORDINADA,VINCULADO
MEF-V3-DIC-0075,Contracts,ENG,ENG-039,ENG-039-RESILIENCE_ENGINEERING.md,23,177;316;523;1007;1104;1293;1533;2042;2161;2353;2559;2573;2587;2601;2613;2630;2750;2983;3181;3196,ALIAS_PROVISIONAL;CANONICO,/Contracts;Contract;Contracts,AUTORIDAD_ARQ,TRAZABILIDAD_SUBORDINADA,VINCULADO
MEF-V3-DIC-0075,Contracts,ENG,ENG-040,ENG-040-SCHEDULING_BACKGROUND_JOBS_ENGINEERING.md,28,250;364;525;802;830;1620;1780;1919;2182;2737;2862;3038;3040;3207;3374;3408;3422;3435;3453;3473;3771;4168;4184,ALIAS_PROVISIONAL;CANONICO,/Contracts;Contract;Contracts,AUTORIDAD_ARQ,TRAZABILIDAD_SUBORDINADA,VINCULADO
MEF-V3-DIC-0075,Contracts,ENG,ENG-041,ENG-041-MESSAGING_ENGINEERING.md,50,131;215;322;352;483;485;576;612;711;751;931;1077;1165;1278;1426;1516;1565;1686;1692;2359;2401;2463;2699;2727;2738;2927;3035;3048;3062;3441;3499;3580;3591;3597;3658;3826;3916;3998;4010;4083;4129;4145,ALIAS_PROVISIONAL;CANONICO,/Contracts;Contract;Contracts,AUTORIDAD_ARQ,TRAZABILIDAD_SUBORDINADA,VINCULADO
MEF-V3-DIC-0075,Contracts,ENG,ENG-042,ENG-042-TRANSACTION_ENGINEERING.md,20,215;289;308;493;515;519;1081;1885;2233;2536;2538;2550;2724;3378;3394,ALIAS_PROVISIONAL;CANONICO,/Contracts;Contract;Contracts,AUTORIDAD_ARQ,TRAZABILIDAD_SUBORDINADA,VINCULADO
MEF-V3-DIC-0075,Contracts,ENG,ENG-043,ENG-043-DATA_ACCESS_ENGINEERING.md,32,85;240;301;305;595;2076;2077;2262;2264;2590;2729;2738;2740;2855;2913;3193;3302;3326;3336;3337;3338;3339;3558;3608;3624,ALIAS_PROVISIONAL;CANONICO,/Contracts;Contract;Contracts,AUTORIDAD_ARQ,TRAZABILIDAD_SUBORDINADA,VINCULADO
MEF-V3-DIC-0075,Contracts,ENG,ENG-044,ENG-044-API_ENGINEERING.md,82,55;89;110;151;242;249;251;268;270;280;504;522;615;684;826;933;982;1015;1126;1225;1311;1428;1580;1842;1984;1999;2099;2328;2374;2451;2522;2623;2625;2646;2656;2756;2842;2978;2993;3043;3073;3090;3116;3231;3307;3312;3402;3466;3481;3546;3548;3552;3562;3563;3584;3588;3610;3627;3653;3726;3745;3781;3902;4000;4041;4074;4154;4170;4202;4219,ALIAS_PROVISIONAL;CANONICO,/Contracts;Contract;Contracts,AUTORIDAD_ARQ,TRAZABILIDAD_SUBORDINADA,VINCULADO
MEF-V3-DIC-0075,Contracts,ENG,ENG-045,ENG-045-AUTHENTICATION_ENGINEERING.md,17,428;951;1173;2193;2401;2403;2893;3143;3522;3534;3888;3905,ALIAS_PROVISIONAL;CANONICO,/Contracts;Contract;Contracts,AUTORIDAD_ARQ,TRAZABILIDAD_SUBORDINADA,VINCULADO
MEF-V3-DIC-0075,Contracts,ENG,ENG-046,ENG-046-AUTHORIZATION_ENGINEERING.md,8,912;1875;2072;2889;3959;3976,ALIAS_PROVISIONAL;CANONICO,/Contracts;Contract;Contracts,AUTORIDAD_ARQ,TRAZABILIDAD_SUBORDINADA,VINCULADO
MEF-V3-DIC-0075,Contracts,ENG,ENG-047,ENG-047-IDENTITY_ACCESS_MANAGEMENT_ENGINEERING.md,7,1613;2985;3009;4020;4037,ALIAS_PROVISIONAL;CANONICO,/Contracts;Contract;Contracts,AUTORIDAD_ARQ,TRAZABILIDAD_SUBORDINADA,VINCULADO
MEF-V3-DIC-0075,Contracts,ENG,ENG-048,ENG-048-MULTI_TENANCY_ENGINEERING.md,12,852;1833;2559;2575;2895;3157;3484;3501,ALIAS_PROVISIONAL;CANONICO,/Contracts;Contract;Contracts,AUTORIDAD_ARQ,TRAZABILIDAD_SUBORDINADA,VINCULADO
MEF-V3-DIC-0075,Contracts,ENG,ENG-049,ENG-049-CONFIGURATION_MANAGEMENT_ENGINEERING.md,16,270;1227;2460;2839;2914;3051;3439;3473;3492,ALIAS_PROVISIONAL;CANONICO,/Contracts;Contract;Contracts,AUTORIDAD_ARQ,TRAZABILIDAD_SUBORDINADA,VINCULADO
MEF-V3-DIC-0075,Contracts,ENG,ENG-050,ENG-050-FEATURE_MANAGEMENT_ENGINEERING.md,7,258;277;2043;3019;3038,ALIAS_PROVISIONAL;CANONICO,/Contracts;Contract;Contracts,AUTORIDAD_ARQ,TRAZABILIDAD_SUBORDINADA,VINCULADO
MEF-V3-DIC-0075,Contracts,ENG,ENG-051,ENG-051-POLICY_ENGINEERING.md,16,280;459;1898;1916;1929;1942;2032;2089;2111;2738;3107;3126,ALIAS_PROVISIONAL;CANONICO,/Contracts;Contract;Contracts,AUTORIDAD_ARQ,TRAZABILIDAD_SUBORDINADA,VINCULADO
MEF-V3-DIC-0075,Contracts,ENG,ENG-052,ENG-052-WORKFLOW_ENGINEERING.md,25,334;704;722;779;1006;1647;2345;2364;2496;2542;2607;2885;3015;3517;3559;3576,ALIAS_PROVISIONAL;CANONICO,/Contracts;Contract;Contracts,AUTORIDAD_ARQ,TRAZABILIDAD_SUBORDINADA,VINCULADO
MEF-V3-DIC-0075,Contracts,ENG,ENG-053,ENG-053-STATE_MANAGEMENT_ENGINEERING.md,16,930;975;1331;1333;1983;2001;2163;2187;2584;3140;3157,ALIAS_PROVISIONAL;CANONICO,/Contracts;Contract;Contracts,AUTORIDAD_ARQ,TRAZABILIDAD_SUBORDINADA,VINCULADO
MEF-V3-DIC-0075,Contracts,ENG,ENG-054,ENG-054-RESOURCE_MANAGEMENT_ENGINEERING.md,10,465;1859;2077;2125;2302;3340;3356,ALIAS_PROVISIONAL;CANONICO,/Contracts;Contract;Contracts,AUTORIDAD_ARQ,TRAZABILIDAD_SUBORDINADA,VINCULADO
MEF-V3-DIC-0075,Contracts,ENG,ENG-055,ENG-055-LIFECYCLE_MANAGEMENT_ENGINEERING.md,22,489;626;742;918;1029;1035;1049;1113;1167;1470;1524;2777;2782;2789;3345;3362,ALIAS_PROVISIONAL;CANONICO,/Contracts;Contract;Contracts,AUTORIDAD_ARQ,TRAZABILIDAD_SUBORDINADA,VINCULADO
MEF-V3-DIC-0075,Contracts,ENG,ENG-056,ENG-056-CONTEXT_MANAGEMENT_ENGINEERING.md,11,473;756;1029;1123;1202;1305;2488;3112;3128,ALIAS_PROVISIONAL;CANONICO,/Contracts;Contract;Contracts,AUTORIDAD_ARQ,TRAZABILIDAD_SUBORDINADA,VINCULADO
MEF-V3-DIC-0075,Contracts,ENG,ENG-057,ENG-057-METADATA_ENGINEERING.md,32,165;198;229;341;357;468;494;525;831;1032;1100;1195;1242;1249;1310;1315;2248;2550;2552;2566;2731;2733;3110;3126,ALIAS_PROVISIONAL;CANONICO,/Contracts;Contract;Contracts,AUTORIDAD_ARQ,TRAZABILIDAD_SUBORDINADA,VINCULADO
MEF-V3-DIC-0075,Contracts,ENG,ENG-058,ENG-058-DISCOVERY_ENGINEERING.md,7,206;285;296;756;800;2487,ALIAS_PROVISIONAL;CANONICO,/Contracts;Contract;Contracts,AUTORIDAD_ARQ,TRAZABILIDAD_SUBORDINADA,VINCULADO
MEF-V3-DIC-0075,Contracts,ENG,ENG-059,ENG-059-RESOLUTION_ENGINEERING.md,20,234;447;510;719;818;1063;1226;1663;1680;1732;2148;2157;2186;2464;2465;2745;2761,ALIAS_PROVISIONAL;CANONICO,/Contracts;Contract;Contracts,AUTORIDAD_ARQ,TRAZABILIDAD_SUBORDINADA,VINCULADO
MEF-V3-DIC-0075,Contracts,ENG,ENG-060,ENG-060-PLUGIN_ENGINEERING.md,56,36;37;116;118;153;168;204;266;335;341;352;358;367;486;573;630;751;787;890;907;1081;1083;1124;1141;1281;1796;1965;2117;2292;2347;2353;2359;2425;2511;2581;2612;2699;2720;2803;2823;2832;2864;3022;3077;3101;3247;3264,ALIAS_PROVISIONAL;CANONICO,/Contracts;Contract;Contracts,AUTORIDAD_ARQ,TRAZABILIDAD_SUBORDINADA,VINCULADO
MEF-V3-DIC-0075,Contracts,ENG,ENG-061,ENG-061-INTEROPERABILITY_ENGINEERING.md,44,112;162;212;288;371;416;509;539;1206;1397;1515;1525;1672;1708;1849;1933;1983;2003;2019;2033;2339;2365;2395;2398;2403;2413;2414;2465;2537;2608;2626;2689;2888;2915;2927,ALIAS_PROVISIONAL;CANONICO,/Contracts;Contract;Contracts,AUTORIDAD_ARQ,TRAZABILIDAD_SUBORDINADA,VINCULADO
MEF-V3-DIC-0075,Contracts,ENG,ENG-062,ENG-062-SCHEMA_ENGINEERING.md,33,172;612;1086;1192;1246;1335;1588;1709;1715;1731;2023;2056;2088;2104;2468;2586;2601;2603;2633;2699;2788;2794;2837;2981;2996,ALIAS_PROVISIONAL;CANONICO,/Contracts;Contract;Contracts,AUTORIDAD_ARQ,TRAZABILIDAD_SUBORDINADA,VINCULADO
MEF-V3-DIC-0075,Contracts,ENG,ENG-063,ENG-063-DATA_TRANSFORMATION_ENGINEERING.md,34,171;394;519;770;805;811;881;913;1096;1164;1165;1304;1320;1336;1364;1705;2017;2035;2046;2058;2073;2214;2276;2277;2406;2408;2419;2732;2946;2962,ALIAS_PROVISIONAL;CANONICO,/Contracts;Contract;Contracts,AUTORIDAD_ARQ,TRAZABILIDAD_SUBORDINADA,VINCULADO
MEF-V3-DIC-0075,Contracts,ENG,ENG-064,ENG-064-DATA_PIPELINE_ENGINEERING.md,27,412;471;535;600;670;765;978;1054;1715;1965;1977;2170;2339;2360;2376;2391;2787;2792;2968;3012;3282,ALIAS_PROVISIONAL;CANONICO,/Contracts;Contract;Contracts,AUTORIDAD_ARQ,TRAZABILIDAD_SUBORDINADA,VINCULADO
MEF-V3-DIC-0075,Contracts,ENG,ENG-065,ENG-065-MIGRATION_ENGINEERING.md,34,86;146;518;704;801;811;832;845;853;1597;1800;1981;2301;2322;2561;2707;2746;2765;2781;2783;2784;2792;2795;2796;2797;2833;2868;3123;3238;3255;3273;3286,ALIAS_PROVISIONAL;CANONICO,/Contracts;Contract;Contracts,AUTORIDAD_ARQ,TRAZABILIDAD_SUBORDINADA,VINCULADO
MEF-V3-DIC-0075,Contracts,ENG,ENG-066,ENG-066-UPGRADE_ENGINEERING.md,16,642;1313;1818;1992;2012;2027;2043;2512;2524;2587;2636;3002;3016,ALIAS_PROVISIONAL;CANONICO,/Contracts;Contract;Contracts,AUTORIDAD_ARQ,TRAZABILIDAD_SUBORDINADA,VINCULADO
MEF-V3-DIC-0075,Contracts,ENG,ENG-067,ENG-067-DEPLOYMENT_ENGINEERING.md,7,1584;2308;2327;3233;3247,ALIAS_PROVISIONAL;CANONICO,/Contracts;Contract;Contracts,AUTORIDAD_ARQ,TRAZABILIDAD_SUBORDINADA,VINCULADO
MEF-V3-DIC-0075,Contracts,ENG,ENG-068,ENG-068-ENVIRONMENT_ENGINEERING.md,10,576;936;1750;2049;2086;2100;2114;2940,ALIAS_PROVISIONAL;CANONICO,/Contracts;Contract;Contracts,AUTORIDAD_ARQ,TRAZABILIDAD_SUBORDINADA,VINCULADO
MEF-V3-DIC-0075,Contracts,ENG,ENG-069,ENG-069-HEALTH_READINESS_ENGINEERING.md,9,374;1211;1217;1349;1906;2076;2091;2122;2139,ALIAS_PROVISIONAL,Contract,AUTORIDAD_ARQ,TRAZABILIDAD_SUBORDINADA,VINCULADO
MEF-V3-DIC-0075,Contracts,ENG,ENG-070,ENG-070-PERFORMANCE_ENGINEERING.md,11,346;1219;2238;2255;2628;2640;3176,ALIAS_PROVISIONAL;CANONICO,/Contracts;Contract;Contracts,AUTORIDAD_ARQ,TRAZABILIDAD_SUBORDINADA,VINCULADO
MEF-V3-DIC-0075,Contracts,ENG,ENG-071,ENG-071-CAPACITY_ENGINEERING.md,9,361;2589;2608;2624;2658;2676;3238;3779,ALIAS_PROVISIONAL;CANONICO,/Contracts;Contract;Contracts,AUTORIDAD_ARQ,TRAZABILIDAD_SUBORDINADA,VINCULADO
MEF-V3-DIC-0075,Contracts,ENG,ENG-072,ENG-072-SCALABILITY_ENGINEERING.md,5,1143;1740;2344;3399,ALIAS_PROVISIONAL;CANONICO,/Contracts;Contract;Contracts,AUTORIDAD_ARQ,TRAZABILIDAD_SUBORDINADA,VINCULADO
MEF-V3-DIC-0075,Contracts,ENG,ENG-073,ENG-073-AVAILABILITY_ENGINEERING.md,14,349;588;656;1247;1319;1569;1989;2319;2337;2356;2372;2913;3437,ALIAS_PROVISIONAL;CANONICO,/Contracts;Contract;Contracts,AUTORIDAD_ARQ,TRAZABILIDAD_SUBORDINADA,VINCULADO
MEF-V3-DIC-0075,Contracts,ENG,ENG-074,ENG-074-RELIABILITY_ENGINEERING.md,19,351;366;512;520;720;905;1797;1809;2106;2324;2342;2358;2393;2825;2836;3352;3364,ALIAS_PROVISIONAL;CANONICO,/Contracts;Contract;Contracts,AUTORIDAD_ARQ,TRAZABILIDAD_SUBORDINADA,VINCULADO
MEF-V3-DIC-0075,Contracts,ENG,ENG-075,ENG-075-MAINTAINABILITY_ENGINEERING.md,53,206;349;359;414;582;616;643;717;763;878;968;998;1050;1185;1223;1365;1383;1652;1654;2212;2270;2318;2508;2533;2973;2975;2977;2981;3030;3126;3581;3596,ALIAS_PROVISIONAL;CANONICO,/Contracts;Contract;Contracts,AUTORIDAD_ARQ,TRAZABILIDAD_SUBORDINADA,VINCULADO
MEF-V3-DIC-0075,Contracts,ENG,ENG-076,ENG-076-RECOVERABILITY_ENGINEERING.md,18,379;458;552;843;1345;1433;1453;1711;2657;2675;2712;3252;3259;3866;3878,ALIAS_PROVISIONAL;CANONICO,/Contracts;Contract;Contracts,AUTORIDAD_ARQ,TRAZABILIDAD_SUBORDINADA,VINCULADO
MEF-V3-DIC-0075,Contracts,ENG,ENG-077,ENG-077-DURABILITY_ENGINEERING.md,44,369;445;457;509;573;634;688;805;829;916;922;1090;1166;1190;1196;1288;1349;1409;1618;1677;1725;1749;1816;1934;2083;2119;2444;2488;2506;2639;2665;3027;3030;3031;3036;3038;3041;3114;3246;3653;3665,ALIAS_PROVISIONAL;CANONICO,/Contracts;Contract;Contracts,AUTORIDAD_ARQ,TRAZABILIDAD_SUBORDINADA,VINCULADO
MEF-V3-DIC-0075,Contracts,ENG,ENG-078,ENG-078-CONSISTENCY_ENGINEERING.md,32,208;320;371;593;733;885;1090;1261;1293;1408;1573;1785;1818;1923;1941;2212;2506;2549;2568;3072;3074;3086;3254;3275;3400;3449;3545;3684;3696,ALIAS_PROVISIONAL;CANONICO,/Contracts;Contract;Contracts,AUTORIDAD_ARQ,TRAZABILIDAD_SUBORDINADA,VINCULADO
MEF-V3-DIC-0075,Contracts,ENG,ENG-079,ENG-079-DATA_INTEGRITY_ENGINEERING.md,20,397;556;574;824;872;1117;1141;1466;1789;1807;1819;2039;2739;2757;3512;3950;3962,ALIAS_PROVISIONAL;CANONICO,/Contracts;Contract;Contracts,AUTORIDAD_ARQ,TRAZABILIDAD_SUBORDINADA,VINCULADO
MEF-V3-DIC-0075,Contracts,ENG,ENG-080,ENG-080-DATA_QUALITY_ENGINEERING.md,25,428;1502;1566;1747;1880;1970;1999;2201;2440;2442;2458;2847;2866;2881;3316;3351;3359;3523;3571;3666;4048;4060,ALIAS_PROVISIONAL;CANONICO,/Contracts;Contract;Contracts,AUTORIDAD_ARQ,TRAZABILIDAD_SUBORDINADA,VINCULADO
MEF-V3-DIC-0075,Contracts,ENG,ENG-081,ENG-081-DATA_GOVERNANCE_ENGINEERING.md,36,114;197;453;470;611;756;878;1619;1873;1875;1889;1893;1899;1914;2310;2328;2437;3083;3207;3378;3400;3416;3427;3435;3449;3837;3962;4015;4534;4546,ALIAS_PROVISIONAL;CANONICO,/Contracts;Contract;Contracts,AUTORIDAD_ARQ,TRAZABILIDAD_SUBORDINADA,VINCULADO
MEF-V3-DIC-0075,Contracts,ENG,ENG-082,ENG-082-DATA_PRIVACY_ENGINEERING.md,14,477;666;722;906;944;1137;1351;1502;2304;2467;3326,ALIAS_PROVISIONAL;CANONICO,/Contracts;Contract;Contracts,AUTORIDAD_ARQ,TRAZABILIDAD_SUBORDINADA,VINCULADO
MEF-V3-DIC-0075,Contracts,ENG,ENG-083,ENG-083-DATA_COMPLIANCE_ENGINEERING.md,5,418;551;745;3189,ALIAS_PROVISIONAL;CANONICO,/Contracts;Contract;Contracts,AUTORIDAD_ARQ,TRAZABILIDAD_SUBORDINADA,VINCULADO
MEF-V3-DIC-0075,Contracts,ENG,ENG-084,ENG-084-DATA_ETHICS_ENGINEERING.md,6,2300;2324;2343;2358;3486,ALIAS_PROVISIONAL;CANONICO,/Contracts;Contract;Contracts,AUTORIDAD_ARQ,TRAZABILIDAD_SUBORDINADA,VINCULADO
MEF-V3-DIC-0075,Contracts,ENG,ENG-085,ENG-085-DATA_TRUST_ENGINEERING.md,15,404;925;1842;1844;1848;1921;2196;2215;2233;2250;2269;3584,ALIAS_PROVISIONAL;CANONICO,/Contracts;Contract;Contracts,AUTORIDAD_ARQ,TRAZABILIDAD_SUBORDINADA,VINCULADO
MEF-V3-DIC-0075,Contracts,ENG,ENG-086,ENG-086-DATA_PRODUCT_ENGINEERING.md,53,85;120;167;179;245;260;280;282;324;402;481;539;633;671;677;699;744;750;782;784;989;1034;1089;1116;1175;1181;1191;1208;1251;1256;1280;1323;1403;1445;1485;1486;1492;1494;1497;1498;1499;1503;1504;1528;1564;1569;1666;1717,ALIAS_PROVISIONAL;CANONICO,/Contracts;Contract;Contracts,AUTORIDAD_ARQ,TRAZABILIDAD_SUBORDINADA,VINCULADO
MEF-V3-DIC-0075,Contracts,ENG,ENG-087,ENG-087-DATA_EXCHANGE_SHARING_ENGINEERING.md,38,62;97;131;140;265;278;300;302;375;555;577;644;663;730;828;854;925;929;931;944;1004;1049;1126;1162;1199;1203;1204;1209;1215;1218;1240;1349;1388,ALIAS_PROVISIONAL;CANONICO,/Contracts;Contract;Contracts,AUTORIDAD_ARQ,TRAZABILIDAD_SUBORDINADA,VINCULADO
MEF-V3-DIC-0075,Contracts,ENG,ENG-088,ENG-088-DATA_FEDERATION_ENGINEERING.md,39,100;128;135;201;374;396;507;509;538;789;1057;1100;1119;1258;1363;1374;1396;1413;1421;1481;1537;1581;1686;1724;1768;1774;1785;1787;1808;1888;1952;2021,ALIAS_PROVISIONAL;CANONICO,/Contracts;Contract;Contracts,AUTORIDAD_ARQ,TRAZABILIDAD_SUBORDINADA,VINCULADO
MEF-V3-DIC-0075,Contracts,ENG,ENG-089,ENG-089-DATA_LINEAGE_PROVENANCE_ENGINEERING.md,16,100;163;258;277;405;518;634;869;943;1022;1027;1165,ALIAS_PROVISIONAL;CANONICO,/Contracts;Contract;Contracts,AUTORIDAD_ARQ,TRAZABILIDAD_SUBORDINADA,VINCULADO
MEF-V3-DIC-0075,Contracts,ENG,ENG-090,ENG-090-DATA_CATALOG_ENGINEERING.md,18,122;258;396;414;507;1215;1335;1448;1455;1606;1650;1746;1826;2052,ALIAS_PROVISIONAL;CANONICO,/Contracts;Contract;Contracts,AUTORIDAD_ARQ,TRAZABILIDAD_SUBORDINADA,VINCULADO
MEF-V3-DIC-0075,Contracts,ENG,ENG-091,ENG-091-DATA_DISCOVERY_CLASSIFICATION_ENGINEERING.md,16,113;391;410;478;1071;1259;1285;1386;1487;1575;1618;1722;2045,ALIAS_PROVISIONAL;CANONICO,/Contracts;Contract;Contracts,AUTORIDAD_ARQ,TRAZABILIDAD_SUBORDINADA,VINCULADO
MEF-V3-DIC-0075,Contracts,ENG,ENG-092,ENG-092-DATA_RETENTION_DISPOSAL_ENGINEERING.md,21,123;208;249;385;403;493;724;912;1043;1194;1436;1521;1564;1669;1757;1984,ALIAS_PROVISIONAL;CANONICO,/Contracts;Contract;Contracts,AUTORIDAD_ARQ,TRAZABILIDAD_SUBORDINADA,VINCULADO
MEF-V3-DIC-0075,Contracts,ENG,ENG-093,ENG-093-DATA_ARCHIVAL_PRESERVATION_ENGINEERING.md,14,123;322;340;352;716;911;990;1033;1129;1209;1429,ALIAS_PROVISIONAL;CANONICO,/Contracts;Contract;Contracts,AUTORIDAD_ARQ,TRAZABILIDAD_SUBORDINADA,VINCULADO
MEF-V3-DIC-0075,Contracts,ENG,ENG-094,ENG-094-DATA_PORTABILITY_ENGINEERING.md,44,95;121;190;203;308;362;382;419;498;594;769;775;787;1014;1016;1058;1074;1095;1111;1178;1275;1304;1374;1393;1475;1519;1617;1651;1699;1704;1714;1716;1717;1718;1743;1943,ALIAS_PROVISIONAL;CANONICO,/Contracts;Contract;Contracts,AUTORIDAD_ARQ,TRAZABILIDAD_SUBORDINADA,VINCULADO
MEF-V3-DIC-0075,Contracts,ENG,ENG-095,ENG-095-DATA_SYNCHRONIZATION_ENGINEERING.md,11,100;133;264;325;327;405;525;547;582;633,ALIAS_PROVISIONAL;CANONICO,/Contracts;Contract;Contracts,AUTORIDAD_ARQ,TRAZABILIDAD_SUBORDINADA,VINCULADO
MEF-V3-DIC-0075,Contracts,ENG,ENG-096,ENG-096-DATA_REPLICATION_ENGINEERING.md,7,134;306;308;398;576;662,ALIAS_PROVISIONAL;CANONICO,/Contracts;Contract;Contracts,AUTORIDAD_ARQ,TRAZABILIDAD_SUBORDINADA,VINCULADO
MEF-V3-DIC-0075,Contracts,ENG,ENG-097,ENG-097-DATA_PARTITIONING_SHARDING_ENGINEERING.md,7,136;288;290;552;587;638,ALIAS_PROVISIONAL;CANONICO,/Contracts;Contract;Contracts,AUTORIDAD_ARQ,TRAZABILIDAD_SUBORDINADA,VINCULADO
MEF-V3-DIC-0075,Contracts,ENG,ENG-098,ENG-098-DATA_DISTRIBUTION_ENGINEERING.md,7,127;266;268;388;548;634,ALIAS_PROVISIONAL;CANONICO,/Contracts;Contract;Contracts,AUTORIDAD_ARQ,TRAZABILIDAD_SUBORDINADA,VINCULADO
MEF-V3-DIC-0075,Contracts,ENG,ENG-099,ENG-099-DATA_LOCALIZATION_RESIDENCY_ENGINEERING.md,12,100;142;285;338;342;344;476;624;659;710,ALIAS_PROVISIONAL;CANONICO,/Contracts;Contract;Contracts,AUTORIDAD_ARQ,TRAZABILIDAD_SUBORDINADA,VINCULADO
MEF-V3-DIC-0075,Contracts,ENG,ENG-100,ENG-100-DATA_LIFECYCLE_ORCHESTRATION_ENGINEERING.md,23,127;143;333;335;496;554;569;580;674;686;716;751;795;812;872;905;919;962;985;1038;1054,ALIAS_PROVISIONAL;CANONICO,/Contracts;Contract;Contracts,AUTORIDAD_ARQ,TRAZABILIDAD_SUBORDINADA,VINCULADO
MEF-V3-DIC-0076,Criterios de Evaluación,ARQ,ARQ-004,ARQ-004-MODULES.md,1,629,CANONICO,Criterios de Evaluación,AUTORIDAD_ARQ,AUTORIDAD_PRIMARIA,VINCULADO
MEF-V3-DIC-0076,Criterios de Evaluación,ARQ,ARQ-013,ARQ-013-CONFIGURATION.md,1,282,CANONICO,Criterios de Evaluación,AUTORIDAD_ARQ,AUTORIDAD_PRIMARIA,VINCULADO
MEF-V3-DIC-0076,Criterios de Evaluación,ARQ,ARQ-017,ARQ-017-PACKAGING.md,1,271,CANONICO,Criterios de Evaluación,AUTORIDAD_ARQ,AUTORIDAD_PRIMARIA,VINCULADO
MEF-V3-DIC-0077,CT-001,ARQ,ARQ-011,ARQ-011-CONTRACTS.md,1,132,CANONICO,CT-001,AUTORIDAD_ARQ,AUTORIDAD_PRIMARIA,VINCULADO
MEF-V3-DIC-0077,CT-001,ENG,ENG-021,ENG-021-CONTRACTS_ENGINNEERING.md,2,2524;2564,CANONICO,CT-001,AUTORIDAD_ARQ,TRAZABILIDAD_SUBORDINADA,VINCULADO
MEF-V3-DIC-0077,CT-001,ENG,ENG-023,ENG-023-ERROR_HANDLING.md,5,380;407;437;1633;2340,CANONICO,CT-001,AUTORIDAD_ARQ,TRAZABILIDAD_SUBORDINADA,VINCULADO
MEF-V3-DIC-0078,CT-002,ARQ,ARQ-011,ARQ-011-CONTRACTS.md,1,133,CANONICO,CT-002,AUTORIDAD_ARQ,AUTORIDAD_PRIMARIA,VINCULADO
MEF-V3-DIC-0078,CT-002,ENG,ENG-021,ENG-021-CONTRACTS_ENGINNEERING.md,1,2525,CANONICO,CT-002,AUTORIDAD_ARQ,TRAZABILIDAD_SUBORDINADA,VINCULADO
MEF-V3-DIC-0079,CT-003,ARQ,ARQ-011,ARQ-011-CONTRACTS.md,1,134,CANONICO,CT-003,AUTORIDAD_ARQ,AUTORIDAD_PRIMARIA,VINCULADO
MEF-V3-DIC-0079,CT-003,ENG,ENG-021,ENG-021-CONTRACTS_ENGINNEERING.md,1,2526,CANONICO,CT-003,AUTORIDAD_ARQ,TRAZABILIDAD_SUBORDINADA,VINCULADO
MEF-V3-DIC-0080,CT-004,ARQ,ARQ-011,ARQ-011-CONTRACTS.md,1,135,CANONICO,CT-004,AUTORIDAD_ARQ,AUTORIDAD_PRIMARIA,VINCULADO
MEF-V3-DIC-0080,CT-004,ENG,ENG-021,ENG-021-CONTRACTS_ENGINNEERING.md,1,2527,CANONICO,CT-004,AUTORIDAD_ARQ,TRAZABILIDAD_SUBORDINADA,VINCULADO
MEF-V3-DIC-0081,CT-005,ARQ,ARQ-011,ARQ-011-CONTRACTS.md,1,136,CANONICO,CT-005,AUTORIDAD_ARQ,AUTORIDAD_PRIMARIA,VINCULADO
MEF-V3-DIC-0081,CT-005,ENG,ENG-021,ENG-021-CONTRACTS_ENGINNEERING.md,2,2528;2583,CANONICO,CT-005,AUTORIDAD_ARQ,TRAZABILIDAD_SUBORDINADA,VINCULADO
MEF-V3-DIC-0082,CT-006,ARQ,ARQ-011,ARQ-011-CONTRACTS.md,1,137,CANONICO,CT-006,AUTORIDAD_ARQ,AUTORIDAD_PRIMARIA,VINCULADO
MEF-V3-DIC-0082,CT-006,ENG,ENG-021,ENG-021-CONTRACTS_ENGINNEERING.md,2,2529;2602,CANONICO,CT-006,AUTORIDAD_ARQ,TRAZABILIDAD_SUBORDINADA,VINCULADO
MEF-V3-DIC-0083,CT-007,ARQ,ARQ-011,ARQ-011-CONTRACTS.md,1,138,CANONICO,CT-007,AUTORIDAD_ARQ,AUTORIDAD_PRIMARIA,VINCULADO
MEF-V3-DIC-0083,CT-007,ENG,ENG-021,ENG-021-CONTRACTS_ENGINNEERING.md,1,2530,CANONICO,CT-007,AUTORIDAD_ARQ,TRAZABILIDAD_SUBORDINADA,VINCULADO
MEF-V3-DIC-0084,cómo,ARQ,ARQ-004,ARQ-004-MODULES.md,3,44;165;561,CANONICO,cómo,AUTORIDAD_ARQ,AUTORIDAD_PRIMARIA,VINCULADO
MEF-V3-DIC-0084,cómo,ARQ,ARQ-010,ARQ-010-TEMPLATE_ENGINE.md,1,38,CANONICO,cómo,AUTORIDAD_ARQ,AUTORIDAD_PRIMARIA,VINCULADO
MEF-V3-DIC-0084,cómo,ARQ,ARQ-011,ARQ-011-CONTRACTS.md,3,39;41;185,CANONICO,cómo,AUTORIDAD_ARQ,AUTORIDAD_PRIMARIA,VINCULADO
MEF-V3-DIC-0084,cómo,ARQ,ARQ-012,ARQ-012-DEPENDENCY_INJECTION.md,2,39;76,CANONICO,cómo,AUTORIDAD_ARQ,AUTORIDAD_PRIMARIA,VINCULADO
MEF-V3-DIC-0084,cómo,ARQ,ARQ-013,ARQ-013-CONFIGURATION.md,3,39;41;150,CANONICO,cómo,AUTORIDAD_ARQ,AUTORIDAD_PRIMARIA,VINCULADO
MEF-V3-DIC-0084,cómo,ARQ,ARQ-017,ARQ-017-PACKAGING.md,1,286,CANONICO,cómo,AUTORIDAD_ARQ,AUTORIDAD_PRIMARIA,VINCULADO
MEF-V3-DIC-0084,cómo,ENG,ENG-000,ENG-000-INGENIERIA_GENERAL.md,14,48;56;59;108;110;118;198;358;396;453;455;594;774;780,CANONICO,cómo,AUTORIDAD_ARQ,TRAZABILIDAD_SUBORDINADA,VINCULADO
MEF-V3-DIC-0084,cómo,ENG,ENG-001,ENG-001-ORGANIZACION_DEL_CODIGO.md,14,49;158;219;534;544;594;721;775;814;871;919;934;1007;1041,CANONICO,cómo,AUTORIDAD_ARQ,TRAZABILIDAD_SUBORDINADA,VINCULADO
MEF-V3-DIC-0084,cómo,ENG,ENG-002,ENG-002-ESPECIFICACION_DE_MODULES.md,11,88;99;479;585;668;803;852;945;1006;1022;1072,CANONICO,cómo,AUTORIDAD_ARQ,TRAZABILIDAD_SUBORDINADA,VINCULADO
MEF-V3-DIC-0084,cómo,ENG,ENG-003,ENG-003-MANIFEST.md,4,194;1085;1101;1213,CANONICO,cómo,AUTORIDAD_ARQ,TRAZABILIDAD_SUBORDINADA,VINCULADO
MEF-V3-DIC-0084,cómo,ENG,ENG-004,ENG-004-CONVENCIONES.md,15,75;81;279;422;473;552;666;786;792;848;1150;1208;1320;1341;1487,CANONICO,cómo,AUTORIDAD_ARQ,TRAZABILIDAD_SUBORDINADA,VINCULADO
MEF-V3-DIC-0084,cómo,ENG,ENG-005,ENG-005-NOMENCLATURA.md,22,90;127;180;207;440;488;538;585;796;861;1061;1311;1445;1570;1820;1826;1893;2061;2284;2307;2403;2405,CANONICO,cómo,AUTORIDAD_ARQ,TRAZABILIDAD_SUBORDINADA,VINCULADO
MEF-V3-DIC-0084,cómo,ENG,ENG-006,ENG-006-ESTRUCTURA_DE_DIRECTORIOS.md,10,140;724;851;863;885;948;962;1228;1381;1519,CANONICO,cómo,AUTORIDAD_ARQ,TRAZABILIDAD_SUBORDINADA,VINCULADO
MEF-V3-DIC-0084,cómo,ENG,ENG-007,ENG-007-CLI.md,13,132;191;332;502;878;890;957;1065;1088;1202;1204;1439;1450,CANONICO,cómo,AUTORIDAD_ARQ,TRAZABILIDAD_SUBORDINADA,VINCULADO
MEF-V3-DIC-0084,cómo,ENG,ENG-008,ENG-008-GENERADORES.md,12,374;527;533;630;788;814;910;1040;1309;1408;1417;1444,CANONICO,cómo,AUTORIDAD_ARQ,TRAZABILIDAD_SUBORDINADA,VINCULADO
MEF-V3-DIC-0084,cómo,ENG,ENG-009,ENG-009-TESTING.md,13,572;733;1038;1187;1371;1444;1479;1547;1630;1631;1632;1640;1683,CANONICO,cómo,AUTORIDAD_ARQ,TRAZABILIDAD_SUBORDINADA,VINCULADO
MEF-V3-DIC-0084,cómo,ENG,ENG-010,ENG-010-LOGGING.md,14,115;138;178;184;411;912;1037;1055;1163;1171;1402;1552;1616;1645,CANONICO,cómo,AUTORIDAD_ARQ,TRAZABILIDAD_SUBORDINADA,VINCULADO
MEF-V3-DIC-0084,cómo,ENG,ENG-011,ENG-011-CONFIGURATION_FILES.md,27,171;443;499;555;615;669;742;777;865;1198;1224;1232;1246;1256;1289;1399;1401;1532;1684;1764;2127;2152;2231;2283;2289;2295;2317,CANONICO,cómo,AUTORIDAD_ARQ,TRAZABILIDAD_SUBORDINADA,VINCULADO
MEF-V3-DIC-0084,cómo,ENG,ENG-012,ENG-012-BUILD_SYSTEM.md,16,587;678;850;864;1148;1179;1221;1256;1307;1390;1417;1454;1541;1662;1687;1697,CANONICO,cómo,AUTORIDAD_ARQ,TRAZABILIDAD_SUBORDINADA,VINCULADO
MEF-V3-DIC-0084,cómo,ENG,ENG-013,ENG-013-PACKAGE_MANAGER.md,19,143;434;665;801;1074;1103;1368;1626;1978;2200;2224;2518;2563;2585;2735;2755;2762;2767;2927,CANONICO,cómo,AUTORIDAD_ARQ,TRAZABILIDAD_SUBORDINADA,VINCULADO
MEF-V3-DIC-0084,cómo,ENG,ENG-014,ENG-014-VERSIONADO.md,26,56;279;289;406;444;571;949;951;1201;1411;1570;1776;1831;1908;1960;2244;2272;2328;2377;2378;2383;2387;2410;2471;2487;2529,CANONICO,cómo,AUTORIDAD_ARQ,TRAZABILIDAD_SUBORDINADA,VINCULADO
MEF-V3-DIC-0084,cómo,ENG,ENG-015,ENG-015-ARCHITECTURAL_STATE_MACHINE.md,20,56;203;336;859;879;1053;1161;1477;1540;1841;1973;2043;2338;2355;2489;2792;2829;2853;2873;3126,CANONICO,cómo,AUTORIDAD_ARQ,TRAZABILIDAD_SUBORDINADA,VINCULADO
MEF-V3-DIC-0084,cómo,ENG,ENG-016,ENG-016-COMPATIBILITY.md,21,61;218;240;246;288;518;1018;1036;1961;2156;2243;2260;2400;2477;2625;2882;2884;2891;2894;2918;3196,CANONICO,cómo,AUTORIDAD_ARQ,TRAZABILIDAD_SUBORDINADA,VINCULADO
MEF-V3-DIC-0084,cómo,ENG,ENG-017,ENG-017-RELEASE_PROCESS.md,9,59;526;628;671;1962;2248;2473;2943;2979,CANONICO,cómo,AUTORIDAD_ARQ,TRAZABILIDAD_SUBORDINADA,VINCULADO
MEF-V3-DIC-0084,cómo,ENG,ENG-018,ENG-018-DEPENDENCY_INJECTION.md,29,59;245;316;389;832;890;1155;1167;1183;1199;1245;1266;1282;1549;1607;1974;2030;2163;2372;2378;2563;2652;2654;2662;2665;2891;2929;2967;2978,CANONICO,cómo,AUTORIDAD_ARQ,TRAZABILIDAD_SUBORDINADA,VINCULADO
MEF-V3-DIC-0084,cómo,ENG,ENG-019,ENG-019-SERVICE_CONTAINER.md,21,65;178;406;441;599;747;1046;1096;1345;1560;1812;2007;2031;2397;2414;2424;2430;2655;2753;2773;2774,CANONICO,cómo,AUTORIDAD_ARQ,TRAZABILIDAD_SUBORDINADA,VINCULADO
MEF-V3-DIC-0084,cómo,ENG,ENG-020,ENG-020-REGISTRY_ENGINNEERING.md,18,933;1081;1093;1460;1475;1489;1501;1931;1937;1949;2650;2721;2822;2828;2838;3063;3064;3076,CANONICO,cómo,AUTORIDAD_ARQ,TRAZABILIDAD_SUBORDINADA,VINCULADO
MEF-V3-DIC-0084,cómo,ENG,ENG-021,ENG-021-CONTRACTS_ENGINNEERING.md,18,418;766;1062;1206;1212;1244;1453;1559;1752;2005;2354;2847;2849;2850;2853;2857;2859;3112,CANONICO,cómo,AUTORIDAD_ARQ,TRAZABILIDAD_SUBORDINADA,VINCULADO
MEF-V3-DIC-0084,cómo,ENG,ENG-022,ENG-022-EVENT_BUS_ENGINNEERING.md,14,541;952;958;1084;1413;1492;1549;1797;1910;1944;2373;2966;2967;2971,CANONICO,cómo,AUTORIDAD_ARQ,TRAZABILIDAD_SUBORDINADA,VINCULADO
MEF-V3-DIC-0084,cómo,ENG,ENG-023,ENG-023-ERROR_HANDLING.md,8,1378;2011;2044;2676;2712;2906;2916;3180,CANONICO,cómo,AUTORIDAD_ARQ,TRAZABILIDAD_SUBORDINADA,VINCULADO
MEF-V3-DIC-0084,cómo,ENG,ENG-024,ENG-024-SECURITY_ENGINEERING.md,27,179;448;573;660;746;777;837;881;947;976;1160;1264;1282;1328;1373;1743;1765;2080;2495;2738;2792;3297;3393;3658;3675;3774;4104,CANONICO,cómo,AUTORIDAD_ARQ,TRAZABILIDAD_SUBORDINADA,VINCULADO
MEF-V3-DIC-0084,cómo,ENG,ENG-025,ENG-025-OBSERVABILITY_ENGINEERING.md,19,183;199;229;435;492;588;741;851;857;863;1925;2297;2750;2864;2868;2872;2877;3152;3244,CANONICO,cómo,AUTORIDAD_ARQ,TRAZABILIDAD_SUBORDINADA,VINCULADO
MEF-V3-DIC-0084,cómo,ENG,ENG-026,ENG-026-RUNTIME_PERFORMANCE_ENGINEERING.md,12,420;1195;2002;2179;2752;3046;3190;3228;3311;3355;3377;3516,CANONICO,cómo,AUTORIDAD_ARQ,TRAZABILIDAD_SUBORDINADA,VINCULADO
MEF-V3-DIC-0084,cómo,ENG,ENG-027,ENG-027-RUNTIME_ENGINEERING.md,7,73;360;673;1092;1437;1657;3277,CANONICO,cómo,AUTORIDAD_ARQ,TRAZABILIDAD_SUBORDINADA,VINCULADO
MEF-V3-DIC-0084,cómo,ENG,ENG-028,ENG-028-MODULE_ENGINEERING.md,23,73;74;75;80;81;82;83;84;597;750;876;1005;1093;1420;1592;2548;2701;3042;3048;3056;3138;3190;3308,CANONICO,cómo,AUTORIDAD_ARQ,TRAZABILIDAD_SUBORDINADA,VINCULADO
MEF-V3-DIC-0084,cómo,ENG,ENG-029,ENG-029-EXTENSION_ENGINEERING.md,20,74;75;76;77;78;79;80;81;82;352;645;704;734;849;879;1244;2313;2317;2323;2367,CANONICO,cómo,AUTORIDAD_ARQ,TRAZABILIDAD_SUBORDINADA,VINCULADO
MEF-V3-DIC-0084,cómo,ENG,ENG-030,ENG-030-PERSISTENCE_ENGINEERING.md,19,266;352;389;586;679;703;749;998;1070;1136;1189;1314;1546;1838;2661;2662;2663;2701;2706,CANONICO,cómo,AUTORIDAD_ARQ,TRAZABILIDAD_SUBORDINADA,VINCULADO
MEF-V3-DIC-0084,cómo,ENG,ENG-031,ENG-031-SERIALIZATION_ENGINEERING.md,20,247;381;610;693;705;749;773;850;868;870;952;982;1138;1554;1686;1906;2228;2801;2844;3124,CANONICO,cómo,AUTORIDAD_ARQ,TRAZABILIDAD_SUBORDINADA,VINCULADO
MEF-V3-DIC-0084,cómo,ENG,ENG-032,ENG-032-TRANSPORT_ENGINEERING.md,14,1066;1733;1937;2825;2827;2832;2836;2875;2897;2937;2965;3129;3135;3192,CANONICO,cómo,AUTORIDAD_ARQ,TRAZABILIDAD_SUBORDINADA,VINCULADO
MEF-V3-DIC-0084,cómo,ENG,ENG-033,ENG-033-INTERFACE_ENGINEERING.md,10,234;261;435;520;528;581;761;1270;1302;1306,CANONICO,cómo,AUTORIDAD_ARQ,TRAZABILIDAD_SUBORDINADA,VINCULADO
MEF-V3-DIC-0084,cómo,ENG,ENG-034,ENG-034-APPLICATION_ENGINEERING.md,10,94;373;506;659;941;1036;1452;1814;2651;2952,CANONICO,cómo,AUTORIDAD_ARQ,TRAZABILIDAD_SUBORDINADA,VINCULADO
MEF-V3-DIC-0084,cómo,ENG,ENG-035,ENG-035-DOMAIN_ENGINEERING.md,24,226;459;612;646;652;1036;1062;1233;1479;1509;1535;1651;1819;1843;2008;2405;2455;3042;3047;3051;3090;3276;3290;3344,CANONICO,cómo,AUTORIDAD_ARQ,TRAZABILIDAD_SUBORDINADA,VINCULADO
MEF-V3-DIC-0084,cómo,ENG,ENG-036,ENG-036-VALIDATION_ENGINEERING.md,10,100;642;656;720;1824;1930;1948;2408;2614;2767,CANONICO,cómo,AUTORIDAD_ARQ,TRAZABILIDAD_SUBORDINADA,VINCULADO
MEF-V3-DIC-0084,cómo,ENG,ENG-037,ENG-037-CACHING_ENGINEERING.md,18,501;612;868;952;1005;1722;1734;1742;1889;1975;2102;2516;2862;2865;2866;2869;2934;2994,CANONICO,cómo,AUTORIDAD_ARQ,TRAZABILIDAD_SUBORDINADA,VINCULADO
MEF-V3-DIC-0084,cómo,ENG,ENG-038,ENG-038-CONCURRENCY_ENGINEERING.md,12,402;840;1221;1381;1459;1558;1685;2084;2230;2805;3031;3126,CANONICO,cómo,AUTORIDAD_ARQ,TRAZABILIDAD_SUBORDINADA,VINCULADO
MEF-V3-DIC-0084,cómo,ENG,ENG-039,ENG-039-RESILIENCE_ENGINEERING.md,8,472;981;1007;1064;1833;1875;2155;3051,CANONICO,cómo,AUTORIDAD_ARQ,TRAZABILIDAD_SUBORDINADA,VINCULADO
MEF-V3-DIC-0084,cómo,ENG,ENG-040,ENG-040-SCHEDULING_BACKGROUND_JOBS_ENGINEERING.md,17,175;997;1061;1067;1290;2079;2232;2390;2886;2942;3094;3132;3605;3616;3619;3895;3974,CANONICO,cómo,AUTORIDAD_ARQ,TRAZABILIDAD_SUBORDINADA,VINCULADO
MEF-V3-DIC-0084,cómo,ENG,ENG-041,ENG-041-MESSAGING_ENGINEERING.md,13,602;711;815;1426;1498;1935;2021;2365;2847;3591;3592;3724;3916,CANONICO,cómo,AUTORIDAD_ARQ,TRAZABILIDAD_SUBORDINADA,VINCULADO
MEF-V3-DIC-0084,cómo,ENG,ENG-042,ENG-042-TRANSACTION_ENGINEERING.md,11,515;678;1175;1306;1638;2012;2130;2860;2863;2911;3179,CANONICO,cómo,AUTORIDAD_ARQ,TRAZABILIDAD_SUBORDINADA,VINCULADO
MEF-V3-DIC-0084,cómo,ENG,ENG-043,ENG-043-DATA_ACCESS_ENGINEERING.md,11,165;168;403;921;1088;1566;1610;1913;2993;3360;3366,CANONICO,cómo,AUTORIDAD_ARQ,TRAZABILIDAD_SUBORDINADA,VINCULADO
MEF-V3-DIC-0084,cómo,ENG,ENG-044,ENG-044-API_ENGINEERING.md,11,136;188;867;982;1132;1295;1866;2583;3557;3558;3971,CANONICO,cómo,AUTORIDAD_ARQ,TRAZABILIDAD_SUBORDINADA,VINCULADO
MEF-V3-DIC-0084,cómo,ENG,ENG-045,ENG-045-AUTHENTICATION_ENGINEERING.md,13,306;373;540;614;866;951;1283;1368;1422;2001;2121;2929;3230,CANONICO,cómo,AUTORIDAD_ARQ,TRAZABILIDAD_SUBORDINADA,VINCULADO
MEF-V3-DIC-0084,cómo,ENG,ENG-046,ENG-046-AUTHORIZATION_ENGINEERING.md,9,1091;1229;1787;2096;2540;3007;3534;3632;3692,CANONICO,cómo,AUTORIDAD_ARQ,TRAZABILIDAD_SUBORDINADA,VINCULADO
MEF-V3-DIC-0084,cómo,ENG,ENG-047,ENG-047-IDENTITY_ACCESS_MANAGEMENT_ENGINEERING.md,14,273;351;907;1669;1763;1769;1879;2181;2249;3015;3382;3386;3530;3765,CANONICO,cómo,AUTORIDAD_ARQ,TRAZABILIDAD_SUBORDINADA,VINCULADO
MEF-V3-DIC-0084,cómo,ENG,ENG-048,ENG-048-MULTI_TENANCY_ENGINEERING.md,16,600;612;923;1041;1467;1479;1671;1765;1982;2623;2677;2888;2901;2959;2986;3127,CANONICO,cómo,AUTORIDAD_ARQ,TRAZABILIDAD_SUBORDINADA,VINCULADO
MEF-V3-DIC-0084,cómo,ENG,ENG-049,ENG-049-CONFIGURATION_MANAGEMENT_ENGINEERING.md,7,349;363;852;1110;1122;1260;3226,CANONICO,cómo,AUTORIDAD_ARQ,TRAZABILIDAD_SUBORDINADA,VINCULADO
MEF-V3-DIC-0084,cómo,ENG,ENG-050,ENG-050-FEATURE_MANAGEMENT_ENGINEERING.md,10,140;348;441;743;1155;1256;1425;1454;2448;2752,CANONICO,cómo,AUTORIDAD_ARQ,TRAZABILIDAD_SUBORDINADA,VINCULADO
MEF-V3-DIC-0084,cómo,ENG,ENG-051,ENG-051-POLICY_ENGINEERING.md,6,779;1501;2026;2550;2637;2886,CANONICO,cómo,AUTORIDAD_ARQ,TRAZABILIDAD_SUBORDINADA,VINCULADO
MEF-V3-DIC-0084,cómo,ENG,ENG-052,ENG-052-WORKFLOW_ENGINEERING.md,10,674;1259;1313;1438;1600;1848;1926;2964;2973;3293,CANONICO,cómo,AUTORIDAD_ARQ,TRAZABILIDAD_SUBORDINADA,VINCULADO
MEF-V3-DIC-0084,cómo,ENG,ENG-053,ENG-053-STATE_MANAGEMENT_ENGINEERING.md,13,195;467;1117;1433;1600;2089;2574;2575;2585;2617;2687;2695;2880,CANONICO,cómo,AUTORIDAD_ARQ,TRAZABILIDAD_SUBORDINADA,VINCULADO
MEF-V3-DIC-0084,cómo,ENG,ENG-054,ENG-054-RESOURCE_MANAGEMENT_ENGINEERING.md,7,894;1062;1446;1688;2736;2739;3110,CANONICO,cómo,AUTORIDAD_ARQ,TRAZABILIDAD_SUBORDINADA,VINCULADO
MEF-V3-DIC-0084,cómo,ENG,ENG-055,ENG-055-LIFECYCLE_MANAGEMENT_ENGINEERING.md,12,197;393;409;748;924;1212;1299;1389;2785;2912;2948;3085,CANONICO,cómo,AUTORIDAD_ARQ,TRAZABILIDAD_SUBORDINADA,VINCULADO
MEF-V3-DIC-0084,cómo,ENG,ENG-056,ENG-056-CONTEXT_MANAGEMENT_ENGINEERING.md,11,272;284;1139;1208;1657;2222;2488;2492;2587;2646;2877,CANONICO,cómo,AUTORIDAD_ARQ,TRAZABILIDAD_SUBORDINADA,VINCULADO
MEF-V3-DIC-0084,cómo,ENG,ENG-057,ENG-057-METADATA_ENGINEERING.md,13,319;813;1237;1476;1524;1796;2549;2558;2562;2610;2767;2783;2881,CANONICO,cómo,AUTORIDAD_ARQ,TRAZABILIDAD_SUBORDINADA,VINCULADO
MEF-V3-DIC-0084,cómo,ENG,ENG-058,ENG-058-DISCOVERY_ENGINEERING.md,7,247;353;496;2189;2385;2391;2409,CANONICO,cómo,AUTORIDAD_ARQ,TRAZABILIDAD_SUBORDINADA,VINCULADO
MEF-V3-DIC-0084,cómo,ENG,ENG-059,ENG-059-RESOLUTION_ENGINEERING.md,5,559;571;756;2241;2258,CANONICO,cómo,AUTORIDAD_ARQ,TRAZABILIDAD_SUBORDINADA,VINCULADO
MEF-V3-DIC-0084,cómo,ENG,ENG-060,ENG-060-PLUGIN_ENGINEERING.md,6,316;373;565;639;2713;2748,CANONICO,cómo,AUTORIDAD_ARQ,TRAZABILIDAD_SUBORDINADA,VINCULADO
MEF-V3-DIC-0084,cómo,ENG,ENG-061,ENG-061-INTEROPERABILITY_ENGINEERING.md,12,226;228;244;917;1047;1243;1464;2396;2401;2403;2411;2413,CANONICO,cómo,AUTORIDAD_ARQ,TRAZABILIDAD_SUBORDINADA,VINCULADO
MEF-V3-DIC-0084,cómo,ENG,ENG-062,ENG-062-SCHEMA_ENGINEERING.md,11,362;399;1012;1180;1375;1588;2469;2472;2473;2601;2788,CANONICO,cómo,AUTORIDAD_ARQ,TRAZABILIDAD_SUBORDINADA,VINCULADO
MEF-V3-DIC-0084,cómo,ENG,ENG-063,ENG-063-DATA_TRANSFORMATION_ENGINEERING.md,9,364;370;1043;1444;2401;2405;2408;2410;2738,CANONICO,cómo,AUTORIDAD_ARQ,TRAZABILIDAD_SUBORDINADA,VINCULADO
MEF-V3-DIC-0084,cómo,ENG,ENG-064,ENG-064-DATA_PIPELINE_ENGINEERING.md,7,1113;1370;2774;2881;2887;2901;3049,CANONICO,cómo,AUTORIDAD_ARQ,TRAZABILIDAD_SUBORDINADA,VINCULADO
MEF-V3-DIC-0084,cómo,ENG,ENG-065,ENG-065-MIGRATION_ENGINEERING.md,8,293;295;908;1405;1438;2788;2912;3067,CANONICO,cómo,AUTORIDAD_ARQ,TRAZABILIDAD_SUBORDINADA,VINCULADO
MEF-V3-DIC-0084,cómo,ENG,ENG-066,ENG-066-UPGRADE_ENGINEERING.md,3,1940;2514;2752,CANONICO,cómo,AUTORIDAD_ARQ,TRAZABILIDAD_SUBORDINADA,VINCULADO
MEF-V3-DIC-0084,cómo,ENG,ENG-067,ENG-067-DEPLOYMENT_ENGINEERING.md,10,304;373;583;1641;2248;2714;2717;2721;2979;2985,CANONICO,cómo,AUTORIDAD_ARQ,TRAZABILIDAD_SUBORDINADA,VINCULADO
MEF-V3-DIC-0084,cómo,ENG,ENG-068,ENG-068-ENVIRONMENT_ENGINEERING.md,10,178;309;911;923;1319;1415;1632;2591;2604;2854,CANONICO,cómo,AUTORIDAD_ARQ,TRAZABILIDAD_SUBORDINADA,VINCULADO
MEF-V3-DIC-0084,cómo,ENG,ENG-069,ENG-069-HEALTH_READINESS_ENGINEERING.md,10,480;486;743;1066;1127;2533;2537;2543;2551;2669,CANONICO,cómo,AUTORIDAD_ARQ,TRAZABILIDAD_SUBORDINADA,VINCULADO
MEF-V3-DIC-0084,cómo,ENG,ENG-070,ENG-070-PERFORMANCE_ENGINEERING.md,21,290;346;565;839;998;1059;1295;1581;1734;1878;1948;1957;2628;2629;2633;2635;2637;2639;2748;2937;2943,CANONICO,cómo,AUTORIDAD_ARQ,TRAZABILIDAD_SUBORDINADA,VINCULADO
MEF-V3-DIC-0084,cómo,ENG,ENG-071,ENG-071-CAPACITY_ENGINEERING.md,8,299;361;439;3228;3229;3232;3233;3374,CANONICO,cómo,AUTORIDAD_ARQ,TRAZABILIDAD_SUBORDINADA,VINCULADO
MEF-V3-DIC-0084,cómo,ENG,ENG-072,ENG-072-SCALABILITY_ENGINEERING.md,8,253;530;1918;2565;2842;2847;2988;3150,CANONICO,cómo,AUTORIDAD_ARQ,TRAZABILIDAD_SUBORDINADA,VINCULADO
MEF-V3-DIC-0084,cómo,ENG,ENG-073,ENG-073-AVAILABILITY_ENGINEERING.md,20,190;286;349;380;628;1124;1253;1277;1504;1530;1641;1763;1775;2534;2911;2912;2915;2920;2922;2928,CANONICO,cómo,AUTORIDAD_ARQ,TRAZABILIDAD_SUBORDINADA,VINCULADO
MEF-V3-DIC-0084,cómo,ENG,ENG-074,ENG-074-RELIABILITY_ENGINEERING.md,19,366;557;865;970;1247;1278;1803;2823;2824;2826;2827;2832;2834;2835;2836;2837;2996;3004;3105,CANONICO,cómo,AUTORIDAD_ARQ,TRAZABILIDAD_SUBORDINADA,VINCULADO
MEF-V3-DIC-0084,cómo,ENG,ENG-075,ENG-075-MAINTAINABILITY_ENGINEERING.md,17,206;359;559;874;880;886;1187;1630;1914;2128;2971;2972;2974;2975;2979;2981;3025,CANONICO,cómo,AUTORIDAD_ARQ,TRAZABILIDAD_SUBORDINADA,VINCULADO
MEF-V3-DIC-0084,cómo,ENG,ENG-076,ENG-076-RECOVERABILITY_ENGINEERING.md,10,379;1453;1949;2136;3249;3259;3261;3264;3559;3565,CANONICO,cómo,AUTORIDAD_ARQ,TRAZABILIDAD_SUBORDINADA,VINCULADO
MEF-V3-DIC-0084,cómo,ENG,ENG-077,ENG-077-DURABILITY_ENGINEERING.md,18,213;369;811;847;916;922;934;1590;1665;1755;1879;2026;2708;3026;3029;3030;3034;3037,CANONICO,cómo,AUTORIDAD_ARQ,TRAZABILIDAD_SUBORDINADA,VINCULADO
MEF-V3-DIC-0084,cómo,ENG,ENG-078,ENG-078-CONSISTENCY_ENGINEERING.md,17,208;284;371;551;791;855;1014;1246;1563;1746;3071;3072;3074;3077;3080;3084;3400,CANONICO,cómo,AUTORIDAD_ARQ,TRAZABILIDAD_SUBORDINADA,VINCULADO
MEF-V3-DIC-0084,cómo,ENG,ENG-079,ENG-079-DATA_INTEGRITY_ENGINEERING.md,13,214;397;740;1135;1141;1557;1625;3322;3325;3326;3328;3329;3636,CANONICO,cómo,AUTORIDAD_ARQ,TRAZABILIDAD_SUBORDINADA,VINCULADO
MEF-V3-DIC-0084,cómo,ENG,ENG-080,ENG-080-DATA_QUALITY_ENGINEERING.md,20,361;428;560;578;716;1085;1198;1379;1613;2243;2352;2442;2559;3344;3347;3350;3353;3356;3360;3573,CANONICO,cómo,AUTORIDAD_ARQ,TRAZABILIDAD_SUBORDINADA,VINCULADO
MEF-V3-DIC-0084,cómo,ENG,ENG-081,ENG-081-DATA_GOVERNANCE_ENGINEERING.md,12,225;470;1109;1459;2151;2389;2611;3950;3954;3957;3963;4296,CANONICO,cómo,AUTORIDAD_ARQ,TRAZABILIDAD_SUBORDINADA,VINCULADO
MEF-V3-DIC-0084,cómo,ENG,ENG-082,ENG-082-DATA_PRIVACY_ENGINEERING.md,17,172;477;576;1149;1262;1474;1498;1798;1993;2107;2896;2897;2898;2900;2904;2909;2912,CANONICO,cómo,AUTORIDAD_ARQ,TRAZABILIDAD_SUBORDINADA,VINCULADO
MEF-V3-DIC-0084,cómo,ENG,ENG-083,ENG-083-DATA_COMPLIANCE_ENGINEERING.md,9,190;382;1397;1446;1526;1781;2671;2673;2681,CANONICO,cómo,AUTORIDAD_ARQ,TRAZABILIDAD_SUBORDINADA,VINCULADO
MEF-V3-DIC-0084,cómo,ENG,ENG-084,ENG-084-DATA_ETHICS_ENGINEERING.md,15,572;663;669;744;1006;1329;1413;1827;1893;2948;2949;2955;2958;3260;3339,CANONICO,cómo,AUTORIDAD_ARQ,TRAZABILIDAD_SUBORDINADA,VINCULADO
MEF-V3-DIC-0084,cómo,ENG,ENG-085,ENG-085-DATA_TRUST_ENGINEERING.md,17,404;545;691;958;1081;1198;1808;2007;2377;3059;3061;3065;3071;3072;3343;3422;3573,CANONICO,cómo,AUTORIDAD_ARQ,TRAZABILIDAD_SUBORDINADA,VINCULADO
MEF-V3-DIC-0084,cómo,ENG,ENG-086,ENG-086-DATA_PRODUCT_ENGINEERING.md,10,167;201;203;679;1052;1491;1497;1621;1647;1653,CANONICO,cómo,AUTORIDAD_ARQ,TRAZABILIDAD_SUBORDINADA,VINCULADO
MEF-V3-DIC-0084,cómo,ENG,ENG-087,ENG-087-DATA_EXCHANGE_SHARING_ENGINEERING.md,6,131;779;1202;1203;1205;1325,CANONICO,cómo,AUTORIDAD_ARQ,TRAZABILIDAD_SUBORDINADA,VINCULADO
MEF-V3-DIC-0084,cómo,ENG,ENG-088,ENG-088-DATA_FEDERATION_ENGINEERING.md,8,188;266;787;1178;1411;1419;1772;1777,CANONICO,cómo,AUTORIDAD_ARQ,TRAZABILIDAD_SUBORDINADA,VINCULADO
MEF-V3-DIC-0084,cómo,ENG,ENG-089,ENG-089-DATA_LINEAGE_PROVENANCE_ENGINEERING.md,8,188;458;577;1017;1018;1019;1024;1026,CANONICO,cómo,AUTORIDAD_ARQ,TRAZABILIDAD_SUBORDINADA,VINCULADO
MEF-V3-DIC-0084,cómo,ENG,ENG-090,ENG-090-DATA_CATALOG_ENGINEERING.md,8,201;1017;1282;1832;1838;1839;1841;1974,CANONICO,cómo,AUTORIDAD_ARQ,TRAZABILIDAD_SUBORDINADA,VINCULADO
MEF-V3-DIC-0084,cómo,ENG,ENG-091,ENG-091-DATA_DISCOVERY_CLASSIFICATION_ENGINEERING.md,12,541;667;691;887;1329;1813;1814;1815;1816;1818;1819;1821,CANONICO,cómo,AUTORIDAD_ARQ,TRAZABILIDAD_SUBORDINADA,VINCULADO
MEF-V3-DIC-0084,cómo,ENG,ENG-092,ENG-092-DATA_RETENTION_DISPOSAL_ENGINEERING.md,9,333;732;768;1304;1749;1751;1755;1759;1764,CANONICO,cómo,AUTORIDAD_ARQ,TRAZABILIDAD_SUBORDINADA,VINCULADO
MEF-V3-DIC-0084,cómo,ENG,ENG-093,ENG-093-DATA_ARCHIVAL_PRESERVATION_ENGINEERING.md,11,195;318;421;582;1210;1211;1212;1214;1218;1219;1223,CANONICO,cómo,AUTORIDAD_ARQ,TRAZABILIDAD_SUBORDINADA,VINCULADO
MEF-V3-DIC-0084,cómo,ENG,ENG-094,ENG-094-DATA_PORTABILITY_ENGINEERING.md,9,981;1040;1170;1246;1700;1702;1708;1709;1711,CANONICO,cómo,AUTORIDAD_ARQ,TRAZABILIDAD_SUBORDINADA,VINCULADO
MEF-V3-DIC-0084,cómo,ENG,ENG-095,ENG-095-DATA_SYNCHRONIZATION_ENGINEERING.md,7,249;315;351;411;588;600;606,CANONICO,cómo,AUTORIDAD_ARQ,TRAZABILIDAD_SUBORDINADA,VINCULADO
MEF-V3-DIC-0084,cómo,ENG,ENG-096,ENG-096-DATA_REPLICATION_ENGINEERING.md,6,253;356;374;410;446;585,CANONICO,cómo,AUTORIDAD_ARQ,TRAZABILIDAD_SUBORDINADA,VINCULADO
MEF-V3-DIC-0084,cómo,ENG,ENG-097,ENG-097-DATA_PARTITIONING_SHARDING_ENGINEERING.md,2,246;599,CANONICO,cómo,AUTORIDAD_ARQ,TRAZABILIDAD_SUBORDINADA,VINCULADO
MEF-V3-DIC-0084,cómo,ENG,ENG-098,ENG-098-DATA_DISTRIBUTION_ENGINEERING.md,2,217;601,CANONICO,cómo,AUTORIDAD_ARQ,TRAZABILIDAD_SUBORDINADA,VINCULADO
MEF-V3-DIC-0084,cómo,ENG,ENG-099,ENG-099-DATA_LOCALIZATION_RESIDENCY_ENGINEERING.md,5,274;320;470;560;632,CANONICO,cómo,AUTORIDAD_ARQ,TRAZABILIDAD_SUBORDINADA,VINCULADO
MEF-V3-DIC-0084,cómo,ENG,ENG-100,ENG-100-DATA_LIFECYCLE_ORCHESTRATION_ENGINEERING.md,7,249;460;495;510;830;855;865,CANONICO,cómo,AUTORIDAD_ARQ,TRAZABILIDAD_SUBORDINADA,VINCULADO
MEF-V3-DIC-0084,cómo,FND,FND-000,FND-000-Carta_del_Proyecto.md,1,116,CANONICO,cómo,AUTORIDAD_ARQ,TRAZABILIDAD_SUPERIOR,VINCULADO
MEF-V3-DIC-0084,cómo,FND,FND-001,FND-001-VISION.md,1,38,CANONICO,cómo,AUTORIDAD_ARQ,TRAZABILIDAD_SUPERIOR,VINCULADO
MEF-V3-DIC-0084,cómo,FND,FND-002,FND-02-MISION.md,3,37;112;156,CANONICO,cómo,AUTORIDAD_ARQ,TRAZABILIDAD_SUPERIOR,VINCULADO
MEF-V3-DIC-0085,cómo resolverlo,ARQ,ARQ-012,ARQ-012-DEPENDENCY_INJECTION.md,1,76,CANONICO,cómo resolverlo,AUTORIDAD_ARQ,AUTORIDAD_PRIMARIA,VINCULADO
MEF-V3-DIC-0086,Datos y persistencia,ARQ,ARQ-004,ARQ-004-MODULES.md,1,500,CANONICO,Datos y persistencia,AUTORIDAD_ARQ,AUTORIDAD_PRIMARIA,VINCULADO
MEF-V3-DIC-0087,Definición de Module,ARQ,ARQ-004,ARQ-004-MODULES.md,1,85,CANONICO,Definición de Module,AUTORIDAD_ARQ,AUTORIDAD_PRIMARIA,VINCULADO
MEF-V3-DIC-0088,Dependencias circulares,ARQ,ARQ-004,ARQ-004-MODULES.md,2,592;611,CANONICO,Dependencias circulares,AUTORIDAD_ARQ,AUTORIDAD_PRIMARIA,VINCULADO
MEF-V3-DIC-0088,Dependencias circulares,ENG,ENG-001,ENG-001-ORGANIZACION_DEL_CODIGO.md,6,211;277;279;923;953;1007,ALIAS_PROVISIONAL;CANONICO,Dependencias circulares;dependencia circular,AUTORIDAD_ARQ,TRAZABILIDAD_SUBORDINADA,VINCULADO
MEF-V3-DIC-0088,Dependencias circulares,ENG,ENG-002,ENG-002-ESPECIFICACION_DE_MODULES.md,3,415;417;931,CANONICO,Dependencias circulares,AUTORIDAD_ARQ,TRAZABILIDAD_SUBORDINADA,VINCULADO
MEF-V3-DIC-0088,Dependencias circulares,ENG,ENG-004,ENG-004-CONVENCIONES.md,1,1333,ALIAS_PROVISIONAL,dependencia circular,AUTORIDAD_ARQ,TRAZABILIDAD_SUBORDINADA,VINCULADO
MEF-V3-DIC-0088,Dependencias circulares,ENG,ENG-011,ENG-011-CONFIGURATION_FILES.md,1,2127,ALIAS_PROVISIONAL,dependencia circular,AUTORIDAD_ARQ,TRAZABILIDAD_SUBORDINADA,VINCULADO
MEF-V3-DIC-0088,Dependencias circulares,ENG,ENG-018,ENG-018-DEPENDENCY_INJECTION.md,1,2657,CANONICO,Dependencias circulares,AUTORIDAD_ARQ,TRAZABILIDAD_SUBORDINADA,VINCULADO
MEF-V3-DIC-0088,Dependencias circulares,ENG,ENG-026,ENG-026-RUNTIME_PERFORMANCE_ENGINEERING.md,1,1641,CANONICO,Dependencias circulares,AUTORIDAD_ARQ,TRAZABILIDAD_SUBORDINADA,VINCULADO
MEF-V3-DIC-0088,Dependencias circulares,ENG,ENG-051,ENG-051-POLICY_ENGINEERING.md,1,2252,ALIAS_PROVISIONAL,dependencia circular,AUTORIDAD_ARQ,TRAZABILIDAD_SUBORDINADA,VINCULADO
MEF-V3-DIC-0089,Dependencias entre Modules,ARQ,ARQ-004,ARQ-004-MODULES.md,3,293;295;591,CANONICO,Dependencias entre Modules,AUTORIDAD_ARQ,AUTORIDAD_PRIMARIA,VINCULADO
MEF-V3-DIC-0089,Dependencias entre Modules,ENG,ENG-002,ENG-002-ESPECIFICACION_DE_MODULES.md,1,373,CANONICO,Dependencias entre Modules,AUTORIDAD_ARQ,TRAZABILIDAD_SUBORDINADA,VINCULADO
MEF-V3-DIC-0090,Dependencias permitidas,ARQ,ARQ-004,ARQ-004-MODULES.md,1,229,CANONICO,Dependencias permitidas,AUTORIDAD_ARQ,AUTORIDAD_PRIMARIA,VINCULADO
MEF-V3-DIC-0090,Dependencias permitidas,ENG,ENG-001,ENG-001-ORGANIZACION_DEL_CODIGO.md,1,812,CANONICO,Dependencias permitidas,AUTORIDAD_ARQ,TRAZABILIDAD_SUBORDINADA,VINCULADO
MEF-V3-DIC-0091,Dependencias prohibidas,ARQ,ARQ-004,ARQ-004-MODULES.md,1,251,CANONICO,Dependencias prohibidas,AUTORIDAD_ARQ,AUTORIDAD_PRIMARIA,VINCULADO
MEF-V3-DIC-0091,Dependencias prohibidas,ENG,ENG-001,ENG-001-ORGANIZACION_DEL_CODIGO.md,1,851,CANONICO,Dependencias prohibidas,AUTORIDAD_ARQ,TRAZABILIDAD_SUBORDINADA,VINCULADO
MEF-V3-DIC-0091,Dependencias prohibidas,ENG,ENG-012,ENG-012-BUILD_SYSTEM.md,1,365,CANONICO,Dependencias prohibidas,AUTORIDAD_ARQ,TRAZABILIDAD_SUBORDINADA,VINCULADO
MEF-V3-DIC-0091,Dependencias prohibidas,ENG,ENG-018,ENG-018-DEPENDENCY_INJECTION.md,1,2155,CANONICO,Dependencias prohibidas,AUTORIDAD_ARQ,TRAZABILIDAD_SUBORDINADA,VINCULADO
MEF-V3-DIC-0092,Dependency Injection,ARQ,ARQ-007,ARQ-007-SERVICE_CONTAINER.md,1,23,CANONICO,Dependency Injection,AUTORIDAD_ARQ,AUTORIDAD_PRIMARIA,VINCULADO
MEF-V3-DIC-0092,Dependency Injection,ARQ,ARQ-011,ARQ-011-CONTRACTS.md,1,283,CANONICO,Dependency Injection,AUTORIDAD_ARQ,AUTORIDAD_PRIMARIA,VINCULADO
MEF-V3-DIC-0092,Dependency Injection,ARQ,ARQ-012,ARQ-012-DEPENDENCY_INJECTION.md,17,3;7;20;29;39;41;47;57;70;101;113;176;215;234;244;250;256,CANONICO,Dependency Injection,AUTORIDAD_ARQ,AUTORIDAD_PRIMARIA,VINCULADO
MEF-V3-DIC-0092,Dependency Injection,ARQ,ARQ-013,ARQ-013-CONFIGURATION.md,3,268;278;315,CANONICO,Dependency Injection,AUTORIDAD_ARQ,AUTORIDAD_PRIMARIA,VINCULADO
MEF-V3-DIC-0092,Dependency Injection,ENG,ENG-004,ENG-004-CONVENCIONES.md,1,1575,CANONICO,Dependency Injection,AUTORIDAD_ARQ,TRAZABILIDAD_SUBORDINADA,VINCULADO
MEF-V3-DIC-0092,Dependency Injection,ENG,ENG-005,ENG-005-NOMENCLATURA.md,1,1750,CANONICO,Dependency Injection,AUTORIDAD_ARQ,TRAZABILIDAD_SUBORDINADA,VINCULADO
MEF-V3-DIC-0092,Dependency Injection,ENG,ENG-018,ENG-018-DEPENDENCY_INJECTION.md,18,3;34;47;57;105;107;129;134;149;2244;2540;2652;2864;2880;2923;2929;2999;3019,CANONICO,Dependency Injection,AUTORIDAD_ARQ,TRAZABILIDAD_SUBORDINADA,VINCULADO
MEF-V3-DIC-0092,Dependency Injection,ENG,ENG-019,ENG-019-SERVICE_CONTAINER.md,7,38;78;89;2632;2734;2790;2806,CANONICO,Dependency Injection,AUTORIDAD_ARQ,TRAZABILIDAD_SUBORDINADA,VINCULADO
MEF-V3-DIC-0092,Dependency Injection,ENG,ENG-020,ENG-020-REGISTRY_ENGINNEERING.md,4,2687;3186;3207;3228,CANONICO,Dependency Injection,AUTORIDAD_ARQ,TRAZABILIDAD_SUBORDINADA,VINCULADO
MEF-V3-DIC-0092,Dependency Injection,ENG,ENG-021,ENG-021-CONTRACTS_ENGINNEERING.md,8,143;1242;2476;2882;3198;3207;3270;3287,CANONICO,Dependency Injection,AUTORIDAD_ARQ,TRAZABILIDAD_SUBORDINADA,VINCULADO
MEF-V3-DIC-0092,Dependency Injection,ENG,ENG-022,ENG-022-EVENT_BUS_ENGINNEERING.md,5,837;3260;3412;3500;3519,CANONICO,Dependency Injection,AUTORIDAD_ARQ,TRAZABILIDAD_SUBORDINADA,VINCULADO
MEF-V3-DIC-0092,Dependency Injection,ENG,ENG-023,ENG-023-ERROR_HANDLING.md,4,3131;3289;3395;3413,CANONICO,Dependency Injection,AUTORIDAD_ARQ,TRAZABILIDAD_SUBORDINADA,VINCULADO
MEF-V3-DIC-0092,Dependency Injection,ENG,ENG-024,ENG-024-SECURITY_ENGINEERING.md,4,3816;4050;4126;4148,CANONICO,Dependency Injection,AUTORIDAD_ARQ,TRAZABILIDAD_SUBORDINADA,VINCULADO
MEF-V3-DIC-0092,Dependency Injection,ENG,ENG-025,ENG-025-OBSERVABILITY_ENGINEERING.md,3,2199;3032;3271,CANONICO,Dependency Injection,AUTORIDAD_ARQ,TRAZABILIDAD_SUBORDINADA,VINCULADO
MEF-V3-DIC-0092,Dependency Injection,ENG,ENG-026,ENG-026-RUNTIME_PERFORMANCE_ENGINEERING.md,2,3361;3542,CANONICO,Dependency Injection,AUTORIDAD_ARQ,TRAZABILIDAD_SUBORDINADA,VINCULADO
MEF-V3-DIC-0092,Dependency Injection,ENG,ENG-027,ENG-027-RUNTIME_ENGINEERING.md,4,3425;3507;3724;3769,CANONICO,Dependency Injection,AUTORIDAD_ARQ,TRAZABILIDAD_SUBORDINADA,VINCULADO
MEF-V3-DIC-0092,Dependency Injection,ENG,ENG-028,ENG-028-MODULE_ENGINEERING.md,1,3444,CANONICO,Dependency Injection,AUTORIDAD_ARQ,TRAZABILIDAD_SUBORDINADA,VINCULADO
MEF-V3-DIC-0092,Dependency Injection,ENG,ENG-029,ENG-029-EXTENSION_ENGINEERING.md,1,2641,CANONICO,Dependency Injection,AUTORIDAD_ARQ,TRAZABILIDAD_SUBORDINADA,VINCULADO
MEF-V3-DIC-0092,Dependency Injection,ENG,ENG-030,ENG-030-PERSISTENCE_ENGINEERING.md,2,2807;3086,CANONICO,Dependency Injection,AUTORIDAD_ARQ,TRAZABILIDAD_SUBORDINADA,VINCULADO
MEF-V3-DIC-0092,Dependency Injection,ENG,ENG-034,ENG-034-APPLICATION_ENGINEERING.md,2,2785;3037,CANONICO,Dependency Injection,AUTORIDAD_ARQ,TRAZABILIDAD_SUBORDINADA,VINCULADO
MEF-V3-DIC-0092,Dependency Injection,ENG,ENG-035,ENG-035-DOMAIN_ENGINEERING.md,2,3194;3538,CANONICO,Dependency Injection,AUTORIDAD_ARQ,TRAZABILIDAD_SUBORDINADA,VINCULADO
MEF-V3-DIC-0092,Dependency Injection,ENG,ENG-036,ENG-036-VALIDATION_ENGINEERING.md,1,2994,CANONICO,Dependency Injection,AUTORIDAD_ARQ,TRAZABILIDAD_SUBORDINADA,VINCULADO
MEF-V3-DIC-0092,Dependency Injection,ENG,ENG-037,ENG-037-CACHING_ENGINEERING.md,2,3000;3271,CANONICO,Dependency Injection,AUTORIDAD_ARQ,TRAZABILIDAD_SUBORDINADA,VINCULADO
MEF-V3-DIC-0092,Dependency Injection,ENG,ENG-038,ENG-038-CONCURRENCY_ENGINEERING.md,2,2541;3288,CANONICO,Dependency Injection,AUTORIDAD_ARQ,TRAZABILIDAD_SUBORDINADA,VINCULADO
MEF-V3-DIC-0092,Dependency Injection,ENG,ENG-039,ENG-039-RESILIENCE_ENGINEERING.md,2,1537;3193,CANONICO,Dependency Injection,AUTORIDAD_ARQ,TRAZABILIDAD_SUBORDINADA,VINCULADO
MEF-V3-DIC-0092,Dependency Injection,ENG,ENG-040,ENG-040-SCHEDULING_BACKGROUND_JOBS_ENGINEERING.md,2,3032;4181,CANONICO,Dependency Injection,AUTORIDAD_ARQ,TRAZABILIDAD_SUBORDINADA,VINCULADO
MEF-V3-DIC-0092,Dependency Injection,ENG,ENG-041,ENG-041-MESSAGING_ENGINEERING.md,2,2693;4142,CANONICO,Dependency Injection,AUTORIDAD_ARQ,TRAZABILIDAD_SUBORDINADA,VINCULADO
MEF-V3-DIC-0092,Dependency Injection,ENG,ENG-042,ENG-042-TRANSACTION_ENGINEERING.md,1,3391,CANONICO,Dependency Injection,AUTORIDAD_ARQ,TRAZABILIDAD_SUBORDINADA,VINCULADO
MEF-V3-DIC-0092,Dependency Injection,ENG,ENG-043,ENG-043-DATA_ACCESS_ENGINEERING.md,1,3621,CANONICO,Dependency Injection,AUTORIDAD_ARQ,TRAZABILIDAD_SUBORDINADA,VINCULADO
MEF-V3-DIC-0092,Dependency Injection,ENG,ENG-044,ENG-044-API_ENGINEERING.md,1,4216,CANONICO,Dependency Injection,AUTORIDAD_ARQ,TRAZABILIDAD_SUBORDINADA,VINCULADO
MEF-V3-DIC-0092,Dependency Injection,ENG,ENG-045,ENG-045-AUTHENTICATION_ENGINEERING.md,1,3902,CANONICO,Dependency Injection,AUTORIDAD_ARQ,TRAZABILIDAD_SUBORDINADA,VINCULADO
MEF-V3-DIC-0092,Dependency Injection,ENG,ENG-046,ENG-046-AUTHORIZATION_ENGINEERING.md,1,3973,CANONICO,Dependency Injection,AUTORIDAD_ARQ,TRAZABILIDAD_SUBORDINADA,VINCULADO
MEF-V3-DIC-0092,Dependency Injection,ENG,ENG-047,ENG-047-IDENTITY_ACCESS_MANAGEMENT_ENGINEERING.md,1,4034,CANONICO,Dependency Injection,AUTORIDAD_ARQ,TRAZABILIDAD_SUBORDINADA,VINCULADO
MEF-V3-DIC-0092,Dependency Injection,ENG,ENG-048,ENG-048-MULTI_TENANCY_ENGINEERING.md,1,3498,CANONICO,Dependency Injection,AUTORIDAD_ARQ,TRAZABILIDAD_SUBORDINADA,VINCULADO
MEF-V3-DIC-0092,Dependency Injection,ENG,ENG-049,ENG-049-CONFIGURATION_MANAGEMENT_ENGINEERING.md,1,3489,CANONICO,Dependency Injection,AUTORIDAD_ARQ,TRAZABILIDAD_SUBORDINADA,VINCULADO
MEF-V3-DIC-0092,Dependency Injection,ENG,ENG-050,ENG-050-FEATURE_MANAGEMENT_ENGINEERING.md,1,3035,CANONICO,Dependency Injection,AUTORIDAD_ARQ,TRAZABILIDAD_SUBORDINADA,VINCULADO
MEF-V3-DIC-0092,Dependency Injection,ENG,ENG-051,ENG-051-POLICY_ENGINEERING.md,1,3123,CANONICO,Dependency Injection,AUTORIDAD_ARQ,TRAZABILIDAD_SUBORDINADA,VINCULADO
MEF-V3-DIC-0092,Dependency Injection,ENG,ENG-052,ENG-052-WORKFLOW_ENGINEERING.md,1,3573,CANONICO,Dependency Injection,AUTORIDAD_ARQ,TRAZABILIDAD_SUBORDINADA,VINCULADO
MEF-V3-DIC-0092,Dependency Injection,ENG,ENG-053,ENG-053-STATE_MANAGEMENT_ENGINEERING.md,1,3154,CANONICO,Dependency Injection,AUTORIDAD_ARQ,TRAZABILIDAD_SUBORDINADA,VINCULADO
MEF-V3-DIC-0092,Dependency Injection,ENG,ENG-054,ENG-054-RESOURCE_MANAGEMENT_ENGINEERING.md,2,2282;3353,CANONICO,Dependency Injection,AUTORIDAD_ARQ,TRAZABILIDAD_SUBORDINADA,VINCULADO
MEF-V3-DIC-0092,Dependency Injection,ENG,ENG-055,ENG-055-LIFECYCLE_MANAGEMENT_ENGINEERING.md,2,1053;3359,CANONICO,Dependency Injection,AUTORIDAD_ARQ,TRAZABILIDAD_SUBORDINADA,VINCULADO
MEF-V3-DIC-0092,Dependency Injection,ENG,ENG-056,ENG-056-CONTEXT_MANAGEMENT_ENGINEERING.md,2,276;3125,CANONICO,Dependency Injection,AUTORIDAD_ARQ,TRAZABILIDAD_SUBORDINADA,VINCULADO
MEF-V3-DIC-0092,Dependency Injection,ENG,ENG-058,ENG-058-DISCOVERY_ENGINEERING.md,2,259;2111,CANONICO,Dependency Injection,AUTORIDAD_ARQ,TRAZABILIDAD_SUBORDINADA,VINCULADO
MEF-V3-DIC-0092,Dependency Injection,ENG,ENG-059,ENG-059-RESOLUTION_ENGINEERING.md,3,271;2145;2758,CANONICO,Dependency Injection,AUTORIDAD_ARQ,TRAZABILIDAD_SUBORDINADA,VINCULADO
MEF-V3-DIC-0092,Dependency Injection,ENG,ENG-060,ENG-060-PLUGIN_ENGINEERING.md,1,3261,CANONICO,Dependency Injection,AUTORIDAD_ARQ,TRAZABILIDAD_SUBORDINADA,VINCULADO
MEF-V3-DIC-0092,Dependency Injection,ENG,ENG-075,ENG-075-MAINTAINABILITY_ENGINEERING.md,4,716;1658;3095;3593,CANONICO,Dependency Injection,AUTORIDAD_ARQ,TRAZABILIDAD_SUBORDINADA,VINCULADO
MEF-V3-DIC-0093,Dependency Injection (DI),ARQ,ARQ-012,ARQ-012-DEPENDENCY_INJECTION.md,1,39,CANONICO,Dependency Injection (DI),AUTORIDAD_ARQ,AUTORIDAD_PRIMARIA,VINCULADO
MEF-V3-DIC-0093,Dependency Injection (DI),ENG,ENG-018,ENG-018-DEPENDENCY_INJECTION.md,1,57,CANONICO,Dependency Injection (DI),AUTORIDAD_ARQ,TRAZABILIDAD_SUBORDINADA,VINCULADO
MEF-V3-DIC-0094,DI-001,ARQ,ARQ-012,ARQ-012-DEPENDENCY_INJECTION.md,1,129,CANONICO,DI-001,AUTORIDAD_ARQ,AUTORIDAD_PRIMARIA,VINCULADO
MEF-V3-DIC-0094,DI-001,ENG,ENG-018,ENG-018-DEPENDENCY_INJECTION.md,3,564;1716;1737,CANONICO,DI-001,AUTORIDAD_ARQ,TRAZABILIDAD_SUBORDINADA,VINCULADO
MEF-V3-DIC-0094,DI-001,ENG,ENG-023,ENG-023-ERROR_HANDLING.md,1,434,CANONICO,DI-001,AUTORIDAD_ARQ,TRAZABILIDAD_SUBORDINADA,VINCULADO
MEF-V3-DIC-0095,DI-002,ARQ,ARQ-012,ARQ-012-DEPENDENCY_INJECTION.md,1,130,CANONICO,DI-002,AUTORIDAD_ARQ,AUTORIDAD_PRIMARIA,VINCULADO
MEF-V3-DIC-0095,DI-002,ENG,ENG-018,ENG-018-DEPENDENCY_INJECTION.md,2,1717;1763,CANONICO,DI-002,AUTORIDAD_ARQ,TRAZABILIDAD_SUBORDINADA,VINCULADO
MEF-V3-DIC-0096,DI-003,ARQ,ARQ-012,ARQ-012-DEPENDENCY_INJECTION.md,1,131,CANONICO,DI-003,AUTORIDAD_ARQ,AUTORIDAD_PRIMARIA,VINCULADO
MEF-V3-DIC-0096,DI-003,ENG,ENG-018,ENG-018-DEPENDENCY_INJECTION.md,2,1718;1784,CANONICO,DI-003,AUTORIDAD_ARQ,TRAZABILIDAD_SUBORDINADA,VINCULADO
MEF-V3-DIC-0097,DI-004,ARQ,ARQ-012,ARQ-012-DEPENDENCY_INJECTION.md,1,132,CANONICO,DI-004,AUTORIDAD_ARQ,AUTORIDAD_PRIMARIA,VINCULADO
MEF-V3-DIC-0097,DI-004,ENG,ENG-018,ENG-018-DEPENDENCY_INJECTION.md,1,1719,CANONICO,DI-004,AUTORIDAD_ARQ,TRAZABILIDAD_SUBORDINADA,VINCULADO
MEF-V3-DIC-0098,Dirección de dependencias,ARQ,ARQ-004,ARQ-004-MODULES.md,1,265,CANONICO,Dirección de dependencias,AUTORIDAD_ARQ,AUTORIDAD_PRIMARIA,VINCULADO
MEF-V3-DIC-0098,Dirección de dependencias,ENG,ENG-000,ENG-000-INGENIERIA_GENERAL.md,1,457,CANONICO,Dirección de dependencias,AUTORIDAD_ARQ,TRAZABILIDAD_SUBORDINADA,VINCULADO
MEF-V3-DIC-0098,Dirección de dependencias,ENG,ENG-001,ENG-001-ORGANIZACION_DEL_CODIGO.md,2,101;215,CANONICO,Dirección de dependencias,AUTORIDAD_ARQ,TRAZABILIDAD_SUBORDINADA,VINCULADO
MEF-V3-DIC-0098,Dirección de dependencias,ENG,ENG-006,ENG-006-ESTRUCTURA_DE_DIRECTORIOS.md,1,666,CANONICO,Dirección de dependencias,AUTORIDAD_ARQ,TRAZABILIDAD_SUBORDINADA,VINCULADO
MEF-V3-DIC-0098,Dirección de dependencias,ENG,ENG-035,ENG-035-DOMAIN_ENGINEERING.md,1,3402,CANONICO,Dirección de dependencias,AUTORIDAD_ARQ,TRAZABILIDAD_SUBORDINADA,VINCULADO
MEF-V3-DIC-0099,Duplicación transversal,ARQ,ARQ-004,ARQ-004-MODULES.md,1,615,CANONICO,Duplicación transversal,AUTORIDAD_ARQ,AUTORIDAD_PRIMARIA,VINCULADO
MEF-V3-DIC-0100,El Package,ARQ,ARQ-017,ARQ-017-PACKAGING.md,2,101;263,CANONICO,El Package,AUTORIDAD_ARQ,AUTORIDAD_PRIMARIA,VINCULADO
MEF-V3-DIC-0100,El Package,ENG,ENG-002,ENG-002-ESPECIFICACION_DE_MODULES.md,1,869,CANONICO,El Package,AUTORIDAD_ARQ,TRAZABILIDAD_SUBORDINADA,VINCULADO
MEF-V3-DIC-0100,El Package,ENG,ENG-003,ENG-003-MANIFEST.md,3,752;1201;1246,CANONICO,El Package,AUTORIDAD_ARQ,TRAZABILIDAD_SUBORDINADA,VINCULADO
MEF-V3-DIC-0100,El Package,ENG,ENG-008,ENG-008-GENERADORES.md,1,1427,CANONICO,El Package,AUTORIDAD_ARQ,TRAZABILIDAD_SUBORDINADA,VINCULADO
MEF-V3-DIC-0100,El Package,ENG,ENG-013,ENG-013-PACKAGE_MANAGER.md,33,56;75;112;212;375;448;521;563;665;727;834;889;1042;1114;1270;1321;1343;1376;1425;2120;2160;2334;2382;2401;2569;2597;2618;2679;2716;2766;2768;2772;2945,CANONICO,El Package,AUTORIDAD_ARQ,TRAZABILIDAD_SUBORDINADA,VINCULADO
MEF-V3-DIC-0100,El Package,ENG,ENG-015,ENG-015-ARCHITECTURAL_STATE_MACHINE.md,2,986;3029,CANONICO,El Package,AUTORIDAD_ARQ,TRAZABILIDAD_SUBORDINADA,VINCULADO
MEF-V3-DIC-0100,El Package,ENG,ENG-019,ENG-019-SERVICE_CONTAINER.md,1,92,CANONICO,El Package,AUTORIDAD_ARQ,TRAZABILIDAD_SUBORDINADA,VINCULADO
MEF-V3-DIC-0100,El Package,ENG,ENG-020,ENG-020-REGISTRY_ENGINNEERING.md,1,185,CANONICO,El Package,AUTORIDAD_ARQ,TRAZABILIDAD_SUBORDINADA,VINCULADO
MEF-V3-DIC-0100,El Package,ENG,ENG-024,ENG-024-SECURITY_ENGINEERING.md,2,1210;3669,CANONICO,El Package,AUTORIDAD_ARQ,TRAZABILIDAD_SUBORDINADA,VINCULADO
MEF-V3-DIC-0100,El Package,ENG,ENG-028,ENG-028-MODULE_ENGINEERING.md,1,2462,CANONICO,El Package,AUTORIDAD_ARQ,TRAZABILIDAD_SUBORDINADA,VINCULADO
MEF-V3-DIC-0100,El Package,ENG,ENG-036,ENG-036-VALIDATION_ENGINEERING.md,1,2527,CANONICO,El Package,AUTORIDAD_ARQ,TRAZABILIDAD_SUBORDINADA,VINCULADO
MEF-V3-DIC-0100,El Package,ENG,ENG-094,ENG-094-DATA_PORTABILITY_ENGINEERING.md,2,557;1076,CANONICO,El Package,AUTORIDAD_ARQ,TRAZABILIDAD_SUBORDINADA,VINCULADO
MEF-V3-DIC-0101,El Packaging,ARQ,ARQ-017,ARQ-017-PACKAGING.md,4,43;61;74;292,CANONICO,El Packaging,AUTORIDAD_ARQ,AUTORIDAD_PRIMARIA,VINCULADO
MEF-V3-DIC-0101,El Packaging,ENG,ENG-003,ENG-003-MANIFEST.md,1,1134,CANONICO,El Packaging,AUTORIDAD_ARQ,TRAZABILIDAD_SUBORDINADA,VINCULADO
MEF-V3-DIC-0102,El paquete,ARQ,ARQ-017,ARQ-017-PACKAGING.md,1,51,CANONICO,El paquete,AUTORIDAD_ARQ,AUTORIDAD_PRIMARIA,VINCULADO
MEF-V3-DIC-0103,El Template Engine,ARQ,ARQ-010,ARQ-010-TEMPLATE_ENGINE.md,10,38;40;52;65;107;131;216;234;262;274,CANONICO,El Template Engine,AUTORIDAD_ARQ,AUTORIDAD_PRIMARIA,VINCULADO
MEF-V3-DIC-0103,El Template Engine,ENG,ENG-005,ENG-005-NOMENCLATURA.md,1,1535,CANONICO,El Template Engine,AUTORIDAD_ARQ,TRAZABILIDAD_SUBORDINADA,VINCULADO
MEF-V3-DIC-0103,El Template Engine,ENG,ENG-006,ENG-006-ESTRUCTURA_DE_DIRECTORIOS.md,1,621,CANONICO,El Template Engine,AUTORIDAD_ARQ,TRAZABILIDAD_SUBORDINADA,VINCULADO
MEF-V3-DIC-0103,El Template Engine,ENG,ENG-008,ENG-008-GENERADORES.md,2,152;916,CANONICO,El Template Engine,AUTORIDAD_ARQ,TRAZABILIDAD_SUBORDINADA,VINCULADO
MEF-V3-DIC-0104,Esta estructura,ARQ,ARQ-004,ARQ-004-MODULES.md,1,155,CANONICO,Esta estructura,AUTORIDAD_ARQ,AUTORIDAD_PRIMARIA,VINCULADO
MEF-V3-DIC-0104,Esta estructura,ENG,ENG-002,ENG-002-ESPECIFICACION_DE_MODULES.md,1,892,CANONICO,Esta estructura,AUTORIDAD_ARQ,TRAZABILIDAD_SUBORDINADA,VINCULADO
MEF-V3-DIC-0104,Esta estructura,ENG,ENG-006,ENG-006-ESTRUCTURA_DE_DIRECTORIOS.md,1,1563,CANONICO,Esta estructura,AUTORIDAD_ARQ,TRAZABILIDAD_SUBORDINADA,VINCULADO
MEF-V3-DIC-0105,Estrategias,ARQ,ARQ-004,ARQ-004-MODULES.md,1,434,CANONICO,Estrategias,AUTORIDAD_ARQ,AUTORIDAD_PRIMARIA,VINCULADO
MEF-V3-DIC-0105,Estrategias,ARQ,ARQ-012,ARQ-012-DEPENDENCY_INJECTION.md,2,123;125,CANONICO,Estrategias,AUTORIDAD_ARQ,AUTORIDAD_PRIMARIA,VINCULADO
MEF-V3-DIC-0105,Estrategias,ARQ,ARQ-013,ARQ-013-CONFIGURATION.md,3,41;115;153,CANONICO,Estrategias,AUTORIDAD_ARQ,AUTORIDAD_PRIMARIA,VINCULADO
MEF-V3-DIC-0105,Estrategias,ENG,ENG-000,ENG-000-INGENIERIA_GENERAL.md,2,184;801,CANONICO,Estrategias,AUTORIDAD_ARQ,TRAZABILIDAD_SUBORDINADA,VINCULADO
MEF-V3-DIC-0105,Estrategias,ENG,ENG-018,ENG-018-DEPENDENCY_INJECTION.md,1,1521,CANONICO,Estrategias,AUTORIDAD_ARQ,TRAZABILIDAD_SUBORDINADA,VINCULADO
MEF-V3-DIC-0105,Estrategias,ENG,ENG-030,ENG-030-PERSISTENCE_ENGINEERING.md,1,2675,CANONICO,Estrategias,AUTORIDAD_ARQ,TRAZABILIDAD_SUBORDINADA,VINCULADO
MEF-V3-DIC-0105,Estrategias,ENG,ENG-031,ENG-031-SERIALIZATION_ENGINEERING.md,1,568,CANONICO,Estrategias,AUTORIDAD_ARQ,TRAZABILIDAD_SUBORDINADA,VINCULADO
MEF-V3-DIC-0105,Estrategias,ENG,ENG-039,ENG-039-RESILIENCE_ENGINEERING.md,1,171,CANONICO,Estrategias,AUTORIDAD_ARQ,TRAZABILIDAD_SUBORDINADA,VINCULADO
MEF-V3-DIC-0105,Estrategias,ENG,ENG-048,ENG-048-MULTI_TENANCY_ENGINEERING.md,3,876;1595;2942,CANONICO,Estrategias,AUTORIDAD_ARQ,TRAZABILIDAD_SUBORDINADA,VINCULADO
MEF-V3-DIC-0105,Estrategias,ENG,ENG-070,ENG-070-PERFORMANCE_ENGINEERING.md,1,2643,CANONICO,Estrategias,AUTORIDAD_ARQ,TRAZABILIDAD_SUBORDINADA,VINCULADO
MEF-V3-DIC-0105,Estrategias,ENG,ENG-076,ENG-076-RECOVERABILITY_ENGINEERING.md,2,440;3261,CANONICO,Estrategias,AUTORIDAD_ARQ,TRAZABILIDAD_SUBORDINADA,VINCULADO
MEF-V3-DIC-0105,Estrategias,ENG,ENG-097,ENG-097-DATA_PARTITIONING_SHARDING_ENGINEERING.md,1,356,CANONICO,Estrategias,AUTORIDAD_ARQ,TRAZABILIDAD_SUBORDINADA,VINCULADO
MEF-V3-DIC-0106,Evolución,ARQ,ARQ-004,ARQ-004-MODULES.md,5,48;78;613;674;698,CANONICO,Evolución,AUTORIDAD_ARQ,AUTORIDAD_PRIMARIA,VINCULADO
MEF-V3-DIC-0106,Evolución,ARQ,ARQ-011,ARQ-011-CONTRACTS.md,2,67;274,CANONICO,Evolución,AUTORIDAD_ARQ,AUTORIDAD_PRIMARIA,VINCULADO
MEF-V3-DIC-0106,Evolución,ARQ,ARQ-012,ARQ-012-DEPENDENCY_INJECTION.md,1,250,CANONICO,Evolución,AUTORIDAD_ARQ,AUTORIDAD_PRIMARIA,VINCULADO
MEF-V3-DIC-0106,Evolución,ARQ,ARQ-013,ARQ-013-CONFIGURATION.md,1,68,CANONICO,Evolución,AUTORIDAD_ARQ,AUTORIDAD_PRIMARIA,VINCULADO
MEF-V3-DIC-0106,Evolución,ENG,ENG-000,ENG-000-INGENIERIA_GENERAL.md,2,792;805,CANONICO,Evolución,AUTORIDAD_ARQ,TRAZABILIDAD_SUBORDINADA,VINCULADO
MEF-V3-DIC-0106,Evolución,ENG,ENG-001,ENG-001-ORGANIZACION_DEL_CODIGO.md,2,91;439,CANONICO,Evolución,AUTORIDAD_ARQ,TRAZABILIDAD_SUBORDINADA,VINCULADO
MEF-V3-DIC-0106,Evolución,ENG,ENG-002,ENG-002-ESPECIFICACION_DE_MODULES.md,2,1030;1034,CANONICO,Evolución,AUTORIDAD_ARQ,TRAZABILIDAD_SUBORDINADA,VINCULADO
MEF-V3-DIC-0106,Evolución,ENG,ENG-003,ENG-003-MANIFEST.md,2,1029;1057,CANONICO,Evolución,AUTORIDAD_ARQ,TRAZABILIDAD_SUBORDINADA,VINCULADO
MEF-V3-DIC-0106,Evolución,ENG,ENG-004,ENG-004-CONVENCIONES.md,3,59;1343;1438,CANONICO,Evolución,AUTORIDAD_ARQ,TRAZABILIDAD_SUBORDINADA,VINCULADO
MEF-V3-DIC-0106,Evolución,ENG,ENG-005,ENG-005-NOMENCLATURA.md,1,1820,CANONICO,Evolución,AUTORIDAD_ARQ,TRAZABILIDAD_SUBORDINADA,VINCULADO
MEF-V3-DIC-0106,Evolución,ENG,ENG-006,ENG-006-ESTRUCTURA_DE_DIRECTORIOS.md,1,913,CANONICO,Evolución,AUTORIDAD_ARQ,TRAZABILIDAD_SUBORDINADA,VINCULADO
MEF-V3-DIC-0106,Evolución,ENG,ENG-009,ENG-009-TESTING.md,1,99,CANONICO,Evolución,AUTORIDAD_ARQ,TRAZABILIDAD_SUBORDINADA,VINCULADO
MEF-V3-DIC-0106,Evolución,ENG,ENG-014,ENG-014-VERSIONADO.md,9,70;406;517;643;1258;2272;2326;2382;2668,CANONICO,Evolución,AUTORIDAD_ARQ,TRAZABILIDAD_SUBORDINADA,VINCULADO
MEF-V3-DIC-0106,Evolución,ENG,ENG-016,ENG-016-COMPATIBILITY.md,1,3228,CANONICO,Evolución,AUTORIDAD_ARQ,TRAZABILIDAD_SUBORDINADA,VINCULADO
MEF-V3-DIC-0106,Evolución,ENG,ENG-017,ENG-017-RELEASE_PROCESS.md,1,3195,CANONICO,Evolución,AUTORIDAD_ARQ,TRAZABILIDAD_SUBORDINADA,VINCULADO
MEF-V3-DIC-0106,Evolución,ENG,ENG-021,ENG-021-CONTRACTS_ENGINNEERING.md,6,145;262;1635;2856;2932;3165,CANONICO,Evolución,AUTORIDAD_ARQ,TRAZABILIDAD_SUBORDINADA,VINCULADO
MEF-V3-DIC-0106,Evolución,ENG,ENG-022,ENG-022-EVENT_BUS_ENGINNEERING.md,2,732;3480,CANONICO,Evolución,AUTORIDAD_ARQ,TRAZABILIDAD_SUBORDINADA,VINCULADO
MEF-V3-DIC-0106,Evolución,ENG,ENG-028,ENG-028-MODULE_ENGINEERING.md,2,3060;3158,CANONICO,Evolución,AUTORIDAD_ARQ,TRAZABILIDAD_SUBORDINADA,VINCULADO
MEF-V3-DIC-0106,Evolución,ENG,ENG-030,ENG-030-PERSISTENCE_ENGINEERING.md,1,2990,CANONICO,Evolución,AUTORIDAD_ARQ,TRAZABILIDAD_SUBORDINADA,VINCULADO
MEF-V3-DIC-0106,Evolución,ENG,ENG-031,ENG-031-SERIALIZATION_ENGINEERING.md,2,1385;2859,CANONICO,Evolución,AUTORIDAD_ARQ,TRAZABILIDAD_SUBORDINADA,VINCULADO
MEF-V3-DIC-0106,Evolución,ENG,ENG-033,ENG-033-INTERFACE_ENGINEERING.md,2,1298;1420,CANONICO,Evolución,AUTORIDAD_ARQ,TRAZABILIDAD_SUBORDINADA,VINCULADO
MEF-V3-DIC-0106,Evolución,ENG,ENG-035,ENG-035-DOMAIN_ENGINEERING.md,1,3033,CANONICO,Evolución,AUTORIDAD_ARQ,TRAZABILIDAD_SUBORDINADA,VINCULADO
MEF-V3-DIC-0106,Evolución,ENG,ENG-044,ENG-044-API_ENGINEERING.md,4,3647;3902;3971;4047,CANONICO,Evolución,AUTORIDAD_ARQ,TRAZABILIDAD_SUBORDINADA,VINCULADO
MEF-V3-DIC-0106,Evolución,ENG,ENG-045,ENG-045-AUTHENTICATION_ENGINEERING.md,3,552;3269;3534,CANONICO,Evolución,AUTORIDAD_ARQ,TRAZABILIDAD_SUBORDINADA,VINCULADO
MEF-V3-DIC-0106,Evolución,ENG,ENG-053,ENG-053-STATE_MANAGEMENT_ENGINEERING.md,1,2577,CANONICO,Evolución,AUTORIDAD_ARQ,TRAZABILIDAD_SUBORDINADA,VINCULADO
MEF-V3-DIC-0106,Evolución,ENG,ENG-057,ENG-057-METADATA_ENGINEERING.md,1,2952,CANONICO,Evolución,AUTORIDAD_ARQ,TRAZABILIDAD_SUBORDINADA,VINCULADO
MEF-V3-DIC-0106,Evolución,ENG,ENG-061,ENG-061-INTEROPERABILITY_ENGINEERING.md,1,487,CANONICO,Evolución,AUTORIDAD_ARQ,TRAZABILIDAD_SUBORDINADA,VINCULADO
MEF-V3-DIC-0106,Evolución,ENG,ENG-062,ENG-062-SCHEMA_ENGINEERING.md,6,167;264;393;2788;2818;2880,CANONICO,Evolución,AUTORIDAD_ARQ,TRAZABILIDAD_SUBORDINADA,VINCULADO
MEF-V3-DIC-0106,Evolución,ENG,ENG-075,ENG-075-MAINTAINABILITY_ENGINEERING.md,1,298,CANONICO,Evolución,AUTORIDAD_ARQ,TRAZABILIDAD_SUBORDINADA,VINCULADO
MEF-V3-DIC-0106,Evolución,ENG,ENG-079,ENG-079-DATA_INTEGRITY_ENGINEERING.md,1,1702,CANONICO,Evolución,AUTORIDAD_ARQ,TRAZABILIDAD_SUBORDINADA,VINCULADO
MEF-V3-DIC-0106,Evolución,ENG,ENG-082,ENG-082-DATA_PRIVACY_ENGINEERING.md,1,3295,CANONICO,Evolución,AUTORIDAD_ARQ,TRAZABILIDAD_SUBORDINADA,VINCULADO
MEF-V3-DIC-0106,Evolución,FND,FND-000,FND-000-Carta_del_Proyecto.md,6,39;99;107;192;212;220,CANONICO,Evolución,AUTORIDAD_ARQ,TRAZABILIDAD_SUPERIOR,VINCULADO
MEF-V3-DIC-0106,Evolución,FND,FND-001,FND-001-VISION.md,4,38;66;107;111,CANONICO,Evolución,AUTORIDAD_ARQ,TRAZABILIDAD_SUPERIOR,VINCULADO
MEF-V3-DIC-0106,Evolución,FND,FND-002,FND-02-MISION.md,4,37;67;113;138,CANONICO,Evolución,AUTORIDAD_ARQ,TRAZABILIDAD_SUPERIOR,VINCULADO
MEF-V3-DIC-0107,Filosofía,ARQ,ARQ-010,ARQ-010-TEMPLATE_ENGINE.md,1,76,CANONICO,Filosofía,AUTORIDAD_ARQ,AUTORIDAD_PRIMARIA,VINCULADO
MEF-V3-DIC-0107,Filosofía,ARQ,ARQ-011,ARQ-011-CONTRACTS.md,1,72,CANONICO,Filosofía,AUTORIDAD_ARQ,AUTORIDAD_PRIMARIA,VINCULADO
MEF-V3-DIC-0107,Filosofía,ARQ,ARQ-012,ARQ-012-DEPENDENCY_INJECTION.md,1,68,CANONICO,Filosofía,AUTORIDAD_ARQ,AUTORIDAD_PRIMARIA,VINCULADO
MEF-V3-DIC-0107,Filosofía,ARQ,ARQ-013,ARQ-013-CONFIGURATION.md,1,72,CANONICO,Filosofía,AUTORIDAD_ARQ,AUTORIDAD_PRIMARIA,VINCULADO
MEF-V3-DIC-0107,Filosofía,ARQ,ARQ-017,ARQ-017-PACKAGING.md,1,72,CANONICO,Filosofía,AUTORIDAD_ARQ,AUTORIDAD_PRIMARIA,VINCULADO
MEF-V3-DIC-0107,Filosofía,ENG,ENG-007,ENG-007-CLI.md,1,139,CANONICO,Filosofía,AUTORIDAD_ARQ,TRAZABILIDAD_SUBORDINADA,VINCULADO
MEF-V3-DIC-0107,Filosofía,ENG,ENG-008,ENG-008-GENERADORES.md,1,98,CANONICO,Filosofía,AUTORIDAD_ARQ,TRAZABILIDAD_SUBORDINADA,VINCULADO
MEF-V3-DIC-0107,Filosofía,ENG,ENG-012,ENG-012-BUILD_SYSTEM.md,1,1845,CANONICO,Filosofía,AUTORIDAD_ARQ,TRAZABILIDAD_SUBORDINADA,VINCULADO
MEF-V3-DIC-0107,Filosofía,FND,FND-009,FND-09-FILOSOFIA_DE_DISENO.md,1,3,CANONICO,Filosofía,AUTORIDAD_ARQ,TRAZABILIDAD_SUPERIOR,VINCULADO
MEF-V3-DIC-0108,Flujo de Generación,ARQ,ARQ-010,ARQ-010-TEMPLATE_ENGINE.md,1,173,CANONICO,Flujo de Generación,AUTORIDAD_ARQ,AUTORIDAD_PRIMARIA,VINCULADO
MEF-V3-DIC-0109,ID,ARQ,ARQ-000,ARQ-000-ARQUITECTURA_GENERAL.md,1,2,CANONICO,ID,AUTORIDAD_ARQ,AUTORIDAD_PRIMARIA,VINCULADO
MEF-V3-DIC-0109,ID,ARQ,ARQ-001,ARQ-001-VISION_ARQUITECTONICA.md,1,2,CANONICO,ID,AUTORIDAD_ARQ,AUTORIDAD_PRIMARIA,VINCULADO
MEF-V3-DIC-0109,ID,ARQ,ARQ-002,ARQ-002-CORE.md,1,2,CANONICO,ID,AUTORIDAD_ARQ,AUTORIDAD_PRIMARIA,VINCULADO
MEF-V3-DIC-0109,ID,ARQ,ARQ-003,ARQ-003-PLATFORM.md,1,2,CANONICO,ID,AUTORIDAD_ARQ,AUTORIDAD_PRIMARIA,VINCULADO
MEF-V3-DIC-0109,ID,ARQ,ARQ-004,ARQ-004-MODULES.md,3,2;490;586,CANONICO,ID,AUTORIDAD_ARQ,AUTORIDAD_PRIMARIA,VINCULADO
MEF-V3-DIC-0109,ID,ARQ,ARQ-005,ARQ-005-KERNEL.md,1,2,CANONICO,ID,AUTORIDAD_ARQ,AUTORIDAD_PRIMARIA,VINCULADO
MEF-V3-DIC-0109,ID,ARQ,ARQ-006,ARQ-006-REGISTRY.md,1,2,CANONICO,ID,AUTORIDAD_ARQ,AUTORIDAD_PRIMARIA,VINCULADO
MEF-V3-DIC-0109,ID,ARQ,ARQ-007,ARQ-007-SERVICE_CONTAINER.md,1,2,CANONICO,ID,AUTORIDAD_ARQ,AUTORIDAD_PRIMARIA,VINCULADO
MEF-V3-DIC-0109,ID,ARQ,ARQ-008,ARQ-008-EVENT_BUS.md,1,2,CANONICO,ID,AUTORIDAD_ARQ,AUTORIDAD_PRIMARIA,VINCULADO
MEF-V3-DIC-0109,ID,ARQ,ARQ-009,ARQ-009-BUILDERS.md,1,2,CANONICO,ID,AUTORIDAD_ARQ,AUTORIDAD_PRIMARIA,VINCULADO
MEF-V3-DIC-0109,ID,ARQ,ARQ-010,ARQ-010-TEMPLATE_ENGINE.md,2,2;209,CANONICO,ID,AUTORIDAD_ARQ,AUTORIDAD_PRIMARIA,VINCULADO
MEF-V3-DIC-0109,ID,ARQ,ARQ-011,ARQ-011-CONTRACTS.md,3,2;130;203,CANONICO,ID,AUTORIDAD_ARQ,AUTORIDAD_PRIMARIA,VINCULADO
MEF-V3-DIC-0109,ID,ARQ,ARQ-012,ARQ-012-DEPENDENCY_INJECTION.md,3,2;127;190,CANONICO,ID,AUTORIDAD_ARQ,AUTORIDAD_PRIMARIA,VINCULADO
MEF-V3-DIC-0109,ID,ARQ,ARQ-013,ARQ-013-CONFIGURATION.md,3,2;137;221,CANONICO,ID,AUTORIDAD_ARQ,AUTORIDAD_PRIMARIA,VINCULADO
MEF-V3-DIC-0109,ID,ARQ,ARQ-014,ARQ-014-FRAMEWORK_LIFECYCLE.md,1,2,CANONICO,ID,AUTORIDAD_ARQ,AUTORIDAD_PRIMARIA,VINCULADO
MEF-V3-DIC-0109,ID,ARQ,ARQ-015,ARQ-015-EXTENSION_MODEL.md,1,2,CANONICO,ID,AUTORIDAD_ARQ,AUTORIDAD_PRIMARIA,VINCULADO
MEF-V3-DIC-0109,ID,ARQ,ARQ-016,ARQ-016-SECURITY.md,1,2,CANONICO,ID,AUTORIDAD_ARQ,AUTORIDAD_PRIMARIA,VINCULADO
MEF-V3-DIC-0109,ID,ARQ,ARQ-017,ARQ-017-PACKAGING.md,2,2;209,CANONICO,ID,AUTORIDAD_ARQ,AUTORIDAD_PRIMARIA,VINCULADO
MEF-V3-DIC-0109,ID,ENG,ENG-000,ENG-000-INGENIERIA_GENERAL.md,2,2;732,CANONICO,ID,AUTORIDAD_ARQ,TRAZABILIDAD_SUBORDINADA,VINCULADO
MEF-V3-DIC-0109,ID,ENG,ENG-001,ENG-001-ORGANIZACION_DEL_CODIGO.md,2,2;949,CANONICO,ID,AUTORIDAD_ARQ,TRAZABILIDAD_SUBORDINADA,VINCULADO
MEF-V3-DIC-0109,ID,ENG,ENG-002,ENG-002-ESPECIFICACION_DE_MODULES.md,4,2;149;206;923,CANONICO,ID,AUTORIDAD_ARQ,TRAZABILIDAD_SUBORDINADA,VINCULADO
MEF-V3-DIC-0109,ID,ENG,ENG-003,ENG-003-MANIFEST.md,13,2;251;255;302;795;813;839;966;1015;1267;1284;1310;1363,CANONICO,ID,AUTORIDAD_ARQ,TRAZABILIDAD_SUBORDINADA,VINCULADO
MEF-V3-DIC-0109,ID,ENG,ENG-004,ENG-004-CONVENCIONES.md,5,2;314;794;883;1369,CANONICO,ID,AUTORIDAD_ARQ,TRAZABILIDAD_SUBORDINADA,VINCULADO
MEF-V3-DIC-0109,ID,ENG,ENG-005,ENG-005-NOMENCLATURA.md,9,2;258;1102;1278;1774;1784;2300;2304;2387,CANONICO,ID,AUTORIDAD_ARQ,TRAZABILIDAD_SUBORDINADA,VINCULADO
MEF-V3-DIC-0109,ID,ENG,ENG-006,ENG-006-ESTRUCTURA_DE_DIRECTORIOS.md,2,2;1463,CANONICO,ID,AUTORIDAD_ARQ,TRAZABILIDAD_SUBORDINADA,VINCULADO
MEF-V3-DIC-0109,ID,ENG,ENG-007,ENG-007-CLI.md,6,2;317;371;372;444;1426,CANONICO,ID,AUTORIDAD_ARQ,TRAZABILIDAD_SUBORDINADA,VINCULADO
MEF-V3-DIC-0109,ID,ENG,ENG-008,ENG-008-GENERADORES.md,8,2;192;345;486;1059;1249;1360;1394,CANONICO,ID,AUTORIDAD_ARQ,TRAZABILIDAD_SUBORDINADA,VINCULADO
MEF-V3-DIC-0109,ID,ENG,ENG-009,ENG-009-TESTING.md,9,2;158;1282;1467;1536;1537;1539;1621;1636,CANONICO,ID,AUTORIDAD_ARQ,TRAZABILIDAD_SUBORDINADA,VINCULADO
MEF-V3-DIC-0109,ID,ENG,ENG-010,ENG-010-LOGGING.md,9,2;190;196;197;463;472;504;757;1643,CANONICO,ID,AUTORIDAD_ARQ,TRAZABILIDAD_SUBORDINADA,VINCULADO
MEF-V3-DIC-0109,ID,ENG,ENG-011,ENG-011-CONFIGURATION_FILES.md,5,2;132;133;257;2275,CANONICO,ID,AUTORIDAD_ARQ,TRAZABILIDAD_SUBORDINADA,VINCULADO
MEF-V3-DIC-0109,ID,ENG,ENG-012,ENG-012-BUILD_SYSTEM.md,7,2;607;628;631;634;1679;1697,CANONICO,ID,AUTORIDAD_ARQ,TRAZABILIDAD_SUBORDINADA,VINCULADO
MEF-V3-DIC-0109,ID,ENG,ENG-013,ENG-013-PACKAGE_MANAGER.md,5,2;322;1395;2458;2753,CANONICO,ID,AUTORIDAD_ARQ,TRAZABILIDAD_SUBORDINADA,VINCULADO
MEF-V3-DIC-0109,ID,ENG,ENG-014,ENG-014-VERSIONADO.md,8,2;483;2159;2372;2378;2392;2462;2575,CANONICO,ID,AUTORIDAD_ARQ,TRAZABILIDAD_SUBORDINADA,VINCULADO
MEF-V3-DIC-0109,ID,ENG,ENG-015,ENG-015-ARCHITECTURAL_STATE_MACHINE.md,2,2;2775,CANONICO,ID,AUTORIDAD_ARQ,TRAZABILIDAD_SUBORDINADA,VINCULADO
MEF-V3-DIC-0109,ID,ENG,ENG-016,ENG-016-COMPATIBILITY.md,3,2;583;2879,CANONICO,ID,AUTORIDAD_ARQ,TRAZABILIDAD_SUBORDINADA,VINCULADO
MEF-V3-DIC-0109,ID,ENG,ENG-017,ENG-017-RELEASE_PROCESS.md,5,2;215;2922;3076;3083,CANONICO,ID,AUTORIDAD_ARQ,TRAZABILIDAD_SUBORDINADA,VINCULADO
MEF-V3-DIC-0109,ID,ENG,ENG-018,ENG-018-DEPENDENCY_INJECTION.md,4,2;881;1188;2649,CANONICO,ID,AUTORIDAD_ARQ,TRAZABILIDAD_SUBORDINADA,VINCULADO
MEF-V3-DIC-0109,ID,ENG,ENG-019,ENG-019-SERVICE_CONTAINER.md,2,2;2411,CANONICO,ID,AUTORIDAD_ARQ,TRAZABILIDAD_SUBORDINADA,VINCULADO
MEF-V3-DIC-0109,ID,ENG,ENG-020,ENG-020-REGISTRY_ENGINNEERING.md,22,2;273;638;763;834;893;981;1114;1614;1616;1620;2195;2397;2468;2470;2471;2544;2546;2548;2603;2820;2973,CANONICO,ID,AUTORIDAD_ARQ,TRAZABILIDAD_SUBORDINADA,VINCULADO
MEF-V3-DIC-0109,ID,ENG,ENG-021,ENG-021-CONTRACTS_ENGINNEERING.md,18,2;215;220;227;233;239;350;438;659;929;1461;2083;2422;2805;2843;2873;2926;3001,CANONICO,ID,AUTORIDAD_ARQ,TRAZABILIDAD_SUBORDINADA,VINCULADO
MEF-V3-DIC-0109,ID,ENG,ENG-022,ENG-022-EVENT_BUS_ENGINNEERING.md,11,2;262;267;273;311;622;1605;2591;2705;2963;2966,CANONICO,ID,AUTORIDAD_ARQ,TRAZABILIDAD_SUBORDINADA,VINCULADO
MEF-V3-DIC-0109,ID,ENG,ENG-023,ENG-023-ERROR_HANDLING.md,5,2;2411;2429;2444;2903,CANONICO,ID,AUTORIDAD_ARQ,TRAZABILIDAD_SUBORDINADA,VINCULADO
MEF-V3-DIC-0109,ID,ENG,ENG-024,ENG-024-SECURITY_ENGINEERING.md,8,2;2499;3078;3079;3081;3082;3083;3655,CANONICO,ID,AUTORIDAD_ARQ,TRAZABILIDAD_SUBORDINADA,VINCULADO
MEF-V3-DIC-0109,ID,ENG,ENG-025,ENG-025-OBSERVABILITY_ENGINEERING.md,15,2;362;388;390;448;480;486;492;502;1247;1357;2501;2861;2868;2982,CANONICO,ID,AUTORIDAD_ARQ,TRAZABILIDAD_SUBORDINADA,VINCULADO
MEF-V3-DIC-0109,ID,ENG,ENG-026,ENG-026-RUNTIME_PERFORMANCE_ENGINEERING.md,6,29;788;842;2262;2323;3166,CANONICO,ID,AUTORIDAD_ARQ,TRAZABILIDAD_SUBORDINADA,VINCULADO
MEF-V3-DIC-0109,ID,ENG,ENG-027,ENG-027-RUNTIME_ENGINEERING.md,9,2;562;571;1636;1642;1655;2196;2250;3262,CANONICO,ID,AUTORIDAD_ARQ,TRAZABILIDAD_SUBORDINADA,VINCULADO
MEF-V3-DIC-0109,ID,ENG,ENG-028,ENG-028-MODULE_ENGINEERING.md,18,2;244;249;260;266;484;690;692;1089;1091;1344;2107;2141;2342;2424;2701;2818;3039,CANONICO,ID,AUTORIDAD_ARQ,TRAZABILIDAD_SUBORDINADA,VINCULADO
MEF-V3-DIC-0109,ID,ENG,ENG-029,ENG-029-EXTENSION_ENGINEERING.md,12,2;217;364;379;457;476;1032;1373;1673;2188;2205;2305,CANONICO,ID,AUTORIDAD_ARQ,TRAZABILIDAD_SUBORDINADA,VINCULADO
MEF-V3-DIC-0109,ID,ENG,ENG-030,ENG-030-PERSISTENCE_ENGINEERING.md,2,2;2658,CANONICO,ID,AUTORIDAD_ARQ,TRAZABILIDAD_SUBORDINADA,VINCULADO
MEF-V3-DIC-0109,ID,ENG,ENG-031,ENG-031-SERIALIZATION_ENGINEERING.md,5,2;474;2262;2399;2798,CANONICO,ID,AUTORIDAD_ARQ,TRAZABILIDAD_SUBORDINADA,VINCULADO
MEF-V3-DIC-0109,ID,ENG,ENG-032,ENG-032-TRANSPORT_ENGINEERING.md,5,2;543;1946;2404;2823,CANONICO,ID,AUTORIDAD_ARQ,TRAZABILIDAD_SUBORDINADA,VINCULADO
MEF-V3-DIC-0109,ID,ENG,ENG-033,ENG-033-INTERFACE_ENGINEERING.md,7,2;301;311;315;926;967;1248,CANONICO,ID,AUTORIDAD_ARQ,TRAZABILIDAD_SUBORDINADA,VINCULADO
MEF-V3-DIC-0109,ID,ENG,ENG-034,ENG-034-APPLICATION_ENGINEERING.md,6,2;1490;1494;1551;2097;2642,CANONICO,ID,AUTORIDAD_ARQ,TRAZABILIDAD_SUBORDINADA,VINCULADO
MEF-V3-DIC-0109,ID,ENG,ENG-035,ENG-035-DOMAIN_ENGINEERING.md,2,2;3030,CANONICO,ID,AUTORIDAD_ARQ,TRAZABILIDAD_SUBORDINADA,VINCULADO
MEF-V3-DIC-0109,ID,ENG,ENG-036,ENG-036-VALIDATION_ENGINEERING.md,2,2;2611,CANONICO,ID,AUTORIDAD_ARQ,TRAZABILIDAD_SUBORDINADA,VINCULADO
MEF-V3-DIC-0109,ID,ENG,ENG-037,ENG-037-CACHING_ENGINEERING.md,3,2;2275;2853,CANONICO,ID,AUTORIDAD_ARQ,TRAZABILIDAD_SUBORDINADA,VINCULADO
MEF-V3-DIC-0109,ID,ENG,ENG-038,ENG-038-CONCURRENCY_ENGINEERING.md,2,2;2795,CANONICO,ID,AUTORIDAD_ARQ,TRAZABILIDAD_SUBORDINADA,VINCULADO
MEF-V3-DIC-0109,ID,ENG,ENG-039,ENG-039-RESILIENCE_ENGINEERING.md,3,2;1507;2747,CANONICO,ID,AUTORIDAD_ARQ,TRAZABILIDAD_SUBORDINADA,VINCULADO
MEF-V3-DIC-0109,ID,ENG,ENG-040,ENG-040-SCHEDULING_BACKGROUND_JOBS_ENGINEERING.md,5,2;1478;1479;3380;3602,CANONICO,ID,AUTORIDAD_ARQ,TRAZABILIDAD_SUBORDINADA,VINCULADO
MEF-V3-DIC-0109,ID,ENG,ENG-041,ENG-041-MESSAGING_ENGINEERING.md,14,2;379;434;437;438;439;1063;1068;1074;2170;2581;2597;3576;3618,CANONICO,ID,AUTORIDAD_ARQ,TRAZABILIDAD_SUBORDINADA,VINCULADO
MEF-V3-DIC-0109,ID,ENG,ENG-042,ENG-042-TRANSACTION_ENGINEERING.md,5,2;314;865;1304;2844,CANONICO,ID,AUTORIDAD_ARQ,TRAZABILIDAD_SUBORDINADA,VINCULADO
MEF-V3-DIC-0109,ID,ENG,ENG-043,ENG-043-DATA_ACCESS_ENGINEERING.md,8,2;568;787;877;1518;2215;2622;2989,CANONICO,ID,AUTORIDAD_ARQ,TRAZABILIDAD_SUBORDINADA,VINCULADO
MEF-V3-DIC-0109,ID,ENG,ENG-044,ENG-044-API_ENGINEERING.md,16,2;298;311;326;998;1359;2024;2188;2194;2246;2252;2475;2485;2933;2964;3542,CANONICO,ID,AUTORIDAD_ARQ,TRAZABILIDAD_SUBORDINADA,VINCULADO
MEF-V3-DIC-0109,ID,ENG,ENG-045,ENG-045-AUTHENTICATION_ENGINEERING.md,10,2;1087;1342;1896;2143;2544;2790;3222;3327;3723,CANONICO,ID,AUTORIDAD_ARQ,TRAZABILIDAD_SUBORDINADA,VINCULADO
MEF-V3-DIC-0109,ID,ENG,ENG-046,ENG-046-AUTHORIZATION_ENGINEERING.md,15,2;417;698;716;1113;1133;1156;1185;2232;2238;2691;2707;2722;3314;3692,CANONICO,ID,AUTORIDAD_ARQ,TRAZABILIDAD_SUBORDINADA,VINCULADO
MEF-V3-DIC-0109,ID,ENG,ENG-047,ENG-047-IDENTITY_ACCESS_MANAGEMENT_ENGINEERING.md,6,2;1045;1784;1786;2800;3379,CANONICO,ID,AUTORIDAD_ARQ,TRAZABILIDAD_SUBORDINADA,VINCULADO
MEF-V3-DIC-0109,ID,ENG,ENG-048,ENG-048-MULTI_TENANCY_ENGINEERING.md,13,2;237;827;904;1197;2030;2110;2884;2887;2925;2971;2980;2993,CANONICO,ID,AUTORIDAD_ARQ,TRAZABILIDAD_SUBORDINADA,VINCULADO
MEF-V3-DIC-0109,ID,ENG,ENG-049,ENG-049-CONFIGURATION_MANAGEMENT_ENGINEERING.md,4,2;508;2220;2821,CANONICO,ID,AUTORIDAD_ARQ,TRAZABILIDAD_SUBORDINADA,VINCULADO
MEF-V3-DIC-0109,ID,ENG,ENG-050,ENG-050-FEATURE_MANAGEMENT_ENGINEERING.md,12,2;265;275;277;293;664;737;1564;1725;1765;1891;2436,CANONICO,ID,AUTORIDAD_ARQ,TRAZABILIDAD_SUBORDINADA,VINCULADO
MEF-V3-DIC-0109,ID,ENG,ENG-051,ENG-051-POLICY_ENGINEERING.md,15,2;268;278;280;290;368;381;757;1127;1588;1742;1743;1782;1904;2540,CANONICO,ID,AUTORIDAD_ARQ,TRAZABILIDAD_SUBORDINADA,VINCULADO
MEF-V3-DIC-0109,ID,ENG,ENG-052,ENG-052-WORKFLOW_ENGINEERING.md,14,2;322;332;334;344;436;481;527;949;1641;2012;2188;2351;2955,CANONICO,ID,AUTORIDAD_ARQ,TRAZABILIDAD_SUBORDINADA,VINCULADO
MEF-V3-DIC-0109,ID,ENG,ENG-053,ENG-053-STATE_MANAGEMENT_ENGINEERING.md,4,2;692;1989;2571,CANONICO,ID,AUTORIDAD_ARQ,TRAZABILIDAD_SUBORDINADA,VINCULADO
MEF-V3-DIC-0109,ID,ENG,ENG-054,ENG-054-RESOURCE_MANAGEMENT_ENGINEERING.md,4,2;335;2083;2727,CANONICO,ID,AUTORIDAD_ARQ,TRAZABILIDAD_SUBORDINADA,VINCULADO
MEF-V3-DIC-0109,ID,ENG,ENG-055,ENG-055-LIFECYCLE_MANAGEMENT_ENGINEERING.md,3,2;2347;2769,CANONICO,ID,AUTORIDAD_ARQ,TRAZABILIDAD_SUBORDINADA,VINCULADO
MEF-V3-DIC-0109,ID,ENG,ENG-056,ENG-056-CONTEXT_MANAGEMENT_ENGINEERING.md,8,2;471;504;505;1520;1955;2475;2592,CANONICO,ID,AUTORIDAD_ARQ,TRAZABILIDAD_SUBORDINADA,VINCULADO
MEF-V3-DIC-0109,ID,ENG,ENG-057,ENG-057-METADATA_ENGINEERING.md,9,2;443;1065;1315;1329;1344;1465;1987;2546,CANONICO,ID,AUTORIDAD_ARQ,TRAZABILIDAD_SUBORDINADA,VINCULADO
MEF-V3-DIC-0109,ID,ENG,ENG-058,ENG-058-DISCOVERY_ENGINEERING.md,9,21;391;633;883;1504;1509;1630;1646;2102,CANONICO,ID,AUTORIDAD_ARQ,TRAZABILIDAD_SUBORDINADA,VINCULADO
MEF-V3-DIC-0109,ID,ENG,ENG-059,ENG-059-RESOLUTION_ENGINEERING.md,4,29;346;1686;2135,CANONICO,ID,AUTORIDAD_ARQ,TRAZABILIDAD_SUBORDINADA,VINCULADO
MEF-V3-DIC-0109,ID,ENG,ENG-060,ENG-060-PLUGIN_ENGINEERING.md,15,31;380;418;863;1192;1727;1785;1926;2001;2116;2133;2152;2403;2695;2907,CANONICO,ID,AUTORIDAD_ARQ,TRAZABILIDAD_SUBORDINADA,VINCULADO
MEF-V3-DIC-0109,ID,ENG,ENG-061,ENG-061-INTEROPERABILITY_ENGINEERING.md,5,2;710;1989;2393;2487,CANONICO,ID,AUTORIDAD_ARQ,TRAZABILIDAD_SUBORDINADA,VINCULADO
MEF-V3-DIC-0109,ID,ENG,ENG-062,ENG-062-SCHEMA_ENGINEERING.md,6,2;1234;1548;1934;2466;2877,CANONICO,ID,AUTORIDAD_ARQ,TRAZABILIDAD_SUBORDINADA,VINCULADO
MEF-V3-DIC-0109,ID,ENG,ENG-063,ENG-063-DATA_TRANSFORMATION_ENGINEERING.md,6,2;648;658;1280;1603;2398,CANONICO,ID,AUTORIDAD_ARQ,TRAZABILIDAD_SUBORDINADA,VINCULADO
MEF-V3-DIC-0109,ID,ENG,ENG-064,ENG-064-DATA_PIPELINE_ENGINEERING.md,9,2;378;714;1674;1890;1896;2208;2345;2771,CANONICO,ID,AUTORIDAD_ARQ,TRAZABILIDAD_SUBORDINADA,VINCULADO
MEF-V3-DIC-0109,ID,ENG,ENG-065,ENG-065-MIGRATION_ENGINEERING.md,9,2;350;1130;1329;1860;2161;2307;2328;2776,CANONICO,ID,AUTORIDAD_ARQ,TRAZABILIDAD_SUBORDINADA,VINCULADO
MEF-V3-DIC-0109,ID,ENG,ENG-066,ENG-066-UPGRADE_ENGINEERING.md,4,2;2033;2049;2504,CANONICO,ID,AUTORIDAD_ARQ,TRAZABILIDAD_SUBORDINADA,VINCULADO
MEF-V3-DIC-0109,ID,ENG,ENG-067,ENG-067-DEPLOYMENT_ENGINEERING.md,4,2;1903;2333;2710,CANONICO,ID,AUTORIDAD_ARQ,TRAZABILIDAD_SUBORDINADA,VINCULADO
MEF-V3-DIC-0109,ID,ENG,ENG-068,ENG-068-ENVIRONMENT_ENGINEERING.md,9,2;299;1556;1704;1940;2092;2106;2120;2584,CANONICO,ID,AUTORIDAD_ARQ,TRAZABILIDAD_SUBORDINADA,VINCULADO
MEF-V3-DIC-0109,ID,ENG,ENG-069,ENG-069-HEALTH_READINESS_ENGINEERING.md,9,2;518;1486;1710;1952;2082;2128;2145;2531,CANONICO,ID,AUTORIDAD_ARQ,TRAZABILIDAD_SUBORDINADA,VINCULADO
MEF-V3-DIC-0109,ID,ENG,ENG-070,ENG-070-PERFORMANCE_ENGINEERING.md,6,2;323;1844;2244;2276;2626,CANONICO,ID,AUTORIDAD_ARQ,TRAZABILIDAD_SUBORDINADA,VINCULADO
MEF-V3-DIC-0109,ID,ENG,ENG-071,ENG-071-CAPACITY_ENGINEERING.md,4,2;2242;2595;3225,CANONICO,ID,AUTORIDAD_ARQ,TRAZABILIDAD_SUBORDINADA,VINCULADO
MEF-V3-DIC-0109,ID,ENG,ENG-072,ENG-072-SCALABILITY_ENGINEERING.md,3,2;2350;2835,CANONICO,ID,AUTORIDAD_ARQ,TRAZABILIDAD_SUBORDINADA,VINCULADO
MEF-V3-DIC-0109,ID,ENG,ENG-073,ENG-073-AVAILABILITY_ENGINEERING.md,7,2;1635;1891;2325;2378;2393;2908,CANONICO,ID,AUTORIDAD_ARQ,TRAZABILIDAD_SUBORDINADA,VINCULADO
MEF-V3-DIC-0109,ID,ENG,ENG-074,ENG-074-RELIABILITY_ENGINEERING.md,7,2;538;1896;2330;2348;2364;2820,CANONICO,ID,AUTORIDAD_ARQ,TRAZABILIDAD_SUBORDINADA,VINCULADO
MEF-V3-DIC-0109,ID,ENG,ENG-075,ENG-075-MAINTAINABILITY_ENGINEERING.md,6,2;477;2514;2566;2601;2968,CANONICO,ID,AUTORIDAD_ARQ,TRAZABILIDAD_SUBORDINADA,VINCULADO
MEF-V3-DIC-0109,ID,ENG,ENG-076,ENG-076-RECOVERABILITY_ENGINEERING.md,9,2;510;511;1079;2663;2681;2698;2718;3246,CANONICO,ID,AUTORIDAD_ARQ,TRAZABILIDAD_SUBORDINADA,VINCULADO
MEF-V3-DIC-0109,ID,ENG,ENG-077,ENG-077-DURABILITY_ENGINEERING.md,5,2;2494;2512;2544;3023,CANONICO,ID,AUTORIDAD_ARQ,TRAZABILIDAD_SUBORDINADA,VINCULADO
MEF-V3-DIC-0109,ID,ENG,ENG-078,ENG-078-CONSISTENCY_ENGINEERING.md,6,2;2093;2555;2574;2622;3068,CANONICO,ID,AUTORIDAD_ARQ,TRAZABILIDAD_SUBORDINADA,VINCULADO
MEF-V3-DIC-0109,ID,ENG,ENG-079,ENG-079-DATA_INTEGRITY_ENGINEERING.md,6,2;377;2745;2763;2779;3319,CANONICO,ID,AUTORIDAD_ARQ,TRAZABILIDAD_SUBORDINADA,VINCULADO
MEF-V3-DIC-0109,ID,ENG,ENG-080,ENG-080-DATA_QUALITY_ENGINEERING.md,10,2;421;606;2350;2484;2853;2872;2887;2957;3341,CANONICO,ID,AUTORIDAD_ARQ,TRAZABILIDAD_SUBORDINADA,VINCULADO
MEF-V3-DIC-0109,ID,ENG,ENG-081,ENG-081-DATA_GOVERNANCE_ENGINEERING.md,11,2;536;1153;3384;3406;3422;3455;3519;3539;3555;3947,CANONICO,ID,AUTORIDAD_ARQ,TRAZABILIDAD_SUBORDINADA,VINCULADO
MEF-V3-DIC-0109,ID,ENG,ENG-082,ENG-082-DATA_PRIVACY_ENGINEERING.md,9,2;483;995;2496;2512;2544;2598;2617;2894,CANONICO,ID,AUTORIDAD_ARQ,TRAZABILIDAD_SUBORDINADA,VINCULADO
MEF-V3-DIC-0109,ID,ENG,ENG-083,ENG-083-DATA_COMPLIANCE_ENGINEERING.md,12,2;344;394;557;751;2185;2203;2221;2238;2274;2292;2662,CANONICO,ID,AUTORIDAD_ARQ,TRAZABILIDAD_SUBORDINADA,VINCULADO
MEF-V3-DIC-0109,ID,ENG,ENG-084,ENG-084-DATA_ETHICS_ENGINEERING.md,8,2;343;2306;2330;2349;2364;2399;2940,CANONICO,ID,AUTORIDAD_ARQ,TRAZABILIDAD_SUBORDINADA,VINCULADO
MEF-V3-DIC-0109,ID,ENG,ENG-085,ENG-085-DATA_TRUST_ENGINEERING.md,5,2;2202;2221;2256;3056,CANONICO,ID,AUTORIDAD_ARQ,TRAZABILIDAD_SUBORDINADA,VINCULADO
MEF-V3-DIC-0109,ID,ENG,ENG-086,ENG-086-DATA_PRODUCT_ENGINEERING.md,8,2;266;398;647;1111;1128;1144;1483,CANONICO,ID,AUTORIDAD_ARQ,TRAZABILIDAD_SUBORDINADA,VINCULADO
MEF-V3-DIC-0109,ID,ENG,ENG-087,ENG-087-DATA_EXCHANGE_SHARING_ENGINEERING.md,10,2;284;355;356;572;728;850;865;889;1197,CANONICO,ID,AUTORIDAD_ARQ,TRAZABILIDAD_SUBORDINADA,VINCULADO
MEF-V3-DIC-0109,ID,ENG,ENG-088,ENG-088-DATA_FEDERATION_ENGINEERING.md,8,2;380;428;604;1255;1268;1281;1766,CANONICO,ID,AUTORIDAD_ARQ,TRAZABILIDAD_SUBORDINADA,VINCULADO
MEF-V3-DIC-0109,ID,ENG,ENG-089,ENG-089-DATA_LINEAGE_PROVENANCE_ENGINEERING.md,8,2;264;419;720;731;742;824;1014,CANONICO,ID,AUTORIDAD_ARQ,TRAZABILIDAD_SUBORDINADA,VINCULADO
MEF-V3-DIC-0109,ID,ENG,ENG-090,ENG-090-DATA_CATALOG_ENGINEERING.md,10,2;402;444;703;1332;1343;1364;1584;1824;2020,CANONICO,ID,AUTORIDAD_ARQ,TRAZABILIDAD_SUBORDINADA,VINCULADO
MEF-V3-DIC-0109,ID,ENG,ENG-091,ENG-091-DATA_DISCOVERY_CLASSIFICATION_ENGINEERING.md,12,2;397;454;488;593;677;719;776;1385;1398;1410;1810,CANONICO,ID,AUTORIDAD_ARQ,TRAZABILIDAD_SUBORDINADA,VINCULADO
MEF-V3-DIC-0109,ID,ENG,ENG-092,ENG-092-DATA_RETENTION_DISPOSAL_ENGINEERING.md,7,2;391;433;669;1372;1387;1746,CANONICO,ID,AUTORIDAD_ARQ,TRAZABILIDAD_SUBORDINADA,VINCULADO
MEF-V3-DIC-0109,ID,ENG,ENG-093,ENG-093-DATA_ARCHIVAL_PRESERVATION_ENGINEERING.md,7,2;328;385;833;846;858;1207,CANONICO,ID,AUTORIDAD_ARQ,TRAZABILIDAD_SUBORDINADA,VINCULADO
MEF-V3-DIC-0109,ID,ENG,ENG-094,ENG-094-DATA_PORTABILITY_ENGINEERING.md,9,2;368;413;522;698;1299;1310;1323;1697,CANONICO,ID,AUTORIDAD_ARQ,TRAZABILIDAD_SUBORDINADA,VINCULADO
MEF-V3-DIC-0109,ID,ENG,ENG-095,ENG-095-DATA_SYNCHRONIZATION_ENGINEERING.md,1,2,CANONICO,ID,AUTORIDAD_ARQ,TRAZABILIDAD_SUBORDINADA,VINCULADO
MEF-V3-DIC-0109,ID,ENG,ENG-096,ENG-096-DATA_REPLICATION_ENGINEERING.md,1,2,CANONICO,ID,AUTORIDAD_ARQ,TRAZABILIDAD_SUBORDINADA,VINCULADO
MEF-V3-DIC-0109,ID,ENG,ENG-097,ENG-097-DATA_PARTITIONING_SHARDING_ENGINEERING.md,1,2,CANONICO,ID,AUTORIDAD_ARQ,TRAZABILIDAD_SUBORDINADA,VINCULADO
MEF-V3-DIC-0109,ID,ENG,ENG-098,ENG-098-DATA_DISTRIBUTION_ENGINEERING.md,1,2,CANONICO,ID,AUTORIDAD_ARQ,TRAZABILIDAD_SUBORDINADA,VINCULADO
MEF-V3-DIC-0109,ID,ENG,ENG-099,ENG-099-DATA_LOCALIZATION_RESIDENCY_ENGINEERING.md,1,2,CANONICO,ID,AUTORIDAD_ARQ,TRAZABILIDAD_SUBORDINADA,VINCULADO
MEF-V3-DIC-0109,ID,ENG,ENG-100,ENG-100-DATA_LIFECYCLE_ORCHESTRATION_ENGINEERING.md,1,2,CANONICO,ID,AUTORIDAD_ARQ,TRAZABILIDAD_SUBORDINADA,VINCULADO
MEF-V3-DIC-0109,ID,FND,FND-000,FND-000-Carta_del_Proyecto.md,1,2,CANONICO,ID,AUTORIDAD_ARQ,TRAZABILIDAD_SUPERIOR,VINCULADO
MEF-V3-DIC-0109,ID,FND,FND-001,FND-001-VISION.md,1,2,CANONICO,ID,AUTORIDAD_ARQ,TRAZABILIDAD_SUPERIOR,VINCULADO
MEF-V3-DIC-0109,ID,FND,FND-002,FND-02-MISION.md,1,2,CANONICO,ID,AUTORIDAD_ARQ,TRAZABILIDAD_SUPERIOR,VINCULADO
MEF-V3-DIC-0109,ID,FND,FND-003,FND-03-VALORES.md,1,2,CANONICO,ID,AUTORIDAD_ARQ,TRAZABILIDAD_SUPERIOR,VINCULADO
MEF-V3-DIC-0109,ID,FND,FND-004,FND-04-PRINCIPIOS_DE_ARQUITECTURA.md,1,2,CANONICO,ID,AUTORIDAD_ARQ,TRAZABILIDAD_SUPERIOR,VINCULADO
MEF-V3-DIC-0109,ID,FND,FND-005,FND-05-LENGUAJE_OFICIAL_DE_MEF.md,1,2,CANONICO,ID,AUTORIDAD_ARQ,TRAZABILIDAD_SUPERIOR,VINCULADO
MEF-V3-DIC-0109,ID,FND,FND-006,FND-06-GOBERNANZA_TECNICA.md,1,2,CANONICO,ID,AUTORIDAD_ARQ,TRAZABILIDAD_SUPERIOR,VINCULADO
MEF-V3-DIC-0109,ID,FND,FND-007,FND-07-MANIFIESTO_DE_INGENIERIA_DE_DESARROLLO.md,1,2,CANONICO,ID,AUTORIDAD_ARQ,TRAZABILIDAD_SUPERIOR,VINCULADO
MEF-V3-DIC-0109,ID,FND,FND-008,FND-08-DECALOGO_DEL_DESARROLLADOR.md,1,2,CANONICO,ID,AUTORIDAD_ARQ,TRAZABILIDAD_SUPERIOR,VINCULADO
MEF-V3-DIC-0109,ID,FND,FND-009,FND-09-FILOSOFIA_DE_DISENO.md,1,2,CANONICO,ID,AUTORIDAD_ARQ,TRAZABILIDAD_SUPERIOR,VINCULADO
MEF-V3-DIC-0109,ID,FND,FND-010,FND-10-ARBOL_DE_DECISIONES.md,1,2,CANONICO,ID,AUTORIDAD_ARQ,TRAZABILIDAD_SUPERIOR,VINCULADO
MEF-V3-DIC-0109,ID,FND,FND-011,FND-11-DOCTRINA_DE_ARQUITECTURA.md,1,2,CANONICO,ID,AUTORIDAD_ARQ,TRAZABILIDAD_SUPERIOR,VINCULADO
MEF-V3-DIC-0109,ID,FND,FND-012,FND-12-CONSTITUCION_DE_MEF.md,1,2,CANONICO,ID,AUTORIDAD_ARQ,TRAZABILIDAD_SUPERIOR,VINCULADO
MEF-V3-DIC-0109,ID,FND,FND-013,FND-13-INDEPENDENCIA_DEL_FRAMEWORK.md,1,2,CANONICO,ID,AUTORIDAD_ARQ,TRAZABILIDAD_SUPERIOR,VINCULADO
MEF-V3-DIC-0109,ID,FND,FND-014,FND-014-GUIA_EDITORIAL.md,1,2,CANONICO,ID,AUTORIDAD_ARQ,TRAZABILIDAD_SUPERIOR,VINCULADO
MEF-V3-DIC-0110,Implementación interna,ARQ,ARQ-004,ARQ-004-MODULES.md,2,200;214,CANONICO,Implementación interna,AUTORIDAD_ARQ,AUTORIDAD_PRIMARIA,VINCULADO
MEF-V3-DIC-0110,Implementación interna,ENG,ENG-001,ENG-001-ORGANIZACION_DEL_CODIGO.md,1,447,CANONICO,Implementación interna,AUTORIDAD_ARQ,TRAZABILIDAD_SUBORDINADA,VINCULADO
MEF-V3-DIC-0110,Implementación interna,ENG,ENG-002,ENG-002-ESPECIFICACION_DE_MODULES.md,4,107;311;313;986,CANONICO,Implementación interna,AUTORIDAD_ARQ,TRAZABILIDAD_SUBORDINADA,VINCULADO
MEF-V3-DIC-0110,Implementación interna,ENG,ENG-025,ENG-025-OBSERVABILITY_ENGINEERING.md,1,111,CANONICO,Implementación interna,AUTORIDAD_ARQ,TRAZABILIDAD_SUBORDINADA,VINCULADO
MEF-V3-DIC-0110,Implementación interna,ENG,ENG-033,ENG-033-INTERFACE_ENGINEERING.md,1,134,CANONICO,Implementación interna,AUTORIDAD_ARQ,TRAZABILIDAD_SUBORDINADA,VINCULADO
MEF-V3-DIC-0111,Instalación,ARQ,ARQ-004,ARQ-004-MODULES.md,4,78;448;559;575,CANONICO,Instalación,AUTORIDAD_ARQ,AUTORIDAD_PRIMARIA,VINCULADO
MEF-V3-DIC-0111,Instalación,ARQ,ARQ-017,ARQ-017-PACKAGING.md,4,65;194;203;241,CANONICO,Instalación,AUTORIDAD_ARQ,AUTORIDAD_PRIMARIA,VINCULADO
MEF-V3-DIC-0111,Instalación,ENG,ENG-002,ENG-002-ESPECIFICACION_DE_MODULES.md,4,551;553;563;822,CANONICO,Instalación,AUTORIDAD_ARQ,TRAZABILIDAD_SUBORDINADA,VINCULADO
MEF-V3-DIC-0111,Instalación,ENG,ENG-003,ENG-003-MANIFEST.md,1,1252,CANONICO,Instalación,AUTORIDAD_ARQ,TRAZABILIDAD_SUBORDINADA,VINCULADO
MEF-V3-DIC-0111,Instalación,ENG,ENG-004,ENG-004-CONVENCIONES.md,1,1001,CANONICO,Instalación,AUTORIDAD_ARQ,TRAZABILIDAD_SUBORDINADA,VINCULADO
MEF-V3-DIC-0111,Instalación,ENG,ENG-006,ENG-006-ESTRUCTURA_DE_DIRECTORIOS.md,2,781;1584,CANONICO,Instalación,AUTORIDAD_ARQ,TRAZABILIDAD_SUBORDINADA,VINCULADO
MEF-V3-DIC-0111,Instalación,ENG,ENG-007,ENG-007-CLI.md,1,809,CANONICO,Instalación,AUTORIDAD_ARQ,TRAZABILIDAD_SUBORDINADA,VINCULADO
MEF-V3-DIC-0111,Instalación,ENG,ENG-008,ENG-008-GENERADORES.md,1,1430,CANONICO,Instalación,AUTORIDAD_ARQ,TRAZABILIDAD_SUBORDINADA,VINCULADO
MEF-V3-DIC-0111,Instalación,ENG,ENG-011,ENG-011-CONFIGURATION_FILES.md,1,1772,CANONICO,Instalación,AUTORIDAD_ARQ,TRAZABILIDAD_SUBORDINADA,VINCULADO
MEF-V3-DIC-0111,Instalación,ENG,ENG-012,ENG-012-BUILD_SYSTEM.md,1,953,CANONICO,Instalación,AUTORIDAD_ARQ,TRAZABILIDAD_SUBORDINADA,VINCULADO
MEF-V3-DIC-0111,Instalación,ENG,ENG-013,ENG-013-PACKAGE_MANAGER.md,20,675;807;984;1058;1074;1120;1134;1153;1176;1978;2075;2202;2224;2320;2354;2571;2762;2848;2945;3001,CANONICO,Instalación,AUTORIDAD_ARQ,TRAZABILIDAD_SUBORDINADA,VINCULADO
MEF-V3-DIC-0111,Instalación,ENG,ENG-016,ENG-016-COMPATIBILITY.md,4,1535;1604;2898;3144,CANONICO,Instalación,AUTORIDAD_ARQ,TRAZABILIDAD_SUBORDINADA,VINCULADO
MEF-V3-DIC-0111,Instalación,ENG,ENG-017,ENG-017-RELEASE_PROCESS.md,2,797;2230,CANONICO,Instalación,AUTORIDAD_ARQ,TRAZABILIDAD_SUBORDINADA,VINCULADO
MEF-V3-DIC-0111,Instalación,ENG,ENG-024,ENG-024-SECURITY_ENGINEERING.md,2,1210;1373,CANONICO,Instalación,AUTORIDAD_ARQ,TRAZABILIDAD_SUBORDINADA,VINCULADO
MEF-V3-DIC-0111,Instalación,ENG,ENG-066,ENG-066-UPGRADE_ENGINEERING.md,1,523,CANONICO,Instalación,AUTORIDAD_ARQ,TRAZABILIDAD_SUBORDINADA,VINCULADO
MEF-V3-DIC-0111,Instalación,ENG,ENG-067,ENG-067-DEPLOYMENT_ENGINEERING.md,1,1782,CANONICO,Instalación,AUTORIDAD_ARQ,TRAZABILIDAD_SUBORDINADA,VINCULADO
MEF-V3-DIC-0112,Instalación y desinstalación,ARQ,ARQ-004,ARQ-004-MODULES.md,1,448,CANONICO,Instalación y desinstalación,AUTORIDAD_ARQ,AUTORIDAD_PRIMARIA,VINCULADO
MEF-V3-DIC-0113,Integridad,ARQ,ARQ-004,ARQ-004-MODULES.md,1,465,CANONICO,Integridad,AUTORIDAD_ARQ,AUTORIDAD_PRIMARIA,VINCULADO
MEF-V3-DIC-0113,Integridad,ARQ,ARQ-017,ARQ-017-PACKAGING.md,4,43;181;183;286,CANONICO,Integridad,AUTORIDAD_ARQ,AUTORIDAD_PRIMARIA,VINCULADO
MEF-V3-DIC-0113,Integridad,ENG,ENG-000,ENG-000-INGENIERIA_GENERAL.md,1,524,CANONICO,Integridad,AUTORIDAD_ARQ,TRAZABILIDAD_SUBORDINADA,VINCULADO
MEF-V3-DIC-0113,Integridad,ENG,ENG-002,ENG-002-ESPECIFICACION_DE_MODULES.md,1,545,CANONICO,Integridad,AUTORIDAD_ARQ,TRAZABILIDAD_SUBORDINADA,VINCULADO
MEF-V3-DIC-0113,Integridad,ENG,ENG-003,ENG-003-MANIFEST.md,3,1109;1132;1134,CANONICO,Integridad,AUTORIDAD_ARQ,TRAZABILIDAD_SUBORDINADA,VINCULADO
MEF-V3-DIC-0113,Integridad,ENG,ENG-006,ENG-006-ESTRUCTURA_DE_DIRECTORIOS.md,1,1582,CANONICO,Integridad,AUTORIDAD_ARQ,TRAZABILIDAD_SUBORDINADA,VINCULADO
MEF-V3-DIC-0113,Integridad,ENG,ENG-007,ENG-007-CLI.md,1,618,CANONICO,Integridad,AUTORIDAD_ARQ,TRAZABILIDAD_SUBORDINADA,VINCULADO
MEF-V3-DIC-0113,Integridad,ENG,ENG-008,ENG-008-GENERADORES.md,1,902,CANONICO,Integridad,AUTORIDAD_ARQ,TRAZABILIDAD_SUBORDINADA,VINCULADO
MEF-V3-DIC-0113,Integridad,ENG,ENG-009,ENG-009-TESTING.md,2,377;1137,CANONICO,Integridad,AUTORIDAD_ARQ,TRAZABILIDAD_SUBORDINADA,VINCULADO
MEF-V3-DIC-0113,Integridad,ENG,ENG-010,ENG-010-LOGGING.md,5,154;408;1165;1595;1656,CANONICO,Integridad,AUTORIDAD_ARQ,TRAZABILIDAD_SUBORDINADA,VINCULADO
MEF-V3-DIC-0113,Integridad,ENG,ENG-011,ENG-011-CONFIGURATION_FILES.md,1,1549,CANONICO,Integridad,AUTORIDAD_ARQ,TRAZABILIDAD_SUBORDINADA,VINCULADO
MEF-V3-DIC-0113,Integridad,ENG,ENG-012,ENG-012-BUILD_SYSTEM.md,3,263;700;1023,CANONICO,Integridad,AUTORIDAD_ARQ,TRAZABILIDAD_SUBORDINADA,VINCULADO
MEF-V3-DIC-0113,Integridad,ENG,ENG-013,ENG-013-PACKAGE_MANAGER.md,8,118;860;869;2100;2761;2787;2945;3011,CANONICO,Integridad,AUTORIDAD_ARQ,TRAZABILIDAD_SUBORDINADA,VINCULADO
MEF-V3-DIC-0113,Integridad,ENG,ENG-017,ENG-017-RELEASE_PROCESS.md,2,177;3148,CANONICO,Integridad,AUTORIDAD_ARQ,TRAZABILIDAD_SUBORDINADA,VINCULADO
MEF-V3-DIC-0113,Integridad,ENG,ENG-020,ENG-020-REGISTRY_ENGINNEERING.md,2,2830;3106,CANONICO,Integridad,AUTORIDAD_ARQ,TRAZABILIDAD_SUBORDINADA,VINCULADO
MEF-V3-DIC-0113,Integridad,ENG,ENG-023,ENG-023-ERROR_HANDLING.md,1,3255,CANONICO,Integridad,AUTORIDAD_ARQ,TRAZABILIDAD_SUBORDINADA,VINCULADO
MEF-V3-DIC-0113,Integridad,ENG,ENG-024,ENG-024-SECURITY_ENGINEERING.md,4,1216;1222;3228;3670,CANONICO,Integridad,AUTORIDAD_ARQ,TRAZABILIDAD_SUBORDINADA,VINCULADO
MEF-V3-DIC-0113,Integridad,ENG,ENG-027,ENG-027-RUNTIME_ENGINEERING.md,1,3028,CANONICO,Integridad,AUTORIDAD_ARQ,TRAZABILIDAD_SUBORDINADA,VINCULADO
MEF-V3-DIC-0113,Integridad,ENG,ENG-030,ENG-030-PERSISTENCE_ENGINEERING.md,1,2939,CANONICO,Integridad,AUTORIDAD_ARQ,TRAZABILIDAD_SUBORDINADA,VINCULADO
MEF-V3-DIC-0113,Integridad,ENG,ENG-036,ENG-036-VALIDATION_ENGINEERING.md,1,2795,CANONICO,Integridad,AUTORIDAD_ARQ,TRAZABILIDAD_SUBORDINADA,VINCULADO
MEF-V3-DIC-0113,Integridad,ENG,ENG-064,ENG-064-DATA_PIPELINE_ENGINEERING.md,1,1346,CANONICO,Integridad,AUTORIDAD_ARQ,TRAZABILIDAD_SUBORDINADA,VINCULADO
MEF-V3-DIC-0113,Integridad,ENG,ENG-077,ENG-077-DURABILITY_ENGINEERING.md,1,3481,CANONICO,Integridad,AUTORIDAD_ARQ,TRAZABILIDAD_SUBORDINADA,VINCULADO
MEF-V3-DIC-0113,Integridad,ENG,ENG-087,ENG-087-DATA_EXCHANGE_SHARING_ENGINEERING.md,1,1212,CANONICO,Integridad,AUTORIDAD_ARQ,TRAZABILIDAD_SUBORDINADA,VINCULADO
MEF-V3-DIC-0114,Invariantes Arquitectónicos,ARQ,ARQ-004,ARQ-004-MODULES.md,1,584,CANONICO,Invariantes Arquitectónicos,AUTORIDAD_ARQ,AUTORIDAD_PRIMARIA,VINCULADO
MEF-V3-DIC-0114,Invariantes Arquitectónicos,ARQ,ARQ-010,ARQ-010-TEMPLATE_ENGINE.md,1,207,CANONICO,Invariantes Arquitectónicos,AUTORIDAD_ARQ,AUTORIDAD_PRIMARIA,VINCULADO
MEF-V3-DIC-0114,Invariantes Arquitectónicos,ARQ,ARQ-011,ARQ-011-CONTRACTS.md,1,201,CANONICO,Invariantes Arquitectónicos,AUTORIDAD_ARQ,AUTORIDAD_PRIMARIA,VINCULADO
MEF-V3-DIC-0114,Invariantes Arquitectónicos,ARQ,ARQ-012,ARQ-012-DEPENDENCY_INJECTION.md,1,188,CANONICO,Invariantes Arquitectónicos,AUTORIDAD_ARQ,AUTORIDAD_PRIMARIA,VINCULADO
MEF-V3-DIC-0114,Invariantes Arquitectónicos,ARQ,ARQ-013,ARQ-013-CONFIGURATION.md,2,219;292,CANONICO,Invariantes Arquitectónicos,AUTORIDAD_ARQ,AUTORIDAD_PRIMARIA,VINCULADO
MEF-V3-DIC-0114,Invariantes Arquitectónicos,ARQ,ARQ-017,ARQ-017-PACKAGING.md,1,207,CANONICO,Invariantes Arquitectónicos,AUTORIDAD_ARQ,AUTORIDAD_PRIMARIA,VINCULADO
MEF-V3-DIC-0114,Invariantes Arquitectónicos,ENG,ENG-000,ENG-000-INGENIERIA_GENERAL.md,2,157;463,CANONICO,Invariantes Arquitectónicos,AUTORIDAD_ARQ,TRAZABILIDAD_SUBORDINADA,VINCULADO
MEF-V3-DIC-0114,Invariantes Arquitectónicos,ENG,ENG-008,ENG-008-GENERADORES.md,1,337,CANONICO,Invariantes Arquitectónicos,AUTORIDAD_ARQ,TRAZABILIDAD_SUBORDINADA,VINCULADO
MEF-V3-DIC-0114,Invariantes Arquitectónicos,ENG,ENG-009,ENG-009-TESTING.md,1,83,CANONICO,Invariantes Arquitectónicos,AUTORIDAD_ARQ,TRAZABILIDAD_SUBORDINADA,VINCULADO
MEF-V3-DIC-0114,Invariantes Arquitectónicos,ENG,ENG-027,ENG-027-RUNTIME_ENGINEERING.md,1,103,CANONICO,Invariantes Arquitectónicos,AUTORIDAD_ARQ,TRAZABILIDAD_SUBORDINADA,VINCULADO
MEF-V3-DIC-0115,Inventory,ARQ,ARQ-004,ARQ-004-MODULES.md,5,314;322;367;493;660,CANONICO,Inventory,AUTORIDAD_ARQ,AUTORIDAD_PRIMARIA,VINCULADO
MEF-V3-DIC-0115,Inventory,ENG,ENG-002,ENG-002-ESPECIFICACION_DE_MODULES.md,2,127;392,CANONICO,Inventory,AUTORIDAD_ARQ,TRAZABILIDAD_SUBORDINADA,VINCULADO
MEF-V3-DIC-0115,Inventory,ENG,ENG-005,ENG-005-NOMENCLATURA.md,4,340;392;1593;2012,CANONICO,Inventory,AUTORIDAD_ARQ,TRAZABILIDAD_SUBORDINADA,VINCULADO
MEF-V3-DIC-0115,Inventory,ENG,ENG-006,ENG-006-ESTRUCTURA_DE_DIRECTORIOS.md,1,324,CANONICO,Inventory,AUTORIDAD_ARQ,TRAZABILIDAD_SUBORDINADA,VINCULADO
MEF-V3-DIC-0115,Inventory,ENG,ENG-022,ENG-022-EVENT_BUS_ENGINNEERING.md,1,1572,CANONICO,Inventory,AUTORIDAD_ARQ,TRAZABILIDAD_SUBORDINADA,VINCULADO
MEF-V3-DIC-0115,Inventory,ENG,ENG-025,ENG-025-OBSERVABILITY_ENGINEERING.md,1,2390,CANONICO,Inventory,AUTORIDAD_ARQ,TRAZABILIDAD_SUBORDINADA,VINCULADO
MEF-V3-DIC-0115,Inventory,ENG,ENG-028,ENG-028-MODULE_ENGINEERING.md,1,434,CANONICO,Inventory,AUTORIDAD_ARQ,TRAZABILIDAD_SUBORDINADA,VINCULADO
MEF-V3-DIC-0115,Inventory,ENG,ENG-037,ENG-037-CACHING_ENGINEERING.md,2,2635;2641,CANONICO,Inventory,AUTORIDAD_ARQ,TRAZABILIDAD_SUBORDINADA,VINCULADO
MEF-V3-DIC-0115,Inventory,ENG,ENG-039,ENG-039-RESILIENCE_ENGINEERING.md,2,2482;2488,CANONICO,Inventory,AUTORIDAD_ARQ,TRAZABILIDAD_SUBORDINADA,VINCULADO
MEF-V3-DIC-0115,Inventory,ENG,ENG-052,ENG-052-WORKFLOW_ENGINEERING.md,3,770;1276;1282,CANONICO,Inventory,AUTORIDAD_ARQ,TRAZABILIDAD_SUBORDINADA,VINCULADO
MEF-V3-DIC-0115,Inventory,ENG,ENG-073,ENG-073-AVAILABILITY_ENGINEERING.md,2,1927;2501,CANONICO,Inventory,AUTORIDAD_ARQ,TRAZABILIDAD_SUBORDINADA,VINCULADO
MEF-V3-DIC-0115,Inventory,ENG,ENG-078,ENG-078-CONSISTENCY_ENGINEERING.md,2,1114;1604,CANONICO,Inventory,AUTORIDAD_ARQ,TRAZABILIDAD_SUBORDINADA,VINCULADO
MEF-V3-DIC-0115,Inventory,ENG,ENG-079,ENG-079-DATA_INTEGRITY_ENGINEERING.md,2,533;759,CANONICO,Inventory,AUTORIDAD_ARQ,TRAZABILIDAD_SUBORDINADA,VINCULADO
MEF-V3-DIC-0115,Inventory,ENG,ENG-080,ENG-080-DATA_QUALITY_ENGINEERING.md,1,3635,CANONICO,Inventory,AUTORIDAD_ARQ,TRAZABILIDAD_SUBORDINADA,VINCULADO
MEF-V3-DIC-0115,Inventory,ENG,ENG-081,ENG-081-DATA_GOVERNANCE_ENGINEERING.md,9,98;159;579;831;837;850;852;3953;4274,CANONICO,Inventory,AUTORIDAD_ARQ,TRAZABILIDAD_SUBORDINADA,VINCULADO
MEF-V3-DIC-0115,Inventory,ENG,ENG-082,ENG-082-DATA_PRIVACY_ENGINEERING.md,9,155;498;1043;1451;1470;1474;1942;2339;2358,CANONICO,Inventory,AUTORIDAD_ARQ,TRAZABILIDAD_SUBORDINADA,VINCULADO
MEF-V3-DIC-0115,Inventory,ENG,ENG-093,ENG-093-DATA_ARCHIVAL_PRESERVATION_ENGINEERING.md,2,529;734,CANONICO,Inventory,AUTORIDAD_ARQ,TRAZABILIDAD_SUBORDINADA,VINCULADO
MEF-V3-DIC-0116,Jerarquía,ARQ,ARQ-013,ARQ-013-CONFIGURATION.md,1,164,CANONICO,Jerarquía,AUTORIDAD_ARQ,AUTORIDAD_PRIMARIA,VINCULADO
MEF-V3-DIC-0116,Jerarquía,ENG,ENG-005,ENG-005-NOMENCLATURA.md,2,2110;2133,CANONICO,Jerarquía,AUTORIDAD_ARQ,TRAZABILIDAD_SUBORDINADA,VINCULADO
MEF-V3-DIC-0116,Jerarquía,ENG,ENG-019,ENG-019-SERVICE_CONTAINER.md,1,852,CANONICO,Jerarquía,AUTORIDAD_ARQ,TRAZABILIDAD_SUBORDINADA,VINCULADO
MEF-V3-DIC-0116,Jerarquía,ENG,ENG-023,ENG-023-ERROR_HANDLING.md,1,1040,CANONICO,Jerarquía,AUTORIDAD_ARQ,TRAZABILIDAD_SUBORDINADA,VINCULADO
MEF-V3-DIC-0116,Jerarquía,ENG,ENG-038,ENG-038-CONCURRENCY_ENGINEERING.md,1,3156,CANONICO,Jerarquía,AUTORIDAD_ARQ,TRAZABILIDAD_SUBORDINADA,VINCULADO
MEF-V3-DIC-0116,Jerarquía,ENG,ENG-039,ENG-039-RESILIENCE_ENGINEERING.md,1,110,CANONICO,Jerarquía,AUTORIDAD_ARQ,TRAZABILIDAD_SUBORDINADA,VINCULADO
MEF-V3-DIC-0116,Jerarquía,ENG,ENG-046,ENG-046-AUTHORIZATION_ENGINEERING.md,1,3754,CANONICO,Jerarquía,AUTORIDAD_ARQ,TRAZABILIDAD_SUBORDINADA,VINCULADO
MEF-V3-DIC-0116,Jerarquía,ENG,ENG-053,ENG-053-STATE_MANAGEMENT_ENGINEERING.md,2,409;2943,CANONICO,Jerarquía,AUTORIDAD_ARQ,TRAZABILIDAD_SUBORDINADA,VINCULADO
MEF-V3-DIC-0117,La Configuration,ARQ,ARQ-013,ARQ-013-CONFIGURATION.md,9,41;61;74;109;122;150;274;298;304,CANONICO,La Configuration,AUTORIDAD_ARQ,AUTORIDAD_PRIMARIA,VINCULADO
MEF-V3-DIC-0117,La Configuration,ENG,ENG-011,ENG-011-CONFIGURATION_FILES.md,11,53;1103;1111;1578;1812;1903;1911;2279;2287;2295;2458,CANONICO,La Configuration,AUTORIDAD_ARQ,TRAZABILIDAD_SUBORDINADA,VINCULADO
MEF-V3-DIC-0117,La Configuration,ENG,ENG-012,ENG-012-BUILD_SYSTEM.md,1,1683,CANONICO,La Configuration,AUTORIDAD_ARQ,TRAZABILIDAD_SUBORDINADA,VINCULADO
MEF-V3-DIC-0117,La Configuration,ENG,ENG-015,ENG-015-ARCHITECTURAL_STATE_MACHINE.md,2,1101;3045,CANONICO,La Configuration,AUTORIDAD_ARQ,TRAZABILIDAD_SUBORDINADA,VINCULADO
MEF-V3-DIC-0117,La Configuration,ENG,ENG-016,ENG-016-COMPATIBILITY.md,1,828,CANONICO,La Configuration,AUTORIDAD_ARQ,TRAZABILIDAD_SUBORDINADA,VINCULADO
MEF-V3-DIC-0117,La Configuration,ENG,ENG-018,ENG-018-DEPENDENCY_INJECTION.md,1,2665,CANONICO,La Configuration,AUTORIDAD_ARQ,TRAZABILIDAD_SUBORDINADA,VINCULADO
MEF-V3-DIC-0117,La Configuration,ENG,ENG-019,ENG-019-SERVICE_CONTAINER.md,1,1999,CANONICO,La Configuration,AUTORIDAD_ARQ,TRAZABILIDAD_SUBORDINADA,VINCULADO
MEF-V3-DIC-0117,La Configuration,ENG,ENG-024,ENG-024-SECURITY_ENGINEERING.md,1,1808,CANONICO,La Configuration,AUTORIDAD_ARQ,TRAZABILIDAD_SUBORDINADA,VINCULADO
MEF-V3-DIC-0118,La Dependency Injection,ARQ,ARQ-012,ARQ-012-DEPENDENCY_INJECTION.md,10,39;41;47;57;70;101;113;176;244;256,CANONICO,La Dependency Injection,AUTORIDAD_ARQ,AUTORIDAD_PRIMARIA,VINCULADO
MEF-V3-DIC-0118,La Dependency Injection,ARQ,ARQ-013,ARQ-013-CONFIGURATION.md,1,278,CANONICO,La Dependency Injection,AUTORIDAD_ARQ,AUTORIDAD_PRIMARIA,VINCULADO
MEF-V3-DIC-0119,Manifest,ARQ,ARQ-004,ARQ-004-MODULES.md,7,142;161;163;165;177;192;300,CANONICO,Manifest,AUTORIDAD_ARQ,AUTORIDAD_PRIMARIA,VINCULADO
MEF-V3-DIC-0119,Manifest,ARQ,ARQ-010,ARQ-010-TEMPLATE_ENGINE.md,1,121,CANONICO,Manifest,AUTORIDAD_ARQ,AUTORIDAD_PRIMARIA,VINCULADO
MEF-V3-DIC-0119,Manifest,ARQ,ARQ-017,ARQ-017-PACKAGING.md,10,25;88;125;141;143;145;189;212;251;275,CANONICO,Manifest,AUTORIDAD_ARQ,AUTORIDAD_PRIMARIA,VINCULADO
MEF-V3-DIC-0119,Manifest,ENG,ENG-000,ENG-000-INGENIERIA_GENERAL.md,2,315;673,CANONICO,Manifest,AUTORIDAD_ARQ,TRAZABILIDAD_SUBORDINADA,VINCULADO
MEF-V3-DIC-0119,Manifest,ENG,ENG-001,ENG-001-ORGANIZACION_DEL_CODIGO.md,2,120;127,CANONICO,Manifest,AUTORIDAD_ARQ,TRAZABILIDAD_SUBORDINADA,VINCULADO
MEF-V3-DIC-0119,Manifest,ENG,ENG-002,ENG-002-ESPECIFICACION_DE_MODULES.md,19,29;105;198;200;202;219;395;556;807;889;907;927;951;982;1049;1051;1068;1106;1165,CANONICO,Manifest,AUTORIDAD_ARQ,TRAZABILIDAD_SUBORDINADA,VINCULADO
MEF-V3-DIC-0119,Manifest,ENG,ENG-003,ENG-003-MANIFEST.md,75,3;7;28;40;50;52;72;74;102;114;131;149;157;171;182;191;201;210;227;237;245;308;351;439;536;549;628;640;642;719;721;727;752;772;790;935;938;979;1029;1032;1052;1059;1093;1095;1101;1112;1118;1134;1139;1150;1164;1169;1178;1187;1213;1229;1260;1265;1286;1287;1288;1289;1291;1292;1293;1294;1297;1299;1306;1327;1335;1359;1377;1383;1385,CANONICO,Manifest,AUTORIDAD_ARQ,TRAZABILIDAD_SUBORDINADA,VINCULADO
MEF-V3-DIC-0119,Manifest,ENG,ENG-004,ENG-004-CONVENCIONES.md,6,699;727;1081;1334;1378;1586,CANONICO,Manifest,AUTORIDAD_ARQ,TRAZABILIDAD_SUBORDINADA,VINCULADO
MEF-V3-DIC-0119,Manifest,ENG,ENG-005,ENG-005-NOMENCLATURA.md,10,1115;1120;1464;1551;1957;2089;2156;2175;2463;2554,CANONICO,Manifest,AUTORIDAD_ARQ,TRAZABILIDAD_SUBORDINADA,VINCULADO
MEF-V3-DIC-0119,Manifest,ENG,ENG-006,ENG-006-ESTRUCTURA_DE_DIRECTORIOS.md,24,174;349;514;519;527;530;562;768;966;968;981;992;1002;1048;1200;1234;1263;1393;1395;1474;1490;1554;1571;1669,CANONICO,Manifest,AUTORIDAD_ARQ,TRAZABILIDAD_SUBORDINADA,VINCULADO
MEF-V3-DIC-0119,Manifest,ENG,ENG-007,ENG-007-CLI.md,24,34;177;195;269;286;330;335;336;337;408;867;893;947;1050;1058;1070;1132;1288;1317;1362;1378;1515;1516;1589,CANONICO,Manifest,AUTORIDAD_ARQ,TRAZABILIDAD_SUBORDINADA,VINCULADO
MEF-V3-DIC-0119,Manifest,ENG,ENG-008,ENG-008-GENERADORES.md,17,203;270;465;472;481;601;750;854;856;1031;1048;1253;1327;1366;1374;1476;1495,CANONICO,Manifest,AUTORIDAD_ARQ,TRAZABILIDAD_SUBORDINADA,VINCULADO
MEF-V3-DIC-0119,Manifest,ENG,ENG-009,ENG-009-TESTING.md,18,319;350;394;480;499;557;898;1135;1189;1204;1211;1242;1460;1482;1515;1524;1540;1786,CANONICO,Manifest,AUTORIDAD_ARQ,TRAZABILIDAD_SUBORDINADA,VINCULADO
MEF-V3-DIC-0119,Manifest,ENG,ENG-010,ENG-010-LOGGING.md,5,301;394;562;753;757,CANONICO,Manifest,AUTORIDAD_ARQ,TRAZABILIDAD_SUBORDINADA,VINCULADO
MEF-V3-DIC-0119,Manifest,ENG,ENG-011,ENG-011-CONFIGURATION_FILES.md,8,79;121;123;125;158;2277;2311;2525,CANONICO,Manifest,AUTORIDAD_ARQ,TRAZABILIDAD_SUBORDINADA,VINCULADO
MEF-V3-DIC-0119,Manifest,ENG,ENG-012,ENG-012-BUILD_SYSTEM.md,15,382;458;659;666;669;674;677;924;961;1001;1153;1260;1584;1778;1862,CANONICO,Manifest,AUTORIDAD_ARQ,TRAZABILIDAD_SUBORDINADA,VINCULADO
MEF-V3-DIC-0119,Manifest,ENG,ENG-013,ENG-013-PACKAGE_MANAGER.md,20,196;302;313;491;737;742;754;824;952;1127;1428;1436;1470;2009;2540;2764;2772;2828;2930;3035,CANONICO,Manifest,AUTORIDAD_ARQ,TRAZABILIDAD_SUBORDINADA,VINCULADO
MEF-V3-DIC-0119,Manifest,ENG,ENG-014,ENG-014-VERSIONADO.md,19,62;211;421;466;468;480;495;500;515;962;1328;1525;2145;2382;2448;2568;2590;2739;2770,CANONICO,Manifest,AUTORIDAD_ARQ,TRAZABILIDAD_SUBORDINADA,VINCULADO
MEF-V3-DIC-0119,Manifest,ENG,ENG-015,ENG-015-ARCHITECTURAL_STATE_MACHINE.md,3,666;963;3176,CANONICO,Manifest,AUTORIDAD_ARQ,TRAZABILIDAD_SUBORDINADA,VINCULADO
MEF-V3-DIC-0119,Manifest,ENG,ENG-016,ENG-016-COMPATIBILITY.md,10,671;1491;1706;2394;2417;2710;2840;2956;2958;3288,CANONICO,Manifest,AUTORIDAD_ARQ,TRAZABILIDAD_SUBORDINADA,VINCULADO
MEF-V3-DIC-0119,Manifest,ENG,ENG-017,ENG-017-RELEASE_PROCESS.md,17,619;626;818;820;824;827;830;836;1350;1652;2337;2845;2956;3058;3067;3108;3303,CANONICO,Manifest,AUTORIDAD_ARQ,TRAZABILIDAD_SUBORDINADA,VINCULADO
MEF-V3-DIC-0119,Manifest,ENG,ENG-018,ENG-018-DEPENDENCY_INJECTION.md,6,813;815;821;830;2425;2532,CANONICO,Manifest,AUTORIDAD_ARQ,TRAZABILIDAD_SUBORDINADA,VINCULADO
MEF-V3-DIC-0119,Manifest,ENG,ENG-020,ENG-020-REGISTRY_ENGINNEERING.md,24,203;205;210;403;481;1199;1205;1210;1223;1225;1253;1259;1282;1858;2078;2269;2288;2747;2762;2864;2890;3119;3177;3216,CANONICO,Manifest,AUTORIDAD_ARQ,TRAZABILIDAD_SUBORDINADA,VINCULADO
MEF-V3-DIC-0119,Manifest,ENG,ENG-021,ENG-021-CONTRACTS_ENGINNEERING.md,8,948;960;972;984;986;2134;2862;3278,CANONICO,Manifest,AUTORIDAD_ARQ,TRAZABILIDAD_SUBORDINADA,VINCULADO
MEF-V3-DIC-0119,Manifest,ENG,ENG-022,ENG-022-EVENT_BUS_ENGINNEERING.md,4,871;895;2855;3508,CANONICO,Manifest,AUTORIDAD_ARQ,TRAZABILIDAD_SUBORDINADA,VINCULADO
MEF-V3-DIC-0119,Manifest,ENG,ENG-023,ENG-023-ERROR_HANDLING.md,4,1085;1540;2188;3403,CANONICO,Manifest,AUTORIDAD_ARQ,TRAZABILIDAD_SUBORDINADA,VINCULADO
MEF-V3-DIC-0119,Manifest,ENG,ENG-024,ENG-024-SECURITY_ENGINEERING.md,5,1004;1445;2841;3450;4134,CANONICO,Manifest,AUTORIDAD_ARQ,TRAZABILIDAD_SUBORDINADA,VINCULADO
MEF-V3-DIC-0119,Manifest,ENG,ENG-025,ENG-025-OBSERVABILITY_ENGINEERING.md,3,2219;2233;2235,CANONICO,Manifest,AUTORIDAD_ARQ,TRAZABILIDAD_SUBORDINADA,VINCULADO
MEF-V3-DIC-0119,Manifest,ENG,ENG-026,ENG-026-RUNTIME_PERFORMANCE_ENGINEERING.md,2,646;1486,CANONICO,Manifest,AUTORIDAD_ARQ,TRAZABILIDAD_SUBORDINADA,VINCULADO
MEF-V3-DIC-0119,Manifest,ENG,ENG-027,ENG-027-RUNTIME_ENGINEERING.md,5,435;536;538;542;544,CANONICO,Manifest,AUTORIDAD_ARQ,TRAZABILIDAD_SUBORDINADA,VINCULADO
MEF-V3-DIC-0119,Manifest,ENG,ENG-028,ENG-028-MODULE_ENGINEERING.md,42,42;96;309;465;471;473;479;519;521;527;659;661;847;1140;1795;1805;1807;1811;1828;1935;1959;1964;2244;2246;2423;2460;2462;2587;2617;2863;2931;2971;2990;3055;3082;3152;3154;3198;3332;3373;3392;3435,CANONICO,Manifest,AUTORIDAD_ARQ,TRAZABILIDAD_SUBORDINADA,VINCULADO
MEF-V3-DIC-0119,Manifest,ENG,ENG-029,ENG-029-EXTENSION_ENGINEERING.md,8,356;358;387;406;407;1356;2223;2633,CANONICO,Manifest,AUTORIDAD_ARQ,TRAZABILIDAD_SUBORDINADA,VINCULADO
MEF-V3-DIC-0119,Manifest,ENG,ENG-030,ENG-030-PERSISTENCE_ENGINEERING.md,1,2117,CANONICO,Manifest,AUTORIDAD_ARQ,TRAZABILIDAD_SUBORDINADA,VINCULADO
MEF-V3-DIC-0119,Manifest,ENG,ENG-031,ENG-031-SERIALIZATION_ENGINEERING.md,4,1416;2947;2949;3247,CANONICO,Manifest,AUTORIDAD_ARQ,TRAZABILIDAD_SUBORDINADA,VINCULADO
MEF-V3-DIC-0119,Manifest,ENG,ENG-034,ENG-034-APPLICATION_ENGINEERING.md,2,1935;1951,CANONICO,Manifest,AUTORIDAD_ARQ,TRAZABILIDAD_SUBORDINADA,VINCULADO
MEF-V3-DIC-0119,Manifest,ENG,ENG-036,ENG-036-VALIDATION_ENGINEERING.md,1,346,CANONICO,Manifest,AUTORIDAD_ARQ,TRAZABILIDAD_SUBORDINADA,VINCULADO
MEF-V3-DIC-0119,Manifest,ENG,ENG-048,ENG-048-MULTI_TENANCY_ENGINEERING.md,1,1711,CANONICO,Manifest,AUTORIDAD_ARQ,TRAZABILIDAD_SUBORDINADA,VINCULADO
MEF-V3-DIC-0119,Manifest,ENG,ENG-057,ENG-057-METADATA_ENGINEERING.md,4,557;599;819;2841,CANONICO,Manifest,AUTORIDAD_ARQ,TRAZABILIDAD_SUBORDINADA,VINCULADO
MEF-V3-DIC-0119,Manifest,ENG,ENG-058,ENG-058-DISCOVERY_ENGINEERING.md,19,32;113;332;422;472;479;480;487;489;1348;1476;1505;1749;1785;2029;2130;2193;2214;2247,CANONICO,Manifest,AUTORIDAD_ARQ,TRAZABILIDAD_SUBORDINADA,VINCULADO
MEF-V3-DIC-0119,Manifest,ENG,ENG-059,ENG-059-RESOLUTION_ENGINEERING.md,1,2468,CANONICO,Manifest,AUTORIDAD_ARQ,TRAZABILIDAD_SUBORDINADA,VINCULADO
MEF-V3-DIC-0119,Manifest,ENG,ENG-060,ENG-060-PLUGIN_ENGINEERING.md,36,38;121;175;235;410;412;433;439;445;447;544;568;696;955;1036;1628;1777;1925;1961;2012;2136;2246;2384;2426;2574;2575;2614;2706;2719;2814;2833;2866;2867;2908;3084;3123,CANONICO,Manifest,AUTORIDAD_ARQ,TRAZABILIDAD_SUBORDINADA,VINCULADO
MEF-V3-DIC-0119,Manifest,ENG,ENG-061,ENG-061-INTEROPERABILITY_ENGINEERING.md,1,1254,CANONICO,Manifest,AUTORIDAD_ARQ,TRAZABILIDAD_SUBORDINADA,VINCULADO
MEF-V3-DIC-0119,Manifest,ENG,ENG-066,ENG-066-UPGRADE_ENGINEERING.md,1,2699,CANONICO,Manifest,AUTORIDAD_ARQ,TRAZABILIDAD_SUBORDINADA,VINCULADO
MEF-V3-DIC-0119,Manifest,ENG,ENG-067,ENG-067-DEPLOYMENT_ENGINEERING.md,29,82;125;183;541;563;569;575;1260;1526;1760;1788;1952;2089;2128;2138;2209;2279;2319;2520;2589;2633;2712;2715;2728;2731;2756;2798;2799;3193,CANONICO,Manifest,AUTORIDAD_ARQ,TRAZABILIDAD_SUBORDINADA,VINCULADO
MEF-V3-DIC-0119,Manifest,ENG,ENG-087,ENG-087-DATA_EXCHANGE_SHARING_ENGINEERING.md,10,100;327;335;352;496;867;931;1057;1204;1243,CANONICO,Manifest,AUTORIDAD_ARQ,TRAZABILIDAD_SUBORDINADA,VINCULADO
MEF-V3-DIC-0119,Manifest,ENG,ENG-093,ENG-093-DATA_ARCHIVAL_PRESERVATION_ENGINEERING.md,18,129;219;364;387;403;405;722;811;836;913;937;1038;1167;1213;1227;1228;1253;1376,CANONICO,Manifest,AUTORIDAD_ARQ,TRAZABILIDAD_SUBORDINADA,VINCULADO
MEF-V3-DIC-0119,Manifest,ENG,ENG-094,ENG-094-DATA_PORTABILITY_ENGINEERING.md,18,90;135;214;524;536;538;1097;1277;1312;1395;1418;1526;1653;1703;1717;1718;1745;1886,CANONICO,Manifest,AUTORIDAD_ARQ,TRAZABILIDAD_SUBORDINADA,VINCULADO
MEF-V3-DIC-0120,Modelo Arquitectónico,ARQ,ARQ-011,ARQ-011-CONTRACTS.md,1,86,CANONICO,Modelo Arquitectónico,AUTORIDAD_ARQ,AUTORIDAD_PRIMARIA,VINCULADO
MEF-V3-DIC-0120,Modelo Arquitectónico,ARQ,ARQ-012,ARQ-012-DEPENDENCY_INJECTION.md,1,80,CANONICO,Modelo Arquitectónico,AUTORIDAD_ARQ,AUTORIDAD_PRIMARIA,VINCULADO
MEF-V3-DIC-0120,Modelo Arquitectónico,ARQ,ARQ-013,ARQ-013-CONFIGURATION.md,1,88,CANONICO,Modelo Arquitectónico,AUTORIDAD_ARQ,AUTORIDAD_PRIMARIA,VINCULADO
MEF-V3-DIC-0120,Modelo Arquitectónico,ARQ,ARQ-017,ARQ-017-PACKAGING.md,1,82,CANONICO,Modelo Arquitectónico,AUTORIDAD_ARQ,AUTORIDAD_PRIMARIA,VINCULADO
MEF-V3-DIC-0120,Modelo Arquitectónico,ENG,ENG-002,ENG-002-ESPECIFICACION_DE_MODULES.md,1,1138,CANONICO,Modelo Arquitectónico,AUTORIDAD_ARQ,TRAZABILIDAD_SUBORDINADA,VINCULADO
MEF-V3-DIC-0120,Modelo Arquitectónico,ENG,ENG-011,ENG-011-CONFIGURATION_FILES.md,1,2464,CANONICO,Modelo Arquitectónico,AUTORIDAD_ARQ,TRAZABILIDAD_SUBORDINADA,VINCULADO
MEF-V3-DIC-0121,Modelo de Generación,ARQ,ARQ-010,ARQ-010-TEMPLATE_ENGINE.md,1,86,CANONICO,Modelo de Generación,AUTORIDAD_ARQ,AUTORIDAD_PRIMARIA,VINCULADO
MEF-V3-DIC-0122,Module,ARQ,ARQ-004,ARQ-004-MODULES.md,46,46;56;85;87;102;110;125;128;140;163;192;200;231;240;253;261;288;314;325;343;348;349;393;399;422;428;450;475;502;504;519;533;550;567;580;588;589;590;593;594;595;603;605;621;631;690,CANONICO,Module,AUTORIDAD_ARQ,AUTORIDAD_PRIMARIA,VINCULADO
MEF-V3-DIC-0122,Module,ARQ,ARQ-013,ARQ-013-CONFIGURATION.md,1,141,CANONICO,Module,AUTORIDAD_ARQ,AUTORIDAD_PRIMARIA,VINCULADO
MEF-V3-DIC-0122,Module,ARQ,ARQ-017,ARQ-017-PACKAGING.md,1,85,CANONICO,Module,AUTORIDAD_ARQ,AUTORIDAD_PRIMARIA,VINCULADO
MEF-V3-DIC-0122,Module,ENG,ENG-000,ENG-000-INGENIERIA_GENERAL.md,2,193;698,CANONICO,Module,AUTORIDAD_ARQ,TRAZABILIDAD_SUBORDINADA,VINCULADO
MEF-V3-DIC-0122,Module,ENG,ENG-001,ENG-001-ORGANIZACION_DEL_CODIGO.md,22,184;193;284;287;290;292;380;441;620;621;622;694;699;705;711;714;726;734;735;820;866;954,CANONICO,Module,AUTORIDAD_ARQ,TRAZABILIDAD_SUBORDINADA,VINCULADO
MEF-V3-DIC-0122,Module,ENG,ENG-002,ENG-002-ESPECIFICACION_DE_MODULES.md,104,28;49;51;57;59;61;83;86;90;99;115;121;138;144;161;166;167;168;169;170;171;174;180;200;225;230;233;241;249;251;256;263;271;295;329;334;361;375;401;411;435;437;454;471;477;506;520;532;540;559;569;585;602;606;620;625;640;690;700;706;720;737;754;771;806;807;808;809;818;832;838;852;857;869;875;889;898;900;915;925;926;927;928;932;933;934;935;936;938;945;978;1000;1002;1004;1006;1018;1032;1049;1065;1079;1085;1104;1116;1124,CANONICO,Module,AUTORIDAD_ARQ,TRAZABILIDAD_SUBORDINADA,VINCULADO
MEF-V3-DIC-0122,Module,ENG,ENG-003,ENG-003-MANIFEST.md,39,72;74;104;144;147;157;159;239;324;339;340;341;342;343;344;383;389;427;445;461;514;569;669;689;701;707;966;1015;1038;1053;1216;1217;1218;1219;1220;1267;1286;1337;1395,CANONICO,Module,AUTORIDAD_ARQ,TRAZABILIDAD_SUBORDINADA,VINCULADO
MEF-V3-DIC-0122,Module,ENG,ENG-004,ENG-004-CONVENCIONES.md,2,252;1251,CANONICO,Module,AUTORIDAD_ARQ,TRAZABILIDAD_SUBORDINADA,VINCULADO
MEF-V3-DIC-0122,Module,ENG,ENG-005,ENG-005-NOMENCLATURA.md,21,142;327;354;356;378;704;816;1393;1465;1527;1546;1547;1548;1742;1749;1954;2070;2124;2154;2174;2461,CANONICO,Module,AUTORIDAD_ARQ,TRAZABILIDAD_SUBORDINADA,VINCULADO
MEF-V3-DIC-0122,Module,ENG,ENG-006,ENG-006-ESTRUCTURA_DE_DIRECTORIOS.md,32,288;328;332;358;360;396;409;433;451;466;482;492;496;498;514;516;530;615;627;656;903;1066;1109;1115;1201;1226;1228;1231;1247;1252;1474;1542,CANONICO,Module,AUTORIDAD_ARQ,TRAZABILIDAD_SUBORDINADA,VINCULADO
MEF-V3-DIC-0122,Module,ENG,ENG-007,ENG-007-CLI.md,41,114;175;176;194;235;240;241;242;243;244;245;250;254;259;282;298;311;313;505;511;525;565;633;668;804;909;928;929;948;1048;1056;1068;1085;1209;1257;1290;1377;1510;1511;1512;1513,CANONICO,Module,AUTORIDAD_ARQ,TRAZABILIDAD_SUBORDINADA,VINCULADO
MEF-V3-DIC-0122,Module,ENG,ENG-008,ENG-008-GENERADORES.md,20,165;194;288;353;435;455;457;460;486;655;799;987;988;1001;1029;1085;1174;1326;1347;1350,CANONICO,Module,AUTORIDAD_ARQ,TRAZABILIDAD_SUBORDINADA,VINCULADO
MEF-V3-DIC-0122,Module,ENG,ENG-009,ENG-009-TESTING.md,17,222;281;319;360;361;362;525;527;530;974;1482;1483;1484;1485;1486;1526;1536,CANONICO,Module,AUTORIDAD_ARQ,TRAZABILIDAD_SUBORDINADA,VINCULADO
MEF-V3-DIC-0122,Module,ENG,ENG-010,ENG-010-LOGGING.md,21,260;269;299;300;364;396;463;464;481;483;518;532;607;1254;1258;1282;1295;1296;1315;1316;1373,CANONICO,Module,AUTORIDAD_ARQ,TRAZABILIDAD_SUBORDINADA,VINCULADO
MEF-V3-DIC-0122,Module,ENG,ENG-011,ENG-011-CONFIGURATION_FILES.md,5,132;644;646;695;1303,CANONICO,Module,AUTORIDAD_ARQ,TRAZABILIDAD_SUBORDINADA,VINCULADO
MEF-V3-DIC-0122,Module,ENG,ENG-012,ENG-012-BUILD_SYSTEM.md,3,380;634;911,CANONICO,Module,AUTORIDAD_ARQ,TRAZABILIDAD_SUBORDINADA,VINCULADO
MEF-V3-DIC-0122,Module,ENG,ENG-013,ENG-013-PACKAGE_MANAGER.md,14,79;134;147;149;157;162;347;1129;2314;2322;2334;2343;2755;2782,CANONICO,Module,AUTORIDAD_ARQ,TRAZABILIDAD_SUBORDINADA,VINCULADO
MEF-V3-DIC-0122,Module,ENG,ENG-014,ENG-014-VERSIONADO.md,7,343;356;358;376;381;386;2378,CANONICO,Module,AUTORIDAD_ARQ,TRAZABILIDAD_SUBORDINADA,VINCULADO
MEF-V3-DIC-0122,Module,ENG,ENG-015,ENG-015-ARCHITECTURAL_STATE_MACHINE.md,59,34;189;311;352;366;372;474;574;631;633;664;666;672;674;678;684;690;692;696;698;702;704;708;710;716;718;722;758;777;794;798;1027;1034;1043;1282;1334;1380;1832;1863;1928;1933;1963;1964;1976;2054;2076;2218;2358;2783;2784;2813;2859;2944;2962;3088;3089;3090;3091;3129,CANONICO,Module,AUTORIDAD_ARQ,TRAZABILIDAD_SUBORDINADA,VINCULADO
MEF-V3-DIC-0122,Module,ENG,ENG-016,ENG-016-COMPATIBILITY.md,8,204;455;468;470;497;1592;2788;3106,CANONICO,Module,AUTORIDAD_ARQ,TRAZABILIDAD_SUBORDINADA,VINCULADO
MEF-V3-DIC-0122,Module,ENG,ENG-017,ENG-017-RELEASE_PROCESS.md,1,197,CANONICO,Module,AUTORIDAD_ARQ,TRAZABILIDAD_SUBORDINADA,VINCULADO
MEF-V3-DIC-0122,Module,ENG,ENG-018,ENG-018-DEPENDENCY_INJECTION.md,18,204;747;749;763;769;815;924;1872;1874;2021;2172;2235;2396;2534;2682;2738;2740;2830,CANONICO,Module,AUTORIDAD_ARQ,TRAZABILIDAD_SUBORDINADA,VINCULADO
MEF-V3-DIC-0122,Module,ENG,ENG-019,ENG-019-SERVICE_CONTAINER.md,29,91;147;268;468;770;813;815;846;1428;1430;1436;1438;1440;1444;1452;1470;1485;1587;1592;1594;1612;1689;1878;1923;2313;2425;2426;2451;2601,CANONICO,Module,AUTORIDAD_ARQ,TRAZABILIDAD_SUBORDINADA,VINCULADO
MEF-V3-DIC-0122,Module,ENG,ENG-020,ENG-020-REGISTRY_ENGINNEERING.md,25,309;387;404;756;771;838;949;1027;1040;1042;1069;1105;1425;1469;1487;1489;1553;1555;1881;2038;2040;2604;2682;2750;2774,CANONICO,Module,AUTORIDAD_ARQ,TRAZABILIDAD_SUBORDINADA,VINCULADO
MEF-V3-DIC-0122,Module,ENG,ENG-021,ENG-021-CONTRACTS_ENGINNEERING.md,13,339;366;379;632;645;986;1321;1346;2249;2403;2449;2863;2948,CANONICO,Module,AUTORIDAD_ARQ,TRAZABILIDAD_SUBORDINADA,VINCULADO
MEF-V3-DIC-0122,Module,ENG,ENG-022,ENG-022-EVENT_BUS_ENGINNEERING.md,11,132;148;257;1467;1483;1753;1759;2387;2393;2871;3073,CANONICO,Module,AUTORIDAD_ARQ,TRAZABILIDAD_SUBORDINADA,VINCULADO
MEF-V3-DIC-0122,Module,ENG,ENG-023,ENG-023-ERROR_HANDLING.md,9,1083;1223;1710;1822;1824;1828;1830;1988;2465,CANONICO,Module,AUTORIDAD_ARQ,TRAZABILIDAD_SUBORDINADA,VINCULADO
MEF-V3-DIC-0122,Module,ENG,ENG-024,ENG-024-SECURITY_ENGINEERING.md,48,147;290;401;420;422;673;828;1029;1431;1433;1437;1439;1443;1472;1482;1531;1567;1579;1642;1754;1755;1912;1913;2045;2700;2851;2956;2972;2989;3021;3041;3079;3444;3447;3468;3516;3560;3580;3639;3661;3665;3729;3730;3770;3774;3786;3819;3985,CANONICO,Module,AUTORIDAD_ARQ,TRAZABILIDAD_SUBORDINADA,VINCULADO
MEF-V3-DIC-0122,Module,ENG,ENG-025,ENG-025-OBSERVABILITY_ENGINEERING.md,16,234;362;388;409;552;751;757;838;1242;1247;2016;2019;2022;2219;2390;2754,CANONICO,Module,AUTORIDAD_ARQ,TRAZABILIDAD_SUBORDINADA,VINCULADO
MEF-V3-DIC-0122,Module,ENG,ENG-026,ENG-026-RUNTIME_PERFORMANCE_ENGINEERING.md,15,83;189;297;651;689;694;727;728;1301;1316;1318;2014;3066;3070;3485,CANONICO,Module,AUTORIDAD_ARQ,TRAZABILIDAD_SUBORDINADA,VINCULADO
MEF-V3-DIC-0122,Module,ENG,ENG-027,ENG-027-RUNTIME_ENGINEERING.md,51,47;200;371;402;436;447;538;544;548;554;556;560;566;582;626;1032;1096;1186;1206;1254;1260;1271;1435;1533;1536;1556;1558;1866;2038;2227;2285;2355;2356;2357;2358;2359;2366;2367;2371;2402;2418;2420;2817;2847;2935;3136;3267;3269;3270;3362;3366,CANONICO,Module,AUTORIDAD_ARQ,TRAZABILIDAD_SUBORDINADA,VINCULADO
MEF-V3-DIC-0122,Module,ENG,ENG-028,ENG-028-MODULE_ENGINEERING.md,330,3;40;43;57;67;72;92;112;117;141;143;159;164;184;186;198;204;211;212;218;220;224;226;244;260;264;270;276;282;287;296;298;318;320;356;374;376;380;419;421;425;443;445;449;465;467;475;479;485;527;532;541;547;567;577;597;601;625;631;637;655;661;665;690;696;698;702;716;730;732;736;772;777;782;792;828;838;862;864;870;908;944;946;964;970;986;1017;1035;1041;1047;1097;1129;1167;1192;1201;1217;1219;1235;1240;1245;1247;1251;1253;1271;1277;1281;1306;1311;1322;1334;1338;1368;1374;1390;1408;1414;1426;1441;1452;1454;1471;1502;1504;1508;1510;1534;1540;1548;1578;1586;1598;1630;1640;1642;1680;1689;1691;1709;1711;1745;1751;1753;1757;1759;1763;1771;1775;1777;1817;1843;1867;1889;1904;1910;1916;1935;1936;1937;1938;1939;1940;1941;1946;1947;1948;1949;1950;1951;1952;1953;1954;1964;1966;1975;1980;1982;1997;1999;2015;2034;2048;2050;2064;2080;2085;2087;2091;2098;2102;2107;2108;2109;2114;2119;2120;2127;2132;2133;2134;2139;2141;2145;2147;2151;2165;2171;2179;2188;2193;2195;2199;2213;2217;2223;2238;2276;2298;2304;2310;2327;2328;2329;2330;2331;2332;2337;2351;2368;2370;2374;2380;2391;2418;2436;2466;2482;2484;2526;2534;2536;2540;2546;2567;2585;2610;2631;2636;2660;2679;2681;2693;2711;2724;2779;2812;2832;2840;2846;2854;2867;2871;2879;2888;2891;2897;2906;2909;2931;2965;2988;2996;3009;3010;3011;3013;3014;3024;3026;3029;3041;3042;3043;3044;3045;3046;3050;3051;3052;3053;3054;3055;3056;3057;3058;3059;3060;3080;3081;3086;3104;3112;3116;3118;3120;3124;3126;3128;3134;3156;3162;3192;3200;3214;3224;3230;3236;3242;3270;3279;3280;3295;3307;3308;3319;3325;3334;3348;3357;3395;3417,CANONICO,Module,AUTORIDAD_ARQ,TRAZABILIDAD_SUBORDINADA,VINCULADO
MEF-V3-DIC-0122,Module,ENG,ENG-029,ENG-029-EXTENSION_ENGINEERING.md,33,88;116;134;156;160;162;171;247;302;308;358;407;479;813;951;1292;1590;1596;1598;1602;1604;1608;1610;1614;1626;2039;2209;2407;2499;2505;2531;2567;2651,CANONICO,Module,AUTORIDAD_ARQ,TRAZABILIDAD_SUBORDINADA,VINCULADO
MEF-V3-DIC-0122,Module,ENG,ENG-030,ENG-030-PERSISTENCE_ENGINEERING.md,48,78;158;196;211;213;217;236;449;802;804;876;880;882;1187;1201;1208;1217;1266;1322;1401;1519;1708;1726;1758;1767;1772;1830;2033;2081;2111;2113;2117;2466;2499;2548;2600;2660;2662;2673;2676;2700;2775;2777;2925;2950;3011;3021;3096,CANONICO,Module,AUTORIDAD_ARQ,TRAZABILIDAD_SUBORDINADA,VINCULADO
MEF-V3-DIC-0122,Module,ENG,ENG-031,ENG-031-SERIALIZATION_ENGINEERING.md,4,309;445;1459;3266,CANONICO,Module,AUTORIDAD_ARQ,TRAZABILIDAD_SUBORDINADA,VINCULADO
MEF-V3-DIC-0122,Module,ENG,ENG-032,ENG-032-TRANSPORT_ENGINEERING.md,1,3279,CANONICO,Module,AUTORIDAD_ARQ,TRAZABILIDAD_SUBORDINADA,VINCULADO
MEF-V3-DIC-0122,Module,ENG,ENG-033,ENG-033-INTERFACE_ENGINEERING.md,4,988;994;996;1769,CANONICO,Module,AUTORIDAD_ARQ,TRAZABILIDAD_SUBORDINADA,VINCULADO
MEF-V3-DIC-0122,Module,ENG,ENG-034,ENG-034-APPLICATION_ENGINEERING.md,16,240;939;1524;1551;1794;1800;1802;1806;1814;1820;1919;2773;2775;2803;2845;3047,CANONICO,Module,AUTORIDAD_ARQ,TRAZABILIDAD_SUBORDINADA,VINCULADO
MEF-V3-DIC-0122,Module,ENG,ENG-035,ENG-035-DOMAIN_ENGINEERING.md,24,327;335;342;691;828;1201;1207;1963;2485;2487;2491;2493;2497;2503;2881;2883;2900;3049;3091;3128;3216;3262;3264;3548,CANONICO,Module,AUTORIDAD_ARQ,TRAZABILIDAD_SUBORDINADA,VINCULADO
MEF-V3-DIC-0122,Module,ENG,ENG-036,ENG-036-VALIDATION_ENGINEERING.md,3,2510;2787;3003,CANONICO,Module,AUTORIDAD_ARQ,TRAZABILIDAD_SUBORDINADA,VINCULADO
MEF-V3-DIC-0122,Module,ENG,ENG-037,ENG-037-CACHING_ENGINEERING.md,4,416;453;2650;3280,CANONICO,Module,AUTORIDAD_ARQ,TRAZABILIDAD_SUBORDINADA,VINCULADO
MEF-V3-DIC-0122,Module,ENG,ENG-038,ENG-038-CONCURRENCY_ENGINEERING.md,1,3298,CANONICO,Module,AUTORIDAD_ARQ,TRAZABILIDAD_SUBORDINADA,VINCULADO
MEF-V3-DIC-0122,Module,ENG,ENG-039,ENG-039-RESILIENCE_ENGINEERING.md,2,1386;3203,CANONICO,Module,AUTORIDAD_ARQ,TRAZABILIDAD_SUBORDINADA,VINCULADO
MEF-V3-DIC-0122,Module,ENG,ENG-040,ENG-040-SCHEDULING_BACKGROUND_JOBS_ENGINEERING.md,5,2976;2988;2990;2994;4191,CANONICO,Module,AUTORIDAD_ARQ,TRAZABILIDAD_SUBORDINADA,VINCULADO
MEF-V3-DIC-0122,Module,ENG,ENG-041,ENG-041-MESSAGING_ENGINEERING.md,4,2661;2675;2681;4152,CANONICO,Module,AUTORIDAD_ARQ,TRAZABILIDAD_SUBORDINADA,VINCULADO
MEF-V3-DIC-0122,Module,ENG,ENG-042,ENG-042-TRANSACTION_ENGINEERING.md,2,2548;3401,CANONICO,Module,AUTORIDAD_ARQ,TRAZABILIDAD_SUBORDINADA,VINCULADO
MEF-V3-DIC-0122,Module,ENG,ENG-043,ENG-043-DATA_ACCESS_ENGINEERING.md,15,2713;2727;2729;2733;2747;2757;2771;2946;3008;3055;3128;3130;3138;3575;3630,CANONICO,Module,AUTORIDAD_ARQ,TRAZABILIDAD_SUBORDINADA,VINCULADO
MEF-V3-DIC-0122,Module,ENG,ENG-044,ENG-044-API_ENGINEERING.md,12,1066;2081;2085;2087;2091;3083;3085;3096;3098;3110;3114;4225,CANONICO,Module,AUTORIDAD_ARQ,TRAZABILIDAD_SUBORDINADA,VINCULADO
MEF-V3-DIC-0122,Module,ENG,ENG-045,ENG-045-AUTHENTICATION_ENGINEERING.md,4,2885;2891;2893;3911,CANONICO,Module,AUTORIDAD_ARQ,TRAZABILIDAD_SUBORDINADA,VINCULADO
MEF-V3-DIC-0122,Module,ENG,ENG-046,ENG-046-AUTHORIZATION_ENGINEERING.md,10,800;1597;1602;2867;2869;2881;2887;2893;2905;3982,CANONICO,Module,AUTORIDAD_ARQ,TRAZABILIDAD_SUBORDINADA,VINCULADO
MEF-V3-DIC-0122,Module,ENG,ENG-047,ENG-047-IDENTITY_ACCESS_MANAGEMENT_ENGINEERING.md,4,2957;2971;2983;4043,CANONICO,Module,AUTORIDAD_ARQ,TRAZABILIDAD_SUBORDINADA,VINCULADO
MEF-V3-DIC-0122,Module,ENG,ENG-048,ENG-048-MULTI_TENANCY_ENGINEERING.md,8,2547;2549;2559;2573;2579;2581;3232;3507,CANONICO,Module,AUTORIDAD_ARQ,TRAZABILIDAD_SUBORDINADA,VINCULADO
MEF-V3-DIC-0122,Module,ENG,ENG-049,ENG-049-CONFIGURATION_MANAGEMENT_ENGINEERING.md,23,128;298;469;566;601;603;654;656;688;1470;1472;1476;1481;1486;1492;1498;2249;2440;2446;2452;3276;3340;3498,CANONICO,Module,AUTORIDAD_ARQ,TRAZABILIDAD_SUBORDINADA,VINCULADO
MEF-V3-DIC-0122,Module,ENG,ENG-050,ENG-050-FEATURE_MANAGEMENT_ENGINEERING.md,1,3044,CANONICO,Module,AUTORIDAD_ARQ,TRAZABILIDAD_SUBORDINADA,VINCULADO
MEF-V3-DIC-0122,Module,ENG,ENG-051,ENG-051-POLICY_ENGINEERING.md,5,2093;2099;2104;2109;3132,CANONICO,Module,AUTORIDAD_ARQ,TRAZABILIDAD_SUBORDINADA,VINCULADO
MEF-V3-DIC-0122,Module,ENG,ENG-052,ENG-052-WORKFLOW_ENGINEERING.md,5,2500;2506;2508;3279;3582,CANONICO,Module,AUTORIDAD_ARQ,TRAZABILIDAD_SUBORDINADA,VINCULADO
MEF-V3-DIC-0122,Module,ENG,ENG-053,ENG-053-STATE_MANAGEMENT_ENGINEERING.md,26,86;145;226;309;323;397;483;485;1325;1327;1331;1716;1830;2167;2174;2179;2181;2185;2584;2591;2633;2705;2707;2936;3058;3162,CANONICO,Module,AUTORIDAD_ARQ,TRAZABILIDAD_SUBORDINADA,VINCULADO
MEF-V3-DIC-0122,Module,ENG,ENG-054,ENG-054-RESOURCE_MANAGEMENT_ENGINEERING.md,11,422;463;465;989;1180;2264;2270;2272;2276;3095;3361,CANONICO,Module,AUTORIDAD_ARQ,TRAZABILIDAD_SUBORDINADA,VINCULADO
MEF-V3-DIC-0122,Module,ENG,ENG-055,ENG-055-LIFECYCLE_MANAGEMENT_ENGINEERING.md,21,150;229;292;329;352;1492;1522;1528;1545;1964;1965;1966;1967;1968;2153;2595;2727;2760;2789;3324;3367,CANONICO,Module,AUTORIDAD_ARQ,TRAZABILIDAD_SUBORDINADA,VINCULADO
MEF-V3-DIC-0122,Module,ENG,ENG-056,ENG-056-CONTEXT_MANAGEMENT_ENGINEERING.md,4,1336;1342;1344;3133,CANONICO,Module,AUTORIDAD_ARQ,TRAZABILIDAD_SUBORDINADA,VINCULADO
MEF-V3-DIC-0122,Module,ENG,ENG-057,ENG-057-METADATA_ENGINEERING.md,17,227;340;355;356;377;492;523;729;819;1329;2247;2551;2552;2669;2747;2846;3131,CANONICO,Module,AUTORIDAD_ARQ,TRAZABILIDAD_SUBORDINADA,VINCULADO
MEF-V3-DIC-0122,Module,ENG,ENG-058,ENG-058-DISCOVERY_ENGINEERING.md,15,34;118;281;309;338;479;581;583;587;589;607;1083;1746;1787;2492,CANONICO,Module,AUTORIDAD_ARQ,TRAZABILIDAD_SUBORDINADA,VINCULADO
MEF-V3-DIC-0122,Module,ENG,ENG-059,ENG-059-RESOLUTION_ENGINEERING.md,5,237;325;379;415;2766,CANONICO,Module,AUTORIDAD_ARQ,TRAZABILIDAD_SUBORDINADA,VINCULADO
MEF-V3-DIC-0122,Module,ENG,ENG-060,ENG-060-PLUGIN_ENGINEERING.md,4,260;262;631;3270,CANONICO,Module,AUTORIDAD_ARQ,TRAZABILIDAD_SUBORDINADA,VINCULADO
MEF-V3-DIC-0122,Module,ENG,ENG-062,ENG-062-SCHEMA_ENGINEERING.md,2,347;1208,CANONICO,Module,AUTORIDAD_ARQ,TRAZABILIDAD_SUBORDINADA,VINCULADO
MEF-V3-DIC-0122,Module,ENG,ENG-064,ENG-064-DATA_PIPELINE_ENGINEERING.md,2,345;3000,CANONICO,Module,AUTORIDAD_ARQ,TRAZABILIDAD_SUBORDINADA,VINCULADO
MEF-V3-DIC-0122,Module,ENG,ENG-065,ENG-065-MIGRATION_ENGINEERING.md,13,79;134;330;366;399;676;678;1326;1625;1627;2792;2990;3025,CANONICO,Module,AUTORIDAD_ARQ,TRAZABILIDAD_SUBORDINADA,VINCULADO
MEF-V3-DIC-0122,Module,ENG,ENG-066,ENG-066-UPGRADE_ENGINEERING.md,8,140;272;582;1200;1235;1409;2616;3021,CANONICO,Module,AUTORIDAD_ARQ,TRAZABILIDAD_SUBORDINADA,VINCULADO
MEF-V3-DIC-0122,Module,ENG,ENG-067,ENG-067-DEPLOYMENT_ENGINEERING.md,4,392;419;1600;3252,CANONICO,Module,AUTORIDAD_ARQ,TRAZABILIDAD_SUBORDINADA,VINCULADO
MEF-V3-DIC-0122,Module,ENG,ENG-068,ENG-068-ENVIRONMENT_ENGINEERING.md,1,814,CANONICO,Module,AUTORIDAD_ARQ,TRAZABILIDAD_SUBORDINADA,VINCULADO
MEF-V3-DIC-0122,Module,ENG,ENG-069,ENG-069-HEALTH_READINESS_ENGINEERING.md,3,577;1431;3059,CANONICO,Module,AUTORIDAD_ARQ,TRAZABILIDAD_SUBORDINADA,VINCULADO
MEF-V3-DIC-0122,Module,ENG,ENG-074,ENG-074-RELIABILITY_ENGINEERING.md,5,433;850;887;889;2828,CANONICO,Module,AUTORIDAD_ARQ,TRAZABILIDAD_SUBORDINADA,VINCULADO
MEF-V3-DIC-0122,Module,ENG,ENG-075,ENG-075-MAINTAINABILITY_ENGINEERING.md,7,339;984;1080;2108;2343;3157;3601,CANONICO,Module,AUTORIDAD_ARQ,TRAZABILIDAD_SUBORDINADA,VINCULADO
MEF-V3-DIC-0123,Module monolítico,ARQ,ARQ-004,ARQ-004-MODULES.md,1,603,CANONICO,Module monolítico,AUTORIDAD_ARQ,AUTORIDAD_PRIMARIA,VINCULADO
MEF-V3-DIC-0124,Modules,ARQ,ARQ-004,ARQ-004-MODULES.md,60,3;7;25;34;44;54;65;235;244;257;273;286;287;289;293;295;329;331;356;360;372;383;506;591;592;617;657;666;676;696,ALIAS_PROVISIONAL;CANONICO,/modules;Modules,AUTORIDAD_ARQ,AUTORIDAD_PRIMARIA,VINCULADO
MEF-V3-DIC-0124,Modules,ARQ,ARQ-010,ARQ-010-TEMPLATE_ENGINE.md,2,109,ALIAS_PROVISIONAL;CANONICO,/modules;Modules,AUTORIDAD_ARQ,AUTORIDAD_PRIMARIA,VINCULADO
MEF-V3-DIC-0124,Modules,ARQ,ARQ-011,ARQ-011-CONTRACTS.md,4,244;256,ALIAS_PROVISIONAL;CANONICO,/modules;Modules,AUTORIDAD_ARQ,AUTORIDAD_PRIMARIA,VINCULADO
MEF-V3-DIC-0124,Modules,ARQ,ARQ-013,ARQ-013-CONFIGURATION.md,2,177,ALIAS_PROVISIONAL;CANONICO,/modules;Modules,AUTORIDAD_ARQ,AUTORIDAD_PRIMARIA,VINCULADO
MEF-V3-DIC-0124,Modules,ARQ,ARQ-015,ARQ-015-EXTENSION_MODEL.md,2,24,ALIAS_PROVISIONAL;CANONICO,/modules;Modules,AUTORIDAD_ARQ,AUTORIDAD_PRIMARIA,VINCULADO
MEF-V3-DIC-0124,Modules,ARQ,ARQ-017,ARQ-017-PACKAGING.md,10,26;109;171;248;300,ALIAS_PROVISIONAL;CANONICO,/modules;Modules,AUTORIDAD_ARQ,AUTORIDAD_PRIMARIA,VINCULADO
MEF-V3-DIC-0124,Modules,ENG,ENG-000,ENG-000-INGENIERIA_GENERAL.md,16,191;196;385;459;542;672;696;834,ALIAS_PROVISIONAL;CANONICO,/modules;Modules,AUTORIDAD_ARQ,TRAZABILIDAD_SUBORDINADA,VINCULADO
MEF-V3-DIC-0124,Modules,ENG,ENG-001,ENG-001-ORGANIZACION_DEL_CODIGO.md,48,26;121;126;147;195;222;401;430;437;439;452;638;665;692;817;820;865;866;958;997;1021;1046;1066;1076,ALIAS_PROVISIONAL;CANONICO,/modules;Modules,AUTORIDAD_ARQ,TRAZABILIDAD_SUBORDINADA,VINCULADO
MEF-V3-DIC-0124,Modules,ENG,ENG-002,ENG-002-ESPECIFICACION_DE_MODULES.md,36,3;7;27;39;51;81;325;365;373;417;803;930;931;1026;1100;1116;1122;1151,ALIAS_PROVISIONAL;CANONICO,/modules;Modules,AUTORIDAD_ARQ,TRAZABILIDAD_SUBORDINADA,VINCULADO
MEF-V3-DIC-0124,Modules,ENG,ENG-003,ENG-003-MANIFEST.md,6,30;1405;1417,ALIAS_PROVISIONAL;CANONICO,/modules;Modules,AUTORIDAD_ARQ,TRAZABILIDAD_SUBORDINADA,VINCULADO
MEF-V3-DIC-0124,Modules,ENG,ENG-004,ENG-004-CONVENCIONES.md,8,422;1461;1572;1585,ALIAS_PROVISIONAL;CANONICO,/modules;Modules,AUTORIDAD_ARQ,TRAZABILIDAD_SUBORDINADA,VINCULADO
MEF-V3-DIC-0124,Modules,ENG,ENG-005,ENG-005-NOMENCLATURA.md,34,30;55;329;1160;1203;1576;1584;1586;1591;1592;1593;2004;2015;2078;2140;2540;2553,ALIAS_PROVISIONAL;CANONICO,/modules;Modules,AUTORIDAD_ARQ,TRAZABILIDAD_SUBORDINADA,VINCULADO
MEF-V3-DIC-0124,Modules,ENG,ENG-006,ENG-006-ESTRUCTURA_DE_DIRECTORIOS.md,66,34;115;161;249;310;312;315;321;337;365;527;536;578;667;798;888;975;1024;1087;1089;1095;1104;1161;1179;1249;1323;1467;1468;1488;1489;1548;1660;1668,ALIAS_PROVISIONAL;CANONICO,/modules;Modules,AUTORIDAD_ARQ,TRAZABILIDAD_SUBORDINADA,VINCULADO
MEF-V3-DIC-0124,Modules,ENG,ENG-007,ENG-007-CLI.md,8,33;56;420;867,ALIAS_PROVISIONAL;CANONICO,/modules;Modules,AUTORIDAD_ARQ,TRAZABILIDAD_SUBORDINADA,VINCULADO
MEF-V3-DIC-0124,Modules,ENG,ENG-008,ENG-008-GENERADORES.md,16,265;266;267;268;269;270;438;642,ALIAS_PROVISIONAL;CANONICO,/modules;Modules,AUTORIDAD_ARQ,TRAZABILIDAD_SUBORDINADA,VINCULADO
MEF-V3-DIC-0124,Modules,ENG,ENG-009,ENG-009-TESTING.md,16,113;280;281;298;1088;1477;1773;1785,ALIAS_PROVISIONAL;CANONICO,/modules;Modules,AUTORIDAD_ARQ,TRAZABILIDAD_SUBORDINADA,VINCULADO
MEF-V3-DIC-0124,Modules,ENG,ENG-010,ENG-010-LOGGING.md,8,520;1256;1266;1652,ALIAS_PROVISIONAL;CANONICO,/modules;Modules,AUTORIDAD_ARQ,TRAZABILIDAD_SUBORDINADA,VINCULADO
MEF-V3-DIC-0124,Modules,ENG,ENG-011,ENG-011-CONFIGURATION_FILES.md,18,640;651;657;663;1299;1305;1310;2146;2288,ALIAS_PROVISIONAL;CANONICO,/modules;Modules,AUTORIDAD_ARQ,TRAZABILIDAD_SUBORDINADA,VINCULADO
MEF-V3-DIC-0124,Modules,ENG,ENG-013,ENG-013-PACKAGE_MANAGER.md,6,198;2326;3024,ALIAS_PROVISIONAL;CANONICO,/modules;Modules,AUTORIDAD_ARQ,TRAZABILIDAD_SUBORDINADA,VINCULADO
MEF-V3-DIC-0124,Modules,ENG,ENG-014,ENG-014-VERSIONADO.md,12,35;60;345;387;1770;2759,ALIAS_PROVISIONAL;CANONICO,/modules;Modules,AUTORIDAD_ARQ,TRAZABILIDAD_SUBORDINADA,VINCULADO
MEF-V3-DIC-0124,Modules,ENG,ENG-015,ENG-015-ARCHITECTURAL_STATE_MACHINE.md,10,1241;1262;1302;2210;3165,ALIAS_PROVISIONAL;CANONICO,/modules;Modules,AUTORIDAD_ARQ,TRAZABILIDAD_SUBORDINADA,VINCULADO
MEF-V3-DIC-0124,Modules,ENG,ENG-016,ENG-016-COMPATIBILITY.md,10,38;65;457;1541;3277,ALIAS_PROVISIONAL;CANONICO,/modules;Modules,AUTORIDAD_ARQ,TRAZABILIDAD_SUBORDINADA,VINCULADO
MEF-V3-DIC-0124,Modules,ENG,ENG-018,ENG-018-DEPENDENCY_INJECTION.md,14,1611;2145;2637;2656;2898;3014;3028,ALIAS_PROVISIONAL;CANONICO,/modules;Modules,AUTORIDAD_ARQ,TRAZABILIDAD_SUBORDINADA,VINCULADO
MEF-V3-DIC-0124,Modules,ENG,ENG-019,ENG-019-SERVICE_CONTAINER.md,22,1188;1284;1454;1460;1499;1606;2432;2488;2686;2785;2798,ALIAS_PROVISIONAL;CANONICO,/modules;Modules,AUTORIDAD_ARQ,TRAZABILIDAD_SUBORDINADA,VINCULADO
MEF-V3-DIC-0124,Modules,ENG,ENG-020,ENG-020-REGISTRY_ENGINNEERING.md,22,43;120;240;650;758;966;2894;2902;3137;3202;3215,ALIAS_PROVISIONAL;CANONICO,/modules;Modules,AUTORIDAD_ARQ,TRAZABILIDAD_SUBORDINADA,VINCULADO
MEF-V3-DIC-0124,Modules,ENG,ENG-021,ENG-021-CONTRACTS_ENGINNEERING.md,14,387;1411;1752;1825;1831;3265;3277,ALIAS_PROVISIONAL;CANONICO,/modules;Modules,AUTORIDAD_ARQ,TRAZABILIDAD_SUBORDINADA,VINCULADO
MEF-V3-DIC-0124,Modules,ENG,ENG-022,ENG-022-EVENT_BUS_ENGINNEERING.md,12,1445;2880;3069;3367;3495;3507,ALIAS_PROVISIONAL;CANONICO,/modules;Modules,AUTORIDAD_ARQ,TRAZABILIDAD_SUBORDINADA,VINCULADO
MEF-V3-DIC-0124,Modules,ENG,ENG-023,ENG-023-ERROR_HANDLING.md,8,1545;2477;3390;3402,ALIAS_PROVISIONAL;CANONICO,/modules;Modules,AUTORIDAD_ARQ,TRAZABILIDAD_SUBORDINADA,VINCULADO
MEF-V3-DIC-0124,Modules,ENG,ENG-024,ENG-024-SECURITY_ENGINEERING.md,24,85;236;1492;1498;1537;3360;3742;3746;3794;4034;4121;4133,ALIAS_PROVISIONAL;CANONICO,/modules;Modules,AUTORIDAD_ARQ,TRAZABILIDAD_SUBORDINADA,VINCULADO
MEF-V3-DIC-0124,Modules,ENG,ENG-025,ENG-025-OBSERVABILITY_ENGINEERING.md,30,315;411;690;754;755;756;1094;1193;1831;1832;1846;1990;2279;2970;3135,ALIAS_PROVISIONAL;CANONICO,/modules;Modules,AUTORIDAD_ARQ,TRAZABILIDAD_SUBORDINADA,VINCULADO
MEF-V3-DIC-0124,Modules,ENG,ENG-026,ENG-026-RUNTIME_PERFORMANCE_ENGINEERING.md,20,423;668;695;696;697;712;1721;1746;1768;2444,ALIAS_PROVISIONAL;CANONICO,/modules;Modules,AUTORIDAD_ARQ,TRAZABILIDAD_SUBORDINADA,VINCULADO
MEF-V3-DIC-0124,Modules,ENG,ENG-027,ENG-027-RUNTIME_ENGINEERING.md,88,152;272;418;502;550;562;644;667;707;899;1049;1057;1071;1072;1136;1182;1358;1663;1801;1929;1952;1965;2144;2184;2201;2202;2245;2313;2762;2876;3095;3281;3312;3322;3358;3394;3425;3431;3543;3565;3582;3620;3633;3713,ALIAS_PROVISIONAL;CANONICO,/modules;Modules,AUTORIDAD_ARQ,TRAZABILIDAD_SUBORDINADA,VINCULADO
MEF-V3-DIC-0124,Modules,ENG,ENG-028,ENG-028-MODULE_ENGINEERING.md,72,492;686;692;698;708;738;1026;1522;2121;2122;2201;2294;2300;2306;2318;2414;2445;2446;2447;2456;2462;2478;2695;3028;3130;3138;3150;3166;3188;3208;3248;3254;3312;3319;3425;3434,ALIAS_PROVISIONAL;CANONICO,/modules;Modules,AUTORIDAD_ARQ,TRAZABILIDAD_SUBORDINADA,VINCULADO
MEF-V3-DIC-0124,Modules,ENG,ENG-029,ENG-029-EXTENSION_ENGINEERING.md,10,45;65;966;2520;2623,ALIAS_PROVISIONAL;CANONICO,/modules;Modules,AUTORIDAD_ARQ,TRAZABILIDAD_SUBORDINADA,VINCULADO
MEF-V3-DIC-0124,Modules,ENG,ENG-030,ENG-030-PERSISTENCE_ENGINEERING.md,24,86;146;1521;1527;2069;2663;2733;2769;2789;2939;3008;3068,ALIAS_PROVISIONAL;CANONICO,/modules;Modules,AUTORIDAD_ARQ,TRAZABILIDAD_SUBORDINADA,VINCULADO
MEF-V3-DIC-0124,Modules,ENG,ENG-031,ENG-031-SERIALIZATION_ENGINEERING.md,4,3082;3238,ALIAS_PROVISIONAL;CANONICO,/modules;Modules,AUTORIDAD_ARQ,TRAZABILIDAD_SUBORDINADA,VINCULADO
MEF-V3-DIC-0124,Modules,ENG,ENG-032,ENG-032-TRANSPORT_ENGINEERING.md,4,3084;3251,ALIAS_PROVISIONAL;CANONICO,/modules;Modules,AUTORIDAD_ARQ,TRAZABILIDAD_SUBORDINADA,VINCULADO
MEF-V3-DIC-0124,Modules,ENG,ENG-033,ENG-033-INTERFACE_ENGINEERING.md,10,127;218;990;1501;1719,ALIAS_PROVISIONAL;CANONICO,/modules;Modules,AUTORIDAD_ARQ,TRAZABILIDAD_SUBORDINADA,VINCULADO
MEF-V3-DIC-0124,Modules,ENG,ENG-034,ENG-034-APPLICATION_ENGINEERING.md,6,1796;1808;3018,ALIAS_PROVISIONAL;CANONICO,/modules;Modules,AUTORIDAD_ARQ,TRAZABILIDAD_SUBORDINADA,VINCULADO
MEF-V3-DIC-0124,Modules,ENG,ENG-035,ENG-035-DOMAIN_ENGINEERING.md,6,344;2886;3522,ALIAS_PROVISIONAL;CANONICO,/modules;Modules,AUTORIDAD_ARQ,TRAZABILIDAD_SUBORDINADA,VINCULADO
MEF-V3-DIC-0124,Modules,ENG,ENG-036,ENG-036-VALIDATION_ENGINEERING.md,6,2515;2789;2980,ALIAS_PROVISIONAL;CANONICO,/modules;Modules,AUTORIDAD_ARQ,TRAZABILIDAD_SUBORDINADA,VINCULADO
MEF-V3-DIC-0124,Modules,ENG,ENG-037,ENG-037-CACHING_ENGINEERING.md,8,403;416;3071;3256,ALIAS_PROVISIONAL;CANONICO,/modules;Modules,AUTORIDAD_ARQ,TRAZABILIDAD_SUBORDINADA,VINCULADO
MEF-V3-DIC-0124,Modules,ENG,ENG-038,ENG-038-CONCURRENCY_ENGINEERING.md,6,498;3025;3273,ALIAS_PROVISIONAL;CANONICO,/modules;Modules,AUTORIDAD_ARQ,TRAZABILIDAD_SUBORDINADA,VINCULADO
MEF-V3-DIC-0124,Modules,ENG,ENG-039,ENG-039-RESILIENCE_ENGINEERING.md,2,3178,ALIAS_PROVISIONAL;CANONICO,/modules;Modules,AUTORIDAD_ARQ,TRAZABILIDAD_SUBORDINADA,VINCULADO
MEF-V3-DIC-0124,Modules,ENG,ENG-040,ENG-040-SCHEDULING_BACKGROUND_JOBS_ENGINEERING.md,6,2978;3853;4165,ALIAS_PROVISIONAL;CANONICO,/modules;Modules,AUTORIDAD_ARQ,TRAZABILIDAD_SUBORDINADA,VINCULADO
MEF-V3-DIC-0124,Modules,ENG,ENG-041,ENG-041-MESSAGING_ENGINEERING.md,2,4126,ALIAS_PROVISIONAL;CANONICO,/modules;Modules,AUTORIDAD_ARQ,TRAZABILIDAD_SUBORDINADA,VINCULADO
MEF-V3-DIC-0124,Modules,ENG,ENG-042,ENG-042-TRANSACTION_ENGINEERING.md,4,2550;3375,ALIAS_PROVISIONAL;CANONICO,/modules;Modules,AUTORIDAD_ARQ,TRAZABILIDAD_SUBORDINADA,VINCULADO
MEF-V3-DIC-0124,Modules,ENG,ENG-043,ENG-043-DATA_ACCESS_ENGINEERING.md,8,2765;3008;3302;3605,ALIAS_PROVISIONAL;CANONICO,/modules;Modules,AUTORIDAD_ARQ,TRAZABILIDAD_SUBORDINADA,VINCULADO
MEF-V3-DIC-0124,Modules,ENG,ENG-044,ENG-044-API_ENGINEERING.md,4,3116;4199,ALIAS_PROVISIONAL;CANONICO,/modules;Modules,AUTORIDAD_ARQ,TRAZABILIDAD_SUBORDINADA,VINCULADO
MEF-V3-DIC-0124,Modules,ENG,ENG-045,ENG-045-AUTHENTICATION_ENGINEERING.md,4,2887;3885,ALIAS_PROVISIONAL;CANONICO,/modules;Modules,AUTORIDAD_ARQ,TRAZABILIDAD_SUBORDINADA,VINCULADO
MEF-V3-DIC-0124,Modules,ENG,ENG-046,ENG-046-AUTHORIZATION_ENGINEERING.md,4,1593;3956,ALIAS_PROVISIONAL;CANONICO,/modules;Modules,AUTORIDAD_ARQ,TRAZABILIDAD_SUBORDINADA,VINCULADO
MEF-V3-DIC-0124,Modules,ENG,ENG-047,ENG-047-IDENTITY_ACCESS_MANAGEMENT_ENGINEERING.md,4,2959;4017,ALIAS_PROVISIONAL;CANONICO,/modules;Modules,AUTORIDAD_ARQ,TRAZABILIDAD_SUBORDINADA,VINCULADO
MEF-V3-DIC-0124,Modules,ENG,ENG-048,ENG-048-MULTI_TENANCY_ENGINEERING.md,2,3481,ALIAS_PROVISIONAL;CANONICO,/modules;Modules,AUTORIDAD_ARQ,TRAZABILIDAD_SUBORDINADA,VINCULADO
MEF-V3-DIC-0124,Modules,ENG,ENG-049,ENG-049-CONFIGURATION_MANAGEMENT_ENGINEERING.md,10,172;2442;2962;3045;3470,ALIAS_PROVISIONAL;CANONICO,/modules;Modules,AUTORIDAD_ARQ,TRAZABILIDAD_SUBORDINADA,VINCULADO
MEF-V3-DIC-0124,Modules,ENG,ENG-050,ENG-050-FEATURE_MANAGEMENT_ENGINEERING.md,2,3016,ALIAS_PROVISIONAL;CANONICO,/modules;Modules,AUTORIDAD_ARQ,TRAZABILIDAD_SUBORDINADA,VINCULADO
MEF-V3-DIC-0124,Modules,ENG,ENG-051,ENG-051-POLICY_ENGINEERING.md,4,2095;3104,ALIAS_PROVISIONAL;CANONICO,/modules;Modules,AUTORIDAD_ARQ,TRAZABILIDAD_SUBORDINADA,VINCULADO
MEF-V3-DIC-0124,Modules,ENG,ENG-052,ENG-052-WORKFLOW_ENGINEERING.md,2,3556,ALIAS_PROVISIONAL;CANONICO,/modules;Modules,AUTORIDAD_ARQ,TRAZABILIDAD_SUBORDINADA,VINCULADO
MEF-V3-DIC-0124,Modules,ENG,ENG-053,ENG-053-STATE_MANAGEMENT_ENGINEERING.md,2,3137,ALIAS_PROVISIONAL;CANONICO,/modules;Modules,AUTORIDAD_ARQ,TRAZABILIDAD_SUBORDINADA,VINCULADO
MEF-V3-DIC-0124,Modules,ENG,ENG-054,ENG-054-RESOURCE_MANAGEMENT_ENGINEERING.md,2,3337,ALIAS_PROVISIONAL;CANONICO,/modules;Modules,AUTORIDAD_ARQ,TRAZABILIDAD_SUBORDINADA,VINCULADO
MEF-V3-DIC-0124,Modules,ENG,ENG-055,ENG-055-LIFECYCLE_MANAGEMENT_ENGINEERING.md,12,641;1610;1656;2964;3266;3342,ALIAS_PROVISIONAL;CANONICO,/modules;Modules,AUTORIDAD_ARQ,TRAZABILIDAD_SUBORDINADA,VINCULADO
MEF-V3-DIC-0124,Modules,ENG,ENG-056,ENG-056-CONTEXT_MANAGEMENT_ENGINEERING.md,2,3109,ALIAS_PROVISIONAL;CANONICO,/modules;Modules,AUTORIDAD_ARQ,TRAZABILIDAD_SUBORDINADA,VINCULADO
MEF-V3-DIC-0124,Modules,ENG,ENG-057,ENG-057-METADATA_ENGINEERING.md,14,198;1241;1324;1346;2566;2651;3107,ALIAS_PROVISIONAL;CANONICO,/modules;Modules,AUTORIDAD_ARQ,TRAZABILIDAD_SUBORDINADA,VINCULADO
MEF-V3-DIC-0124,Modules,ENG,ENG-058,ENG-058-DISCOVERY_ENGINEERING.md,8,205;218;1780;2206,ALIAS_PROVISIONAL;CANONICO,/modules;Modules,AUTORIDAD_ARQ,TRAZABILIDAD_SUBORDINADA,VINCULADO
MEF-V3-DIC-0124,Modules,ENG,ENG-059,ENG-059-RESOLUTION_ENGINEERING.md,2,2742,ALIAS_PROVISIONAL;CANONICO,/modules;Modules,AUTORIDAD_ARQ,TRAZABILIDAD_SUBORDINADA,VINCULADO
MEF-V3-DIC-0124,Modules,ENG,ENG-060,ENG-060-PLUGIN_ENGINEERING.md,4,266;3244,ALIAS_PROVISIONAL;CANONICO,/modules;Modules,AUTORIDAD_ARQ,TRAZABILIDAD_SUBORDINADA,VINCULADO
MEF-V3-DIC-0124,Modules,ENG,ENG-061,ENG-061-INTEROPERABILITY_ENGINEERING.md,2,2914,ALIAS_PROVISIONAL;CANONICO,/modules;Modules,AUTORIDAD_ARQ,TRAZABILIDAD_SUBORDINADA,VINCULADO
MEF-V3-DIC-0124,Modules,ENG,ENG-062,ENG-062-SCHEMA_ENGINEERING.md,2,2980,ALIAS_PROVISIONAL;CANONICO,/modules;Modules,AUTORIDAD_ARQ,TRAZABILIDAD_SUBORDINADA,VINCULADO
MEF-V3-DIC-0124,Modules,ENG,ENG-063,ENG-063-DATA_TRANSFORMATION_ENGINEERING.md,4,1260;2945,ALIAS_PROVISIONAL;CANONICO,/modules;Modules,AUTORIDAD_ARQ,TRAZABILIDAD_SUBORDINADA,VINCULADO
MEF-V3-DIC-0124,Modules,ENG,ENG-065,ENG-065-MIGRATION_ENGINEERING.md,2,3272,ALIAS_PROVISIONAL;CANONICO,/modules;Modules,AUTORIDAD_ARQ,TRAZABILIDAD_SUBORDINADA,VINCULADO
MEF-V3-DIC-0124,Modules,ENG,ENG-066,ENG-066-UPGRADE_ENGINEERING.md,4,2807;3001,ALIAS_PROVISIONAL;CANONICO,/modules;Modules,AUTORIDAD_ARQ,TRAZABILIDAD_SUBORDINADA,VINCULADO
MEF-V3-DIC-0124,Modules,ENG,ENG-067,ENG-067-DEPLOYMENT_ENGINEERING.md,2,3232,ALIAS_PROVISIONAL;CANONICO,/modules;Modules,AUTORIDAD_ARQ,TRAZABILIDAD_SUBORDINADA,VINCULADO
MEF-V3-DIC-0124,Modules,ENG,ENG-068,ENG-068-ENVIRONMENT_ENGINEERING.md,2,3079,ALIAS_PROVISIONAL;CANONICO,/modules;Modules,AUTORIDAD_ARQ,TRAZABILIDAD_SUBORDINADA,VINCULADO
MEF-V3-DIC-0124,Modules,ENG,ENG-069,ENG-069-HEALTH_READINESS_ENGINEERING.md,4,1424;3043,ALIAS_PROVISIONAL;CANONICO,/modules;Modules,AUTORIDAD_ARQ,TRAZABILIDAD_SUBORDINADA,VINCULADO
MEF-V3-DIC-0124,Modules,ENG,ENG-074,ENG-074-RELIABILITY_ENGINEERING.md,2,3351,ALIAS_PROVISIONAL;CANONICO,/modules;Modules,AUTORIDAD_ARQ,TRAZABILIDAD_SUBORDINADA,VINCULADO
MEF-V3-DIC-0124,Modules,ENG,ENG-075,ENG-075-MAINTAINABILITY_ENGINEERING.md,8,581;2054;2692;3580,ALIAS_PROVISIONAL;CANONICO,/modules;Modules,AUTORIDAD_ARQ,TRAZABILIDAD_SUBORDINADA,VINCULADO
MEF-V3-DIC-0124,Modules,FND,FND-001,FND-001-VISION.md,2,86,ALIAS_PROVISIONAL;CANONICO,/modules;Modules,AUTORIDAD_ARQ,TRAZABILIDAD_SUPERIOR,VINCULADO
MEF-V3-DIC-0125,Modules de dominio,ARQ,ARQ-004,ARQ-004-MODULES.md,1,360,CANONICO,Modules de dominio,AUTORIDAD_ARQ,AUTORIDAD_PRIMARIA,VINCULADO
MEF-V3-DIC-0125,Modules de dominio,ENG,ENG-005,ENG-005-NOMENCLATURA.md,2,2004;2015,CANONICO,Modules de dominio,AUTORIDAD_ARQ,TRAZABILIDAD_SUBORDINADA,VINCULADO
MEF-V3-DIC-0126,Modules de integración,ARQ,ARQ-004,ARQ-004-MODULES.md,1,383,CANONICO,Modules de integración,AUTORIDAD_ARQ,AUTORIDAD_PRIMARIA,VINCULADO
MEF-V3-DIC-0127,Modules técnicos,ARQ,ARQ-004,ARQ-004-MODULES.md,1,372,CANONICO,Modules técnicos,AUTORIDAD_ARQ,AUTORIDAD_PRIMARIA,VINCULADO
MEF-V3-DIC-0128,No,ARQ,ARQ-004,ARQ-004-MODULES.md,22,67;102;123;125;194;225;253;282;286;287;288;302;325;340;352;374;422;504;544;588;589;590,CANONICO,No,AUTORIDAD_ARQ,AUTORIDAD_PRIMARIA,VINCULADO
MEF-V3-DIC-0128,No,ARQ,ARQ-010,ARQ-010-TEMPLATE_ENGINE.md,6,42;44;80;169;216;227,CANONICO,No,AUTORIDAD_ARQ,AUTORIDAD_PRIMARIA,VINCULADO
MEF-V3-DIC-0128,No,ARQ,ARQ-011,ARQ-011-CONTRACTS.md,7,55;76;78;80;116;179;207,CANONICO,No,AUTORIDAD_ARQ,AUTORIDAD_PRIMARIA,VINCULADO
MEF-V3-DIC-0128,No,ARQ,ARQ-012,ARQ-012-DEPENDENCY_INJECTION.md,4,49;72;111;193,CANONICO,No,AUTORIDAD_ARQ,AUTORIDAD_PRIMARIA,VINCULADO
MEF-V3-DIC-0128,No,ARQ,ARQ-013,ARQ-013-CONFIGURATION.md,12,49;51;53;76;78;80;120;188;204;224;227;287,CANONICO,No,AUTORIDAD_ARQ,AUTORIDAD_PRIMARIA,VINCULADO
MEF-V3-DIC-0128,No,ARQ,ARQ-017,ARQ-017-PACKAGING.md,4,53;76;177;203,CANONICO,No,AUTORIDAD_ARQ,AUTORIDAD_PRIMARIA,VINCULADO
MEF-V3-DIC-0128,No,ENG,ENG-000,ENG-000-INGENIERIA_GENERAL.md,18,55;56;96;152;211;352;362;366;502;511;594;611;632;722;735;757;784;821,CANONICO,No,AUTORIDAD_ARQ,TRAZABILIDAD_SUBORDINADA,VINCULADO
MEF-V3-DIC-0128,No,ENG,ENG-001,ENG-001-ORGANIZACION_DEL_CODIGO.md,33,60;68;114;158;173;195;236;247;248;249;304;322;375;401;402;403;460;495;534;561;572;574;605;694;708;738;777;785;808;928;958;970;1043,CANONICO,No,AUTORIDAD_ARQ,TRAZABILIDAD_SUBORDINADA,VINCULADO
MEF-V3-DIC-0128,No,ENG,ENG-002,ENG-002-ESPECIFICACION_DE_MODULES.md,29,57;93;115;155;265;307;325;369;411;448;471;514;563;596;606;634;650;668;700;765;832;892;929;932;937;987;1014;1026;1124,CANONICO,No,AUTORIDAD_ARQ,TRAZABILIDAD_SUBORDINADA,VINCULADO
MEF-V3-DIC-0128,No,ENG,ENG-003,ENG-003-MANIFEST.md,33,76;78;80;104;129;131;159;182;204;221;239;302;383;421;455;498;514;549;642;719;752;784;960;971;1085;1101;1118;1181;1287;1291;1298;1317;1361,CANONICO,No,AUTORIDAD_ARQ,TRAZABILIDAD_SUBORDINADA,VINCULADO
MEF-V3-DIC-0128,No,ENG,ENG-004,ENG-004-CONVENCIONES.md,65,67;75;132;171;177;211;225;236;238;259;292;317;329;364;422;457;519;522;528;561;576;594;602;614;616;629;666;674;718;752;771;794;833;848;861;904;932;987;1003;1019;1067;1073;1090;1100;1116;1142;1152;1174;1202;1220;1222;1276;1298;1314;1371;1375;1376;1377;1378;1379;1380;1384;1385;1398;1535,CANONICO,No,AUTORIDAD_ARQ,TRAZABILIDAD_SUBORDINADA,VINCULADO
MEF-V3-DIC-0128,No,ENG,ENG-005,ENG-005-NOMENCLATURA.md,51,125;159;174;180;250;273;323;421;446;516;528;585;680;747;776;820;904;925;1037;1125;1209;1233;1258;1329;1337;1366;1485;1516;1701;1725;1759;1774;1786;1792;1820;1893;1960;1976;2015;2061;2083;2159;2192;2233;2269;2292;2304;2311;2385;2444;2500,CANONICO,No,AUTORIDAD_ARQ,TRAZABILIDAD_SUBORDINADA,VINCULADO
MEF-V3-DIC-0128,No,ENG,ENG-006,ENG-006-ESTRUCTURA_DE_DIRECTORIOS.md,57,74;177;200;237;245;306;352;371;409;460;476;536;589;700;718;726;753;771;807;829;865;873;899;903;922;928;948;966;1031;1058;1083;1100;1168;1222;1281;1289;1305;1313;1319;1333;1348;1373;1387;1407;1437;1446;1453;1466;1467;1470;1471;1475;1476;1493;1600;1628;1644,CANONICO,No,AUTORIDAD_ARQ,TRAZABILIDAD_SUBORDINADA,VINCULADO
MEF-V3-DIC-0128,No,ENG,ENG-007,ENG-007-CLI.md,46,75;250;377;450;496;541;615;622;675;717;729;751;759;772;777;817;898;944;993;1004;1007;1037;1109;1137;1145;1149;1151;1212;1227;1245;1261;1277;1283;1293;1306;1312;1320;1350;1358;1428;1433;1434;1435;1439;1550;1572,CANONICO,No,AUTORIDAD_ARQ,TRAZABILIDAD_SUBORDINADA,VINCULADO
MEF-V3-DIC-0128,No,ENG,ENG-008,ENG-008-GENERADORES.md,43,58;102;184;239;317;335;337;385;391;404;420;438;476;527;579;661;706;759;767;802;812;814;842;850;887;910;924;951;1001;1020;1096;1157;1165;1191;1241;1251;1254;1260;1262;1265;1411;1419;1462,CANONICO,No,AUTORIDAD_ARQ,TRAZABILIDAD_SUBORDINADA,VINCULADO
MEF-V3-DIC-0128,No,ENG,ENG-009,ENG-009-TESTING.md,44,75;148;210;307;595;628;672;674;694;716;733;793;821;827;861;869;883;917;1005;1015;1021;1040;1048;1063;1148;1181;1267;1290;1420;1432;1446;1511;1561;1611;1625;1628;1629;1631;1632;1640;1642;1687;1752;1765,CANONICO,No,AUTORIDAD_ARQ,TRAZABILIDAD_SUBORDINADA,VINCULADO
MEF-V3-DIC-0128,No,ENG,ENG-010,ENG-010-LOGGING.md,61,66;76;126;132;148;170;178;188;192;225;288;308;349;352;373;383;389;407;411;460;589;624;640;699;729;762;787;828;842;860;866;985;1003;1024;1085;1093;1114;1149;1163;1202;1268;1362;1414;1455;1475;1502;1552;1568;1576;1578;1595;1606;1645;1646;1648;1652;1653;1655;1656;1663;1712,CANONICO,No,AUTORIDAD_ARQ,TRAZABILIDAD_SUBORDINADA,VINCULADO
MEF-V3-DIC-0128,No,ENG,ENG-011,ENG-011-CONFIGURATION_FILES.md,63,73;123;181;187;296;306;309;368;393;399;525;553;605;695;708;728;730;753;777;806;832;846;858;1077;1113;1163;1165;1175;1179;1185;1198;1206;1214;1226;1373;1401;1463;1491;1507;1556;1562;1622;1636;1772;1786;1871;1945;1991;2005;2013;2058;2146;2150;2212;2239;2280;2283;2286;2291;2292;2295;2335;2507,CANONICO,No,AUTORIDAD_ARQ,TRAZABILIDAD_SUBORDINADA,VINCULADO
MEF-V3-DIC-0128,No,ENG,ENG-012,ENG-012-BUILD_SYSTEM.md,54,68;173;228;240;282;308;352;447;469;523;536;589;638;669;714;723;724;755;761;765;802;844;858;911;953;987;1058;1098;1179;1219;1228;1250;1301;1324;1336;1362;1462;1496;1512;1527;1557;1610;1681;1687;1689;1691;1693;1696;1698;1699;1732;1740;1748;1845,CANONICO,No,AUTORIDAD_ARQ,TRAZABILIDAD_SUBORDINADA,VINCULADO
MEF-V3-DIC-0128,No,ENG,ENG-013,ENG-013-PACKAGE_MANAGER.md,74,77;143;244;362;369;424;432;456;631;637;659;665;675;683;721;850;863;882;907;915;971;1036;1074;1114;1153;1222;1236;1256;1290;1321;1355;1368;1374;1384;1409;1498;1636;1775;1791;1815;1860;1874;1925;1957;2006;2027;2059;2087;2154;2160;2178;2204;2310;2326;2334;2356;2376;2401;2415;2516;2518;2571;2575;2577;2612;2716;2758;2762;2763;2764;2768;2771;2773;2935,CANONICO,No,AUTORIDAD_ARQ,TRAZABILIDAD_SUBORDINADA,VINCULADO
MEF-V3-DIC-0128,No,ENG,ENG-014,ENG-014-VERSIONADO.md,72,76;222;237;264;267;270;303;358;378;438;462;476;559;659;694;726;768;788;816;834;881;951;1000;1018;1048;1095;1104;1114;1130;1138;1140;1165;1201;1459;1467;1522;1558;1570;1580;1588;1600;1703;1717;1760;1831;1854;1892;1902;1916;1924;1938;1944;1988;1998;2000;2092;2238;2244;2258;2266;2302;2328;2332;2334;2340;2381;2384;2387;2391;2477;2487;2650,CANONICO,No,AUTORIDAD_ARQ,TRAZABILIDAD_SUBORDINADA,VINCULADO
MEF-V3-DIC-0128,No,ENG,ENG-015,ENG-015-ARCHITECTURAL_STATE_MACHINE.md,69,214;240;262;298;328;336;361;402;438;440;487;561;609;668;712;859;865;879;986;1101;1173;1220;1226;1279;1323;1329;1380;1430;1492;1548;1610;1647;1658;1686;1708;1746;1782;1820;1881;1967;1971;2043;2109;2115;2129;2314;2326;2444;2456;2470;2558;2577;2594;2638;2663;2685;2691;2778;2780;2782;2784;2787;2788;2790;2793;2795;2853;3029;3130,CANONICO,No,AUTORIDAD_ARQ,TRAZABILIDAD_SUBORDINADA,VINCULADO
MEF-V3-DIC-0128,No,ENG,ENG-016,ENG-016-COMPATIBILITY.md,58,91;171;173;240;246;280;286;288;297;354;409;468;476;588;618;638;737;753;822;854;886;938;1006;1008;1108;1177;1310;1312;1346;1385;1473;1479;1592;1632;1652;1695;1967;2001;2007;2080;2106;2158;2209;2215;2414;2471;2591;2615;2780;2784;2797;2884;2888;2890;2896;2898;2918;3106,CANONICO,No,AUTORIDAD_ARQ,TRAZABILIDAD_SUBORDINADA,VINCULADO
MEF-V3-DIC-0128,No,ENG,ENG-017,ENG-017-RELEASE_PROCESS.md,57,234;263;280;307;323;445;487;538;671;727;891;1032;1040;1067;1248;1314;1390;1429;1484;1528;1573;1575;1733;1735;1812;1858;1870;1901;1911;1917;1948;1996;2147;2230;2256;2360;2495;2507;2513;2519;2552;2582;2600;2618;2754;2756;2762;2823;2924;2926;2934;2936;2937;2939;3015;3035;3148,CANONICO,No,AUTORIDAD_ARQ,TRAZABILIDAD_SUBORDINADA,VINCULADO
MEF-V3-DIC-0128,No,ENG,ENG-018,ENG-018-DEPENDENCY_INJECTION.md,94,80;129;149;237;247;281;383;454;487;559;572;580;622;694;743;749;763;783;809;830;890;933;979;1042;1068;1118;1149;1191;1213;1231;1245;1272;1274;1282;1325;1333;1349;1372;1386;1457;1465;1479;1487;1553;1575;1612;1680;1700;1798;1835;1874;1894;1922;1954;2030;2065;2073;2081;2145;2155;2163;2197;2199;2210;2211;2246;2279;2307;2322;2352;2360;2372;2384;2390;2410;2416;2469;2479;2495;2563;2575;2624;2654;2656;2657;2658;2659;2661;2662;2665;2666;2667;2955;2973,CANONICO,No,AUTORIDAD_ARQ,TRAZABILIDAD_SUBORDINADA,VINCULADO
MEF-V3-DIC-0128,No,ENG,ENG-019,ENG-019-SERVICE_CONTAINER.md,79,86;97;193;245;255;280;326;336;364;370;400;449;558;560;572;599;677;725;791;866;892;916;968;998;1010;1040;1046;1054;1090;1186;1188;1233;1264;1319;1327;1339;1347;1355;1381;1387;1424;1440;1454;1521;1527;1560;1600;1622;1665;1767;1775;1923;1929;1935;1979;2001;2007;2025;2031;2058;2060;2066;2074;2098;2144;2146;2239;2403;2413;2416;2424;2426;2427;2428;2429;2430;2504;2581;2691,CANONICO,No,AUTORIDAD_ARQ,TRAZABILIDAD_SUBORDINADA,VINCULADO
MEF-V3-DIC-0128,No,ENG,ENG-020,ENG-020-REGISTRY_ENGINNEERING.md,72,83;91;156;183;203;221;231;321;358;458;494;516;528;728;740;848;966;1081;1135;1155;1225;1269;1271;1305;1320;1328;1336;1370;1388;1400;1418;1454;1489;1549;1565;1603;1665;1671;1701;1709;1727;1758;1937;1992;1998;2010;2040;2052;2078;2084;2126;2444;2448;2450;2480;2510;2555;2557;2799;2822;2825;2828;2831;2834;2835;2836;2839;2861;2862;2863;3076;3147,CANONICO,No,AUTORIDAD_ARQ,TRAZABILIDAD_SUBORDINADA,VINCULADO
MEF-V3-DIC-0128,No,ENG,ENG-021,ENG-021-CONTRACTS_ENGINNEERING.md,82,195;205;227;272;313;342;375;418;433;441;444;528;560;594;621;623;648;649;650;714;720;758;885;992;1040;1046;1106;1152;1206;1218;1290;1310;1342;1364;1461;1553;1594;1685;1723;1825;1831;1859;1891;1917;1923;1953;1973;1979;1985;2007;2047;2141;2184;2205;2235;2281;2294;2328;2354;2393;2483;2493;2495;2509;2515;2534;2624;2629;2681;2740;2805;2811;2829;2850;2852;2854;2857;2859;2861;2862;2908;3023,CANONICO,No,AUTORIDAD_ARQ,TRAZABILIDAD_SUBORDINADA,VINCULADO
MEF-V3-DIC-0128,No,ENG,ENG-022,ENG-022-EVENT_BUS_ENGINNEERING.md,79,93;115;201;264;352;414;432;491;539;541;553;622;744;756;862;879;881;916;940;946;952;958;964;980;982;1028;1035;1114;1183;1259;1346;1395;1407;1413;1451;1537;1543;1605;1619;1657;1665;1723;1735;1741;1759;1765;1797;1803;1815;1825;1827;1890;1944;1970;1988;2016;2083;2258;2276;2317;2347;2359;2391;2393;2672;2674;2830;2937;2968;2969;2974;2977;2979;2981;3011;3061;3077;3298;3448,CANONICO,No,AUTORIDAD_ARQ,TRAZABILIDAD_SUBORDINADA,VINCULADO
MEF-V3-DIC-0128,No,ENG,ENG-023,ENG-023-ERROR_HANDLING.md,78,128;167;173;199;419;449;467;518;564;588;596;690;719;749;764;776;819;840;936;978;979;985;987;991;1066;1092;1159;1291;1297;1366;1378;1402;1414;1471;1485;1503;1586;1757;1777;1783;1848;1850;1880;1956;1962;2011;2017;2044;2112;2198;2366;2391;2407;2456;2507;2513;2548;2572;2596;2614;2620;2676;2712;2762;2790;2802;2816;2907;2910;2912;2913;2915;2916;2917;2919;2920;3131;3322,CANONICO,No,AUTORIDAD_ARQ,TRAZABILIDAD_SUBORDINADA,VINCULADO
MEF-V3-DIC-0128,No,ENG,ENG-024,ENG-024-SECURITY_ENGINEERING.md,106,165;179;219;334;358;381;383;436;448;474;521;523;637;717;719;740;765;803;837;843;881;887;914;920;941;947;953;976;982;999;1029;1035;1078;1100;1106;1124;1160;1166;1190;1361;1367;1379;1460;1472;1484;1519;1531;1537;1549;1567;1579;1610;1636;1642;1648;1704;1743;1777;1814;1826;1846;1873;1940;1952;1958;2021;2095;2125;2220;2439;2501;2552;2570;2576;2588;2594;2606;2655;2718;2720;2726;2762;2872;2878;3062;3091;3228;3315;3325;3327;3367;3369;3554;3661;3662;3663;3664;3665;3666;3667;3669;3672;3673;3675;3850;4113,CANONICO,No,AUTORIDAD_ARQ,TRAZABILIDAD_SUBORDINADA,VINCULADO
MEF-V3-DIC-0128,No,ENG,ENG-025,ENG-025-OBSERVABILITY_ENGINEERING.md,68,129;280;313;315;325;333;339;345;423;480;492;588;607;655;851;857;863;906;918;966;997;1003;1028;1040;1075;1102;1139;1212;1473;1491;1499;1511;1547;1577;1595;1751;1757;1769;1775;1961;2054;2128;2233;2235;2247;2279;2291;2321;2345;2433;2574;2639;2651;2657;2675;2698;2865;2866;2868;2869;2871;2874;2876;2877;2878;2882;2930;2962,CANONICO,No,AUTORIDAD_ARQ,TRAZABILIDAD_SUBORDINADA,VINCULADO
MEF-V3-DIC-0128,No,ENG,ENG-026,ENG-026-RUNTIME_PERFORMANCE_ENGINEERING.md,63,94;143;277;474;510;577;582;773;912;965;1011;1133;1154;1195;1248;1267;1386;1392;1416;1506;1513;1538;1560;1597;1647;1660;1680;1686;1748;1755;1761;1873;2097;2115;2154;2185;2203;2228;2282;2355;2626;2663;2694;2713;2752;2762;2809;2843;2932;2938;3169;3186;3189;3192;3196;3211;3219;3227;3234;3235;3294;3347;3516,CANONICO,No,AUTORIDAD_ARQ,TRAZABILIDAD_SUBORDINADA,VINCULADO
MEF-V3-DIC-0128,No,ENG,ENG-027,ENG-027-RUNTIME_ENGINEERING.md,64,123;162;168;254;284;302;324;458;626;632;713;798;887;899;987;1114;1170;1176;1254;1384;1437;1489;1527;1572;1578;1584;1657;1667;1669;1749;1755;1830;1872;1884;1995;2007;2025;2038;2078;2096;2121;2166;2323;2499;2517;2547;2569;2674;2686;2710;2952;2984;2986;2998;3022;3190;3192;3265;3268;3276;3279;3281;3402;3528,CANONICO,No,AUTORIDAD_ARQ,TRAZABILIDAD_SUBORDINADA,VINCULADO
MEF-V3-DIC-0128,No,ENG,ENG-028,ENG-028-MODULE_ENGINEERING.md,73,130;352;374;376;409;523;547;655;678;680;768;847;928;958;997;999;1009;1011;1035;1053;1073;1093;1165;1167;1213;1271;1308;1328;1368;1392;1454;1492;1498;1510;1542;1568;1592;1630;1711;1741;1747;1759;1807;1906;2207;2316;2318;2478;2484;2528;2563;2606;2627;2707;2737;2854;2995;2996;3044;3048;3049;3050;3051;3054;3055;3057;3058;3104;3122;3158;3172;3192;3417,CANONICO,No,AUTORIDAD_ARQ,TRAZABILIDAD_SUBORDINADA,VINCULADO
MEF-V3-DIC-0128,No,ENG,ENG-029,ENG-029-EXTENSION_ENGINEERING.md,56,127;300;302;352;415;417;423;492;510;542;544;609;645;702;704;754;820;822;828;843;849;933;941;1016;1055;1116;1174;1198;1268;1298;1316;1346;1429;1491;1497;1525;1527;1580;1949;2109;2262;2263;2264;2309;2310;2313;2315;2316;2317;2318;2324;2326;2366;2367;2441;2449,CANONICO,No,AUTORIDAD_ARQ,TRAZABILIDAD_SUBORDINADA,VINCULADO
MEF-V3-DIC-0128,No,ENG,ENG-030,ENG-030-PERSISTENCE_ENGINEERING.md,85,114;146;173;213;266;299;346;405;413;437;470;488;556;562;580;586;631;685;703;749;772;774;786;840;882;927;945;998;1010;1070;1088;1130;1148;1154;1183;1296;1302;1316;1330;1360;1372;1419;1431;1479;1503;1546;1564;1585;1597;1629;1641;1669;1838;1869;1911;1929;1983;2033;2057;2063;2075;2081;2101;2198;2608;2661;2662;2663;2664;2665;2666;2667;2668;2669;2670;2672;2673;2675;2676;2677;2678;2701;2723;2793;2988,CANONICO,No,AUTORIDAD_ARQ,TRAZABILIDAD_SUBORDINADA,VINCULADO
MEF-V3-DIC-0128,No,ENG,ENG-031,ENG-031-SERIALIZATION_ENGINEERING.md,66,268;286;321;379;381;458;505;511;531;586;634;640;693;717;749;773;791;803;809;856;860;862;866;870;876;916;964;996;1044;1158;1170;1176;1224;1254;1256;1304;1316;1353;1442;1525;1527;1630;1660;1662;1704;1912;1918;1942;1960;1978;2018;2071;2107;2304;2748;2802;2805;2806;2809;2812;2813;2814;2816;2867;2889;3118,CANONICO,No,AUTORIDAD_ARQ,TRAZABILIDAD_SUBORDINADA,VINCULADO
MEF-V3-DIC-0128,No,ENG,ENG-032,ENG-032-TRANSPORT_ENGINEERING.md,58,126;197;290;397;440;509;533;547;600;618;646;670;700;744;778;784;809;835;871;966;984;996;1066;1198;1202;1204;1420;1452;1482;1512;1524;1536;1554;1572;1646;1733;1811;1817;1937;1965;1971;2018;2054;2310;2312;2416;2770;2826;2829;2832;2834;2835;2836;2840;2842;2887;2953;3004,CANONICO,No,AUTORIDAD_ARQ,TRAZABILIDAD_SUBORDINADA,VINCULADO
MEF-V3-DIC-0128,No,ENG,ENG-033,ENG-033-INTERFACE_ENGINEERING.md,48,234;261;265;313;327;351;433;435;483;501;520;528;573;593;607;640;648;713;721;725;729;733;761;769;820;824;853;865;998;1006;1030;1208;1254;1262;1270;1286;1294;1298;1314;1326;1356;1366;1452;1491;1509;1617;1619;1623,CANONICO,No,AUTORIDAD_ARQ,TRAZABILIDAD_SUBORDINADA,VINCULADO
MEF-V3-DIC-0128,No,ENG,ENG-034,ENG-034-APPLICATION_ENGINEERING.md,63,119;183;271;353;373;424;481;512;585;619;647;651;653;663;692;727;941;987;1028;1030;1050;1082;1094;1116;1118;1148;1297;1358;1398;1452;1456;1458;1478;1559;1565;1602;1626;1638;1656;1686;1736;1760;1790;1812;1814;1861;1939;1941;2080;2155;2207;2245;2309;2593;2650;2653;2654;2655;2658;2661;2705;2735;2763,CANONICO,No,AUTORIDAD_ARQ,TRAZABILIDAD_SUBORDINADA,VINCULADO
MEF-V3-DIC-0128,No,ENG,ENG-035,ENG-035-DOMAIN_ENGINEERING.md,96,133;216;276;329;356;358;435;453;471;489;544;563;591;634;709;715;753;755;759;972;984;1030;1048;1086;1155;1225;1227;1276;1329;1361;1410;1449;1455;1461;1473;1497;1515;1569;1683;1695;1703;1741;1793;1799;1835;1837;1865;1893;1895;1899;1919;1943;1945;1963;1982;1996;2008;2060;2091;2103;2235;2250;2286;2298;2316;2375;2379;2381;2393;2493;2541;2636;2638;2685;2770;2806;2820;2914;2923;2982;3038;3039;3040;3042;3045;3047;3049;3089;3090;3172;3196;3204;3210;3256;3276;3290,CANONICO,No,AUTORIDAD_ARQ,TRAZABILIDAD_SUBORDINADA,VINCULADO
MEF-V3-DIC-0128,No,ENG,ENG-036,ENG-036-VALIDATION_ENGINEERING.md,66,153;232;462;511;536;656;711;755;800;882;894;923;943;961;1192;1218;1256;1288;1303;1327;1357;1369;1387;1405;1426;1444;1452;1504;1512;1534;1585;1623;1662;1681;1693;1824;1830;1854;1930;1936;1948;1960;1990;1996;2029;2079;2145;2184;2315;2382;2384;2434;2521;2537;2565;2614;2619;2620;2622;2623;2625;2629;2671;2789;2821;2860,CANONICO,No,AUTORIDAD_ARQ,TRAZABILIDAD_SUBORDINADA,VINCULADO
MEF-V3-DIC-0128,No,ENG,ENG-037,ENG-037-CACHING_ENGINEERING.md,73,182;194;259;321;351;416;464;482;501;543;564;570;588;612;721;813;843;868;916;952;1036;1145;1170;1195;1220;1266;1296;1321;1351;1471;1477;1582;1600;1620;1632;1644;1656;1722;1734;1748;1815;1833;1839;1877;1917;1956;1975;2022;2122;2136;2301;2305;2324;2327;2350;2510;2516;2587;2803;2855;2856;2858;2862;2865;2867;2871;2911;2916;2934;2974;3024;3103;3145,CANONICO,No,AUTORIDAD_ARQ,TRAZABILIDAD_SUBORDINADA,VINCULADO
MEF-V3-DIC-0128,No,ENG,ENG-038,ENG-038-CONCURRENCY_ENGINEERING.md,69,136;186;263;344;356;376;390;406;518;554;588;636;735;755;830;840;868;987;999;1043;1051;1099;1117;1221;1252;1313;1357;1369;1441;1459;1502;1508;1552;1558;1594;1619;1697;1751;1793;1805;1842;1879;1897;1944;1956;1974;2096;2158;2200;2212;2319;2404;2747;2799;2800;2805;2807;2808;2810;2811;2814;2862;2874;2876;2999;3163;3166;3170;3177,CANONICO,No,AUTORIDAD_ARQ,TRAZABILIDAD_SUBORDINADA,VINCULADO
MEF-V3-DIC-0128,No,ENG,ENG-039,ENG-039-RESILIENCE_ENGINEERING.md,63,274;290;298;355;431;454;466;478;542;579;695;752;758;835;864;870;943;981;1007;1034;1046;1055;1082;1112;1156;1188;1206;1336;1432;1444;1570;1627;1646;1652;1664;1750;1801;1833;1845;1857;1863;1881;1981;2007;2143;2167;2211;2249;2274;2304;2343;2700;2752;2753;2755;2757;2759;2765;2811;2825;2835;2841;2849,CANONICO,No,AUTORIDAD_ARQ,TRAZABILIDAD_SUBORDINADA,VINCULADO
MEF-V3-DIC-0128,No,ENG,ENG-040,ENG-040-SCHEDULING_BACKGROUND_JOBS_ENGINEERING.md,75,163;169;310;402;537;586;664;670;722;836;897;997;1085;1340;1384;1401;1407;1462;1487;1587;1620;1638;1664;1682;1688;1726;1738;1804;1810;1840;1870;1882;1888;2079;2112;2158;2194;2214;2342;2360;2403;2446;2452;2476;2531;2553;2622;2628;2659;2683;2762;2852;2996;3082;3100;3132;3404;3551;3605;3610;3611;3612;3615;3616;3617;3619;3620;3658;3673;3695;3729;3731;3733;3883;3895,CANONICO,No,AUTORIDAD_ARQ,TRAZABILIDAD_SUBORDINADA,VINCULADO
MEF-V3-DIC-0128,No,ENG,ENG-041,ENG-041-MESSAGING_ENGINEERING.md,74,304;332;407;454;479;485;504;524;602;618;673;685;717;729;850;910;964;1020;1059;1089;1114;1159;1272;1285;1304;1310;1351;1426;1498;1510;1559;1571;1623;1659;1726;1780;1792;1841;1935;1985;2015;2021;2078;2151;2172;2209;2347;2365;2407;2432;2463;2481;2500;2530;2683;2721;2787;2818;2847;2882;3316;3525;3579;3582;3584;3585;3587;3588;3591;3592;3646;3664;3668;3728,CANONICO,No,AUTORIDAD_ARQ,TRAZABILIDAD_SUBORDINADA,VINCULADO
MEF-V3-DIC-0128,No,ENG,ENG-042,ENG-042-TRANSACTION_ENGINEERING.md,80,194;200;227;259;368;398;425;437;443;449;585;591;615;627;633;666;678;684;721;727;764;776;879;947;977;1008;1053;1107;1119;1137;1200;1263;1282;1288;1294;1306;1332;1338;1362;1414;1514;1572;1594;1612;1632;1638;1654;1690;1734;1758;1776;1782;2006;2012;2024;2130;2221;2257;2269;2287;2299;2345;2433;2494;2795;2847;2849;2851;2856;2857;2859;2860;2863;2896;2897;2910;2944;2976;3123;3179,CANONICO,No,AUTORIDAD_ARQ,TRAZABILIDAD_SUBORDINADA,VINCULADO
MEF-V3-DIC-0128,No,ENG,ENG-043,ENG-043-DATA_ACCESS_ENGINEERING.md,78,195;279;285;301;307;313;328;340;385;403;434;446;479;497;554;637;673;691;703;753;782;861;909;915;957;1094;1124;1204;1222;1252;1258;1264;1321;1333;1339;1351;1386;1423;1448;1472;1518;1542;1566;1598;1610;1634;1735;1786;1792;1810;1850;1889;1967;2176;2194;2212;2242;2351;2523;2729;2747;2759;2771;2939;2992;2993;2995;2999;3002;3003;3004;3005;3007;3008;3090;3126;3193;3360,CANONICO,No,AUTORIDAD_ARQ,TRAZABILIDAD_SUBORDINADA,VINCULADO
MEF-V3-DIC-0128,No,ENG,ENG-044,ENG-044-API_ENGINEERING.md,86,178;210;276;348;382;414;434;483;534;540;627;639;659;684;720;724;726;738;762;786;804;810;867;885;917;970;976;988;1000;1056;1132;1265;1277;1289;1326;1350;1374;1492;1516;1528;1561;1679;1749;1780;1848;1866;1870;1872;1906;1912;1960;1966;2014;2038;2044;2081;2099;2184;2242;2248;2254;2275;2322;2370;2518;2583;2589;2601;2750;3098;3137;3161;3490;3545;3547;3548;3550;3553;3555;3557;3558;3560;3647;3831;3837;3908,CANONICO,No,AUTORIDAD_ARQ,TRAZABILIDAD_SUBORDINADA,VINCULADO
MEF-V3-DIC-0128,No,ENG,ENG-045,ENG-045-AUTHENTICATION_ENGINEERING.md,75,213;247;306;351;379;393;443;504;522;540;584;608;644;656;700;706;760;772;817;854;972;978;990;1002;1020;1077;1167;1203;1239;1368;1404;1428;1434;1503;1529;1535;1555;1573;1632;1662;1668;1740;1782;1826;1832;1886;1892;1898;1932;1989;2013;2025;2037;2043;2061;2103;2115;2121;2151;2175;2187;2374;2566;2711;2899;3168;3225;3235;3238;3239;3319;3343;3383;3445;3661,CANONICO,No,AUTORIDAD_ARQ,TRAZABILIDAD_SUBORDINADA,VINCULADO
MEF-V3-DIC-0128,No,ENG,ENG-046,ENG-046-AUTHORIZATION_ENGINEERING.md,59,218;296;345;378;425;480;541;579;641;749;783;809;875;896;902;979;1016;1059;1091;1115;1146;1158;1182;1217;1235;1271;1277;1289;1442;1581;1637;1725;1761;1805;1839;1875;1893;1918;2049;2090;2141;2174;2228;2234;2240;2261;2400;2406;2553;2907;2935;3260;3321;3326;3330;3410;3478;3494;3536,CANONICO,No,AUTORIDAD_ARQ,TRAZABILIDAD_SUBORDINADA,VINCULADO
MEF-V3-DIC-0128,No,ENG,ENG-047,ENG-047-IDENTITY_ACCESS_MANAGEMENT_ENGINEERING.md,51,273;297;333;351;390;452;488;579;591;615;649;715;790;870;907;925;1096;1281;1287;1323;1452;1530;1566;1638;1669;1687;1786;1804;1873;1903;2151;2163;2249;2358;2376;2382;2394;2698;2847;2853;2979;3328;3390;3391;3393;3462;3494;3514;3518;3522;3542,CANONICO,No,AUTORIDAD_ARQ,TRAZABILIDAD_SUBORDINADA,VINCULADO
MEF-V3-DIC-0128,No,ENG,ENG-048,ENG-048-MULTI_TENANCY_ENGINEERING.md,51,213;239;378;460;521;538;612;643;657;681;697;734;834;911;948;976;982;1013;1047;1059;1087;1139;1199;1223;1253;1276;1326;1358;1397;1443;1449;1467;1491;1545;1569;1728;1803;1821;1883;2063;2081;2132;2177;2543;2581;2599;2832;2890;2900;3247;3309,CANONICO,No,AUTORIDAD_ARQ,TRAZABILIDAD_SUBORDINADA,VINCULADO
MEF-V3-DIC-0128,No,ENG,ENG-049,ENG-049-CONFIGURATION_MANAGEMENT_ENGINEERING.md,50,240;248;441;447;453;531;640;656;707;810;920;985;1098;1146;1199;1217;1242;1248;1266;1333;1363;1448;1460;1530;1542;1595;1633;1689;1701;1707;1713;1790;1802;1830;1874;1894;1979;2108;2366;2454;2466;2771;2828;2831;2832;2835;2836;2839;3057;3226,CANONICO,No,AUTORIDAD_ARQ,TRAZABILIDAD_SUBORDINADA,VINCULADO
MEF-V3-DIC-0128,No,ENG,ENG-050,ENG-050-FEATURE_MANAGEMENT_ENGINEERING.md,39,252;321;441;545;574;586;607;681;743;809;950;1055;1094;1161;1206;1232;1256;1262;1284;1290;1345;1376;1382;1413;1425;1454;1460;1543;1549;1600;1664;1851;2049;2386;2451;2454;2567;2571;2752,CANONICO,No,AUTORIDAD_ARQ,TRAZABILIDAD_SUBORDINADA,VINCULADO
MEF-V3-DIC-0128,No,ENG,ENG-051,ENG-051-POLICY_ENGINEERING.md,43,143;228;260;318;358;414;487;493;538;544;660;773;849;889;907;965;1015;1045;1160;1235;1247;1346;1375;1397;1457;1493;1530;1553;1573;1656;1838;2026;2125;2252;2490;2545;2547;2548;2549;2551;2552;2560;2800,CANONICO,No,AUTORIDAD_ARQ,TRAZABILIDAD_SUBORDINADA,VINCULADO
MEF-V3-DIC-0128,No,ENG,ENG-052,ENG-052-WORKFLOW_ENGINEERING.md,52,158;239;316;360;380;404;515;674;710;889;939;1095;1142;1167;1199;1205;1313;1337;1349;1405;1444;1505;1511;1588;1600;1653;1682;1700;1740;1758;1776;1805;1811;1823;1848;1885;1917;1958;1982;2043;2083;2304;2508;2664;2903;2960;2964;2965;2967;2968;2975;3293,CANONICO,No,AUTORIDAD_ARQ,TRAZABILIDAD_SUBORDINADA,VINCULADO
MEF-V3-DIC-0128,No,ENG,ENG-053,ENG-053-STATE_MANAGEMENT_ENGINEERING.md,45,164;239;272;280;433;467;562;656;674;680;738;790;819;825;859;930;1076;1105;1117;1182;1297;1327;1339;1433;1486;1492;1504;1553;1590;1670;1701;1940;2193;2205;2233;2303;2309;2523;2573;2575;2576;2580;2585;2586;2587,CANONICO,No,AUTORIDAD_ARQ,TRAZABILIDAD_SUBORDINADA,VINCULADO
MEF-V3-DIC-0128,No,ENG,ENG-054,ENG-054-RESOURCE_MANAGEMENT_ENGINEERING.md,50,280;370;378;435;453;545;603;688;712;751;757;781;819;894;970;1090;1117;1168;1180;1222;1259;1298;1343;1355;1376;1422;1549;1561;1567;1629;1678;1746;1877;1883;2254;2278;2332;2439;2460;2678;2729;2731;2734;2736;2741;2743;2747;2842;2880;3018,CANONICO,No,AUTORIDAD_ARQ,TRAZABILIDAD_SUBORDINADA,VINCULADO
MEF-V3-DIC-0128,No,ENG,ENG-055,ENG-055-LIFECYCLE_MANAGEMENT_ENGINEERING.md,55,241;280;508;514;577;613;754;772;924;1029;1035;1087;1128;1161;1173;1212;1269;1275;1281;1314;1320;1364;1389;1401;1452;1488;1524;1547;1559;1693;1717;1738;1774;1805;1811;1851;1857;1863;1900;1945;2008;2086;2092;2143;2373;2419;2535;2547;2722;2774;2776;2782;2784;2860;2888,CANONICO,No,AUTORIDAD_ARQ,TRAZABILIDAD_SUBORDINADA,VINCULADO
MEF-V3-DIC-0128,No,ENG,ENG-056,ENG-056-CONTEXT_MANAGEMENT_ENGINEERING.md,60,169;272;278;284;307;376;567;585;609;621;663;669;705;725;786;863;904;930;993;1011;1017;1095;1107;1113;1139;1169;1181;1208;1269;1287;1299;1317;1344;1398;1404;1410;1507;1541;1547;1571;1599;1636;1651;1657;1752;1782;2222;2431;2478;2485;2486;2487;2490;2494;2495;2599;2660;2726;2767;2877,CANONICO,No,AUTORIDAD_ARQ,TRAZABILIDAD_SUBORDINADA,VINCULADO
MEF-V3-DIC-0128,No,ENG,ENG-057,ENG-057-METADATA_ENGINEERING.md,40,299;319;431;711;744;756;857;898;967;1083;1108;1503;1524;1536;1554;1637;1748;1760;1796;1844;2179;2197;2303;2499;2549;2552;2553;2557;2558;2559;2561;2565;2566;2610;2665;2733;2741;2767;2783;2881,CANONICO,No,AUTORIDAD_ARQ,TRAZABILIDAD_SUBORDINADA,VINCULADO
MEF-V3-DIC-0128,No,ENG,ENG-058,ENG-058-DISCOVERY_ENGINEERING.md,32,269;321;529;541;565;577;621;686;728;799;850;953;979;1016;1092;1122;1146;1202;1244;1459;1465;1794;1847;2056;2119;2144;2155;2160;2176;2204;2209;2392,CANONICO,No,AUTORIDAD_ARQ,TRAZABILIDAD_SUBORDINADA,VINCULADO
MEF-V3-DIC-0128,No,ENG,ENG-059,ENG-059-RESOLUTION_ENGINEERING.md,34,215;275;367;396;458;499;625;665;671;725;834;1035;1069;1070;1100;1101;1195;1207;1225;1238;1303;1346;1747;2031;2032;2088;2146;2169;2222;2264;2393;2527;2528;2621,CANONICO,No,AUTORIDAD_ARQ,TRAZABILIDAD_SUBORDINADA,VINCULADO
MEF-V3-DIC-0128,No,ENG,ENG-060,ENG-060-PLUGIN_ENGINEERING.md,65,283;289;316;366;406;447;497;552;610;675;741;777;787;875;961;973;979;1012;1065;1114;1141;1205;1229;1236;1311;1330;1403;1410;1443;1524;1581;1605;1639;1687;1729;1748;1824;1830;1853;1916;2214;2286;2298;2343;2373;2645;2700;2714;2725;2736;2742;2753;2768;2769;2774;2782;2797;2798;2811;2863;2887;2888;2949;3100;3167,CANONICO,No,AUTORIDAD_ARQ,TRAZABILIDAD_SUBORDINADA,VINCULADO
MEF-V3-DIC-0128,No,ENG,ENG-061,ENG-061-INTEROPERABILITY_ENGINEERING.md,49,250;469;487;527;539;606;653;692;790;808;838;856;874;917;956;968;1005;1017;1029;1077;1105;1123;1180;1206;1243;1268;1292;1322;1328;1358;1379;1397;1419;1485;1503;1539;1568;1619;1666;1678;1726;1799;2346;2396;2398;2401;2403;2405;2410,CANONICO,No,AUTORIDAD_ARQ,TRAZABILIDAD_SUBORDINADA,VINCULADO
MEF-V3-DIC-0128,No,ENG,ENG-062,ENG-062-SCHEMA_ENGINEERING.md,48,238;317;399;443;465;497;583;655;661;729;845;894;934;1062;1138;1186;1246;1258;1297;1329;1381;1407;1419;1444;1450;1462;1468;1550;1588;1606;1649;1703;1715;1727;1739;1968;2172;2418;2470;2472;2473;2477;2478;2480;2482;2484;2603;2702,CANONICO,No,AUTORIDAD_ARQ,TRAZABILIDAD_SUBORDINADA,VINCULADO
MEF-V3-DIC-0128,No,ENG,ENG-063,ENG-063-DATA_TRANSFORMATION_ENGINEERING.md,31,284;388;477;513;550;584;728;770;799;875;995;1013;1043;1096;1137;1244;1292;1310;1336;1393;1444;1468;1507;1525;1561;1605;1673;2345;2403;2409;2413,CANONICO,No,AUTORIDAD_ARQ,TRAZABILIDAD_SUBORDINADA,VINCULADO
MEF-V3-DIC-0128,No,ENG,ENG-064,ENG-064-DATA_PIPELINE_ENGINEERING.md,33,300;574;612;666;688;825;837;861;923;978;1048;1066;1113;1189;1215;1299;1326;1358;1428;1536;1566;1688;1745;1757;1834;2080;2721;2777;2779;2781;2901;3144;3148,CANONICO,No,AUTORIDAD_ARQ,TRAZABILIDAD_SUBORDINADA,VINCULADO
MEF-V3-DIC-0128,No,ENG,ENG-065,ENG-065-MIGRATION_ENGINEERING.md,45,380;518;554;651;672;690;847;902;951;1065;1115;1162;1210;1242;1252;1254;1284;1290;1302;1336;1354;1366;1438;1504;1615;1696;1746;1776;1883;1900;1977;2279;2460;2727;2779;2781;2785;2788;2789;2842;2881;2889;2941;3067;3156,CANONICO,No,AUTORIDAD_ARQ,TRAZABILIDAD_SUBORDINADA,VINCULADO
MEF-V3-DIC-0128,No,ENG,ENG-066,ENG-066-UPGRADE_ENGINEERING.md,38,338;459;553;626;889;996;1075;1107;1117;1151;1173;1175;1244;1256;1283;1327;1369;1473;1497;1503;1515;1637;1650;1757;1940;1971;2134;2221;2457;2508;2512;2515;2516;2522;2548;2565;2752;2890,CANONICO,No,AUTORIDAD_ARQ,TRAZABILIDAD_SUBORDINADA,VINCULADO
MEF-V3-DIC-0128,No,ENG,ENG-067,ENG-067-DEPLOYMENT_ENGINEERING.md,39,296;357;365;515;670;732;777;977;1111;1215;1244;1277;1338;1354;1404;1448;1460;1490;1526;1560;1641;1739;1757;1776;1812;1905;1984;2042;2248;2421;2662;2714;2717;2720;2722;2730;2812;2861;2979,CANONICO,No,AUTORIDAD_ARQ,TRAZABILIDAD_SUBORDINADA,VINCULADO
MEF-V3-DIC-0128,No,ENG,ENG-068,ENG-068-ENVIRONMENT_ENGINEERING.md,45,178;309;340;376;430;463;576;660;724;730;742;887;911;923;1037;1169;1276;1307;1325;1403;1465;1626;1716;1728;1854;1876;2298;2300;2308;2533;2591;2593;2594;2596;2597;2598;2599;2604;2678;2716;2750;2854;2903;2962;2980,CANONICO,No,AUTORIDAD_ARQ,TRAZABILIDAD_SUBORDINADA,VINCULADO
MEF-V3-DIC-0128,No,ENG,ENG-069,ENG-069-HEALTH_READINESS_ENGINEERING.md,48,175;286;292;304;402;474;480;638;656;677;822;887;938;974;1010;1066;1084;1096;1127;1196;1236;1297;1325;1337;1445;1523;1548;1560;1620;1652;1745;1776;2479;2534;2535;2538;2539;2540;2541;2544;2545;2547;2548;2551;2679;2724;2885;2949,CANONICO,No,AUTORIDAD_ARQ,TRAZABILIDAD_SUBORDINADA,VINCULADO
MEF-V3-DIC-0128,No,ENG,ENG-070,ENG-070-PERFORMANCE_ENGINEERING.md,39,346;407;559;567;734;839;882;906;1059;1163;1225;1231;1249;1295;1485;1581;1636;1704;1716;1768;1846;1878;1907;1913;2130;2579;2628;2631;2633;2635;2637;2640;2641;2642;2643;2646;2733;2995;3047,CANONICO,No,AUTORIDAD_ARQ,TRAZABILIDAD_SUBORDINADA,VINCULADO
MEF-V3-DIC-0128,No,ENG,ENG-071,ENG-071-CAPACITY_ENGINEERING.md,45,203;291;313;361;439;561;696;739;1058;1136;1186;1237;1243;1249;1320;1453;1579;1658;1755;1894;1967;2031;2118;2142;2244;2817;2881;2887;2907;3173;3229;3230;3231;3233;3235;3237;3238;3243;3330;3331;3332;3532;3632;3656;3683,CANONICO,No,AUTORIDAD_ARQ,TRAZABILIDAD_SUBORDINADA,VINCULADO
MEF-V3-DIC-0128,No,ENG,ENG-072,ENG-072-SCALABILITY_ENGINEERING.md,43,193;284;290;340;512;530;653;734;775;864;924;1051;1120;1195;1213;1241;1346;1352;1533;1587;1623;1629;1815;1821;1846;2025;2179;2513;2525;2531;2553;2784;2839;2842;2843;2844;2845;2846;2850;2851;2927;3144;3238,CANONICO,No,AUTORIDAD_ARQ,TRAZABILIDAD_SUBORDINADA,VINCULADO
MEF-V3-DIC-0128,No,ENG,ENG-073,ENG-073-AVAILABILITY_ENGINEERING.md,54,190;205;349;380;448;460;478;548;582;594;628;700;706;712;772;903;1053;1100;1188;1212;1253;1277;1283;1313;1337;1442;1504;1530;1589;1641;1647;1736;1791;1803;1827;2113;2125;2534;2590;2857;2912;2915;2916;2917;2918;2920;2921;2922;2923;2924;2928;3069;3177;3262,CANONICO,No,AUTORIDAD_ARQ,TRAZABILIDAD_SUBORDINADA,VINCULADO
MEF-V3-DIC-0128,No,ENG,ENG-074,ENG-074-RELIABILITY_ENGINEERING.md,48,195;366;459;588;706;712;720;742;752;877;883;895;964;1100;1253;1278;1314;1320;1326;1578;1714;1720;1736;1803;1809;1970;2026;2059;2071;2138;2150;2519;2769;2824;2826;2827;2828;2831;2832;2834;2836;2837;2904;2905;2911;2979;3004;3105,CANONICO,No,AUTORIDAD_ARQ,TRAZABILIDAD_SUBORDINADA,VINCULADO
MEF-V3-DIC-0128,No,ENG,ENG-075,ENG-075-MAINTAINABILITY_ENGINEERING.md,47,304;345;359;539;547;598;689;763;880;910;1066;1187;1223;1273;1292;1477;1537;1624;1642;1666;1797;1815;1821;1916;1937;2012;2018;2065;2130;2176;2196;2294;2916;2972;2974;2975;2978;2979;2980;2981;2982;3064;3103;3207;3312;3353;3432,CANONICO,No,AUTORIDAD_ARQ,TRAZABILIDAD_SUBORDINADA,VINCULADO
MEF-V3-DIC-0128,No,ENG,ENG-076,ENG-076-RECOVERABILITY_ENGINEERING.md,43,208;329;379;458;464;480;581;813;861;882;969;1121;1195;1235;1335;1361;1373;1453;1516;1570;1825;1919;2010;2030;2136;2174;2217;2269;2875;3194;3251;3252;3254;3256;3257;3259;3263;3264;3385;3387;3414;3559;3625,CANONICO,No,AUTORIDAD_ARQ,TRAZABILIDAD_SUBORDINADA,VINCULADO
MEF-V3-DIC-0128,No,ENG,ENG-077,ENG-077-DURABILITY_ENGINEERING.md,73,213;369;435;533;591;622;811;817;829;835;841;866;878;934;946;952;1096;1160;1172;1178;1208;1259;1290;1334;1349;1369;1409;1435;1453;1473;1486;1512;1526;1582;1606;1647;1665;1671;1677;1695;1713;1731;1755;1761;1767;1792;1804;1834;1840;1846;1879;1891;1897;2026;2095;2137;2265;2708;2971;3028;3029;3032;3033;3038;3039;3137;3187;3246;3339;3371;3422;3498;3611,CANONICO,No,AUTORIDAD_ARQ,TRAZABILIDAD_SUBORDINADA,VINCULADO
MEF-V3-DIC-0128,No,ENG,ENG-078,ENG-078-CONSISTENCY_ENGINEERING.md,69,314;371;464;470;575;612;663;709;785;827;885;897;903;915;933;966;1014;1052;1090;1096;1154;1240;1273;1305;1317;1329;1360;1384;1420;1468;1501;1532;1538;1591;1660;1672;1690;1696;1752;1758;1836;1842;1930;1941;1990;2003;2009;2015;2021;2095;2190;2260;3002;3014;3072;3073;3074;3076;3077;3079;3080;3081;3083;3084;3234;3275;3400;3451;3649,CANONICO,No,AUTORIDAD_ARQ,TRAZABILIDAD_SUBORDINADA,VINCULADO
MEF-V3-DIC-0128,No,ENG,ENG-079,ENG-079-DATA_INTEGRITY_ENGINEERING.md,56,214;397;457;542;562;568;592;618;692;812;848;866;922;970;1048;1080;1129;1135;1141;1159;1195;1224;1254;1293;1299;1387;1393;1399;1478;1484;1625;1669;1758;1789;1819;1862;1874;1880;1941;2019;2218;2323;3266;3324;3325;3326;3327;3328;3329;3330;3331;3335;3413;3636;3731;3790,CANONICO,No,AUTORIDAD_ARQ,TRAZABILIDAD_SUBORDINADA,VINCULADO
MEF-V3-DIC-0128,No,ENG,ENG-080,ENG-080-DATA_QUALITY_ENGINEERING.md,58,204;339;428;578;619;625;637;667;747;753;809;845;915;934;986;1060;1104;1142;1148;1154;1160;1259;1379;1454;1518;1524;1530;1550;1607;1631;1675;1775;1811;1874;1899;1917;1929;2037;2114;2195;2213;2225;2231;2243;2352;2454;3287;3347;3349;3350;3353;3355;3356;3357;3359;3360;3565;3825,CANONICO,No,AUTORIDAD_ARQ,TRAZABILIDAD_SUBORDINADA,VINCULADO
MEF-V3-DIC-0128,No,ENG,ENG-081,ENG-081-DATA_GOVERNANCE_ENGINEERING.md,67,225;470;563;599;636;665;671;741;773;811;887;906;967;1030;1036;1091;1109;1189;1275;1302;1388;1427;1439;1590;1641;1702;1732;1778;1916;1972;2027;2055;2073;2085;2139;2151;2265;2283;2289;2316;2322;2340;2401;2413;2431;2487;2528;2569;2660;2880;2989;2995;3043;3129;3892;3950;3951;3952;3954;3957;3958;3960;3962;3963;3964;4034;4145,CANONICO,No,AUTORIDAD_ARQ,TRAZABILIDAD_SUBORDINADA,VINCULADO
MEF-V3-DIC-0128,No,ENG,ENG-082,ENG-082-DATA_PRIVACY_ENGINEERING.md,62,172;302;312;347;355;375;407;443;528;540;576;650;662;770;829;882;888;894;900;924;1033;1080;1169;1205;1211;1238;1256;1268;1304;1322;1391;1418;1522;1574;1671;1700;1712;1724;1750;1780;1804;1831;1864;1958;2032;2095;2113;2212;2897;2898;2899;2900;2902;2903;2906;2907;2909;2912;2914;2942;3040;3191,CANONICO,No,AUTORIDAD_ARQ,TRAZABILIDAD_SUBORDINADA,VINCULADO
MEF-V3-DIC-0128,No,ENG,ENG-083,ENG-083-DATA_COMPLIANCE_ENGINEERING.md,46,287;332;382;442;573;586;606;693;715;766;809;815;887;990;996;1041;1106;1118;1124;1184;1330;1342;1360;1391;1403;1518;1546;1564;1570;1643;1692;1755;1948;2606;2664;2666;2670;2671;2672;2673;2674;2676;2679;2840;2875;3005,CANONICO,No,AUTORIDAD_ARQ,TRAZABILIDAD_SUBORDINADA,VINCULADO
MEF-V3-DIC-0128,No,ENG,ENG-084,ENG-084-DATA_ETHICS_ENGINEERING.md,56,187;212;304;320;389;429;491;499;548;619;643;663;681;701;760;762;837;981;1006;1097;1153;1161;1213;1335;1385;1448;1513;1544;1620;1626;1638;1644;1662;1728;1746;1827;1887;1893;1961;2088;2249;2255;2267;2886;2943;2945;2948;2949;2950;2952;2953;2954;2955;2957;2991;3040,CANONICO,No,AUTORIDAD_ARQ,TRAZABILIDAD_SUBORDINADA,VINCULADO
MEF-V3-DIC-0128,No,ENG,ENG-085,ENG-085-DATA_TRUST_ENGINEERING.md,56,196;292;339;355;404;445;545;581;654;691;715;802;830;958;1013;1032;1081;1093;1105;1143;1341;1439;1453;1486;1612;1670;1820;1865;1915;1927;1947;1965;1971;2094;2116;2493;2989;3001;3058;3061;3062;3063;3064;3067;3068;3069;3071;3072;3073;3120;3205;3239;3321;3343;3387;3544,CANONICO,No,AUTORIDAD_ARQ,TRAZABILIDAD_SUBORDINADA,VINCULADO
MEF-V3-DIC-0128,No,ENG,ENG-086,ENG-086-DATA_PRODUCT_ENGINEERING.md,24,203;486;679;736;782;787;934;968;1052;1079;1465;1485;1486;1489;1491;1492;1493;1494;1495;1496;1497;1501;1607;1647,CANONICO,No,AUTORIDAD_ARQ,TRAZABILIDAD_SUBORDINADA,VINCULADO
MEF-V3-DIC-0128,No,ENG,ENG-087,ENG-087-DATA_EXCHANGE_SHARING_ENGINEERING.md,25,407;483;499;561;592;598;717;736;752;779;933;1181;1200;1201;1203;1204;1205;1206;1207;1209;1210;1211;1213;1216;1325,CANONICO,No,AUTORIDAD_ARQ,TRAZABILIDAD_SUBORDINADA,VINCULADO
MEF-V3-DIC-0128,No,ENG,ENG-088,ENG-088-DATA_FEDERATION_ENGINEERING.md,34,238;266;280;294;503;595;621;659;729;787;799;817;912;973;1119;1178;1413;1429;1461;1749;1768;1769;1770;1771;1772;1775;1777;1778;1779;1780;1781;1782;1783;1785,CANONICO,No,AUTORIDAD_ARQ,TRAZABILIDAD_SUBORDINADA,VINCULADO
MEF-V3-DIC-0128,No,ENG,ENG-089,ENG-089-DATA_LINEAGE_PROVENANCE_ENGINEERING.md,25,253;409;458;478;541;630;632;638;997;1018;1019;1020;1021;1022;1023;1024;1026;1027;1028;1029;1030;1031;1032;1033;1112,CANONICO,No,AUTORIDAD_ARQ,TRAZABILIDAD_SUBORDINADA,VINCULADO
MEF-V3-DIC-0128,No,ENG,ENG-090,ENG-090-DATA_CATALOG_ENGINEERING.md,42,265;281;295;341;474;526;577;609;649;718;848;903;952;988;1017;1060;1079;1134;1160;1282;1408;1434;1455;1463;1489;1807;1826;1827;1828;1829;1831;1832;1833;1835;1836;1837;1838;1839;1840;1841;1842;1843,CANONICO,No,AUTORIDAD_ARQ,TRAZABILIDAD_SUBORDINADA,VINCULADO
MEF-V3-DIC-0128,No,ENG,ENG-091,ENG-091-DATA_DISCOVERY_CLASSIFICATION_ENGINEERING.md,46,250;386;504;506;541;560;619;636;667;710;752;863;887;1025;1028;1030;1039;1081;1128;1176;1214;1228;1269;1285;1329;1345;1468;1553;1562;1793;1814;1815;1816;1818;1819;1820;1821;1823;1827;1829;1881;1882;1955;1961;2013;2014,CANONICO,No,AUTORIDAD_ARQ,TRAZABILIDAD_SUBORDINADA,VINCULADO
MEF-V3-DIC-0128,No,ENG,ENG-092,ENG-092-DATA_RETENTION_DISPOSAL_ENGINEERING.md,45,317;333;462;479;514;577;610;627;732;784;804;851;895;927;965;985;999;1007;1013;1032;1072;1115;1151;1159;1184;1202;1220;1304;1320;1729;1749;1751;1752;1754;1756;1757;1758;1759;1760;1761;1764;1765;1866;1890;1898,CANONICO,No,AUTORIDAD_ARQ,TRAZABILIDAD_SUBORDINADA,VINCULADO
MEF-V3-DIC-0128,No,ENG,ENG-093,ENG-093-DATA_ARCHIVAL_PRESERVATION_ENGINEERING.md,35,262;274;284;318;352;411;421;445;475;505;523;529;576;600;622;634;662;674;680;710;728;791;797;1190;1209;1211;1214;1217;1218;1219;1220;1221;1223;1325;1358,CANONICO,No,AUTORIDAD_ARQ,TRAZABILIDAD_SUBORDINADA,VINCULADO
MEF-V3-DIC-0128,No,ENG,ENG-094,ENG-094-DATA_PORTABILITY_ENGINEERING.md,32,292;423;492;622;727;914;981;1006;1016;1040;1050;1058;1074;1146;1170;1246;1262;1680;1701;1702;1706;1708;1709;1711;1712;1713;1714;1715;1716;1823;1851;1863,CANONICO,No,AUTORIDAD_ARQ,TRAZABILIDAD_SUBORDINADA,VINCULADO
MEF-V3-DIC-0128,No,ENG,ENG-095,ENG-095-DATA_SYNCHRONIZATION_ENGINEERING.md,28,249;297;315;345;351;363;369;381;399;411;417;429;435;441;453;477;495;513;525;551;552;554;556;564;565;588;600;612,CANONICO,No,AUTORIDAD_ARQ,TRAZABILIDAD_SUBORDINADA,VINCULADO
MEF-V3-DIC-0128,No,ENG,ENG-096,ENG-096-DATA_REPLICATION_ENGINEERING.md,25,253;284;296;320;332;338;356;362;374;380;392;398;404;422;428;446;470;494;536;542;579;587;591;592;629,CANONICO,No,AUTORIDAD_ARQ,TRAZABILIDAD_SUBORDINADA,VINCULADO
MEF-V3-DIC-0128,No,ENG,ENG-097,ENG-097-DATA_PARTITIONING_SHARDING_ENGINEERING.md,21,344;350;368;374;386;398;410;422;446;452;464;470;488;512;518;557;564;566;570;599;617,CANONICO,No,AUTORIDAD_ARQ,TRAZABILIDAD_SUBORDINADA,VINCULADO
MEF-V3-DIC-0128,No,ENG,ENG-098,ENG-098-DATA_DISTRIBUTION_ENGINEERING.md,19,250;298;310;334;340;346;352;370;376;388;394;412;430;448;454;472;552;556;563,CANONICO,No,AUTORIDAD_ARQ,TRAZABILIDAD_SUBORDINADA,VINCULADO
MEF-V3-DIC-0128,No,ENG,ENG-099,ENG-099-DATA_LOCALIZATION_RESIDENCY_ENGINEERING.md,26,320;326;362;368;380;404;434;440;470;488;524;548;554;566;578;584;626;628;629;633;635;637;641;642;665;677,CANONICO,No,AUTORIDAD_ARQ,TRAZABILIDAD_SUBORDINADA,VINCULADO
MEF-V3-DIC-0128,No,ENG,ENG-100,ENG-100-DATA_LIFECYCLE_ORCHESTRATION_ENGINEERING.md,19,298;401;454;510;556;600;638;643;668;824;854;856;865;867;870;876;891;974;1092,CANONICO,No,AUTORIDAD_ARQ,TRAZABILIDAD_SUBORDINADA,VINCULADO
MEF-V3-DIC-0128,No,FND,FND-000,FND-000-Carta_del_Proyecto.md,2,49;138,CANONICO,No,AUTORIDAD_ARQ,TRAZABILIDAD_SUPERIOR,VINCULADO
MEF-V3-DIC-0128,No,FND,FND-001,FND-001-VISION.md,1,52,CANONICO,No,AUTORIDAD_ARQ,TRAZABILIDAD_SUPERIOR,VINCULADO
MEF-V3-DIC-0129,No responsabilidades,ARQ,ARQ-004,ARQ-004-MODULES.md,1,123,CANONICO,No responsabilidades,AUTORIDAD_ARQ,AUTORIDAD_PRIMARIA,VINCULADO
MEF-V3-DIC-0129,No responsabilidades,ARQ,ARQ-011,ARQ-011-CONTRACTS.md,1,116,CANONICO,No responsabilidades,AUTORIDAD_ARQ,AUTORIDAD_PRIMARIA,VINCULADO
MEF-V3-DIC-0129,No responsabilidades,ARQ,ARQ-012,ARQ-012-DEPENDENCY_INJECTION.md,1,111,CANONICO,No responsabilidades,AUTORIDAD_ARQ,AUTORIDAD_PRIMARIA,VINCULADO
MEF-V3-DIC-0129,No responsabilidades,ARQ,ARQ-013,ARQ-013-CONFIGURATION.md,1,120,CANONICO,No responsabilidades,AUTORIDAD_ARQ,AUTORIDAD_PRIMARIA,VINCULADO
MEF-V3-DIC-0129,No responsabilidades,ENG,ENG-003,ENG-003-MANIFEST.md,1,129,CANONICO,No responsabilidades,AUTORIDAD_ARQ,TRAZABILIDAD_SUBORDINADA,VINCULADO
MEF-V3-DIC-0130,Observabilidad,ARQ,ARQ-004,ARQ-004-MODULES.md,2,531;544,CANONICO,Observabilidad,AUTORIDAD_ARQ,AUTORIDAD_PRIMARIA,VINCULADO
MEF-V3-DIC-0130,Observabilidad,ARQ,ARQ-010,ARQ-010-TEMPLATE_ENGINE.md,1,232,CANONICO,Observabilidad,AUTORIDAD_ARQ,AUTORIDAD_PRIMARIA,VINCULADO
MEF-V3-DIC-0130,Observabilidad,ARQ,ARQ-011,ARQ-011-CONTRACTS.md,1,226,CANONICO,Observabilidad,AUTORIDAD_ARQ,AUTORIDAD_PRIMARIA,VINCULADO
MEF-V3-DIC-0130,Observabilidad,ARQ,ARQ-012,ARQ-012-DEPENDENCY_INJECTION.md,1,213,CANONICO,Observabilidad,AUTORIDAD_ARQ,AUTORIDAD_PRIMARIA,VINCULADO
MEF-V3-DIC-0130,Observabilidad,ARQ,ARQ-013,ARQ-013-CONFIGURATION.md,2,157;244,CANONICO,Observabilidad,AUTORIDAD_ARQ,AUTORIDAD_PRIMARIA,VINCULADO
MEF-V3-DIC-0130,Observabilidad,ARQ,ARQ-017,ARQ-017-PACKAGING.md,1,232,CANONICO,Observabilidad,AUTORIDAD_ARQ,AUTORIDAD_PRIMARIA,VINCULADO
MEF-V3-DIC-0130,Observabilidad,ENG,ENG-000,ENG-000-INGENIERIA_GENERAL.md,4,256;492;583;594,CANONICO,Observabilidad,AUTORIDAD_ARQ,TRAZABILIDAD_SUBORDINADA,VINCULADO
MEF-V3-DIC-0130,Observabilidad,ENG,ENG-002,ENG-002-ESPECIFICACION_DE_MODULES.md,2,735;737,CANONICO,Observabilidad,AUTORIDAD_ARQ,TRAZABILIDAD_SUBORDINADA,VINCULADO
MEF-V3-DIC-0130,Observabilidad,ENG,ENG-004,ENG-004-CONVENCIONES.md,4,124;890;972;1017,CANONICO,Observabilidad,AUTORIDAD_ARQ,TRAZABILIDAD_SUBORDINADA,VINCULADO
MEF-V3-DIC-0130,Observabilidad,ENG,ENG-005,ENG-005-NOMENCLATURA.md,1,2178,CANONICO,Observabilidad,AUTORIDAD_ARQ,TRAZABILIDAD_SUBORDINADA,VINCULADO
MEF-V3-DIC-0130,Observabilidad,ENG,ENG-008,ENG-008-GENERADORES.md,1,939,CANONICO,Observabilidad,AUTORIDAD_ARQ,TRAZABILIDAD_SUBORDINADA,VINCULADO
MEF-V3-DIC-0130,Observabilidad,ENG,ENG-009,ENG-009-TESTING.md,1,1276,CANONICO,Observabilidad,AUTORIDAD_ARQ,TRAZABILIDAD_SUBORDINADA,VINCULADO
MEF-V3-DIC-0130,Observabilidad,ENG,ENG-010,ENG-010-LOGGING.md,6,54;92;130;1645;1720;1769,CANONICO,Observabilidad,AUTORIDAD_ARQ,TRAZABILIDAD_SUBORDINADA,VINCULADO
MEF-V3-DIC-0130,Observabilidad,ENG,ENG-011,ENG-011-CONFIGURATION_FILES.md,1,791,CANONICO,Observabilidad,AUTORIDAD_ARQ,TRAZABILIDAD_SUBORDINADA,VINCULADO
MEF-V3-DIC-0130,Observabilidad,ENG,ENG-015,ENG-015-ARCHITECTURAL_STATE_MACHINE.md,2,120;1893,CANONICO,Observabilidad,AUTORIDAD_ARQ,TRAZABILIDAD_SUBORDINADA,VINCULADO
MEF-V3-DIC-0130,Observabilidad,ENG,ENG-025,ENG-025-OBSERVABILITY_ENGINEERING.md,1,2880,CANONICO,Observabilidad,AUTORIDAD_ARQ,TRAZABILIDAD_SUBORDINADA,VINCULADO
MEF-V3-DIC-0130,Observabilidad,ENG,ENG-027,ENG-027-RUNTIME_ENGINEERING.md,1,3633,CANONICO,Observabilidad,AUTORIDAD_ARQ,TRAZABILIDAD_SUBORDINADA,VINCULADO
MEF-V3-DIC-0130,Observabilidad,ENG,ENG-046,ENG-046-AUTHORIZATION_ENGINEERING.md,1,3058,CANONICO,Observabilidad,AUTORIDAD_ARQ,TRAZABILIDAD_SUBORDINADA,VINCULADO
MEF-V3-DIC-0130,Observabilidad,ENG,ENG-049,ENG-049-CONFIGURATION_MANAGEMENT_ENGINEERING.md,1,146,CANONICO,Observabilidad,AUTORIDAD_ARQ,TRAZABILIDAD_SUBORDINADA,VINCULADO
MEF-V3-DIC-0130,Observabilidad,ENG,ENG-055,ENG-055-LIFECYCLE_MANAGEMENT_ENGINEERING.md,1,2982,CANONICO,Observabilidad,AUTORIDAD_ARQ,TRAZABILIDAD_SUBORDINADA,VINCULADO
MEF-V3-DIC-0130,Observabilidad,ENG,ENG-095,ENG-095-DATA_SYNCHRONIZATION_ENGINEERING.md,1,582,CANONICO,Observabilidad,AUTORIDAD_ARQ,TRAZABILIDAD_SUBORDINADA,VINCULADO
MEF-V3-DIC-0131,Package,ARQ,ARQ-017,ARQ-017-PACKAGING.md,17,98;101;123;143;158;169;183;196;211;212;213;214;215;216;254;263;273,CANONICO,Package,AUTORIDAD_ARQ,AUTORIDAD_PRIMARIA,VINCULADO
MEF-V3-DIC-0131,Package,ENG,ENG-000,ENG-000-INGENIERIA_GENERAL.md,4,300;409;683;718,CANONICO,Package,AUTORIDAD_ARQ,TRAZABILIDAD_SUBORDINADA,VINCULADO
MEF-V3-DIC-0131,Package,ENG,ENG-002,ENG-002-ESPECIFICACION_DE_MODULES.md,7,57;135;555;850;852;866;869,CANONICO,Package,AUTORIDAD_ARQ,TRAZABILIDAD_SUBORDINADA,VINCULADO
MEF-V3-DIC-0131,Package,ENG,ENG-003,ENG-003-MANIFEST.md,21,108;168;260;299;401;612;744;752;1109;1137;1190;1196;1201;1244;1246;1254;1292;1359;1369;1383;1422,CANONICO,Package,AUTORIDAD_ARQ,TRAZABILIDAD_SUBORDINADA,VINCULADO
MEF-V3-DIC-0131,Package,ENG,ENG-004,ENG-004-CONVENCIONES.md,2,256;1080,CANONICO,Package,AUTORIDAD_ARQ,TRAZABILIDAD_SUBORDINADA,VINCULADO
MEF-V3-DIC-0131,Package,ENG,ENG-005,ENG-005-NOMENCLATURA.md,14,817;1073;1091;1095;1097;1549;1550;1746;1956;2100;2155;2189;2289;2462,CANONICO,Package,AUTORIDAD_ARQ,TRAZABILIDAD_SUBORDINADA,VINCULADO
MEF-V3-DIC-0131,Package,ENG,ENG-006,ENG-006-ESTRUCTURA_DE_DIRECTORIOS.md,13,530;771;845;954;978;998;1001;1395;1413;1420;1575;1577;1677,CANONICO,Package,AUTORIDAD_ARQ,TRAZABILIDAD_SUBORDINADA,VINCULADO
MEF-V3-DIC-0131,Package,ENG,ENG-007,ENG-007-CLI.md,26,178;196;348;353;354;355;356;357;358;450;564;590;910;949;1049;1057;1069;1115;1118;1240;1256;1364;1379;1495;1527;1597,CANONICO,Package,AUTORIDAD_ARQ,TRAZABILIDAD_SUBORDINADA,VINCULADO
MEF-V3-DIC-0131,Package,ENG,ENG-008,ENG-008-GENERADORES.md,3,1341;1427;1503,CANONICO,Package,AUTORIDAD_ARQ,TRAZABILIDAD_SUBORDINADA,VINCULADO
MEF-V3-DIC-0131,Package,ENG,ENG-009,ENG-009-TESTING.md,11,377;407;464;491;899;1131;1133;1539;1588;1762;1795,CANONICO,Package,AUTORIDAD_ARQ,TRAZABILIDAD_SUBORDINADA,VINCULADO
MEF-V3-DIC-0131,Package,ENG,ENG-010,ENG-010-LOGGING.md,7,175;302;365;395;539;717;1283,CANONICO,Package,AUTORIDAD_ARQ,TRAZABILIDAD_SUBORDINADA,VINCULADO
MEF-V3-DIC-0131,Package,ENG,ENG-011,ENG-011-CONFIGURATION_FILES.md,7,133;1768;1776;1778;1784;1786;2534,CANONICO,Package,AUTORIDAD_ARQ,TRAZABILIDAD_SUBORDINADA,VINCULADO
MEF-V3-DIC-0131,Package,ENG,ENG-012,ENG-012-BUILD_SYSTEM.md,24,134;166;266;300;631;778;831;909;915;922;928;935;949;957;1154;1269;1466;1471;1589;1693;1787;1788;1830;1871,CANONICO,Package,AUTORIDAD_ARQ,TRAZABILIDAD_SUBORDINADA,VINCULADO
MEF-V3-DIC-0131,Package,ENG,ENG-013,ENG-013-PACKAGE_MANAGER.md,226,3;7;29;30;44;54;56;75;97;99;101;103;112;136;137;138;139;157;162;181;184;189;191;206;210;212;217;230;232;248;253;267;269;287;289;302;304;317;319;322;339;341;346;347;348;349;350;351;358;362;373;375;378;446;448;453;460;465;521;563;665;689;704;727;832;834;854;874;889;918;936;943;948;964;971;1014;1042;1045;1099;1114;1125;1153;1182;1185;1213;1256;1270;1321;1327;1343;1346;1355;1376;1384;1388;1395;1425;1450;1462;1476;1481;1488;1493;1502;1507;1513;1520;1525;1530;1535;1540;1545;1554;1559;1571;1576;1587;1608;1629;1630;1631;1632;1633;1647;1648;1650;1713;1739;1744;1750;1804;1864;1869;1922;1943;1945;1961;1963;2033;2057;2059;2071;2120;2158;2160;2166;2170;2198;2200;2208;2222;2232;2236;2241;2250;2268;2282;2310;2314;2319;2326;2330;2334;2338;2362;2380;2382;2401;2425;2442;2478;2510;2567;2569;2580;2582;2591;2597;2601;2612;2618;2644;2647;2679;2684;2698;2703;2716;2729;2738;2739;2740;2741;2742;2755;2760;2766;2768;2770;2772;2774;2782;2783;2812;2814;2820;2846;2861;2894;2904;2905;2906;2907;2908;2909;2910;2911;2912;2918;2919;2920;2945;2951;2956;3003;3016,CANONICO,Package,AUTORIDAD_ARQ,TRAZABILIDAD_SUBORDINADA,VINCULADO
MEF-V3-DIC-0131,Package,ENG,ENG-014,ENG-014-VERSIONADO.md,24,215;254;364;366;376;381;384;476;492;576;977;989;1012;1018;1526;1685;1707;2057;2378;2416;2442;2540;2592;2778,CANONICO,Package,AUTORIDAD_ARQ,TRAZABILIDAD_SUBORDINADA,VINCULADO
MEF-V3-DIC-0131,Package,ENG,ENG-015,ENG-015-ARCHITECTURAL_STATE_MACHINE.md,35,35;188;353;475;573;633;666;893;895;926;952;972;984;986;992;1006;1027;1032;1037;1342;1831;1938;1943;2075;2102;2347;2359;2783;2784;2813;2859;2945;3017;3029;3182,CANONICO,Package,AUTORIDAD_ARQ,TRAZABILIDAD_SUBORDINADA,VINCULADO
MEF-V3-DIC-0131,Package,ENG,ENG-016,ENG-016-COMPATIBILITY.md,25,131;158;203;225;364;383;397;419;433;447;1125;1148;1355;1662;1736;1749;2641;2787;2824;2837;2912;2970;3032;3239;3294,CANONICO,Package,AUTORIDAD_ARQ,TRAZABILIDAD_SUBORDINADA,VINCULADO
MEF-V3-DIC-0131,Package,ENG,ENG-017,ENG-017-RELEASE_PROCESS.md,13,196;201;245;403;632;634;771;788;1368;2772;2887;3209;3309,CANONICO,Package,AUTORIDAD_ARQ,TRAZABILIDAD_SUBORDINADA,VINCULADO
MEF-V3-DIC-0131,Package,ENG,ENG-018,ENG-018-DEPENDENCY_INJECTION.md,15,815;1894;1903;2258;2271;2279;2473;2483;2486;2526;2528;2530;2742;2744;2748,CANONICO,Package,AUTORIDAD_ARQ,TRAZABILIDAD_SUBORDINADA,VINCULADO
MEF-V3-DIC-0131,Package,ENG,ENG-019,ENG-019-SERVICE_CONTAINER.md,6,92;469;1598;1600;2508;2772,CANONICO,Package,AUTORIDAD_ARQ,TRAZABILIDAD_SUBORDINADA,VINCULADO
MEF-V3-DIC-0131,Package,ENG,ENG-020,ENG-020-REGISTRY_ENGINNEERING.md,22,183;185;381;386;402;766;839;950;1120;1301;1837;1881;1885;1893;2287;2746;2760;2863;2906;3117;3142;3224,CANONICO,Package,AUTORIDAD_ARQ,TRAZABILIDAD_SUBORDINADA,VINCULADO
MEF-V3-DIC-0131,Package,ENG,ENG-021,ENG-021-CONTRACTS_ENGINNEERING.md,12,317;1222;1228;1233;2255;2257;2261;2279;2285;2290;2291;3283,CANONICO,Package,AUTORIDAD_ARQ,TRAZABILIDAD_SUBORDINADA,VINCULADO
MEF-V3-DIC-0131,Package,ENG,ENG-022,ENG-022-EVENT_BUS_ENGINNEERING.md,3,358;2853;3515,CANONICO,Package,AUTORIDAD_ARQ,TRAZABILIDAD_SUBORDINADA,VINCULADO
MEF-V3-DIC-0131,Package,ENG,ENG-023,ENG-023-ERROR_HANDLING.md,1,1539,CANONICO,Package,AUTORIDAD_ARQ,TRAZABILIDAD_SUBORDINADA,VINCULADO
MEF-V3-DIC-0131,Package,ENG,ENG-024,ENG-024-SECURITY_ENGINEERING.md,50,59;147;291;827;1004;1182;1188;1190;1194;1208;1210;1214;1220;1226;1238;1377;1756;1914;1999;2013;2042;2277;2285;2343;2686;2839;2864;2866;2928;2929;2930;2998;3003;3005;3136;3198;3226;3308;3347;3499;3585;3608;3620;3669;3712;3778;3923;3977;4099;4143,CANONICO,Package,AUTORIDAD_ARQ,TRAZABILIDAD_SUBORDINADA,VINCULADO
MEF-V3-DIC-0131,Package,ENG,ENG-025,ENG-025-OBSERVABILITY_ENGINEERING.md,2,1324;2426,CANONICO,Package,AUTORIDAD_ARQ,TRAZABILIDAD_SUBORDINADA,VINCULADO
MEF-V3-DIC-0131,Package,ENG,ENG-026,ENG-026-RUNTIME_PERFORMANCE_ENGINEERING.md,2,645;1138,CANONICO,Package,AUTORIDAD_ARQ,TRAZABILIDAD_SUBORDINADA,VINCULADO
MEF-V3-DIC-0131,Package,ENG,ENG-027,ENG-027-RUNTIME_ENGINEERING.md,8,401;434;518;524;530;968;1723;3765,CANONICO,Package,AUTORIDAD_ARQ,TRAZABILIDAD_SUBORDINADA,VINCULADO
MEF-V3-DIC-0131,Package,ENG,ENG-028,ENG-028-MODULE_ENGINEERING.md,36,135;159;166;171;173;198;203;210;218;220;1347;1444;1463;1534;2346;2454;2456;2460;2462;2466;2471;2476;2478;2484;2615;2653;2861;3042;3081;3112;3142;3211;3330;3362;3389;3440,CANONICO,Package,AUTORIDAD_ARQ,TRAZABILIDAD_SUBORDINADA,VINCULADO
MEF-V3-DIC-0131,Package,ENG,ENG-029,ENG-029-EXTENSION_ENGINEERING.md,15,164;176;183;186;406;480;760;1572;1574;1578;1580;1625;2210;2221;2637,CANONICO,Package,AUTORIDAD_ARQ,TRAZABILIDAD_SUBORDINADA,VINCULADO
MEF-V3-DIC-0131,Package,ENG,ENG-030,ENG-030-PERSISTENCE_ENGINEERING.md,1,876,CANONICO,Package,AUTORIDAD_ARQ,TRAZABILIDAD_SUBORDINADA,VINCULADO
MEF-V3-DIC-0131,Package,ENG,ENG-031,ENG-031-SERIALIZATION_ENGINEERING.md,4,446;2308;2320;3254,CANONICO,Package,AUTORIDAD_ARQ,TRAZABILIDAD_SUBORDINADA,VINCULADO
MEF-V3-DIC-0131,Package,ENG,ENG-036,ENG-036-VALIDATION_ENGINEERING.md,2,2527;2789,CANONICO,Package,AUTORIDAD_ARQ,TRAZABILIDAD_SUBORDINADA,VINCULADO
MEF-V3-DIC-0131,Package,ENG,ENG-057,ENG-057-METADATA_ENGINEERING.md,2,561;2845,CANONICO,Package,AUTORIDAD_ARQ,TRAZABILIDAD_SUBORDINADA,VINCULADO
MEF-V3-DIC-0131,Package,ENG,ENG-058,ENG-058-DISCOVERY_ENGINEERING.md,9,37;117;336;482;569;575;577;1138;1140,CANONICO,Package,AUTORIDAD_ARQ,TRAZABILIDAD_SUBORDINADA,VINCULADO
MEF-V3-DIC-0131,Package,ENG,ENG-060,ENG-060-PLUGIN_ENGINEERING.md,7,271;273;541;615;1058;2414;2727,CANONICO,Package,AUTORIDAD_ARQ,TRAZABILIDAD_SUBORDINADA,VINCULADO
MEF-V3-DIC-0131,Package,ENG,ENG-067,ENG-067-DEPLOYMENT_ENGINEERING.md,1,388,CANONICO,Package,AUTORIDAD_ARQ,TRAZABILIDAD_SUBORDINADA,VINCULADO
MEF-V3-DIC-0131,Package,ENG,ENG-068,ENG-068-ENVIRONMENT_ENGINEERING.md,1,991,CANONICO,Package,AUTORIDAD_ARQ,TRAZABILIDAD_SUBORDINADA,VINCULADO
MEF-V3-DIC-0131,Package,ENG,ENG-087,ENG-087-DATA_EXCHANGE_SHARING_ENGINEERING.md,29,99;151;245;327;329;345;350;356;373;489;579;634;794;831;857;931;951;987;1056;1134;1165;1202;1204;1207;1215;1218;1243;1274;1355,CANONICO,Package,AUTORIDAD_ARQ,TRAZABILIDAD_SUBORDINADA,VINCULADO
MEF-V3-DIC-0131,Package,ENG,ENG-089,ENG-089-DATA_LINEAGE_PROVENANCE_ENGINEERING.md,1,298,CANONICO,Package,AUTORIDAD_ARQ,TRAZABILIDAD_SUBORDINADA,VINCULADO
MEF-V3-DIC-0131,Package,ENG,ENG-093,ENG-093-DATA_ARCHIVAL_PRESERVATION_ENGINEERING.md,24,89;126;127;215;364;379;399;405;752;807;912;936;1037;1131;1165;1167;1209;1213;1227;1228;1251;1253;1350;1373,CANONICO,Package,AUTORIDAD_ARQ,TRAZABILIDAD_SUBORDINADA,VINCULADO
MEF-V3-DIC-0131,Package,ENG,ENG-094,ENG-094-DATA_PORTABILITY_ENGINEERING.md,56,86;134;135;136;137;138;139;212;436;498;516;536;555;557;563;567;571;589;595;769;808;814;838;944;979;981;1058;1076;1116;1134;1170;1186;1276;1326;1344;1374;1394;1462;1525;1526;1527;1528;1623;1652;1703;1704;1708;1716;1717;1718;1745;1789;1821;1823;1884;1924,CANONICO,Package,AUTORIDAD_ARQ,TRAZABILIDAD_SUBORDINADA,VINCULADO
MEF-V3-DIC-0131,Package,ENG,ENG-095,ENG-095-DATA_SYNCHRONIZATION_ENGINEERING.md,1,594,CANONICO,Package,AUTORIDAD_ARQ,TRAZABILIDAD_SUBORDINADA,VINCULADO
MEF-V3-DIC-0131,Package,ENG,ENG-100,ENG-100-DATA_LIFECYCLE_ORCHESTRATION_ENGINEERING.md,1,368,CANONICO,Package,AUTORIDAD_ARQ,TRAZABILIDAD_SUBORDINADA,VINCULADO
MEF-V3-DIC-0132,Packaging,ARQ,ARQ-017,ARQ-017-PACKAGING.md,8,3;7;22;31;43;61;74;292,CANONICO,Packaging,AUTORIDAD_ARQ,AUTORIDAD_PRIMARIA,VINCULADO
MEF-V3-DIC-0132,Packaging,ENG,ENG-000,ENG-000-INGENIERIA_GENERAL.md,2,716;839,CANONICO,Packaging,AUTORIDAD_ARQ,TRAZABILIDAD_SUBORDINADA,VINCULADO
MEF-V3-DIC-0132,Packaging,ENG,ENG-002,ENG-002-ESPECIFICACION_DE_MODULES.md,1,1159,CANONICO,Packaging,AUTORIDAD_ARQ,TRAZABILIDAD_SUBORDINADA,VINCULADO
MEF-V3-DIC-0132,Packaging,ENG,ENG-003,ENG-003-MANIFEST.md,3,1134;1144;1411,CANONICO,Packaging,AUTORIDAD_ARQ,TRAZABILIDAD_SUBORDINADA,VINCULADO
MEF-V3-DIC-0132,Packaging,ENG,ENG-004,ENG-004-CONVENCIONES.md,2,1199;1579,CANONICO,Packaging,AUTORIDAD_ARQ,TRAZABILIDAD_SUBORDINADA,VINCULADO
MEF-V3-DIC-0132,Packaging,ENG,ENG-005,ENG-005-NOMENCLATURA.md,2,1091;2547,CANONICO,Packaging,AUTORIDAD_ARQ,TRAZABILIDAD_SUBORDINADA,VINCULADO
MEF-V3-DIC-0132,Packaging,ENG,ENG-006,ENG-006-ESTRUCTURA_DE_DIRECTORIOS.md,5,119;807;996;1569;1662,CANONICO,Packaging,AUTORIDAD_ARQ,TRAZABILIDAD_SUBORDINADA,VINCULADO
MEF-V3-DIC-0132,Packaging,ENG,ENG-007,ENG-007-CLI.md,1,1584,CANONICO,Packaging,AUTORIDAD_ARQ,TRAZABILIDAD_SUBORDINADA,VINCULADO
MEF-V3-DIC-0132,Packaging,ENG,ENG-009,ENG-009-TESTING.md,1,1779,CANONICO,Packaging,AUTORIDAD_ARQ,TRAZABILIDAD_SUBORDINADA,VINCULADO
MEF-V3-DIC-0132,Packaging,ENG,ENG-011,ENG-011-CONFIGURATION_FILES.md,1,2520,CANONICO,Packaging,AUTORIDAD_ARQ,TRAZABILIDAD_SUBORDINADA,VINCULADO
MEF-V3-DIC-0132,Packaging,ENG,ENG-012,ENG-012-BUILD_SYSTEM.md,11,33;104;694;917;933;941;989;1474;1692;1721;1857,CANONICO,Packaging,AUTORIDAD_ARQ,TRAZABILIDAD_SUBORDINADA,VINCULADO
MEF-V3-DIC-0132,Packaging,ENG,ENG-013,ENG-013-PACKAGE_MANAGER.md,2,95;3030,CANONICO,Packaging,AUTORIDAD_ARQ,TRAZABILIDAD_SUBORDINADA,VINCULADO
MEF-V3-DIC-0132,Packaging,ENG,ENG-014,ENG-014-VERSIONADO.md,1,2765,CANONICO,Packaging,AUTORIDAD_ARQ,TRAZABILIDAD_SUBORDINADA,VINCULADO
MEF-V3-DIC-0132,Packaging,ENG,ENG-015,ENG-015-ARCHITECTURAL_STATE_MACHINE.md,3,1135;3064;3171,CANONICO,Packaging,AUTORIDAD_ARQ,TRAZABILIDAD_SUBORDINADA,VINCULADO
MEF-V3-DIC-0132,Packaging,ENG,ENG-016,ENG-016-COMPATIBILITY.md,1,3283,CANONICO,Packaging,AUTORIDAD_ARQ,TRAZABILIDAD_SUBORDINADA,VINCULADO
MEF-V3-DIC-0132,Packaging,ENG,ENG-017,ENG-017-RELEASE_PROCESS.md,4,81;142;765;3298,CANONICO,Packaging,AUTORIDAD_ARQ,TRAZABILIDAD_SUBORDINADA,VINCULADO
MEF-V3-DIC-0132,Packaging,ENG,ENG-020,ENG-020-REGISTRY_ENGINNEERING.md,1,1311,CANONICO,Packaging,AUTORIDAD_ARQ,TRAZABILIDAD_SUBORDINADA,VINCULADO
MEF-V3-DIC-0132,Packaging,ENG,ENG-093,ENG-093-DATA_ARCHIVAL_PRESERVATION_ENGINEERING.md,1,457,CANONICO,Packaging,AUTORIDAD_ARQ,TRAZABILIDAD_SUBORDINADA,VINCULADO
MEF-V3-DIC-0132,Packaging,ENG,ENG-094,ENG-094-DATA_PORTABILITY_ENGINEERING.md,1,1710,CANONICO,Packaging,AUTORIDAD_ARQ,TRAZABILIDAD_SUBORDINADA,VINCULADO
MEF-V3-DIC-0133,paquete,ARQ,ARQ-017,ARQ-017-PACKAGING.md,2,51;78,CANONICO,paquete,AUTORIDAD_ARQ,AUTORIDAD_PRIMARIA,VINCULADO
MEF-V3-DIC-0133,paquete,ENG,ENG-010,ENG-010-LOGGING.md,1,1461,CANONICO,paquete,AUTORIDAD_ARQ,TRAZABILIDAD_SUBORDINADA,VINCULADO
MEF-V3-DIC-0134,Plantillas,ARQ,ARQ-010,ARQ-010-TEMPLATE_ENGINE.md,10,40;78;144;156;215;224;227;228;262;268,CANONICO,Plantillas,AUTORIDAD_ARQ,AUTORIDAD_PRIMARIA,VINCULADO
MEF-V3-DIC-0134,Plantillas,ENG,ENG-005,ENG-005-NOMENCLATURA.md,1,1522,CANONICO,Plantillas,AUTORIDAD_ARQ,TRAZABILIDAD_SUBORDINADA,VINCULADO
MEF-V3-DIC-0134,Plantillas,ENG,ENG-006,ENG-006-ESTRUCTURA_DE_DIRECTORIOS.md,2,621;635,CANONICO,Plantillas,AUTORIDAD_ARQ,TRAZABILIDAD_SUBORDINADA,VINCULADO
MEF-V3-DIC-0134,Plantillas,ENG,ENG-008,ENG-008-GENERADORES.md,1,50,CANONICO,Plantillas,AUTORIDAD_ARQ,TRAZABILIDAD_SUBORDINADA,VINCULADO
MEF-V3-DIC-0135,Políticas de Configuración,ARQ,ARQ-013,ARQ-013-CONFIGURATION.md,1,148,CANONICO,Políticas de Configuración,AUTORIDAD_ARQ,AUTORIDAD_PRIMARIA,VINCULADO
MEF-V3-DIC-0136,Pruebas,ARQ,ARQ-004,ARQ-004-MODULES.md,12,98;118;548;550;554;555;556;557;558;559;561;640,CANONICO,Pruebas,AUTORIDAD_ARQ,AUTORIDAD_PRIMARIA,VINCULADO
MEF-V3-DIC-0136,Pruebas,ARQ,ARQ-011,ARQ-011-CONTRACTS.md,1,65,CANONICO,Pruebas,AUTORIDAD_ARQ,AUTORIDAD_PRIMARIA,VINCULADO
MEF-V3-DIC-0136,Pruebas,ARQ,ARQ-012,ARQ-012-DEPENDENCY_INJECTION.md,2,60;106,CANONICO,Pruebas,AUTORIDAD_ARQ,AUTORIDAD_PRIMARIA,VINCULADO
MEF-V3-DIC-0136,Pruebas,ENG,ENG-000,ENG-000-INGENIERIA_GENERAL.md,10,184;246;250;433;435;453;455;607;737;756,CANONICO,Pruebas,AUTORIDAD_ARQ,TRAZABILIDAD_SUBORDINADA,VINCULADO
MEF-V3-DIC-0136,Pruebas,ENG,ENG-001,ENG-001-ORGANIZACION_DEL_CODIGO.md,4,87;448;744;976,CANONICO,Pruebas,AUTORIDAD_ARQ,TRAZABILIDAD_SUBORDINADA,VINCULADO
MEF-V3-DIC-0136,Pruebas,ENG,ENG-002,ENG-002-ESPECIFICACION_DE_MODULES.md,6,112;771;911;935;990;1116,CANONICO,Pruebas,AUTORIDAD_ARQ,TRAZABILIDAD_SUBORDINADA,VINCULADO
MEF-V3-DIC-0136,Pruebas,ENG,ENG-004,ENG-004-CONVENCIONES.md,5,122;420;896;910;970,CANONICO,Pruebas,AUTORIDAD_ARQ,TRAZABILIDAD_SUBORDINADA,VINCULADO
MEF-V3-DIC-0136,Pruebas,ENG,ENG-005,ENG-005-NOMENCLATURA.md,1,1451,CANONICO,Pruebas,AUTORIDAD_ARQ,TRAZABILIDAD_SUBORDINADA,VINCULADO
MEF-V3-DIC-0136,Pruebas,ENG,ENG-006,ENG-006-ESTRUCTURA_DE_DIRECTORIOS.md,6,112;498;641;656;664;1239,CANONICO,Pruebas,AUTORIDAD_ARQ,TRAZABILIDAD_SUBORDINADA,VINCULADO
MEF-V3-DIC-0136,Pruebas,ENG,ENG-007,ENG-007-CLI.md,1,1220,CANONICO,Pruebas,AUTORIDAD_ARQ,TRAZABILIDAD_SUBORDINADA,VINCULADO
MEF-V3-DIC-0136,Pruebas,ENG,ENG-008,ENG-008-GENERADORES.md,5,92;636;716;1403;1407,CANONICO,Pruebas,AUTORIDAD_ARQ,TRAZABILIDAD_SUBORDINADA,VINCULADO
MEF-V3-DIC-0136,Pruebas,ENG,ENG-009,ENG-009-TESTING.md,37,73;148;150;154;286;365;387;615;644;680;785;793;853;891;907;1011;1048;1082;1146;1235;1290;1384;1444;1479;1561;1611;1623;1624;1625;1634;1635;1636;1638;1642;1650;1654;1679,CANONICO,Pruebas,AUTORIDAD_ARQ,TRAZABILIDAD_SUBORDINADA,VINCULADO
MEF-V3-DIC-0136,Pruebas,ENG,ENG-010,ENG-010-LOGGING.md,3,866;1414;1662,CANONICO,Pruebas,AUTORIDAD_ARQ,TRAZABILIDAD_SUBORDINADA,VINCULADO
MEF-V3-DIC-0136,Pruebas,ENG,ENG-011,ENG-011-CONFIGURATION_FILES.md,1,1695,CANONICO,Pruebas,AUTORIDAD_ARQ,TRAZABILIDAD_SUBORDINADA,VINCULADO
MEF-V3-DIC-0136,Pruebas,ENG,ENG-012,ENG-012-BUILD_SYSTEM.md,1,99,CANONICO,Pruebas,AUTORIDAD_ARQ,TRAZABILIDAD_SUBORDINADA,VINCULADO
MEF-V3-DIC-0136,Pruebas,ENG,ENG-015,ENG-015-ARCHITECTURAL_STATE_MACHINE.md,1,2294,CANONICO,Pruebas,AUTORIDAD_ARQ,TRAZABILIDAD_SUBORDINADA,VINCULADO
MEF-V3-DIC-0136,Pruebas,ENG,ENG-017,ENG-017-RELEASE_PROCESS.md,1,3218,CANONICO,Pruebas,AUTORIDAD_ARQ,TRAZABILIDAD_SUBORDINADA,VINCULADO
MEF-V3-DIC-0136,Pruebas,ENG,ENG-019,ENG-019-SERVICE_CONTAINER.md,2,1818;1941,CANONICO,Pruebas,AUTORIDAD_ARQ,TRAZABILIDAD_SUBORDINADA,VINCULADO
MEF-V3-DIC-0136,Pruebas,ENG,ENG-021,ENG-021-CONTRACTS_ENGINNEERING.md,1,1993,CANONICO,Pruebas,AUTORIDAD_ARQ,TRAZABILIDAD_SUBORDINADA,VINCULADO
MEF-V3-DIC-0136,Pruebas,ENG,ENG-026,ENG-026-RUNTIME_PERFORMANCE_ENGINEERING.md,1,2154,CANONICO,Pruebas,AUTORIDAD_ARQ,TRAZABILIDAD_SUBORDINADA,VINCULADO
MEF-V3-DIC-0136,Pruebas,ENG,ENG-073,ENG-073-AVAILABILITY_ENGINEERING.md,2,2164;3177,CANONICO,Pruebas,AUTORIDAD_ARQ,TRAZABILIDAD_SUBORDINADA,VINCULADO
MEF-V3-DIC-0136,Pruebas,ENG,ENG-076,ENG-076-RECOVERABILITY_ENGINEERING.md,1,2494,CANONICO,Pruebas,AUTORIDAD_ARQ,TRAZABILIDAD_SUBORDINADA,VINCULADO
MEF-V3-DIC-0136,Pruebas,ENG,ENG-078,ENG-078-CONSISTENCY_ENGINEERING.md,1,2389,CANONICO,Pruebas,AUTORIDAD_ARQ,TRAZABILIDAD_SUBORDINADA,VINCULADO
MEF-V3-DIC-0136,Pruebas,ENG,ENG-079,ENG-079-DATA_INTEGRITY_ENGINEERING.md,1,2601,CANONICO,Pruebas,AUTORIDAD_ARQ,TRAZABILIDAD_SUBORDINADA,VINCULADO
MEF-V3-DIC-0136,Pruebas,ENG,ENG-086,ENG-086-DATA_PRODUCT_ENGINEERING.md,1,1205,CANONICO,Pruebas,AUTORIDAD_ARQ,TRAZABILIDAD_SUBORDINADA,VINCULADO
MEF-V3-DIC-0136,Pruebas,ENG,ENG-087,ENG-087-DATA_EXCHANGE_SHARING_ENGINEERING.md,1,941,CANONICO,Pruebas,AUTORIDAD_ARQ,TRAZABILIDAD_SUBORDINADA,VINCULADO
MEF-V3-DIC-0136,Pruebas,ENG,ENG-088,ENG-088-DATA_FEDERATION_ENGINEERING.md,1,1477,CANONICO,Pruebas,AUTORIDAD_ARQ,TRAZABILIDAD_SUBORDINADA,VINCULADO
MEF-V3-DIC-0136,Pruebas,ENG,ENG-089,ENG-089-DATA_LINEAGE_PROVENANCE_ENGINEERING.md,1,779,CANONICO,Pruebas,AUTORIDAD_ARQ,TRAZABILIDAD_SUBORDINADA,VINCULADO
MEF-V3-DIC-0136,Pruebas,ENG,ENG-090,ENG-090-DATA_CATALOG_ENGINEERING.md,1,1539,CANONICO,Pruebas,AUTORIDAD_ARQ,TRAZABILIDAD_SUBORDINADA,VINCULADO
MEF-V3-DIC-0136,Pruebas,ENG,ENG-091,ENG-091-DATA_DISCOVERY_CLASSIFICATION_ENGINEERING.md,1,1505,CANONICO,Pruebas,AUTORIDAD_ARQ,TRAZABILIDAD_SUBORDINADA,VINCULADO
MEF-V3-DIC-0136,Pruebas,ENG,ENG-092,ENG-092-DATA_RETENTION_DISPOSAL_ENGINEERING.md,1,1454,CANONICO,Pruebas,AUTORIDAD_ARQ,TRAZABILIDAD_SUBORDINADA,VINCULADO
MEF-V3-DIC-0136,Pruebas,ENG,ENG-093,ENG-093-DATA_ARCHIVAL_PRESERVATION_ENGINEERING.md,1,931,CANONICO,Pruebas,AUTORIDAD_ARQ,TRAZABILIDAD_SUBORDINADA,VINCULADO
MEF-V3-DIC-0136,Pruebas,ENG,ENG-094,ENG-094-DATA_PORTABILITY_ENGINEERING.md,1,1410,CANONICO,Pruebas,AUTORIDAD_ARQ,TRAZABILIDAD_SUBORDINADA,VINCULADO
MEF-V3-DIC-0136,Pruebas,ENG,ENG-095,ENG-095-DATA_SYNCHRONIZATION_ENGINEERING.md,1,582,CANONICO,Pruebas,AUTORIDAD_ARQ,TRAZABILIDAD_SUBORDINADA,VINCULADO
MEF-V3-DIC-0137,Puntos de extensión,ARQ,ARQ-004,ARQ-004-MODULES.md,5,212;426;439;577;679,CANONICO,Puntos de extensión,AUTORIDAD_ARQ,AUTORIDAD_PRIMARIA,VINCULADO
MEF-V3-DIC-0137,Puntos de extensión,ENG,ENG-003,ENG-003-MANIFEST.md,1,596,CANONICO,Puntos de extensión,AUTORIDAD_ARQ,TRAZABILIDAD_SUBORDINADA,VINCULADO
MEF-V3-DIC-0138,qué,ARQ,ARQ-004,ARQ-004-MODULES.md,9,46;87;104;133;163;374;450;613;617,CANONICO,qué,AUTORIDAD_ARQ,AUTORIDAD_PRIMARIA,VINCULADO
MEF-V3-DIC-0138,qué,ARQ,ARQ-011,ARQ-011-CONTRACTS.md,5,39;41;51;209;274,CANONICO,qué,AUTORIDAD_ARQ,AUTORIDAD_PRIMARIA,VINCULADO
MEF-V3-DIC-0138,qué,ARQ,ARQ-012,ARQ-012-DEPENDENCY_INJECTION.md,2,41;74,CANONICO,qué,AUTORIDAD_ARQ,AUTORIDAD_PRIMARIA,VINCULADO
MEF-V3-DIC-0138,qué,ARQ,ARQ-013,ARQ-013-CONFIGURATION.md,2,41;188,CANONICO,qué,AUTORIDAD_ARQ,AUTORIDAD_PRIMARIA,VINCULADO
MEF-V3-DIC-0138,qué,ARQ,ARQ-017,ARQ-017-PACKAGING.md,2,43;294,CANONICO,qué,AUTORIDAD_ARQ,AUTORIDAD_PRIMARIA,VINCULADO
MEF-V3-DIC-0138,qué,ENG,ENG-000,ENG-000-INGENIERIA_GENERAL.md,13,106;107;152;193;238;270;530;630;776;780;788;821;823,CANONICO,qué,AUTORIDAD_ARQ,TRAZABILIDAD_SUBORDINADA,VINCULADO
MEF-V3-DIC-0138,qué,ENG,ENG-001,ENG-001-ORGANIZACION_DEL_CODIGO.md,18,62;158;166;203;236;304;350;408;458;582;738;772;773;785;860;877;904;1043,CANONICO,qué,AUTORIDAD_ARQ,TRAZABILIDAD_SUBORDINADA,VINCULADO
MEF-V3-DIC-0138,qué,ENG,ENG-002,ENG-002-ESPECIFICACION_DE_MODULES.md,13,51;59;83;115;263;271;307;411;790;1026;1049;1065;1138,CANONICO,qué,AUTORIDAD_ARQ,TRAZABILIDAD_SUBORDINADA,VINCULADO
MEF-V3-DIC-0138,qué,ENG,ENG-003,ENG-003-MANIFEST.md,13,66;82;182;227;389;461;622;669;1201;1202;1203;1204;1377,CANONICO,qué,AUTORIDAD_ARQ,TRAZABILIDAD_SUBORDINADA,VINCULADO
MEF-V3-DIC-0138,qué,ENG,ENG-004,ENG-004-CONVENCIONES.md,20,49;100;181;189;191;192;194;195;217;428;445;614;689;792;950;993;1422;1434;1537;1560,CANONICO,qué,AUTORIDAD_ARQ,TRAZABILIDAD_SUBORDINADA,VINCULADO
MEF-V3-DIC-0138,qué,ENG,ENG-005,ENG-005-NOMENCLATURA.md,31,172;178;180;246;356;454;478;645;713;734;782;809;820;851;894;958;1144;1172;1215;1311;1331;1500;1514;1522;1602;1725;1982;2015;2310;2346;2502,CANONICO,qué,AUTORIDAD_ARQ,TRAZABILIDAD_SUBORDINADA,VINCULADO
MEF-V3-DIC-0138,qué,ENG,ENG-006,ENG-006-ESTRUCTURA_DE_DIRECTORIOS.md,10,237;948;1031;1289;1333;1387;1507;1515;1630;1646,CANONICO,qué,AUTORIDAD_ARQ,TRAZABILIDAD_SUBORDINADA,VINCULADO
MEF-V3-DIC-0138,qué,ENG,ENG-007,ENG-007-CLI.md,14,539;729;884;986;1037;1145;1245;1283;1312;1475;1483;1495;1542;1570,CANONICO,qué,AUTORIDAD_ARQ,TRAZABILIDAD_SUBORDINADA,VINCULADO
MEF-V3-DIC-0138,qué,ENG,ENG-008,ENG-008-GENERADORES.md,11,279;361;593;765;868;1157;1265;1293;1407;1409;1466,CANONICO,qué,AUTORIDAD_ARQ,TRAZABILIDAD_SUBORDINADA,VINCULADO
MEF-V3-DIC-0138,qué,ENG,ENG-009,ENG-009-TESTING.md,20,59;77;227;233;345;491;674;851;853;1021;1173;1265;1290;1303;1331;1462;1636;1726;1752;1756,CANONICO,qué,AUTORIDAD_ARQ,TRAZABILIDAD_SUBORDINADA,VINCULADO
MEF-V3-DIC-0138,qué,ENG,ENG-010,ENG-010-LOGGING.md,27,103;111;119;323;358;373;389;554;699;721;727;1024;1114;1258;1301;1414;1428;1434;1531;1576;1578;1656;1660;1712;1796;1799;1800,CANONICO,qué,AUTORIDAD_ARQ,TRAZABILIDAD_SUBORDINADA,VINCULADO
MEF-V3-DIC-0138,qué,ENG,ENG-011,ENG-011-CONFIGURATION_FILES.md,14,71;854;865;990;1165;1463;1695;1708;2093;2180;2294;2335;2343;2488,CANONICO,qué,AUTORIDAD_ARQ,TRAZABILIDAD_SUBORDINADA,VINCULADO
MEF-V3-DIC-0138,qué,ENG,ENG-012,ENG-012-BUILD_SYSTEM.md,8,322;350;557;572;1088;1688;1748;1805,CANONICO,qué,AUTORIDAD_ARQ,TRAZABILIDAD_SUBORDINADA,VINCULADO
MEF-V3-DIC-0138,qué,ENG,ENG-013,ENG-013-PACKAGE_MANAGER.md,27,801;915;1101;1159;1236;1337;1374;1384;1562;1791;1945;2160;2186;2270;2354;2403;2421;2612;2816;3001;3006;3007;3009;3010;3011;3012;3013,CANONICO,qué,AUTORIDAD_ARQ,TRAZABILIDAD_SUBORDINADA,VINCULADO
MEF-V3-DIC-0138,qué,ENG,ENG-014,ENG-014-VERSIONADO.md,25,70;91;198;200;228;335;358;427;615;694;700;720;1479;1544;1600;1673;1693;1703;1748;1760;1802;1944;2391;2656;2735,CANONICO,qué,AUTORIDAD_ARQ,TRAZABILIDAD_SUBORDINADA,VINCULADO
MEF-V3-DIC-0138,qué,ENG,ENG-015,ENG-015-ARCHITECTURAL_STATE_MACHINE.md,30,66;262;326;328;561;585;609;718;808;887;888;889;986;1167;1212;1220;1380;1572;1638;1708;1782;1996;2332;2839;3077;3126;3130;3131;3132;3135,CANONICO,qué,AUTORIDAD_ARQ,TRAZABILIDAD_SUBORDINADA,VINCULADO
MEF-V3-DIC-0138,qué,ENG,ENG-016,ENG-016-COMPATIBILITY.md,18,240;274;280;286;364;618;737;944;953;966;1312;1561;1592;1987;1993;2883;2899;3255,CANONICO,qué,AUTORIDAD_ARQ,TRAZABILIDAD_SUBORDINADA,VINCULADO
MEF-V3-DIC-0138,qué,ENG,ENG-017,ENG-017-RELEASE_PROCESS.md,33,73;424;454;739;943;1002;1008;1014;1020;1026;1032;1038;1040;1099;1187;1429;1510;1534;1569;1575;1729;2147;2457;2582;2748;2756;2762;2768;3027;3216;3218;3220;3222,CANONICO,qué,AUTORIDAD_ARQ,TRAZABILIDAD_SUBORDINADA,VINCULADO
MEF-V3-DIC-0138,qué,ENG,ENG-018,ENG-018-DEPENDENCY_INJECTION.md,31,76;107;227;290;308;355;672;879;959;965;979;1076;1088;1251;1341;1553;1647;1900;2258;2410;2507;2515;2655;2661;2664;2670;2748;2957;2967;2976;2977,CANONICO,qué,AUTORIDAD_ARQ,TRAZABILIDAD_SUBORDINADA,VINCULADO
MEF-V3-DIC-0138,qué,ENG,ENG-019,ENG-019-SERVICE_CONTAINER.md,25,378;455;532;753;898;1022;1327;1381;1533;1600;1622;1665;1818;1824;2066;2100;2357;2389;2418;2423;2432;2652;2770;2772;2777,CANONICO,qué,AUTORIDAD_ARQ,TRAZABILIDAD_SUBORDINADA,VINCULADO
MEF-V3-DIC-0138,qué,ENG,ENG-020,ENG-020-REGISTRY_ENGINNEERING.md,31,72;73;76;77;78;79;370;391;688;874;1087;1105;1181;1271;1303;1844;1881;2383;2480;2826;2841;2882;3062;3065;3137;3138;3139;3140;3142;3143;3144,CANONICO,qué,AUTORIDAD_ARQ,TRAZABILIDAD_SUBORDINADA,VINCULADO
MEF-V3-DIC-0138,qué,ENG,ENG-021,ENG-021-CONTRACTS_ENGINNEERING.md,38,68;322;444;445;449;522;542;554;594;758;879;904;986;1040;1046;1048;1056;1144;1164;1218;1224;1290;1304;1897;1917;2393;2693;2714;2726;2732;2738;2829;2855;2863;2900;3220;3223;3244,CANONICO,qué,AUTORIDAD_ARQ,TRAZABILIDAD_SUBORDINADA,VINCULADO
MEF-V3-DIC-0138,qué,ENG,ENG-022,ENG-022-EVENT_BUS_ENGINNEERING.md,45,91;93;179;302;397;432;503;553;732;940;946;976;982;1041;1065;1189;1259;1306;1346;1366;1407;1525;1531;1589;1753;1759;1785;1827;1871;1884;1890;2216;2347;2393;2475;2751;2880;2931;2967;2977;2979;2981;2982;3061;3456,CANONICO,qué,AUTORIDAD_ARQ,TRAZABILIDAD_SUBORDINADA,VINCULADO
MEF-V3-DIC-0138,qué,ENG,ENG-023,ENG-023-ERROR_HANDLING.md,29,167;234;248;518;743;770;834;854;1402;1477;1559;1751;1783;1830;1956;2112;2366;2495;2572;2732;2762;2808;2905;2909;2913;2923;3020;3178;3255,CANONICO,qué,AUTORIDAD_ARQ,TRAZABILIDAD_SUBORDINADA,VINCULADO
MEF-V3-DIC-0138,qué,ENG,ENG-024,ENG-024-SECURITY_ENGINEERING.md,28,283;383;523;701;728;783;803;837;1142;1240;1616;1731;1958;2337;2564;2655;3333;3379;3399;3662;3667;3672;3674;3675;3676;3964;3994;4113,CANONICO,qué,AUTORIDAD_ARQ,TRAZABILIDAD_SUBORDINADA,VINCULADO
MEF-V3-DIC-0138,qué,ENG,ENG-025,ENG-025-OBSERVABILITY_ENGINEERING.md,8,177;685;1212;1757;2633;2645;2978;2986,CANONICO,qué,AUTORIDAD_ARQ,TRAZABILIDAD_SUBORDINADA,VINCULADO
MEF-V3-DIC-0138,qué,ENG,ENG-026,ENG-026-RUNTIME_PERFORMANCE_ENGINEERING.md,15,487;731;751;1267;1452;1597;2222;2626;2639;2675;2855;2905;3197;3235;3319,CANONICO,qué,AUTORIDAD_ARQ,TRAZABILIDAD_SUBORDINADA,VINCULADO
MEF-V3-DIC-0138,qué,ENG,ENG-027,ENG-027-RUNTIME_ENGINEERING.md,12,266;626;887;899;939;1527;2072;2221;3274;3276;3378;3470,CANONICO,qué,AUTORIDAD_ARQ,TRAZABILIDAD_SUBORDINADA,VINCULADO
MEF-V3-DIC-0138,qué,ENG,ENG-028,ENG-028-MODULE_ENGINEERING.md,22,72;76;77;78;79;85;86;112;547;625;870;1047;1219;1492;1843;1867;1879;2456;3200;3308;3325;3417,CANONICO,qué,AUTORIDAD_ARQ,TRAZABILIDAD_SUBORDINADA,VINCULADO
MEF-V3-DIC-0138,qué,ENG,ENG-029,ENG-029-EXTENSION_ENGINEERING.md,19,70;71;141;156;284;308;350;1122;1168;1198;1204;1491;1497;1574;2321;2322;2326;2441;2499,CANONICO,qué,AUTORIDAD_ARQ,TRAZABILIDAD_SUBORDINADA,VINCULADO
MEF-V3-DIC-0138,qué,ENG,ENG-030,ENG-030-PERSISTENCE_ENGINEERING.md,16,86;94;340;449;568;900;1266;1296;1401;2033;2069;2198;2668;2672;2677;2793,CANONICO,qué,AUTORIDAD_ARQ,TRAZABILIDAD_SUBORDINADA,VINCULADO
MEF-V3-DIC-0138,qué,ENG,ENG-031,ENG-031-SERIALIZATION_ENGINEERING.md,23,99;141;249;537;566;634;640;862;996;1052;1058;1116;1668;1918;1978;2800;2808;2885;2929;2933;2986;3118;3190,CANONICO,qué,AUTORIDAD_ARQ,TRAZABILIDAD_SUBORDINADA,VINCULADO
MEF-V3-DIC-0138,qué,ENG,ENG-032,ENG-032-TRANSPORT_ENGINEERING.md,16,95;422;515;527;594;670;778;784;1338;1420;1530;1590;1644;1829;2834;2840,CANONICO,qué,AUTORIDAD_ARQ,TRAZABILIDAD_SUBORDINADA,VINCULADO
MEF-V3-DIC-0138,qué,ENG,ENG-033,ENG-033-INTERFACE_ENGINEERING.md,10,134;210;214;361;452;561;691;824;990;1274,CANONICO,qué,AUTORIDAD_ARQ,TRAZABILIDAD_SUBORDINADA,VINCULADO
MEF-V3-DIC-0138,qué,ENG,ENG-034,ENG-034-APPLICATION_ENGINEERING.md,13,353;481;903;915;1050;1390;1766;1778;2107;2644;2659;2879;2952,CANONICO,qué,AUTORIDAD_ARQ,TRAZABILIDAD_SUBORDINADA,VINCULADO
MEF-V3-DIC-0138,qué,ENG,ENG-035,ENG-035-DOMAIN_ENGINEERING.md,22,95;113;152;249;640;691;709;733;749;978;1036;1161;1449;1555;1587;1683;2042;2183;2557;2806;3040;3042,CANONICO,qué,AUTORIDAD_ARQ,TRAZABILIDAD_SUBORDINADA,VINCULADO
MEF-V3-DIC-0138,qué,ENG,ENG-036,ENG-036-VALIDATION_ENGINEERING.md,20,100;409;462;542;579;824;955;1315;1381;1426;2139;2145;2209;2297;2613;2622;2624;2628;2721;2872,CANONICO,qué,AUTORIDAD_ARQ,TRAZABILIDAD_SUBORDINADA,VINCULADO
MEF-V3-DIC-0138,qué,ENG,ENG-037,ENG-037-CACHING_ENGINEERING.md,20,108;182;501;630;721;813;825;1036;1170;1189;1384;1588;1917;2016;2076;2136;2857;2863;2866;3139,CANONICO,qué,AUTORIDAD_ARQ,TRAZABILIDAD_SUBORDINADA,VINCULADO
MEF-V3-DIC-0138,qué,ENG,ENG-038,ENG-038-CONCURRENCY_ENGINEERING.md,20,113;136;344;376;396;787;966;999;1188;1357;1375;1393;1576;1625;1667;2152;2319;2876;3065;3092,CANONICO,qué,AUTORIDAD_ARQ,TRAZABILIDAD_SUBORDINADA,VINCULADO
MEF-V3-DIC-0138,qué,ENG,ENG-039,ENG-039-RESILIENCE_ENGINEERING.md,21,108;177;203;361;496;695;776;949;1007;1034;1136;1156;1438;1558;2274;2304;2749;2750;2764;2963;3045,CANONICO,qué,AUTORIDAD_ARQ,TRAZABILIDAD_SUBORDINADA,VINCULADO
MEF-V3-DIC-0138,qué,ENG,ENG-040,ENG-040-SCHEDULING_BACKGROUND_JOBS_ENGINEERING.md,23,354;537;652;1055;1340;1468;1487;1688;1864;2158;2403;2482;2683;2762;2978;3058;3064;3113;3606;3609;3620;3731;3877,CANONICO,qué,AUTORIDAD_ARQ,TRAZABILIDAD_SUBORDINADA,VINCULADO
MEF-V3-DIC-0138,qué,ENG,ENG-041,ENG-041-MESSAGING_ENGINEERING.md,11,191;193;691;874;910;976;1468;1510;1571;2329;3583,CANONICO,qué,AUTORIDAD_ARQ,TRAZABILIDAD_SUBORDINADA,VINCULADO
MEF-V3-DIC-0138,qué,ENG,ENG-042,ENG-042-TRANSACTION_ENGINEERING.md,28,119;245;283;304;398;721;727;825;1053;1119;1362;1414;1432;1662;1758;2221;2251;2257;2269;2305;2846;2848;2850;2944;2972;2980;2984;3049,CANONICO,qué,AUTORIDAD_ARQ,TRAZABILIDAD_SUBORDINADA,VINCULADO
MEF-V3-DIC-0138,qué,ENG,ENG-043,ENG-043-DATA_ACCESS_ENGINEERING.md,4,125;340;554;2212,CANONICO,qué,AUTORIDAD_ARQ,TRAZABILIDAD_SUBORDINADA,VINCULADO
MEF-V3-DIC-0138,qué,ENG,ENG-044,ENG-044-API_ENGINEERING.md,11,191;276;804;1198;1528;2044;2087;2322;3137;3548;3679,CANONICO,qué,AUTORIDAD_ARQ,TRAZABILIDAD_SUBORDINADA,VINCULADO
MEF-V3-DIC-0138,qué,ENG,ENG-045,ENG-045-AUTHENTICATION_ENGINEERING.md,8,760;872;1307;1428;2025;2566;3235;3367,CANONICO,qué,AUTORIDAD_ARQ,TRAZABILIDAD_SUBORDINADA,VINCULADO
MEF-V3-DIC-0138,qué,ENG,ENG-046,ENG-046-AUTHORIZATION_ENGINEERING.md,10,1182;1205;1277;1442;1679;1731;2174;2505;3331;3474,CANONICO,qué,AUTORIDAD_ARQ,TRAZABILIDAD_SUBORDINADA,VINCULADO
MEF-V3-DIC-0138,qué,ENG,ENG-047,ENG-047-IDENTITY_ACCESS_MANAGEMENT_ENGINEERING.md,13,148;224;327;351;1377;1607;2080;2462;3052;3388;3390;3397;3765,CANONICO,qué,AUTORIDAD_ARQ,TRAZABILIDAD_SUBORDINADA,VINCULADO
MEF-V3-DIC-0138,qué,ENG,ENG-048,ENG-048-MULTI_TENANCY_ENGINEERING.md,22,186;538;651;834;1121;1276;1563;1663;1728;2039;2045;2063;2081;2132;2177;2543;2665;2892;2896;2898;3030;3121,CANONICO,qué,AUTORIDAD_ARQ,TRAZABILIDAD_SUBORDINADA,VINCULADO
MEF-V3-DIC-0138,qué,ENG,ENG-049,ENG-049-CONFIGURATION_MANAGEMENT_ENGINEERING.md,13,146;1049;1116;1351;1494;1927;1979;2017;2313;2442;2454;2825;3226,CANONICO,qué,AUTORIDAD_ARQ,TRAZABILIDAD_SUBORDINADA,VINCULADO
MEF-V3-DIC-0138,qué,ENG,ENG-050,ENG-050-FEATURE_MANAGEMENT_ENGINEERING.md,6,459;1600;1664;2088;2443;2450,CANONICO,qué,AUTORIDAD_ARQ,TRAZABILIDAD_SUBORDINADA,VINCULADO
MEF-V3-DIC-0138,qué,ENG,ENG-051,ENG-051-POLICY_ENGINEERING.md,9,175;195;660;873;895;1631;1656;2095;2268,CANONICO,qué,AUTORIDAD_ARQ,TRAZABILIDAD_SUBORDINADA,VINCULADO
MEF-V3-DIC-0138,qué,ENG,ENG-052,ENG-052-WORKFLOW_ENGINEERING.md,11,285;398;625;1740;1776;2043;2083;2958;3168;3176;3208,CANONICO,qué,AUTORIDAD_ARQ,TRAZABILIDAD_SUBORDINADA,VINCULADO
MEF-V3-DIC-0138,qué,ENG,ENG-053,ENG-053-STATE_MANAGEMENT_ENGINEERING.md,11,256;280;345;1203;1315;1492;2205;2309;2578;2583;2943,CANONICO,qué,AUTORIDAD_ARQ,TRAZABILIDAD_SUBORDINADA,VINCULADO
MEF-V3-DIC-0138,qué,ENG,ENG-054,ENG-054-RESOURCE_MANAGEMENT_ENGINEERING.md,19,252;370;629;751;1298;1343;1483;1871;1883;2163;2254;2278;2439;2729;2733;2739;2747;3000;3110,CANONICO,qué,AUTORIDAD_ARQ,TRAZABILIDAD_SUBORDINADA,VINCULADO
MEF-V3-DIC-0138,qué,ENG,ENG-055,ENG-055-LIFECYCLE_MANAGEMENT_ENGINEERING.md,22,167;222;685;736;742;766;973;1075;1287;1338;1401;1693;1805;2014;2020;2056;2137;2547;2783;2784;2896;2900,CANONICO,qué,AUTORIDAD_ARQ,TRAZABILIDAD_SUBORDINADA,VINCULADO
MEF-V3-DIC-0138,qué,ENG,ENG-056,ENG-056-CONTEXT_MANAGEMENT_ENGINEERING.md,22,169;248;376;487;573;725;987;993;1181;1229;1299;1685;1703;1752;1782;2477;2482;2485;2618;2622;2877;2883,CANONICO,qué,AUTORIDAD_ARQ,TRAZABILIDAD_SUBORDINADA,VINCULADO
MEF-V3-DIC-0138,qué,ENG,ENG-057,ENG-057-METADATA_ENGINEERING.md,8,222;263;827;961;1503;2303;2550;2881,CANONICO,qué,AUTORIDAD_ARQ,TRAZABILIDAD_SUBORDINADA,VINCULADO
MEF-V3-DIC-0138,qué,ENG,ENG-058,ENG-058-DISCOVERY_ENGINEERING.md,7,154;155;276;462;577;1317;2114,CANONICO,qué,AUTORIDAD_ARQ,TRAZABILIDAD_SUBORDINADA,VINCULADO
MEF-V3-DIC-0138,qué,ENG,ENG-059,ENG-059-RESOLUTION_ENGINEERING.md,8,314;367;458;533;880;1115;1877;2211,CANONICO,qué,AUTORIDAD_ARQ,TRAZABILIDAD_SUBORDINADA,VINCULADO
MEF-V3-DIC-0138,qué,ENG,ENG-060,ENG-060-PLUGIN_ENGINEERING.md,12,220;227;354;393;603;1083;1524;1830;1916;2305;2782;3104,CANONICO,qué,AUTORIDAD_ARQ,TRAZABILIDAD_SUBORDINADA,VINCULADO
MEF-V3-DIC-0138,qué,ENG,ENG-061,ENG-061-INTEROPERABILITY_ENGINEERING.md,6,220;423;457;1123;1799;2689,CANONICO,qué,AUTORIDAD_ARQ,TRAZABILIDAD_SUBORDINADA,VINCULADO
MEF-V3-DIC-0138,qué,ENG,ENG-062,ENG-062-SCHEMA_ENGINEERING.md,9,246;254;497;595;698;892;966;1968;2184,CANONICO,qué,AUTORIDAD_ARQ,TRAZABILIDAD_SUBORDINADA,VINCULADO
MEF-V3-DIC-0138,qué,ENG,ENG-063,ENG-063-DATA_TRANSFORMATION_ENGINEERING.md,7,171;278;632;1438;1847;2407;2732,CANONICO,qué,AUTORIDAD_ARQ,TRAZABILIDAD_SUBORDINADA,VINCULADO
MEF-V3-DIC-0138,qué,ENG,ENG-064,ENG-064-DATA_PIPELINE_ENGINEERING.md,9,183;1273;1299;1517;2080;2779;2784;2791;3049,CANONICO,qué,AUTORIDAD_ARQ,TRAZABILIDAD_SUBORDINADA,VINCULADO
MEF-V3-DIC-0138,qué,ENG,ENG-065,ENG-065-MIGRATION_ENGINEERING.md,18,186;261;279;518;530;717;741;847;981;1037;1059;1065;1198;1242;1360;1426;1977;2783,CANONICO,qué,AUTORIDAD_ARQ,TRAZABILIDAD_SUBORDINADA,VINCULADO
MEF-V3-DIC-0138,qué,ENG,ENG-066,ENG-066-UPGRADE_ENGINEERING.md,11,182;626;638;644;967;990;1157;2209;2512;2515;2752,CANONICO,qué,AUTORIDAD_ARQ,TRAZABILIDAD_SUBORDINADA,VINCULADO
MEF-V3-DIC-0138,qué,ENG,ENG-067,ENG-067-DEPLOYMENT_ENGINEERING.md,7,183;252;318;402;771;1984;2730,CANONICO,qué,AUTORIDAD_ARQ,TRAZABILIDAD_SUBORDINADA,VINCULADO
MEF-V3-DIC-0138,qué,ENG,ENG-068,ENG-068-ENVIRONMENT_ENGINEERING.md,9,430;469;929;946;1099;1129;2592;2724;2750,CANONICO,qué,AUTORIDAD_ARQ,TRAZABILIDAD_SUBORDINADA,VINCULADO
MEF-V3-DIC-0138,qué,ENG,ENG-069,ENG-069-HEALTH_READINESS_ENGINEERING.md,9,338;468;512;534;540;638;1776;2537;2546,CANONICO,qué,AUTORIDAD_ARQ,TRAZABILIDAD_SUBORDINADA,VINCULADO
MEF-V3-DIC-0138,qué,ENG,ENG-070,ENG-070-PERFORMANCE_ENGINEERING.md,10,491;601;746;752;1157;1169;2636;2644;2646;2804,CANONICO,qué,AUTORIDAD_ARQ,TRAZABILIDAD_SUBORDINADA,VINCULADO
MEF-V3-DIC-0138,qué,ENG,ENG-071,ENG-071-CAPACITY_ENGINEERING.md,10,260;374;499;1113;1186;1261;1553;1725;3240;3242,CANONICO,qué,AUTORIDAD_ARQ,TRAZABILIDAD_SUBORDINADA,VINCULADO
MEF-V3-DIC-0138,qué,ENG,ENG-072,ENG-072-SCALABILITY_ENGINEERING.md,8,193;368;842;870;1413;2847;3013;3144,CANONICO,qué,AUTORIDAD_ARQ,TRAZABILIDAD_SUBORDINADA,VINCULADO
MEF-V3-DIC-0138,qué,ENG,ENG-073,ENG-073-AVAILABILITY_ENGINEERING.md,24,448;484;490;594;600;718;740;752;880;1047;1301;1510;1950;1965;2101;2113;2590;2606;2915;2916;2925;3051;3069;3091,CANONICO,qué,AUTORIDAD_ARQ,TRAZABILIDAD_SUBORDINADA,VINCULADO
MEF-V3-DIC-0138,qué,ENG,ENG-074,ENG-074-RELIABILITY_ENGINEERING.md,18,195;258;301;323;447;459;736;830;907;1037;1058;1222;2026;2071;2138;2150;2519;2838,CANONICO,qué,AUTORIDAD_ARQ,TRAZABILIDAD_SUBORDINADA,VINCULADO
MEF-V3-DIC-0138,qué,ENG,ENG-075,ENG-075-MAINTAINABILITY_ENGINEERING.md,16,461;515;521;643;734;757;974;1093;1169;1771;1922;1943;2276;2973;2976;3312,CANONICO,qué,AUTORIDAD_ARQ,TRAZABILIDAD_SUBORDINADA,VINCULADO
MEF-V3-DIC-0138,qué,ENG,ENG-076,ENG-076-RECOVERABILITY_ENGINEERING.md,8,279;311;458;500;1492;3260;3379;3559,CANONICO,qué,AUTORIDAD_ARQ,TRAZABILIDAD_SUBORDINADA,VINCULADO
MEF-V3-DIC-0138,qué,ENG,ENG-077,ENG-077-DURABILITY_ENGINEERING.md,40,213;265;271;273;386;445;451;463;469;533;622;853;996;1066;1078;1096;1184;1421;1453;1532;1707;1713;1773;1786;2083;2137;2173;2235;2247;2265;3027;3031;3035;3040;3157;3165;3246;3339;3345;3473,CANONICO,qué,AUTORIDAD_ARQ,TRAZABILIDAD_SUBORDINADA,VINCULADO
MEF-V3-DIC-0138,qué,ENG,ENG-078,ENG-078-CONSISTENCY_ENGINEERING.md,27,292;387;426;464;494;543;581;624;690;809;821;897;1026;1267;1468;1597;1678;2003;2190;2260;3083;3204;3212;3400;3406;3481;3540,CANONICO,qué,AUTORIDAD_ARQ,TRAZABILIDAD_SUBORDINADA,VINCULADO
MEF-V3-DIC-0138,qué,ENG,ENG-079,ENG-079-DATA_INTEGRITY_ENGINEERING.md,26,287;478;494;509;574;598;667;746;792;872;952;1369;1454;1655;2156;2168;2421;2548;3327;3454;3456;3491;3533;3547;3636;3676,CANONICO,qué,AUTORIDAD_ARQ,TRAZABILIDAD_SUBORDINADA,VINCULADO
MEF-V3-DIC-0138,qué,ENG,ENG-080,ENG-080-DATA_QUALITY_ENGINEERING.md,29,259;471;815;821;827;839;891;1192;1289;1518;1530;1568;1619;1625;1880;2499;2597;2615;2645;3351;3353;3355;3356;3360;3565;3685;3763;3843;3919,CANONICO,qué,AUTORIDAD_ARQ,TRAZABILIDAD_SUBORDINADA,VINCULADO
MEF-V3-DIC-0138,qué,ENG,ENG-081,ENG-081-DATA_GOVERNANCE_ENGINEERING.md,20,225;735;991;1537;1545;1590;1738;1757;2265;2316;2516;2611;2626;2989;3949;3959;3967;4091;4302;4352,CANONICO,qué,AUTORIDAD_ARQ,TRAZABILIDAD_SUBORDINADA,VINCULADO
MEF-V3-DIC-0138,qué,ENG,ENG-082,ENG-082-DATA_PRIVACY_ENGINEERING.md,15,172;353;419;685;829;985;1211;1262;1894;2107;2188;2896;2905;2908;3191,CANONICO,qué,AUTORIDAD_ARQ,TRAZABILIDAD_SUBORDINADA,VINCULADO
MEF-V3-DIC-0138,qué,ENG,ENG-083,ENG-083-DATA_COMPLIANCE_ENGINEERING.md,17,258;332;624;636;721;772;879;1190;1385;1440;1540;1594;1856;1880;1936;2676;2677,CANONICO,qué,AUTORIDAD_ARQ,TRAZABILIDAD_SUBORDINADA,VINCULADO
MEF-V3-DIC-0138,qué,ENG,ENG-084,ENG-084-DATA_ETHICS_ENGINEERING.md,15,389;491;707;1064;1147;1161;1195;1728;1734;1899;1912;1925;2953;2959;3260,CANONICO,qué,AUTORIDAD_ARQ,TRAZABILIDAD_SUBORDINADA,VINCULADO
MEF-V3-DIC-0138,qué,ENG,ENG-085,ENG-085-DATA_TRUST_ENGINEERING.md,13,196;455;514;703;1050;1225;2425;2431;2499;3058;3060;3286;3343,CANONICO,qué,AUTORIDAD_ARQ,TRAZABILIDAD_SUBORDINADA,VINCULADO
MEF-V3-DIC-0138,qué,ENG,ENG-086,ENG-086-DATA_PRODUCT_ENGINEERING.md,4,167;348;989;1485,CANONICO,qué,AUTORIDAD_ARQ,TRAZABILIDAD_SUBORDINADA,VINCULADO
MEF-V3-DIC-0138,qué,ENG,ENG-087,ENG-087-DATA_EXCHANGE_SHARING_ENGINEERING.md,4,131;204;507;1331,CANONICO,qué,AUTORIDAD_ARQ,TRAZABILIDAD_SUBORDINADA,VINCULADO
MEF-V3-DIC-0138,qué,ENG,ENG-088,ENG-088-DATA_FEDERATION_ENGINEERING.md,5,188;460;1768;1771;1934,CANONICO,qué,AUTORIDAD_ARQ,TRAZABILIDAD_SUBORDINADA,VINCULADO
MEF-V3-DIC-0138,qué,ENG,ENG-089,ENG-089-DATA_LINEAGE_PROVENANCE_ENGINEERING.md,6,151;188;281;289;321;1118,CANONICO,qué,AUTORIDAD_ARQ,TRAZABILIDAD_SUBORDINADA,VINCULADO
MEF-V3-DIC-0138,qué,ENG,ENG-090,ENG-090-DATA_CATALOG_ENGINEERING.md,7,201;386;927;1134;1826;1840;1974,CANONICO,qué,AUTORIDAD_ARQ,TRAZABILIDAD_SUBORDINADA,VINCULADO
MEF-V3-DIC-0138,qué,ENG,ENG-091,ENG-091-DATA_DISCOVERY_CLASSIFICATION_ENGINEERING.md,8,359;742;846;1220;1228;1812;1820;1961,CANONICO,qué,AUTORIDAD_ARQ,TRAZABILIDAD_SUBORDINADA,VINCULADO
MEF-V3-DIC-0138,qué,ENG,ENG-092,ENG-092-DATA_RETENTION_DISPOSAL_ENGINEERING.md,14,242;291;317;375;599;683;851;971;1228;1748;1750;1763;1892;1898,CANONICO,qué,AUTORIDAD_ARQ,TRAZABILIDAD_SUBORDINADA,VINCULADO
MEF-V3-DIC-0138,qué,ENG,ENG-093,ENG-093-DATA_ARCHIVAL_PRESERVATION_ENGINEERING.md,5,433;622;764;1209;1358,CANONICO,qué,AUTORIDAD_ARQ,TRAZABILIDAD_SUBORDINADA,VINCULADO
MEF-V3-DIC-0138,qué,ENG,ENG-094,ENG-094-DATA_PORTABILITY_ENGINEERING.md,7,190;278;329;350;1058;1699;1863,CANONICO,qué,AUTORIDAD_ARQ,TRAZABILIDAD_SUBORDINADA,VINCULADO
MEF-V3-DIC-0138,qué,ENG,ENG-095,ENG-095-DATA_SYNCHRONIZATION_ENGINEERING.md,6,249;286;315;363;525;551,CANONICO,qué,AUTORIDAD_ARQ,TRAZABILIDAD_SUBORDINADA,VINCULADO
MEF-V3-DIC-0138,qué,ENG,ENG-096,ENG-096-DATA_REPLICATION_ENGINEERING.md,5,326;332;380;470;617,CANONICO,qué,AUTORIDAD_ARQ,TRAZABILIDAD_SUBORDINADA,VINCULADO
MEF-V3-DIC-0138,qué,ENG,ENG-097,ENG-097-DATA_PARTITIONING_SHARDING_ENGINEERING.md,4,380;530;605;617,CANONICO,qué,AUTORIDAD_ARQ,TRAZABILIDAD_SUBORDINADA,VINCULADO
MEF-V3-DIC-0138,qué,ENG,ENG-098,ENG-098-DATA_DISTRIBUTION_ENGINEERING.md,5,352;466;526;552;589,CANONICO,qué,AUTORIDAD_ARQ,TRAZABILIDAD_SUBORDINADA,VINCULADO
MEF-V3-DIC-0138,qué,ENG,ENG-099,ENG-099-DATA_LOCALIZATION_RESIDENCY_ENGINEERING.md,4,410;602;671;689,CANONICO,qué,AUTORIDAD_ARQ,TRAZABILIDAD_SUBORDINADA,VINCULADO
MEF-V3-DIC-0138,qué,ENG,ENG-100,ENG-100-DATA_LIFECYCLE_ORCHESTRATION_ENGINEERING.md,3,518;715;1057,CANONICO,qué,AUTORIDAD_ARQ,TRAZABILIDAD_SUBORDINADA,VINCULADO
MEF-V3-DIC-0138,qué,FND,FND-000,FND-000-Carta_del_Proyecto.md,5,39;45;66;180;220,CANONICO,qué,AUTORIDAD_ARQ,TRAZABILIDAD_SUPERIOR,VINCULADO
MEF-V3-DIC-0138,qué,FND,FND-001,FND-001-VISION.md,5,76;97;103;116;136,CANONICO,qué,AUTORIDAD_ARQ,TRAZABILIDAD_SUPERIOR,VINCULADO
MEF-V3-DIC-0138,qué,FND,FND-002,FND-02-MISION.md,10,37;39;45;51;89;95;110;111;128;162,CANONICO,qué,AUTORIDAD_ARQ,TRAZABILIDAD_SUPERIOR,VINCULADO
MEF-V3-DIC-0139,qué necesitan,ARQ,ARQ-012,ARQ-012-DEPENDENCY_INJECTION.md,1,74,CANONICO,qué necesitan,AUTORIDAD_ARQ,AUTORIDAD_PRIMARIA,VINCULADO
MEF-V3-DIC-0139,qué necesitan,ENG,ENG-011,ENG-011-CONFIGURATION_FILES.md,1,2180,CANONICO,qué necesitan,AUTORIDAD_ARQ,TRAZABILIDAD_SUBORDINADA,VINCULADO
MEF-V3-DIC-0140,Reglas de Diseño,ARQ,ARQ-011,ARQ-011-CONTRACTS.md,1,144,CANONICO,Reglas de Diseño,AUTORIDAD_ARQ,AUTORIDAD_PRIMARIA,VINCULADO
MEF-V3-DIC-0141,Relación con otros componentes,ARQ,ARQ-004,ARQ-004-MODULES.md,1,645,CANONICO,Relación con otros componentes,AUTORIDAD_ARQ,AUTORIDAD_PRIMARIA,VINCULADO
MEF-V3-DIC-0141,Relación con otros componentes,ARQ,ARQ-010,ARQ-010-TEMPLATE_ENGINE.md,1,245,CANONICO,Relación con otros componentes,AUTORIDAD_ARQ,AUTORIDAD_PRIMARIA,VINCULADO
MEF-V3-DIC-0141,Relación con otros componentes,ARQ,ARQ-011,ARQ-011-CONTRACTS.md,1,241,CANONICO,Relación con otros componentes,AUTORIDAD_ARQ,AUTORIDAD_PRIMARIA,VINCULADO
MEF-V3-DIC-0141,Relación con otros componentes,ARQ,ARQ-012,ARQ-012-DEPENDENCY_INJECTION.md,1,225,CANONICO,Relación con otros componentes,AUTORIDAD_ARQ,AUTORIDAD_PRIMARIA,VINCULADO
MEF-V3-DIC-0141,Relación con otros componentes,ARQ,ARQ-013,ARQ-013-CONFIGURATION.md,1,256,CANONICO,Relación con otros componentes,AUTORIDAD_ARQ,AUTORIDAD_PRIMARIA,VINCULADO
MEF-V3-DIC-0141,Relación con otros componentes,ARQ,ARQ-017,ARQ-017-PACKAGING.md,1,245,CANONICO,Relación con otros componentes,AUTORIDAD_ARQ,AUTORIDAD_PRIMARIA,VINCULADO
MEF-V3-DIC-0142,Resolución,ARQ,ARQ-011,ARQ-011-CONTRACTS.md,1,183,CANONICO,Resolución,AUTORIDAD_ARQ,AUTORIDAD_PRIMARIA,VINCULADO
MEF-V3-DIC-0142,Resolución,ARQ,ARQ-012,ARQ-012-DEPENDENCY_INJECTION.md,4,62;138;194;221,CANONICO,Resolución,AUTORIDAD_ARQ,AUTORIDAD_PRIMARIA,VINCULADO
MEF-V3-DIC-0142,Resolución,ARQ,ARQ-013,ARQ-013-CONFIGURATION.md,2,112;153,CANONICO,Resolución,AUTORIDAD_ARQ,AUTORIDAD_PRIMARIA,VINCULADO
MEF-V3-DIC-0142,Resolución,ENG,ENG-000,ENG-000-INGENIERIA_GENERAL.md,1,509,CANONICO,Resolución,AUTORIDAD_ARQ,TRAZABILIDAD_SUBORDINADA,VINCULADO
MEF-V3-DIC-0142,Resolución,ENG,ENG-008,ENG-008-GENERADORES.md,1,1429,CANONICO,Resolución,AUTORIDAD_ARQ,TRAZABILIDAD_SUBORDINADA,VINCULADO
MEF-V3-DIC-0142,Resolución,ENG,ENG-010,ENG-010-LOGGING.md,2,348;815,CANONICO,Resolución,AUTORIDAD_ARQ,TRAZABILIDAD_SUBORDINADA,VINCULADO
MEF-V3-DIC-0142,Resolución,ENG,ENG-011,ENG-011-CONFIGURATION_FILES.md,5,1523;2091;2287;2293;2306,CANONICO,Resolución,AUTORIDAD_ARQ,TRAZABILIDAD_SUBORDINADA,VINCULADO
MEF-V3-DIC-0142,Resolución,ENG,ENG-012,ENG-012-BUILD_SYSTEM.md,3,274;953;1805,CANONICO,Resolución,AUTORIDAD_ARQ,TRAZABILIDAD_SUBORDINADA,VINCULADO
MEF-V3-DIC-0142,Resolución,ENG,ENG-013,ENG-013-PACKAGE_MANAGER.md,10,521;748;801;1548;1579;1777;2610;2612;2757;2945,CANONICO,Resolución,AUTORIDAD_ARQ,TRAZABILIDAD_SUBORDINADA,VINCULADO
MEF-V3-DIC-0142,Resolución,ENG,ENG-017,ENG-017-RELEASE_PROCESS.md,1,733,CANONICO,Resolución,AUTORIDAD_ARQ,TRAZABILIDAD_SUBORDINADA,VINCULADO
MEF-V3-DIC-0142,Resolución,ENG,ENG-018,ENG-018-DEPENDENCY_INJECTION.md,11,1519;1680;1686;2059;2307;2331;2352;2358;2654;2658;2666,CANONICO,Resolución,AUTORIDAD_ARQ,TRAZABILIDAD_SUBORDINADA,VINCULADO
MEF-V3-DIC-0142,Resolución,ENG,ENG-019,ENG-019-SERVICE_CONTAINER.md,7,477;492;627;1060;1361;1767;2639,CANONICO,Resolución,AUTORIDAD_ARQ,TRAZABILIDAD_SUBORDINADA,VINCULADO
MEF-V3-DIC-0142,Resolución,ENG,ENG-020,ENG-020-REGISTRY_ENGINNEERING.md,1,418,CANONICO,Resolución,AUTORIDAD_ARQ,TRAZABILIDAD_SUBORDINADA,VINCULADO
MEF-V3-DIC-0142,Resolución,ENG,ENG-023,ENG-023-ERROR_HANDLING.md,1,3290,CANONICO,Resolución,AUTORIDAD_ARQ,TRAZABILIDAD_SUBORDINADA,VINCULADO
MEF-V3-DIC-0142,Resolución,ENG,ENG-026,ENG-026-RUNTIME_PERFORMANCE_ENGINEERING.md,1,2706,CANONICO,Resolución,AUTORIDAD_ARQ,TRAZABILIDAD_SUBORDINADA,VINCULADO
MEF-V3-DIC-0142,Resolución,ENG,ENG-031,ENG-031-SERIALIZATION_ENGINEERING.md,1,1521,CANONICO,Resolución,AUTORIDAD_ARQ,TRAZABILIDAD_SUBORDINADA,VINCULADO
MEF-V3-DIC-0142,Resolución,ENG,ENG-033,ENG-033-INTERFACE_ENGINEERING.md,2,327;781,CANONICO,Resolución,AUTORIDAD_ARQ,TRAZABILIDAD_SUBORDINADA,VINCULADO
MEF-V3-DIC-0142,Resolución,ENG,ENG-037,ENG-037-CACHING_ENGINEERING.md,1,1547,CANONICO,Resolución,AUTORIDAD_ARQ,TRAZABILIDAD_SUBORDINADA,VINCULADO
MEF-V3-DIC-0142,Resolución,ENG,ENG-048,ENG-048-MULTI_TENANCY_ENGINEERING.md,1,245,CANONICO,Resolución,AUTORIDAD_ARQ,TRAZABILIDAD_SUBORDINADA,VINCULADO
MEF-V3-DIC-0142,Resolución,ENG,ENG-049,ENG-049-CONFIGURATION_MANAGEMENT_ENGINEERING.md,1,3270,CANONICO,Resolución,AUTORIDAD_ARQ,TRAZABILIDAD_SUBORDINADA,VINCULADO
MEF-V3-DIC-0142,Resolución,ENG,ENG-056,ENG-056-CONTEXT_MANAGEMENT_ENGINEERING.md,1,2595,CANONICO,Resolución,AUTORIDAD_ARQ,TRAZABILIDAD_SUBORDINADA,VINCULADO
MEF-V3-DIC-0142,Resolución,ENG,ENG-057,ENG-057-METADATA_ENGINEERING.md,2,165;2909,CANONICO,Resolución,AUTORIDAD_ARQ,TRAZABILIDAD_SUBORDINADA,VINCULADO
MEF-V3-DIC-0142,Resolución,ENG,ENG-060,ENG-060-PLUGIN_ENGINEERING.md,1,1638,CANONICO,Resolución,AUTORIDAD_ARQ,TRAZABILIDAD_SUBORDINADA,VINCULADO
MEF-V3-DIC-0142,Resolución,ENG,ENG-072,ENG-072-SCALABILITY_ENGINEERING.md,1,1566,CANONICO,Resolución,AUTORIDAD_ARQ,TRAZABILIDAD_SUBORDINADA,VINCULADO
MEF-V3-DIC-0142,Resolución,ENG,ENG-075,ENG-075-MAINTAINABILITY_ENGINEERING.md,1,1672,CANONICO,Resolución,AUTORIDAD_ARQ,TRAZABILIDAD_SUBORDINADA,VINCULADO
MEF-V3-DIC-0142,Resolución,ENG,ENG-078,ENG-078-CONSISTENCY_ENGINEERING.md,1,1824,CANONICO,Resolución,AUTORIDAD_ARQ,TRAZABILIDAD_SUBORDINADA,VINCULADO
MEF-V3-DIC-0142,Resolución,ENG,ENG-079,ENG-079-DATA_INTEGRITY_ENGINEERING.md,2,1293;3332,CANONICO,Resolución,AUTORIDAD_ARQ,TRAZABILIDAD_SUBORDINADA,VINCULADO
MEF-V3-DIC-0142,Resolución,ENG,ENG-080,ENG-080-DATA_QUALITY_ENGINEERING.md,1,1631,CANONICO,Resolución,AUTORIDAD_ARQ,TRAZABILIDAD_SUBORDINADA,VINCULADO
MEF-V3-DIC-0142,Resolución,ENG,ENG-082,ENG-082-DATA_PRIVACY_ENGINEERING.md,1,1113,CANONICO,Resolución,AUTORIDAD_ARQ,TRAZABILIDAD_SUBORDINADA,VINCULADO
MEF-V3-DIC-0142,Resolución,ENG,ENG-088,ENG-088-DATA_FEDERATION_ENGINEERING.md,1,595,CANONICO,Resolución,AUTORIDAD_ARQ,TRAZABILIDAD_SUBORDINADA,VINCULADO
MEF-V3-DIC-0142,Resolución,ENG,ENG-091,ENG-091-DATA_DISCOVERY_CLASSIFICATION_ENGINEERING.md,1,1037,CANONICO,Resolución,AUTORIDAD_ARQ,TRAZABILIDAD_SUBORDINADA,VINCULADO
MEF-V3-DIC-0143,Riesgos Arquitectónicos,ARQ,ARQ-004,ARQ-004-MODULES.md,1,599,CANONICO,Riesgos Arquitectónicos,AUTORIDAD_ARQ,AUTORIDAD_PRIMARIA,VINCULADO
MEF-V3-DIC-0143,Riesgos Arquitectónicos,ARQ,ARQ-010,ARQ-010-TEMPLATE_ENGINE.md,1,220,CANONICO,Riesgos Arquitectónicos,AUTORIDAD_ARQ,AUTORIDAD_PRIMARIA,VINCULADO
MEF-V3-DIC-0143,Riesgos Arquitectónicos,ARQ,ARQ-011,ARQ-011-CONTRACTS.md,1,214,CANONICO,Riesgos Arquitectónicos,AUTORIDAD_ARQ,AUTORIDAD_PRIMARIA,VINCULADO
MEF-V3-DIC-0143,Riesgos Arquitectónicos,ARQ,ARQ-012,ARQ-012-DEPENDENCY_INJECTION.md,1,201,CANONICO,Riesgos Arquitectónicos,AUTORIDAD_ARQ,AUTORIDAD_PRIMARIA,VINCULADO
MEF-V3-DIC-0143,Riesgos Arquitectónicos,ARQ,ARQ-013,ARQ-013-CONFIGURATION.md,1,232,CANONICO,Riesgos Arquitectónicos,AUTORIDAD_ARQ,AUTORIDAD_PRIMARIA,VINCULADO
MEF-V3-DIC-0143,Riesgos Arquitectónicos,ARQ,ARQ-017,ARQ-017-PACKAGING.md,1,220,CANONICO,Riesgos Arquitectónicos,AUTORIDAD_ARQ,AUTORIDAD_PRIMARIA,VINCULADO
MEF-V3-DIC-0144,Sales,ARQ,ARQ-004,ARQ-004-MODULES.md,5,308;314;319;490;660,CANONICO,Sales,AUTORIDAD_ARQ,AUTORIDAD_PRIMARIA,VINCULADO
MEF-V3-DIC-0144,Sales,ENG,ENG-002,ENG-002-ESPECIFICACION_DE_MODULES.md,2,380;389,CANONICO,Sales,AUTORIDAD_ARQ,TRAZABILIDAD_SUBORDINADA,VINCULADO
MEF-V3-DIC-0144,Sales,ENG,ENG-006,ENG-006-ESTRUCTURA_DE_DIRECTORIOS.md,1,1096,CANONICO,Sales,AUTORIDAD_ARQ,TRAZABILIDAD_SUBORDINADA,VINCULADO
MEF-V3-DIC-0144,Sales,ENG,ENG-016,ENG-016-COMPATIBILITY.md,1,426,CANONICO,Sales,AUTORIDAD_ARQ,TRAZABILIDAD_SUBORDINADA,VINCULADO
MEF-V3-DIC-0144,Sales,ENG,ENG-035,ENG-035-DOMAIN_ENGINEERING.md,1,307,CANONICO,Sales,AUTORIDAD_ARQ,TRAZABILIDAD_SUBORDINADA,VINCULADO
MEF-V3-DIC-0144,Sales,ENG,ENG-041,ENG-041-MESSAGING_ENGINEERING.md,4,341;2941;2954;2973,CANONICO,Sales,AUTORIDAD_ARQ,TRAZABILIDAD_SUBORDINADA,VINCULADO
MEF-V3-DIC-0145,Seguridad,ARQ,ARQ-004,ARQ-004-MODULES.md,2,517;527,CANONICO,Seguridad,AUTORIDAD_ARQ,AUTORIDAD_PRIMARIA,VINCULADO
MEF-V3-DIC-0145,Seguridad,ARQ,ARQ-013,ARQ-013-CONFIGURATION.md,2,144;158,CANONICO,Seguridad,AUTORIDAD_ARQ,AUTORIDAD_PRIMARIA,VINCULADO
MEF-V3-DIC-0145,Seguridad,ENG,ENG-000,ENG-000-INGENIERIA_GENERAL.md,5,260;262;487;515;527,CANONICO,Seguridad,AUTORIDAD_ARQ,TRAZABILIDAD_SUBORDINADA,VINCULADO
MEF-V3-DIC-0145,Seguridad,ENG,ENG-001,ENG-001-ORGANIZACION_DEL_CODIGO.md,1,803,CANONICO,Seguridad,AUTORIDAD_ARQ,TRAZABILIDAD_SUBORDINADA,VINCULADO
MEF-V3-DIC-0145,Seguridad,ENG,ENG-002,ENG-002-ESPECIFICACION_DE_MODULES.md,2,718;720,CANONICO,Seguridad,AUTORIDAD_ARQ,TRAZABILIDAD_SUBORDINADA,VINCULADO
MEF-V3-DIC-0145,Seguridad,ENG,ENG-003,ENG-003-MANIFEST.md,5,648;663;1099;1110;1128,CANONICO,Seguridad,AUTORIDAD_ARQ,TRAZABILIDAD_SUBORDINADA,VINCULADO
MEF-V3-DIC-0145,Seguridad,ENG,ENG-004,ENG-004-CONVENCIONES.md,4,123;221;1053;1055,CANONICO,Seguridad,AUTORIDAD_ARQ,TRAZABILIDAD_SUBORDINADA,VINCULADO
MEF-V3-DIC-0145,Seguridad,ENG,ENG-005,ENG-005-NOMENCLATURA.md,1,2127,CANONICO,Seguridad,AUTORIDAD_ARQ,TRAZABILIDAD_SUBORDINADA,VINCULADO
MEF-V3-DIC-0145,Seguridad,ENG,ENG-006,ENG-006-ESTRUCTURA_DE_DIRECTORIOS.md,2,1339;1348,CANONICO,Seguridad,AUTORIDAD_ARQ,TRAZABILIDAD_SUBORDINADA,VINCULADO
MEF-V3-DIC-0145,Seguridad,ENG,ENG-007,ENG-007-CLI.md,2,617;1034,CANONICO,Seguridad,AUTORIDAD_ARQ,TRAZABILIDAD_SUBORDINADA,VINCULADO
MEF-V3-DIC-0145,Seguridad,ENG,ENG-008,ENG-008-GENERADORES.md,2,1282;1478,CANONICO,Seguridad,AUTORIDAD_ARQ,TRAZABILIDAD_SUBORDINADA,VINCULADO
MEF-V3-DIC-0145,Seguridad,ENG,ENG-009,ENG-009-TESTING.md,3,387;1218;1633,CANONICO,Seguridad,AUTORIDAD_ARQ,TRAZABILIDAD_SUBORDINADA,VINCULADO
MEF-V3-DIC-0145,Seguridad,ENG,ENG-010,ENG-010-LOGGING.md,5,711;1494;1505;1584;1761,CANONICO,Seguridad,AUTORIDAD_ARQ,TRAZABILIDAD_SUBORDINADA,VINCULADO
MEF-V3-DIC-0145,Seguridad,ENG,ENG-011,ENG-011-CONFIGURATION_FILES.md,9,296;714;789;806;1111;1526;1554;1945;2093,CANONICO,Seguridad,AUTORIDAD_ARQ,TRAZABILIDAD_SUBORDINADA,VINCULADO
MEF-V3-DIC-0145,Seguridad,ENG,ENG-012,ENG-012-BUILD_SYSTEM.md,1,75,CANONICO,Seguridad,AUTORIDAD_ARQ,TRAZABILIDAD_SUBORDINADA,VINCULADO
MEF-V3-DIC-0145,Seguridad,ENG,ENG-013,ENG-013-PACKAGE_MANAGER.md,2,2244;2925,CANONICO,Seguridad,AUTORIDAD_ARQ,TRAZABILIDAD_SUBORDINADA,VINCULADO
MEF-V3-DIC-0145,Seguridad,ENG,ENG-014,ENG-014-VERSIONADO.md,4,1112;1122;1860;2386,CANONICO,Seguridad,AUTORIDAD_ARQ,TRAZABILIDAD_SUBORDINADA,VINCULADO
MEF-V3-DIC-0145,Seguridad,ENG,ENG-016,ENG-016-COMPATIBILITY.md,1,646,CANONICO,Seguridad,AUTORIDAD_ARQ,TRAZABILIDAD_SUBORDINADA,VINCULADO
MEF-V3-DIC-0145,Seguridad,ENG,ENG-017,ENG-017-RELEASE_PROCESS.md,1,176,CANONICO,Seguridad,AUTORIDAD_ARQ,TRAZABILIDAD_SUBORDINADA,VINCULADO
MEF-V3-DIC-0145,Seguridad,ENG,ENG-019,ENG-019-SERVICE_CONTAINER.md,2,1204;2508,CANONICO,Seguridad,AUTORIDAD_ARQ,TRAZABILIDAD_SUBORDINADA,VINCULADO
MEF-V3-DIC-0145,Seguridad,ENG,ENG-020,ENG-020-REGISTRY_ENGINNEERING.md,1,2827,CANONICO,Seguridad,AUTORIDAD_ARQ,TRAZABILIDAD_SUBORDINADA,VINCULADO
MEF-V3-DIC-0145,Seguridad,ENG,ENG-021,ENG-021-CONTRACTS_ENGINNEERING.md,1,1917,CANONICO,Seguridad,AUTORIDAD_ARQ,TRAZABILIDAD_SUBORDINADA,VINCULADO
MEF-V3-DIC-0145,Seguridad,ENG,ENG-024,ENG-024-SECURITY_ENGINEERING.md,7,79;225;340;448;1808;2606;4000,CANONICO,Seguridad,AUTORIDAD_ARQ,TRAZABILIDAD_SUBORDINADA,VINCULADO
MEF-V3-DIC-0145,Seguridad,ENG,ENG-025,ENG-025-OBSERVABILITY_ENGINEERING.md,1,492,CANONICO,Seguridad,AUTORIDAD_ARQ,TRAZABILIDAD_SUBORDINADA,VINCULADO
MEF-V3-DIC-0145,Seguridad,ENG,ENG-027,ENG-027-RUNTIME_ENGINEERING.md,1,1584,CANONICO,Seguridad,AUTORIDAD_ARQ,TRAZABILIDAD_SUBORDINADA,VINCULADO
MEF-V3-DIC-0145,Seguridad,ENG,ENG-043,ENG-043-DATA_ACCESS_ENGINEERING.md,1,3436,CANONICO,Seguridad,AUTORIDAD_ARQ,TRAZABILIDAD_SUBORDINADA,VINCULADO
MEF-V3-DIC-0145,Seguridad,ENG,ENG-044,ENG-044-API_ENGINEERING.md,1,3971,CANONICO,Seguridad,AUTORIDAD_ARQ,TRAZABILIDAD_SUBORDINADA,VINCULADO
MEF-V3-DIC-0145,Seguridad,ENG,ENG-046,ENG-046-AUTHORIZATION_ENGINEERING.md,2,345;1799,CANONICO,Seguridad,AUTORIDAD_ARQ,TRAZABILIDAD_SUBORDINADA,VINCULADO
MEF-V3-DIC-0145,Seguridad,ENG,ENG-047,ENG-047-IDENTITY_ACCESS_MANAGEMENT_ENGINEERING.md,1,3901,CANONICO,Seguridad,AUTORIDAD_ARQ,TRAZABILIDAD_SUBORDINADA,VINCULADO
MEF-V3-DIC-0145,Seguridad,ENG,ENG-048,ENG-048-MULTI_TENANCY_ENGINEERING.md,2,570;3247,CANONICO,Seguridad,AUTORIDAD_ARQ,TRAZABILIDAD_SUBORDINADA,VINCULADO
MEF-V3-DIC-0145,Seguridad,ENG,ENG-051,ENG-051-POLICY_ENGINEERING.md,1,2625,CANONICO,Seguridad,AUTORIDAD_ARQ,TRAZABILIDAD_SUBORDINADA,VINCULADO
MEF-V3-DIC-0145,Seguridad,ENG,ENG-053,ENG-053-STATE_MANAGEMENT_ENGINEERING.md,2,1510;2588,CANONICO,Seguridad,AUTORIDAD_ARQ,TRAZABILIDAD_SUBORDINADA,VINCULADO
MEF-V3-DIC-0145,Seguridad,ENG,ENG-056,ENG-056-CONTEXT_MANAGEMENT_ENGINEERING.md,1,551,CANONICO,Seguridad,AUTORIDAD_ARQ,TRAZABILIDAD_SUBORDINADA,VINCULADO
MEF-V3-DIC-0145,Seguridad,ENG,ENG-057,ENG-057-METADATA_ENGINEERING.md,2,2689;2973,CANONICO,Seguridad,AUTORIDAD_ARQ,TRAZABILIDAD_SUBORDINADA,VINCULADO
MEF-V3-DIC-0145,Seguridad,ENG,ENG-060,ENG-060-PLUGIN_ENGINEERING.md,2,504;3149,CANONICO,Seguridad,AUTORIDAD_ARQ,TRAZABILIDAD_SUBORDINADA,VINCULADO
MEF-V3-DIC-0145,Seguridad,ENG,ENG-064,ENG-064-DATA_PIPELINE_ENGINEERING.md,2,1346;2056,CANONICO,Seguridad,AUTORIDAD_ARQ,TRAZABILIDAD_SUBORDINADA,VINCULADO
MEF-V3-DIC-0145,Seguridad,ENG,ENG-068,ENG-068-ENVIRONMENT_ENGINEERING.md,2,309;2588,CANONICO,Seguridad,AUTORIDAD_ARQ,TRAZABILIDAD_SUBORDINADA,VINCULADO
MEF-V3-DIC-0145,Seguridad,ENG,ENG-074,ENG-074-RELIABILITY_ENGINEERING.md,1,883,CANONICO,Seguridad,AUTORIDAD_ARQ,TRAZABILIDAD_SUBORDINADA,VINCULADO
MEF-V3-DIC-0145,Seguridad,ENG,ENG-075,ENG-075-MAINTAINABILITY_ENGINEERING.md,1,1093,CANONICO,Seguridad,AUTORIDAD_ARQ,TRAZABILIDAD_SUBORDINADA,VINCULADO
MEF-V3-DIC-0145,Seguridad,ENG,ENG-082,ENG-082-DATA_PRIVACY_ENGINEERING.md,1,2194,CANONICO,Seguridad,AUTORIDAD_ARQ,TRAZABILIDAD_SUBORDINADA,VINCULADO
MEF-V3-DIC-0145,Seguridad,ENG,ENG-086,ENG-086-DATA_PRODUCT_ENGINEERING.md,1,1647,CANONICO,Seguridad,AUTORIDAD_ARQ,TRAZABILIDAD_SUBORDINADA,VINCULADO
MEF-V3-DIC-0145,Seguridad,ENG,ENG-087,ENG-087-DATA_EXCHANGE_SHARING_ENGINEERING.md,1,1331,CANONICO,Seguridad,AUTORIDAD_ARQ,TRAZABILIDAD_SUBORDINADA,VINCULADO
MEF-V3-DIC-0145,Seguridad,ENG,ENG-099,ENG-099-DATA_LOCALIZATION_RESIDENCY_ENGINEERING.md,1,584,CANONICO,Seguridad,AUTORIDAD_ARQ,TRAZABILIDAD_SUBORDINADA,VINCULADO
MEF-V3-DIC-0146,Su responsabilidad,ARQ,ARQ-010,ARQ-010-TEMPLATE_ENGINE.md,1,46,CANONICO,Su responsabilidad,AUTORIDAD_ARQ,AUTORIDAD_PRIMARIA,VINCULADO
MEF-V3-DIC-0146,Su responsabilidad,ENG,ENG-000,ENG-000-INGENIERIA_GENERAL.md,1,74,CANONICO,Su responsabilidad,AUTORIDAD_ARQ,TRAZABILIDAD_SUBORDINADA,VINCULADO
MEF-V3-DIC-0146,Su responsabilidad,ENG,ENG-001,ENG-001-ORGANIZACION_DEL_CODIGO.md,1,203,CANONICO,Su responsabilidad,AUTORIDAD_ARQ,TRAZABILIDAD_SUBORDINADA,VINCULADO
MEF-V3-DIC-0146,Su responsabilidad,ENG,ENG-002,ENG-002-ESPECIFICACION_DE_MODULES.md,1,737,CANONICO,Su responsabilidad,AUTORIDAD_ARQ,TRAZABILIDAD_SUBORDINADA,VINCULADO
MEF-V3-DIC-0146,Su responsabilidad,ENG,ENG-005,ENG-005-NOMENCLATURA.md,2,728;2312,CANONICO,Su responsabilidad,AUTORIDAD_ARQ,TRAZABILIDAD_SUBORDINADA,VINCULADO
MEF-V3-DIC-0146,Su responsabilidad,ENG,ENG-006,ENG-006-ESTRUCTURA_DE_DIRECTORIOS.md,1,865,CANONICO,Su responsabilidad,AUTORIDAD_ARQ,TRAZABILIDAD_SUBORDINADA,VINCULADO
MEF-V3-DIC-0146,Su responsabilidad,ENG,ENG-010,ENG-010-LOGGING.md,1,122,CANONICO,Su responsabilidad,AUTORIDAD_ARQ,TRAZABILIDAD_SUBORDINADA,VINCULADO
MEF-V3-DIC-0146,Su responsabilidad,ENG,ENG-013,ENG-013-PACKAGE_MANAGER.md,1,1777,CANONICO,Su responsabilidad,AUTORIDAD_ARQ,TRAZABILIDAD_SUBORDINADA,VINCULADO
MEF-V3-DIC-0146,Su responsabilidad,ENG,ENG-018,ENG-018-DEPENDENCY_INJECTION.md,1,76,CANONICO,Su responsabilidad,AUTORIDAD_ARQ,TRAZABILIDAD_SUBORDINADA,VINCULADO
MEF-V3-DIC-0146,Su responsabilidad,ENG,ENG-020,ENG-020-REGISTRY_ENGINNEERING.md,1,69,CANONICO,Su responsabilidad,AUTORIDAD_ARQ,TRAZABILIDAD_SUBORDINADA,VINCULADO
MEF-V3-DIC-0146,Su responsabilidad,ENG,ENG-024,ENG-024-SECURITY_ENGINEERING.md,2,147;3660,CANONICO,Su responsabilidad,AUTORIDAD_ARQ,TRAZABILIDAD_SUBORDINADA,VINCULADO
MEF-V3-DIC-0146,Su responsabilidad,ENG,ENG-025,ENG-025-OBSERVABILITY_ENGINEERING.md,1,997,CANONICO,Su responsabilidad,AUTORIDAD_ARQ,TRAZABILIDAD_SUBORDINADA,VINCULADO
MEF-V3-DIC-0147,Sustitución,ARQ,ARQ-011,ARQ-011-CONTRACTS.md,1,66,CANONICO,Sustitución,AUTORIDAD_ARQ,AUTORIDAD_PRIMARIA,VINCULADO
MEF-V3-DIC-0147,Sustitución,ARQ,ARQ-012,ARQ-012-DEPENDENCY_INJECTION.md,4,61;156;170;195,CANONICO,Sustitución,AUTORIDAD_ARQ,AUTORIDAD_PRIMARIA,VINCULADO
MEF-V3-DIC-0147,Sustitución,ENG,ENG-001,ENG-001-ORGANIZACION_DEL_CODIGO.md,1,88,CANONICO,Sustitución,AUTORIDAD_ARQ,TRAZABILIDAD_SUBORDINADA,VINCULADO
MEF-V3-DIC-0147,Sustitución,ENG,ENG-004,ENG-004-CONVENCIONES.md,1,971,CANONICO,Sustitución,AUTORIDAD_ARQ,TRAZABILIDAD_SUBORDINADA,VINCULADO
MEF-V3-DIC-0147,Sustitución,ENG,ENG-018,ENG-018-DEPENDENCY_INJECTION.md,3,63;2193;2210,CANONICO,Sustitución,AUTORIDAD_ARQ,TRAZABILIDAD_SUBORDINADA,VINCULADO
MEF-V3-DIC-0147,Sustitución,ENG,ENG-021,ENG-021-CONTRACTS_ENGINNEERING.md,3,139;649;3165,CANONICO,Sustitución,AUTORIDAD_ARQ,TRAZABILIDAD_SUBORDINADA,VINCULADO
MEF-V3-DIC-0147,Sustitución,ENG,ENG-029,ENG-029-EXTENSION_ENGINEERING.md,1,728,CANONICO,Sustitución,AUTORIDAD_ARQ,TRAZABILIDAD_SUBORDINADA,VINCULADO
MEF-V3-DIC-0147,Sustitución,ENG,ENG-050,ENG-050-FEATURE_MANAGEMENT_ENGINEERING.md,1,2456,CANONICO,Sustitución,AUTORIDAD_ARQ,TRAZABILIDAD_SUBORDINADA,VINCULADO
MEF-V3-DIC-0147,Sustitución,ENG,ENG-075,ENG-075-MAINTAINABILITY_ENGINEERING.md,1,1660,CANONICO,Sustitución,AUTORIDAD_ARQ,TRAZABILIDAD_SUBORDINADA,VINCULADO
MEF-V3-DIC-0148,Template Engine,ARQ,ARQ-010,ARQ-010-TEMPLATE_ENGINE.md,14,3;28;38;40;52;65;95;107;131;216;234;251;262;274,CANONICO,Template Engine,AUTORIDAD_ARQ,AUTORIDAD_PRIMARIA,VINCULADO
MEF-V3-DIC-0148,Template Engine,ARQ,ARQ-013,ARQ-013-CONFIGURATION.md,1,314,CANONICO,Template Engine,AUTORIDAD_ARQ,AUTORIDAD_PRIMARIA,VINCULADO
MEF-V3-DIC-0148,Template Engine,ENG,ENG-000,ENG-000-INGENIERIA_GENERAL.md,2,700;835,CANONICO,Template Engine,AUTORIDAD_ARQ,TRAZABILIDAD_SUBORDINADA,VINCULADO
MEF-V3-DIC-0148,Template Engine,ENG,ENG-005,ENG-005-NOMENCLATURA.md,1,1535,CANONICO,Template Engine,AUTORIDAD_ARQ,TRAZABILIDAD_SUBORDINADA,VINCULADO
MEF-V3-DIC-0148,Template Engine,ENG,ENG-006,ENG-006-ESTRUCTURA_DE_DIRECTORIOS.md,1,621,CANONICO,Template Engine,AUTORIDAD_ARQ,TRAZABILIDAD_SUBORDINADA,VINCULADO
MEF-V3-DIC-0148,Template Engine,ENG,ENG-008,ENG-008-GENERADORES.md,6,135;141;152;177;916;1489,CANONICO,Template Engine,AUTORIDAD_ARQ,TRAZABILIDAD_SUBORDINADA,VINCULADO
MEF-V3-DIC-0148,Template Engine,ENG,ENG-012,ENG-012-BUILD_SYSTEM.md,1,1854,CANONICO,Template Engine,AUTORIDAD_ARQ,TRAZABILIDAD_SUBORDINADA,VINCULADO
MEF-V3-DIC-0149,Tipología Oficial,ARQ,ARQ-011,ARQ-011-CONTRACTS.md,1,128,CANONICO,Tipología Oficial,AUTORIDAD_ARQ,AUTORIDAD_PRIMARIA,VINCULADO
MEF-V3-DIC-0150,Tipos de Configuración,ARQ,ARQ-013,ARQ-013-CONFIGURATION.md,1,133,CANONICO,Tipos de Configuración,AUTORIDAD_ARQ,AUTORIDAD_PRIMARIA,VINCULADO
MEF-V3-DIC-0151,Un Contract,ARQ,ARQ-011,ARQ-011-CONTRACTS.md,5,41;82;106;118;205,CANONICO,Un Contract,AUTORIDAD_ARQ,AUTORIDAD_PRIMARIA,VINCULADO
MEF-V3-DIC-0151,Un Contract,ARQ,ARQ-012,ARQ-012-DEPENDENCY_INJECTION.md,2,140;192,CANONICO,Un Contract,AUTORIDAD_ARQ,AUTORIDAD_PRIMARIA,VINCULADO
MEF-V3-DIC-0151,Un Contract,ENG,ENG-001,ENG-001-ORGANIZACION_DEL_CODIGO.md,1,248,CANONICO,Un Contract,AUTORIDAD_ARQ,TRAZABILIDAD_SUBORDINADA,VINCULADO
MEF-V3-DIC-0151,Un Contract,ENG,ENG-002,ENG-002-ESPECIFICACION_DE_MODULES.md,2,251;939,CANONICO,Un Contract,AUTORIDAD_ARQ,TRAZABILIDAD_SUBORDINADA,VINCULADO
MEF-V3-DIC-0151,Un Contract,ENG,ENG-004,ENG-004-CONVENCIONES.md,1,364,CANONICO,Un Contract,AUTORIDAD_ARQ,TRAZABILIDAD_SUBORDINADA,VINCULADO
MEF-V3-DIC-0151,Un Contract,ENG,ENG-008,ENG-008-GENERADORES.md,2,209;591,CANONICO,Un Contract,AUTORIDAD_ARQ,TRAZABILIDAD_SUBORDINADA,VINCULADO
MEF-V3-DIC-0151,Un Contract,ENG,ENG-009,ENG-009-TESTING.md,4,233;254;1115;1290,CANONICO,Un Contract,AUTORIDAD_ARQ,TRAZABILIDAD_SUBORDINADA,VINCULADO
MEF-V3-DIC-0151,Un Contract,ENG,ENG-011,ENG-011-CONFIGURATION_FILES.md,1,445,CANONICO,Un Contract,AUTORIDAD_ARQ,TRAZABILIDAD_SUBORDINADA,VINCULADO
MEF-V3-DIC-0151,Un Contract,ENG,ENG-013,ENG-013-PACKAGE_MANAGER.md,3,1761;2610;2769,CANONICO,Un Contract,AUTORIDAD_ARQ,TRAZABILIDAD_SUBORDINADA,VINCULADO
MEF-V3-DIC-0151,Un Contract,ENG,ENG-014,ENG-014-VERSIONADO.md,2,78;309,CANONICO,Un Contract,AUTORIDAD_ARQ,TRAZABILIDAD_SUBORDINADA,VINCULADO
MEF-V3-DIC-0151,Un Contract,ENG,ENG-016,ENG-016-COMPATIBILITY.md,1,594,CANONICO,Un Contract,AUTORIDAD_ARQ,TRAZABILIDAD_SUBORDINADA,VINCULADO
MEF-V3-DIC-0151,Un Contract,ENG,ENG-018,ENG-018-DEPENDENCY_INJECTION.md,3,664;1161;1653,CANONICO,Un Contract,AUTORIDAD_ARQ,TRAZABILIDAD_SUBORDINADA,VINCULADO
MEF-V3-DIC-0151,Un Contract,ENG,ENG-019,ENG-019-SERVICE_CONTAINER.md,4,229;583;1545;2072,CANONICO,Un Contract,AUTORIDAD_ARQ,TRAZABILIDAD_SUBORDINADA,VINCULADO
MEF-V3-DIC-0151,Un Contract,ENG,ENG-020,ENG-020-REGISTRY_ENGINNEERING.md,2,1659;3062,CANONICO,Un Contract,AUTORIDAD_ARQ,TRAZABILIDAD_SUBORDINADA,VINCULADO
MEF-V3-DIC-0151,Un Contract,ENG,ENG-021,ENG-021-CONTRACTS_ENGINNEERING.md,33,88;152;239;272;290;328;348;399;456;542;629;1021;1170;1495;1527;1533;1553;1703;1843;1865;1897;2328;2372;2378;2805;2817;2850;2851;2852;2862;2864;3122;3165,CANONICO,Un Contract,AUTORIDAD_ARQ,TRAZABILIDAD_SUBORDINADA,VINCULADO
MEF-V3-DIC-0151,Un Contract,ENG,ENG-023,ENG-023-ERROR_HANDLING.md,4,764;770;1315;2909,CANONICO,Un Contract,AUTORIDAD_ARQ,TRAZABILIDAD_SUBORDINADA,VINCULADO
MEF-V3-DIC-0151,Un Contract,ENG,ENG-024,ENG-024-SECURITY_ENGINEERING.md,1,1604,CANONICO,Un Contract,AUTORIDAD_ARQ,TRAZABILIDAD_SUBORDINADA,VINCULADO
MEF-V3-DIC-0151,Un Contract,ENG,ENG-029,ENG-029-EXTENSION_ENGINEERING.md,1,314,CANONICO,Un Contract,AUTORIDAD_ARQ,TRAZABILIDAD_SUBORDINADA,VINCULADO
MEF-V3-DIC-0151,Un Contract,ENG,ENG-031,ENG-031-SERIALIZATION_ENGINEERING.md,4,99;222;228;1473,CANONICO,Un Contract,AUTORIDAD_ARQ,TRAZABILIDAD_SUBORDINADA,VINCULADO
MEF-V3-DIC-0151,Un Contract,ENG,ENG-033,ENG-033-INTERFACE_ENGINEERING.md,2,171;1254,CANONICO,Un Contract,AUTORIDAD_ARQ,TRAZABILIDAD_SUBORDINADA,VINCULADO
MEF-V3-DIC-0151,Un Contract,ENG,ENG-034,ENG-034-APPLICATION_ENGINEERING.md,3,523;1100;1730,CANONICO,Un Contract,AUTORIDAD_ARQ,TRAZABILIDAD_SUBORDINADA,VINCULADO
MEF-V3-DIC-0151,Un Contract,ENG,ENG-035,ENG-035-DOMAIN_ENGINEERING.md,1,1877,CANONICO,Un Contract,AUTORIDAD_ARQ,TRAZABILIDAD_SUBORDINADA,VINCULADO
MEF-V3-DIC-0151,Un Contract,ENG,ENG-037,ENG-037-CACHING_ENGINEERING.md,2,108;218,CANONICO,Un Contract,AUTORIDAD_ARQ,TRAZABILIDAD_SUBORDINADA,VINCULADO
MEF-V3-DIC-0151,Un Contract,ENG,ENG-041,ENG-041-MESSAGING_ENGINEERING.md,2,215;3916,CANONICO,Un Contract,AUTORIDAD_ARQ,TRAZABILIDAD_SUBORDINADA,VINCULADO
MEF-V3-DIC-0151,Un Contract,ENG,ENG-052,ENG-052-WORKFLOW_ENGINEERING.md,1,722,CANONICO,Un Contract,AUTORIDAD_ARQ,TRAZABILIDAD_SUBORDINADA,VINCULADO
MEF-V3-DIC-0151,Un Contract,ENG,ENG-057,ENG-057-METADATA_ENGINEERING.md,1,165,CANONICO,Un Contract,AUTORIDAD_ARQ,TRAZABILIDAD_SUBORDINADA,VINCULADO
MEF-V3-DIC-0151,Un Contract,ENG,ENG-062,ENG-062-SCHEMA_ENGINEERING.md,1,2468,CANONICO,Un Contract,AUTORIDAD_ARQ,TRAZABILIDAD_SUBORDINADA,VINCULADO
MEF-V3-DIC-0151,Un Contract,ENG,ENG-069,ENG-069-HEALTH_READINESS_ENGINEERING.md,1,1217,CANONICO,Un Contract,AUTORIDAD_ARQ,TRAZABILIDAD_SUBORDINADA,VINCULADO
MEF-V3-DIC-0151,Un Contract,ENG,ENG-075,ENG-075-MAINTAINABILITY_ENGINEERING.md,1,643,CANONICO,Un Contract,AUTORIDAD_ARQ,TRAZABILIDAD_SUBORDINADA,VINCULADO
MEF-V3-DIC-0151,Un Contract,ENG,ENG-077,ENG-077-DURABILITY_ENGINEERING.md,1,445,CANONICO,Un Contract,AUTORIDAD_ARQ,TRAZABILIDAD_SUBORDINADA,VINCULADO
MEF-V3-DIC-0151,Un Contract,ENG,ENG-078,ENG-078-CONSISTENCY_ENGINEERING.md,2,3400;3449,CANONICO,Un Contract,AUTORIDAD_ARQ,TRAZABILIDAD_SUBORDINADA,VINCULADO
MEF-V3-DIC-0151,Un Contract,ENG,ENG-094,ENG-094-DATA_PORTABILITY_ENGINEERING.md,2,308;1058,CANONICO,Un Contract,AUTORIDAD_ARQ,TRAZABILIDAD_SUBORDINADA,VINCULADO
MEF-V3-DIC-0151,Un Contract,ENG,ENG-100,ENG-100-DATA_LIFECYCLE_ORCHESTRATION_ENGINEERING.md,2,335;1054,CANONICO,Un Contract,AUTORIDAD_ARQ,TRAZABILIDAD_SUBORDINADA,VINCULADO
MEF-V3-DIC-0152,Un Module,ARQ,ARQ-004,ARQ-004-MODULES.md,20,46;87;102;110;125;231;253;288;325;399;422;428;450;504;580;588;589;590;621;690,CANONICO,Un Module,AUTORIDAD_ARQ,AUTORIDAD_PRIMARIA,VINCULADO
MEF-V3-DIC-0152,Un Module,ENG,ENG-000,ENG-000-INGENIERIA_GENERAL.md,1,193,CANONICO,Un Module,AUTORIDAD_ARQ,TRAZABILIDAD_SUBORDINADA,VINCULADO
MEF-V3-DIC-0152,Un Module,ENG,ENG-001,ENG-001-ORGANIZACION_DEL_CODIGO.md,1,694,CANONICO,Un Module,AUTORIDAD_ARQ,TRAZABILIDAD_SUBORDINADA,VINCULADO
MEF-V3-DIC-0152,Un Module,ENG,ENG-002,ENG-002-ESPECIFICACION_DE_MODULES.md,31,49;57;59;83;115;361;375;401;520;532;540;569;585;602;606;640;690;706;754;832;875;900;932;938;945;978;1002;1006;1032;1065;1124,CANONICO,Un Module,AUTORIDAD_ARQ,TRAZABILIDAD_SUBORDINADA,VINCULADO
MEF-V3-DIC-0152,Un Module,ENG,ENG-003,ENG-003-MANIFEST.md,3,104;689;1395,CANONICO,Un Module,AUTORIDAD_ARQ,TRAZABILIDAD_SUBORDINADA,VINCULADO
MEF-V3-DIC-0152,Un Module,ENG,ENG-005,ENG-005-NOMENCLATURA.md,1,356,CANONICO,Un Module,AUTORIDAD_ARQ,TRAZABILIDAD_SUBORDINADA,VINCULADO
MEF-V3-DIC-0152,Un Module,ENG,ENG-006,ENG-006-ESTRUCTURA_DE_DIRECTORIOS.md,9,288;332;409;615;656;903;1066;1228;1474,CANONICO,Un Module,AUTORIDAD_ARQ,TRAZABILIDAD_SUBORDINADA,VINCULADO
MEF-V3-DIC-0152,Un Module,ENG,ENG-009,ENG-009-TESTING.md,1,527,CANONICO,Un Module,AUTORIDAD_ARQ,TRAZABILIDAD_SUBORDINADA,VINCULADO
MEF-V3-DIC-0152,Un Module,ENG,ENG-011,ENG-011-CONFIGURATION_FILES.md,1,695,CANONICO,Un Module,AUTORIDAD_ARQ,TRAZABILIDAD_SUBORDINADA,VINCULADO
MEF-V3-DIC-0152,Un Module,ENG,ENG-013,ENG-013-PACKAGE_MANAGER.md,2,149;157,CANONICO,Un Module,AUTORIDAD_ARQ,TRAZABILIDAD_SUBORDINADA,VINCULADO
MEF-V3-DIC-0152,Un Module,ENG,ENG-014,ENG-014-VERSIONADO.md,1,386,CANONICO,Un Module,AUTORIDAD_ARQ,TRAZABILIDAD_SUBORDINADA,VINCULADO
MEF-V3-DIC-0152,Un Module,ENG,ENG-015,ENG-015-ARCHITECTURAL_STATE_MACHINE.md,4,710;1043;1380;2218,CANONICO,Un Module,AUTORIDAD_ARQ,TRAZABILIDAD_SUBORDINADA,VINCULADO
MEF-V3-DIC-0152,Un Module,ENG,ENG-016,ENG-016-COMPATIBILITY.md,2,470;1592,CANONICO,Un Module,AUTORIDAD_ARQ,TRAZABILIDAD_SUBORDINADA,VINCULADO
MEF-V3-DIC-0152,Un Module,ENG,ENG-018,ENG-018-DEPENDENCY_INJECTION.md,2,749;1874,CANONICO,Un Module,AUTORIDAD_ARQ,TRAZABILIDAD_SUBORDINADA,VINCULADO
MEF-V3-DIC-0152,Un Module,ENG,ENG-019,ENG-019-SERVICE_CONTAINER.md,5,815;1430;1452;1594;2426,CANONICO,Un Module,AUTORIDAD_ARQ,TRAZABILIDAD_SUBORDINADA,VINCULADO
MEF-V3-DIC-0152,Un Module,ENG,ENG-020,ENG-020-REGISTRY_ENGINNEERING.md,4,1105;1489;1555;2040,CANONICO,Un Module,AUTORIDAD_ARQ,TRAZABILIDAD_SUBORDINADA,VINCULADO
MEF-V3-DIC-0152,Un Module,ENG,ENG-021,ENG-021-CONTRACTS_ENGINNEERING.md,4,645;986;2449;2948,CANONICO,Un Module,AUTORIDAD_ARQ,TRAZABILIDAD_SUBORDINADA,VINCULADO
MEF-V3-DIC-0152,Un Module,ENG,ENG-022,ENG-022-EVENT_BUS_ENGINNEERING.md,4,1467;1759;2387;2393,CANONICO,Un Module,AUTORIDAD_ARQ,TRAZABILIDAD_SUBORDINADA,VINCULADO
MEF-V3-DIC-0152,Un Module,ENG,ENG-023,ENG-023-ERROR_HANDLING.md,2,1824;1830,CANONICO,Un Module,AUTORIDAD_ARQ,TRAZABILIDAD_SUBORDINADA,VINCULADO
MEF-V3-DIC-0152,Un Module,ENG,ENG-024,ENG-024-SECURITY_ENGINEERING.md,10,422;1029;1472;1531;1579;1642;3661;3665;3774;3786,CANONICO,Un Module,AUTORIDAD_ARQ,TRAZABILIDAD_SUBORDINADA,VINCULADO
MEF-V3-DIC-0152,Un Module,ENG,ENG-026,ENG-026-RUNTIME_PERFORMANCE_ENGINEERING.md,1,1318,CANONICO,Un Module,AUTORIDAD_ARQ,TRAZABILIDAD_SUBORDINADA,VINCULADO
MEF-V3-DIC-0152,Un Module,ENG,ENG-027,ENG-027-RUNTIME_ENGINEERING.md,4,1254;1558;2038;3366,CANONICO,Un Module,AUTORIDAD_ARQ,TRAZABILIDAD_SUBORDINADA,VINCULADO
MEF-V3-DIC-0152,Un Module,ENG,ENG-028,ENG-028-MODULE_ENGINEERING.md,43,67;72;112;143;186;220;320;376;445;655;698;792;828;864;908;946;1035;1047;1167;1219;1277;1322;1368;1454;1504;1598;1642;1691;1711;1753;1759;2147;2536;2681;3044;3050;3051;3057;3060;3162;3308;3319;3417,CANONICO,Un Module,AUTORIDAD_ARQ,TRAZABILIDAD_SUBORDINADA,VINCULADO
MEF-V3-DIC-0152,Un Module,ENG,ENG-029,ENG-029-EXTENSION_ENGINEERING.md,6,156;162;358;1598;1604;1610,CANONICO,Un Module,AUTORIDAD_ARQ,TRAZABILIDAD_SUBORDINADA,VINCULADO
MEF-V3-DIC-0152,Un Module,ENG,ENG-030,ENG-030-PERSISTENCE_ENGINEERING.md,9,158;213;804;1322;2033;2081;2660;2662;2777,CANONICO,Un Module,AUTORIDAD_ARQ,TRAZABILIDAD_SUBORDINADA,VINCULADO
MEF-V3-DIC-0152,Un Module,ENG,ENG-033,ENG-033-INTERFACE_ENGINEERING.md,1,994,CANONICO,Un Module,AUTORIDAD_ARQ,TRAZABILIDAD_SUBORDINADA,VINCULADO
MEF-V3-DIC-0152,Un Module,ENG,ENG-034,ENG-034-APPLICATION_ENGINEERING.md,3,240;1814;2775,CANONICO,Un Module,AUTORIDAD_ARQ,TRAZABILIDAD_SUBORDINADA,VINCULADO
MEF-V3-DIC-0152,Un Module,ENG,ENG-035,ENG-035-DOMAIN_ENGINEERING.md,5,1963;2493;2883;2900;3264,CANONICO,Un Module,AUTORIDAD_ARQ,TRAZABILIDAD_SUBORDINADA,VINCULADO
MEF-V3-DIC-0152,Un Module,ENG,ENG-037,ENG-037-CACHING_ENGINEERING.md,1,416,CANONICO,Un Module,AUTORIDAD_ARQ,TRAZABILIDAD_SUBORDINADA,VINCULADO
MEF-V3-DIC-0152,Un Module,ENG,ENG-039,ENG-039-RESILIENCE_ENGINEERING.md,1,1386,CANONICO,Un Module,AUTORIDAD_ARQ,TRAZABILIDAD_SUBORDINADA,VINCULADO
MEF-V3-DIC-0152,Un Module,ENG,ENG-043,ENG-043-DATA_ACCESS_ENGINEERING.md,2,2729;3130,CANONICO,Un Module,AUTORIDAD_ARQ,TRAZABILIDAD_SUBORDINADA,VINCULADO
MEF-V3-DIC-0152,Un Module,ENG,ENG-044,ENG-044-API_ENGINEERING.md,1,3098,CANONICO,Un Module,AUTORIDAD_ARQ,TRAZABILIDAD_SUBORDINADA,VINCULADO
MEF-V3-DIC-0152,Un Module,ENG,ENG-045,ENG-045-AUTHENTICATION_ENGINEERING.md,1,2893,CANONICO,Un Module,AUTORIDAD_ARQ,TRAZABILIDAD_SUBORDINADA,VINCULADO
MEF-V3-DIC-0152,Un Module,ENG,ENG-048,ENG-048-MULTI_TENANCY_ENGINEERING.md,1,2581,CANONICO,Un Module,AUTORIDAD_ARQ,TRAZABILIDAD_SUBORDINADA,VINCULADO
MEF-V3-DIC-0152,Un Module,ENG,ENG-049,ENG-049-CONFIGURATION_MANAGEMENT_ENGINEERING.md,2,603;656,CANONICO,Un Module,AUTORIDAD_ARQ,TRAZABILIDAD_SUBORDINADA,VINCULADO
MEF-V3-DIC-0152,Un Module,ENG,ENG-052,ENG-052-WORKFLOW_ENGINEERING.md,1,2508,CANONICO,Un Module,AUTORIDAD_ARQ,TRAZABILIDAD_SUBORDINADA,VINCULADO
MEF-V3-DIC-0152,Un Module,ENG,ENG-053,ENG-053-STATE_MANAGEMENT_ENGINEERING.md,2,1327;2707,CANONICO,Un Module,AUTORIDAD_ARQ,TRAZABILIDAD_SUBORDINADA,VINCULADO
MEF-V3-DIC-0152,Un Module,ENG,ENG-054,ENG-054-RESOURCE_MANAGEMENT_ENGINEERING.md,1,2272,CANONICO,Un Module,AUTORIDAD_ARQ,TRAZABILIDAD_SUBORDINADA,VINCULADO
MEF-V3-DIC-0152,Un Module,ENG,ENG-056,ENG-056-CONTEXT_MANAGEMENT_ENGINEERING.md,1,1344,CANONICO,Un Module,AUTORIDAD_ARQ,TRAZABILIDAD_SUBORDINADA,VINCULADO
MEF-V3-DIC-0152,Un Module,ENG,ENG-057,ENG-057-METADATA_ENGINEERING.md,1,2669,CANONICO,Un Module,AUTORIDAD_ARQ,TRAZABILIDAD_SUBORDINADA,VINCULADO
MEF-V3-DIC-0152,Un Module,ENG,ENG-058,ENG-058-DISCOVERY_ENGINEERING.md,1,589,CANONICO,Un Module,AUTORIDAD_ARQ,TRAZABILIDAD_SUBORDINADA,VINCULADO
MEF-V3-DIC-0152,Un Module,ENG,ENG-060,ENG-060-PLUGIN_ENGINEERING.md,1,262,CANONICO,Un Module,AUTORIDAD_ARQ,TRAZABILIDAD_SUBORDINADA,VINCULADO
MEF-V3-DIC-0152,Un Module,ENG,ENG-065,ENG-065-MIGRATION_ENGINEERING.md,1,678,CANONICO,Un Module,AUTORIDAD_ARQ,TRAZABILIDAD_SUBORDINADA,VINCULADO
MEF-V3-DIC-0153,Validación,ARQ,ARQ-010,ARQ-010-TEMPLATE_ENGINE.md,2,167;195,CANONICO,Validación,AUTORIDAD_ARQ,AUTORIDAD_PRIMARIA,VINCULADO
MEF-V3-DIC-0153,Validación,ARQ,ARQ-013,ARQ-013-CONFIGURATION.md,2,192;196,CANONICO,Validación,AUTORIDAD_ARQ,AUTORIDAD_PRIMARIA,VINCULADO
MEF-V3-DIC-0153,Validación,ARQ,ARQ-017,ARQ-017-PACKAGING.md,1,189,CANONICO,Validación,AUTORIDAD_ARQ,AUTORIDAD_PRIMARIA,VINCULADO
MEF-V3-DIC-0153,Validación,ENG,ENG-000,ENG-000-INGENIERIA_GENERAL.md,5,126;418;420;525;800,CANONICO,Validación,AUTORIDAD_ARQ,TRAZABILIDAD_SUBORDINADA,VINCULADO
MEF-V3-DIC-0153,Validación,ENG,ENG-001,ENG-001-ORGANIZACION_DEL_CODIGO.md,3,871;932;940,CANONICO,Validación,AUTORIDAD_ARQ,TRAZABILIDAD_SUBORDINADA,VINCULADO
MEF-V3-DIC-0153,Validación,ENG,ENG-002,ENG-002-ESPECIFICACION_DE_MODULES.md,5,900;913;943;945;1056,CANONICO,Validación,AUTORIDAD_ARQ,TRAZABILIDAD_SUBORDINADA,VINCULADO
MEF-V3-DIC-0153,Validación,ENG,ENG-003,ENG-003-MANIFEST.md,11,928;958;962;976;1093;1095;1101;1293;1297;1316;1351,CANONICO,Validación,AUTORIDAD_ARQ,TRAZABILIDAD_SUBORDINADA,VINCULADO
MEF-V3-DIC-0153,Validación,ENG,ENG-004,ENG-004-CONVENCIONES.md,5,56;627;1071;1084;1090,CANONICO,Validación,AUTORIDAD_ARQ,TRAZABILIDAD_SUBORDINADA,VINCULADO
MEF-V3-DIC-0153,Validación,ENG,ENG-005,ENG-005-NOMENCLATURA.md,7,98;925;1939;2320;2322;2346;2522,CANONICO,Validación,AUTORIDAD_ARQ,TRAZABILIDAD_SUBORDINADA,VINCULADO
MEF-V3-DIC-0153,Validación,ENG,ENG-006,ENG-006-ESTRUCTURA_DE_DIRECTORIOS.md,4,118;1188;1478;1567,CANONICO,Validación,AUTORIDAD_ARQ,TRAZABILIDAD_SUBORDINADA,VINCULADO
MEF-V3-DIC-0153,Validación,ENG,ENG-007,ENG-007-CLI.md,6,61;383;993;1438;1440;1459,CANONICO,Validación,AUTORIDAD_ARQ,TRAZABILIDAD_SUBORDINADA,VINCULADO
MEF-V3-DIC-0153,Validación,ENG,ENG-008,ENG-008-GENERADORES.md,5,743;970;1076;1096;1479,CANONICO,Validación,AUTORIDAD_ARQ,TRAZABILIDAD_SUBORDINADA,VINCULADO
MEF-V3-DIC-0153,Validación,ENG,ENG-009,ENG-009-TESTING.md,1,376,CANONICO,Validación,AUTORIDAD_ARQ,TRAZABILIDAD_SUBORDINADA,VINCULADO
MEF-V3-DIC-0153,Validación,ENG,ENG-010,ENG-010-LOGGING.md,1,760,CANONICO,Validación,AUTORIDAD_ARQ,TRAZABILIDAD_SUBORDINADA,VINCULADO
MEF-V3-DIC-0153,Validación,ENG,ENG-011,ENG-011-CONFIGURATION_FILES.md,8,475;497;511;523;792;1111;1137;1401,CANONICO,Validación,AUTORIDAD_ARQ,TRAZABILIDAD_SUBORDINADA,VINCULADO
MEF-V3-DIC-0153,Validación,ENG,ENG-012,ENG-012-BUILD_SYSTEM.md,6,264;372;445;1438;1744;1805,CANONICO,Validación,AUTORIDAD_ARQ,TRAZABILIDAD_SUBORDINADA,VINCULADO
MEF-V3-DIC-0153,Validación,ENG,ENG-013,ENG-013-PACKAGE_MANAGER.md,1,1314,CANONICO,Validación,AUTORIDAD_ARQ,TRAZABILIDAD_SUBORDINADA,VINCULADO
MEF-V3-DIC-0153,Validación,ENG,ENG-015,ENG-015-ARCHITECTURAL_STATE_MACHINE.md,2,123;3045,CANONICO,Validación,AUTORIDAD_ARQ,TRAZABILIDAD_SUBORDINADA,VINCULADO
MEF-V3-DIC-0153,Validación,ENG,ENG-017,ENG-017-RELEASE_PROCESS.md,1,1472,CANONICO,Validación,AUTORIDAD_ARQ,TRAZABILIDAD_SUBORDINADA,VINCULADO
MEF-V3-DIC-0153,Validación,ENG,ENG-018,ENG-018-DEPENDENCY_INJECTION.md,4,1512;2332;2344;2396,CANONICO,Validación,AUTORIDAD_ARQ,TRAZABILIDAD_SUBORDINADA,VINCULADO
MEF-V3-DIC-0153,Validación,ENG,ENG-020,ENG-020-REGISTRY_ENGINNEERING.md,3,148;1899;2677,CANONICO,Validación,AUTORIDAD_ARQ,TRAZABILIDAD_SUBORDINADA,VINCULADO
MEF-V3-DIC-0153,Validación,ENG,ENG-021,ENG-021-CONTRACTS_ENGINNEERING.md,2,2412;3165,CANONICO,Validación,AUTORIDAD_ARQ,TRAZABILIDAD_SUBORDINADA,VINCULADO
MEF-V3-DIC-0153,Validación,ENG,ENG-022,ENG-022-EVENT_BUS_ENGINNEERING.md,1,2065,CANONICO,Validación,AUTORIDAD_ARQ,TRAZABILIDAD_SUBORDINADA,VINCULADO
MEF-V3-DIC-0153,Validación,ENG,ENG-023,ENG-023-ERROR_HANDLING.md,2,1444;1485,CANONICO,Validación,AUTORIDAD_ARQ,TRAZABILIDAD_SUBORDINADA,VINCULADO
MEF-V3-DIC-0153,Validación,ENG,ENG-024,ENG-024-SECURITY_ENGINEERING.md,1,2762,CANONICO,Validación,AUTORIDAD_ARQ,TRAZABILIDAD_SUBORDINADA,VINCULADO
MEF-V3-DIC-0153,Validación,ENG,ENG-025,ENG-025-OBSERVABILITY_ENGINEERING.md,1,1499,CANONICO,Validación,AUTORIDAD_ARQ,TRAZABILIDAD_SUBORDINADA,VINCULADO
MEF-V3-DIC-0153,Validación,ENG,ENG-027,ENG-027-RUNTIME_ENGINEERING.md,2,1126;3633,CANONICO,Validación,AUTORIDAD_ARQ,TRAZABILIDAD_SUBORDINADA,VINCULADO
MEF-V3-DIC-0153,Validación,ENG,ENG-028,ENG-028-MODULE_ENGINEERING.md,1,2478,CANONICO,Validación,AUTORIDAD_ARQ,TRAZABILIDAD_SUBORDINADA,VINCULADO
MEF-V3-DIC-0153,Validación,ENG,ENG-029,ENG-029-EXTENSION_ENGINEERING.md,2,389;658,CANONICO,Validación,AUTORIDAD_ARQ,TRAZABILIDAD_SUBORDINADA,VINCULADO
MEF-V3-DIC-0153,Validación,ENG,ENG-030,ENG-030-PERSISTENCE_ENGINEERING.md,1,980,CANONICO,Validación,AUTORIDAD_ARQ,TRAZABILIDAD_SUBORDINADA,VINCULADO
MEF-V3-DIC-0153,Validación,ENG,ENG-031,ENG-031-SERIALIZATION_ENGINEERING.md,2,99;1912,CANONICO,Validación,AUTORIDAD_ARQ,TRAZABILIDAD_SUBORDINADA,VINCULADO
MEF-V3-DIC-0153,Validación,ENG,ENG-033,ENG-033-INTERFACE_ENGINEERING.md,1,1030,CANONICO,Validación,AUTORIDAD_ARQ,TRAZABILIDAD_SUBORDINADA,VINCULADO
MEF-V3-DIC-0153,Validación,ENG,ENG-035,ENG-035-DOMAIN_ENGINEERING.md,2,761;1555,CANONICO,Validación,AUTORIDAD_ARQ,TRAZABILIDAD_SUBORDINADA,VINCULADO
MEF-V3-DIC-0153,Validación,ENG,ENG-036,ENG-036-VALIDATION_ENGINEERING.md,3,100;1426;2878,CANONICO,Validación,AUTORIDAD_ARQ,TRAZABILIDAD_SUBORDINADA,VINCULADO
MEF-V3-DIC-0153,Validación,ENG,ENG-045,ENG-045-AUTHENTICATION_ENGINEERING.md,4,424;1059;3230;3343,CANONICO,Validación,AUTORIDAD_ARQ,TRAZABILIDAD_SUBORDINADA,VINCULADO
MEF-V3-DIC-0153,Validación,ENG,ENG-046,ENG-046-AUTHORIZATION_ENGINEERING.md,1,3426,CANONICO,Validación,AUTORIDAD_ARQ,TRAZABILIDAD_SUBORDINADA,VINCULADO
MEF-V3-DIC-0153,Validación,ENG,ENG-048,ENG-048-MULTI_TENANCY_ENGINEERING.md,1,3196,CANONICO,Validación,AUTORIDAD_ARQ,TRAZABILIDAD_SUBORDINADA,VINCULADO
MEF-V3-DIC-0153,Validación,ENG,ENG-050,ENG-050-FEATURE_MANAGEMENT_ENGINEERING.md,1,2441,CANONICO,Validación,AUTORIDAD_ARQ,TRAZABILIDAD_SUBORDINADA,VINCULADO
MEF-V3-DIC-0153,Validación,ENG,ENG-056,ENG-056-CONTEXT_MANAGEMENT_ENGINEERING.md,2,169;1535,CANONICO,Validación,AUTORIDAD_ARQ,TRAZABILIDAD_SUBORDINADA,VINCULADO
MEF-V3-DIC-0153,Validación,ENG,ENG-068,ENG-068-ENVIRONMENT_ENGINEERING.md,1,388,CANONICO,Validación,AUTORIDAD_ARQ,TRAZABILIDAD_SUBORDINADA,VINCULADO
MEF-V3-DIC-0153,Validación,ENG,ENG-070,ENG-070-PERFORMANCE_ENGINEERING.md,1,2635,CANONICO,Validación,AUTORIDAD_ARQ,TRAZABILIDAD_SUBORDINADA,VINCULADO
MEF-V3-DIC-0153,Validación,ENG,ENG-074,ENG-074-RELIABILITY_ENGINEERING.md,1,1758,CANONICO,Validación,AUTORIDAD_ARQ,TRAZABILIDAD_SUBORDINADA,VINCULADO
MEF-V3-DIC-0153,Validación,ENG,ENG-075,ENG-075-MAINTAINABILITY_ENGINEERING.md,1,809,CANONICO,Validación,AUTORIDAD_ARQ,TRAZABILIDAD_SUBORDINADA,VINCULADO
MEF-V3-DIC-0153,Validación,ENG,ENG-079,ENG-079-DATA_INTEGRITY_ENGINEERING.md,1,995,CANONICO,Validación,AUTORIDAD_ARQ,TRAZABILIDAD_SUBORDINADA,VINCULADO
MEF-V3-DIC-0153,Validación,ENG,ENG-082,ENG-082-DATA_PRIVACY_ENGINEERING.md,1,172,CANONICO,Validación,AUTORIDAD_ARQ,TRAZABILIDAD_SUBORDINADA,VINCULADO
MEF-V3-DIC-0154,Variables,ARQ,ARQ-010,ARQ-010-TEMPLATE_ENGINE.md,7,152;160;164;165;169;200;237,CANONICO,Variables,AUTORIDAD_ARQ,AUTORIDAD_PRIMARIA,VINCULADO
MEF-V3-DIC-0154,Variables,ENG,ENG-004,ENG-004-CONVENCIONES.md,1,422,CANONICO,Variables,AUTORIDAD_ARQ,TRAZABILIDAD_SUBORDINADA,VINCULADO
MEF-V3-DIC-0154,Variables,ENG,ENG-005,ENG-005-NOMENCLATURA.md,4,1142;1144;1275;1671,CANONICO,Variables,AUTORIDAD_ARQ,TRAZABILIDAD_SUBORDINADA,VINCULADO
MEF-V3-DIC-0154,Variables,ENG,ENG-011,ENG-011-CONFIGURATION_FILES.md,10,243;262;279;613;615;632;1211;1463;2430;2507,CANONICO,Variables,AUTORIDAD_ARQ,TRAZABILIDAD_SUBORDINADA,VINCULADO
MEF-V3-DIC-0154,Variables,ENG,ENG-012,ENG-012-BUILD_SYSTEM.md,1,766,CANONICO,Variables,AUTORIDAD_ARQ,TRAZABILIDAD_SUBORDINADA,VINCULADO
MEF-V3-DIC-0154,Variables,ENG,ENG-017,ENG-017-RELEASE_PROCESS.md,1,2248,CANONICO,Variables,AUTORIDAD_ARQ,TRAZABILIDAD_SUBORDINADA,VINCULADO
MEF-V3-DIC-0154,Variables,ENG,ENG-018,ENG-018-DEPENDENCY_INJECTION.md,1,1213,CANONICO,Variables,AUTORIDAD_ARQ,TRAZABILIDAD_SUBORDINADA,VINCULADO
MEF-V3-DIC-0154,Variables,ENG,ENG-024,ENG-024-SECURITY_ENGINEERING.md,1,1098,CANONICO,Variables,AUTORIDAD_ARQ,TRAZABILIDAD_SUBORDINADA,VINCULADO
MEF-V3-DIC-0154,Variables,ENG,ENG-037,ENG-037-CACHING_ENGINEERING.md,1,365,CANONICO,Variables,AUTORIDAD_ARQ,TRAZABILIDAD_SUBORDINADA,VINCULADO
MEF-V3-DIC-0154,Variables,ENG,ENG-043,ENG-043-DATA_ACCESS_ENGINEERING.md,1,2417,CANONICO,Variables,AUTORIDAD_ARQ,TRAZABILIDAD_SUBORDINADA,VINCULADO
MEF-V3-DIC-0154,Variables,ENG,ENG-049,ENG-049-CONFIGURATION_MANAGEMENT_ENGINEERING.md,4,471;2839;3060;3226,CANONICO,Variables,AUTORIDAD_ARQ,TRAZABILIDAD_SUBORDINADA,VINCULADO
MEF-V3-DIC-0154,Variables,ENG,ENG-050,ENG-050-FEATURE_MANAGEMENT_ENGINEERING.md,1,539,CANONICO,Variables,AUTORIDAD_ARQ,TRAZABILIDAD_SUBORDINADA,VINCULADO
MEF-V3-DIC-0154,Variables,ENG,ENG-052,ENG-052-WORKFLOW_ENGINEERING.md,2,662;2533,CANONICO,Variables,AUTORIDAD_ARQ,TRAZABILIDAD_SUBORDINADA,VINCULADO
MEF-V3-DIC-0154,Variables,ENG,ENG-054,ENG-054-RESOURCE_MANAGEMENT_ENGINEERING.md,1,1483,CANONICO,Variables,AUTORIDAD_ARQ,TRAZABILIDAD_SUBORDINADA,VINCULADO
MEF-V3-DIC-0154,Variables,ENG,ENG-067,ENG-067-DEPLOYMENT_ENGINEERING.md,1,2941,CANONICO,Variables,AUTORIDAD_ARQ,TRAZABILIDAD_SUBORDINADA,VINCULADO
MEF-V3-DIC-0154,Variables,ENG,ENG-068,ENG-068-ENVIRONMENT_ENGINEERING.md,5,178;1890;2604;2670;2914,CANONICO,Variables,AUTORIDAD_ARQ,TRAZABILIDAD_SUBORDINADA,VINCULADO
MEF-V3-DIC-0154,Variables,ENG,ENG-070,ENG-070-PERFORMANCE_ENGINEERING.md,1,2130,CANONICO,Variables,AUTORIDAD_ARQ,TRAZABILIDAD_SUBORDINADA,VINCULADO
MEF-V3-DIC-0155,Versionado,ARQ,ARQ-004,ARQ-004-MODULES.md,4,301;473;477;690,CANONICO,Versionado,AUTORIDAD_ARQ,AUTORIDAD_PRIMARIA,VINCULADO
MEF-V3-DIC-0155,Versionado,ARQ,ARQ-011,ARQ-011-CONTRACTS.md,1,157,CANONICO,Versionado,AUTORIDAD_ARQ,AUTORIDAD_PRIMARIA,VINCULADO
MEF-V3-DIC-0155,Versionado,ARQ,ARQ-013,ARQ-013-CONFIGURATION.md,1,208,CANONICO,Versionado,AUTORIDAD_ARQ,AUTORIDAD_PRIMARIA,VINCULADO
MEF-V3-DIC-0155,Versionado,ARQ,ARQ-017,ARQ-017-PACKAGING.md,2,66;156,CANONICO,Versionado,AUTORIDAD_ARQ,AUTORIDAD_PRIMARIA,VINCULADO
MEF-V3-DIC-0155,Versionado,ENG,ENG-000,ENG-000-INGENIERIA_GENERAL.md,1,684,CANONICO,Versionado,AUTORIDAD_ARQ,TRAZABILIDAD_SUBORDINADA,VINCULADO
MEF-V3-DIC-0155,Versionado,ENG,ENG-002,ENG-002-ESPECIFICACION_DE_MODULES.md,7,69;194;830;838;1043;1057;1170,CANONICO,Versionado,AUTORIDAD_ARQ,TRAZABILIDAD_SUBORDINADA,VINCULADO
MEF-V3-DIC-0155,Versionado,ENG,ENG-003,ENG-003-MANIFEST.md,4,318;401;1377;1423,CANONICO,Versionado,AUTORIDAD_ARQ,TRAZABILIDAD_SUBORDINADA,VINCULADO
MEF-V3-DIC-0155,Versionado,ENG,ENG-004,ENG-004-CONVENCIONES.md,3,141;827;1593,CANONICO,Versionado,AUTORIDAD_ARQ,TRAZABILIDAD_SUBORDINADA,VINCULADO
MEF-V3-DIC-0155,Versionado,ENG,ENG-005,ENG-005-NOMENCLATURA.md,2,1848;2561,CANONICO,Versionado,AUTORIDAD_ARQ,TRAZABILIDAD_SUBORDINADA,VINCULADO
MEF-V3-DIC-0155,Versionado,ENG,ENG-006,ENG-006-ESTRUCTURA_DE_DIRECTORIOS.md,1,793,CANONICO,Versionado,AUTORIDAD_ARQ,TRAZABILIDAD_SUBORDINADA,VINCULADO
MEF-V3-DIC-0155,Versionado,ENG,ENG-007,ENG-007-CLI.md,1,1598,CANONICO,Versionado,AUTORIDAD_ARQ,TRAZABILIDAD_SUBORDINADA,VINCULADO
MEF-V3-DIC-0155,Versionado,ENG,ENG-009,ENG-009-TESTING.md,2,1127;1796,CANONICO,Versionado,AUTORIDAD_ARQ,TRAZABILIDAD_SUBORDINADA,VINCULADO
MEF-V3-DIC-0155,Versionado,ENG,ENG-011,ENG-011-CONFIGURATION_FILES.md,2,2296;2535,CANONICO,Versionado,AUTORIDAD_ARQ,TRAZABILIDAD_SUBORDINADA,VINCULADO
MEF-V3-DIC-0155,Versionado,ENG,ENG-012,ENG-012-BUILD_SYSTEM.md,2,57;1872,CANONICO,Versionado,AUTORIDAD_ARQ,TRAZABILIDAD_SUBORDINADA,VINCULADO
MEF-V3-DIC-0155,Versionado,ENG,ENG-013,ENG-013-PACKAGE_MANAGER.md,2,298;3044,CANONICO,Versionado,AUTORIDAD_ARQ,TRAZABILIDAD_SUBORDINADA,VINCULADO
MEF-V3-DIC-0155,Versionado,ENG,ENG-014,ENG-014-VERSIONADO.md,7,3;44;54;97;2580;2662;2668,CANONICO,Versionado,AUTORIDAD_ARQ,TRAZABILIDAD_SUBORDINADA,VINCULADO
MEF-V3-DIC-0155,Versionado,ENG,ENG-015,ENG-015-ARCHITECTURAL_STATE_MACHINE.md,1,3183,CANONICO,Versionado,AUTORIDAD_ARQ,TRAZABILIDAD_SUBORDINADA,VINCULADO
MEF-V3-DIC-0155,Versionado,ENG,ENG-016,ENG-016-COMPATIBILITY.md,1,3295,CANONICO,Versionado,AUTORIDAD_ARQ,TRAZABILIDAD_SUBORDINADA,VINCULADO
MEF-V3-DIC-0155,Versionado,ENG,ENG-017,ENG-017-RELEASE_PROCESS.md,2,2939;3310,CANONICO,Versionado,AUTORIDAD_ARQ,TRAZABILIDAD_SUBORDINADA,VINCULADO
MEF-V3-DIC-0155,Versionado,ENG,ENG-020,ENG-020-REGISTRY_ENGINNEERING.md,2,1963;3225,CANONICO,Versionado,AUTORIDAD_ARQ,TRAZABILIDAD_SUBORDINADA,VINCULADO
MEF-V3-DIC-0155,Versionado,ENG,ENG-021,ENG-021-CONTRACTS_ENGINNEERING.md,3,140;263;3284,CANONICO,Versionado,AUTORIDAD_ARQ,TRAZABILIDAD_SUBORDINADA,VINCULADO
MEF-V3-DIC-0155,Versionado,ENG,ENG-022,ENG-022-EVENT_BUS_ENGINNEERING.md,2,337;3516,CANONICO,Versionado,AUTORIDAD_ARQ,TRAZABILIDAD_SUBORDINADA,VINCULADO
MEF-V3-DIC-0155,Versionado,ENG,ENG-023,ENG-023-ERROR_HANDLING.md,1,3410,CANONICO,Versionado,AUTORIDAD_ARQ,TRAZABILIDAD_SUBORDINADA,VINCULADO
MEF-V3-DIC-0155,Versionado,ENG,ENG-024,ENG-024-SECURITY_ENGINEERING.md,1,4144,CANONICO,Versionado,AUTORIDAD_ARQ,TRAZABILIDAD_SUBORDINADA,VINCULADO
MEF-V3-DIC-0155,Versionado,ENG,ENG-025,ENG-025-OBSERVABILITY_ENGINEERING.md,1,3268,CANONICO,Versionado,AUTORIDAD_ARQ,TRAZABILIDAD_SUBORDINADA,VINCULADO
MEF-V3-DIC-0155,Versionado,ENG,ENG-026,ENG-026-RUNTIME_PERFORMANCE_ENGINEERING.md,1,3539,CANONICO,Versionado,AUTORIDAD_ARQ,TRAZABILIDAD_SUBORDINADA,VINCULADO
MEF-V3-DIC-0155,Versionado,ENG,ENG-027,ENG-027-RUNTIME_ENGINEERING.md,1,3766,CANONICO,Versionado,AUTORIDAD_ARQ,TRAZABILIDAD_SUBORDINADA,VINCULADO
MEF-V3-DIC-0155,Versionado,ENG,ENG-028,ENG-028-MODULE_ENGINEERING.md,1,3441,CANONICO,Versionado,AUTORIDAD_ARQ,TRAZABILIDAD_SUBORDINADA,VINCULADO
MEF-V3-DIC-0155,Versionado,ENG,ENG-029,ENG-029-EXTENSION_ENGINEERING.md,1,2638,CANONICO,Versionado,AUTORIDAD_ARQ,TRAZABILIDAD_SUBORDINADA,VINCULADO
MEF-V3-DIC-0155,Versionado,ENG,ENG-030,ENG-030-PERSISTENCE_ENGINEERING.md,1,3083,CANONICO,Versionado,AUTORIDAD_ARQ,TRAZABILIDAD_SUBORDINADA,VINCULADO
MEF-V3-DIC-0155,Versionado,ENG,ENG-031,ENG-031-SERIALIZATION_ENGINEERING.md,1,3255,CANONICO,Versionado,AUTORIDAD_ARQ,TRAZABILIDAD_SUBORDINADA,VINCULADO
MEF-V3-DIC-0155,Versionado,ENG,ENG-032,ENG-032-TRANSPORT_ENGINEERING.md,1,3267,CANONICO,Versionado,AUTORIDAD_ARQ,TRAZABILIDAD_SUBORDINADA,VINCULADO
MEF-V3-DIC-0155,Versionado,ENG,ENG-033,ENG-033-INTERFACE_ENGINEERING.md,2,1420;1745,CANONICO,Versionado,AUTORIDAD_ARQ,TRAZABILIDAD_SUBORDINADA,VINCULADO
MEF-V3-DIC-0155,Versionado,ENG,ENG-034,ENG-034-APPLICATION_ENGINEERING.md,1,3034,CANONICO,Versionado,AUTORIDAD_ARQ,TRAZABILIDAD_SUBORDINADA,VINCULADO
MEF-V3-DIC-0155,Versionado,ENG,ENG-035,ENG-035-DOMAIN_ENGINEERING.md,1,3535,CANONICO,Versionado,AUTORIDAD_ARQ,TRAZABILIDAD_SUBORDINADA,VINCULADO
MEF-V3-DIC-0155,Versionado,ENG,ENG-041,ENG-041-MESSAGING_ENGINEERING.md,1,3916,CANONICO,Versionado,AUTORIDAD_ARQ,TRAZABILIDAD_SUBORDINADA,VINCULADO
MEF-V3-DIC-0155,Versionado,ENG,ENG-044,ENG-044-API_ENGINEERING.md,1,136,CANONICO,Versionado,AUTORIDAD_ARQ,TRAZABILIDAD_SUBORDINADA,VINCULADO
MEF-V3-DIC-0155,Versionado,ENG,ENG-049,ENG-049-CONFIGURATION_MANAGEMENT_ENGINEERING.md,2,3226;3485,CANONICO,Versionado,AUTORIDAD_ARQ,TRAZABILIDAD_SUBORDINADA,VINCULADO
MEF-V3-DIC-0155,Versionado,ENG,ENG-050,ENG-050-FEATURE_MANAGEMENT_ENGINEERING.md,2,2449;3031,CANONICO,Versionado,AUTORIDAD_ARQ,TRAZABILIDAD_SUBORDINADA,VINCULADO
MEF-V3-DIC-0155,Versionado,ENG,ENG-051,ENG-051-POLICY_ENGINEERING.md,1,3119,CANONICO,Versionado,AUTORIDAD_ARQ,TRAZABILIDAD_SUBORDINADA,VINCULADO
MEF-V3-DIC-0155,Versionado,ENG,ENG-052,ENG-052-WORKFLOW_ENGINEERING.md,1,3570,CANONICO,Versionado,AUTORIDAD_ARQ,TRAZABILIDAD_SUBORDINADA,VINCULADO
MEF-V3-DIC-0155,Versionado,ENG,ENG-053,ENG-053-STATE_MANAGEMENT_ENGINEERING.md,1,3151,CANONICO,Versionado,AUTORIDAD_ARQ,TRAZABILIDAD_SUBORDINADA,VINCULADO
MEF-V3-DIC-0155,Versionado,ENG,ENG-054,ENG-054-RESOURCE_MANAGEMENT_ENGINEERING.md,1,3351,CANONICO,Versionado,AUTORIDAD_ARQ,TRAZABILIDAD_SUBORDINADA,VINCULADO
MEF-V3-DIC-0155,Versionado,ENG,ENG-055,ENG-055-LIFECYCLE_MANAGEMENT_ENGINEERING.md,1,3356,CANONICO,Versionado,AUTORIDAD_ARQ,TRAZABILIDAD_SUBORDINADA,VINCULADO
MEF-V3-DIC-0155,Versionado,ENG,ENG-057,ENG-057-METADATA_ENGINEERING.md,1,3123,CANONICO,Versionado,AUTORIDAD_ARQ,TRAZABILIDAD_SUBORDINADA,VINCULADO
MEF-V3-DIC-0155,Versionado,ENG,ENG-059,ENG-059-RESOLUTION_ENGINEERING.md,1,2756,CANONICO,Versionado,AUTORIDAD_ARQ,TRAZABILIDAD_SUBORDINADA,VINCULADO
MEF-V3-DIC-0155,Versionado,ENG,ENG-060,ENG-060-PLUGIN_ENGINEERING.md,1,3259,CANONICO,Versionado,AUTORIDAD_ARQ,TRAZABILIDAD_SUBORDINADA,VINCULADO
MEF-V3-DIC-0155,Versionado,ENG,ENG-061,ENG-061-INTEROPERABILITY_ENGINEERING.md,1,2924,CANONICO,Versionado,AUTORIDAD_ARQ,TRAZABILIDAD_SUBORDINADA,VINCULADO
MEF-V3-DIC-0155,Versionado,ENG,ENG-062,ENG-062-SCHEMA_ENGINEERING.md,3,1048;2576;2993,CANONICO,Versionado,AUTORIDAD_ARQ,TRAZABILIDAD_SUBORDINADA,VINCULADO
MEF-V3-DIC-0155,Versionado,ENG,ENG-063,ENG-063-DATA_TRANSFORMATION_ENGINEERING.md,1,2958,CANONICO,Versionado,AUTORIDAD_ARQ,TRAZABILIDAD_SUBORDINADA,VINCULADO
MEF-V3-DIC-0155,Versionado,ENG,ENG-064,ENG-064-DATA_PIPELINE_ENGINEERING.md,2,3049;3279,CANONICO,Versionado,AUTORIDAD_ARQ,TRAZABILIDAD_SUBORDINADA,VINCULADO
MEF-V3-DIC-0155,Versionado,ENG,ENG-065,ENG-065-MIGRATION_ENGINEERING.md,1,3283,CANONICO,Versionado,AUTORIDAD_ARQ,TRAZABILIDAD_SUBORDINADA,VINCULADO
MEF-V3-DIC-0155,Versionado,ENG,ENG-066,ENG-066-UPGRADE_ENGINEERING.md,1,3012,CANONICO,Versionado,AUTORIDAD_ARQ,TRAZABILIDAD_SUBORDINADA,VINCULADO
MEF-V3-DIC-0155,Versionado,ENG,ENG-067,ENG-067-DEPLOYMENT_ENGINEERING.md,1,3243,CANONICO,Versionado,AUTORIDAD_ARQ,TRAZABILIDAD_SUBORDINADA,VINCULADO
MEF-V3-DIC-0155,Versionado,ENG,ENG-068,ENG-068-ENVIRONMENT_ENGINEERING.md,1,3090,CANONICO,Versionado,AUTORIDAD_ARQ,TRAZABILIDAD_SUBORDINADA,VINCULADO
MEF-V3-DIC-0155,Versionado,ENG,ENG-075,ENG-075-MAINTAINABILITY_ENGINEERING.md,1,3591,CANONICO,Versionado,AUTORIDAD_ARQ,TRAZABILIDAD_SUBORDINADA,VINCULADO
MEF-V3-DIC-0155,Versionado,ENG,ENG-079,ENG-079-DATA_INTEGRITY_ENGINEERING.md,1,1557,CANONICO,Versionado,AUTORIDAD_ARQ,TRAZABILIDAD_SUBORDINADA,VINCULADO
MEF-V3-DIC-0155,Versionado,ENG,ENG-094,ENG-094-DATA_PORTABILITY_ENGINEERING.md,1,1382,CANONICO,Versionado,AUTORIDAD_ARQ,TRAZABILIDAD_SUBORDINADA,VINCULADO
MEF-V3-DIC-0155,Versionado,ENG,ENG-095,ENG-095-DATA_SYNCHRONIZATION_ENGINEERING.md,1,630,CANONICO,Versionado,AUTORIDAD_ARQ,TRAZABILIDAD_SUBORDINADA,VINCULADO
MEF-V3-DIC-0155,Versionado,ENG,ENG-096,ENG-096-DATA_REPLICATION_ENGINEERING.md,2,428;659,CANONICO,Versionado,AUTORIDAD_ARQ,TRAZABILIDAD_SUBORDINADA,VINCULADO
MEF-V3-DIC-0155,Versionado,ENG,ENG-097,ENG-097-DATA_PARTITIONING_SHARDING_ENGINEERING.md,3,326;555;635,CANONICO,Versionado,AUTORIDAD_ARQ,TRAZABILIDAD_SUBORDINADA,VINCULADO
MEF-V3-DIC-0155,Versionado,ENG,ENG-098,ENG-098-DATA_DISTRIBUTION_ENGINEERING.md,4,418;553;583;631,CANONICO,Versionado,AUTORIDAD_ARQ,TRAZABILIDAD_SUBORDINADA,VINCULADO
MEF-V3-DIC-0155,Versionado,ENG,ENG-099,ENG-099-DATA_LOCALIZATION_RESIDENCY_ENGINEERING.md,1,707,CANONICO,Versionado,AUTORIDAD_ARQ,TRAZABILIDAD_SUBORDINADA,VINCULADO
MEF-V3-DIC-0155,Versionado,ENG,ENG-100,ENG-100-DATA_LIFECYCLE_ORCHESTRATION_ENGINEERING.md,3,336;962;1054,CANONICO,Versionado,AUTORIDAD_ARQ,TRAZABILIDAD_SUBORDINADA,VINCULADO
MEF-V3-DIC-0156,Alcance del producto,FND,FND-000,FND-000-Carta_del_Proyecto.md,1,123,CANONICO,Alcance del producto,AUTORIDAD_FND,AUTORIDAD_PRIMARIA,VINCULADO
MEF-V3-DIC-0157,arquitectura del Framework,ARQ,ARQ-013,ARQ-013-CONFIGURATION.md,1,129,CANONICO,arquitectura del Framework,AUTORIDAD_FND,TRAZABILIDAD_SUBORDINADA,VINCULADO
MEF-V3-DIC-0157,arquitectura del Framework,ENG,ENG-000,ENG-000-INGENIERIA_GENERAL.md,1,44,CANONICO,arquitectura del Framework,AUTORIDAD_FND,TRAZABILIDAD_SUBORDINADA,VINCULADO
MEF-V3-DIC-0157,arquitectura del Framework,ENG,ENG-018,ENG-018-DEPENDENCY_INJECTION.md,1,3006,CANONICO,arquitectura del Framework,AUTORIDAD_FND,TRAZABILIDAD_SUBORDINADA,VINCULADO
MEF-V3-DIC-0157,arquitectura del Framework,FND,FND-000,FND-000-Carta_del_Proyecto.md,1,88,CANONICO,arquitectura del Framework,AUTORIDAD_FND,AUTORIDAD_PRIMARIA,VINCULADO
MEF-V3-DIC-0158,Aspiración,FND,FND-001,FND-001-VISION.md,1,50,CANONICO,Aspiración,AUTORIDAD_FND,AUTORIDAD_PRIMARIA,VINCULADO
MEF-V3-DIC-0159,Beneficiarios,FND,FND-002,FND-02-MISION.md,1,119,CANONICO,Beneficiarios,AUTORIDAD_FND,AUTORIDAD_PRIMARIA,VINCULADO
MEF-V3-DIC-0160,Carta del Proyecto,FND,FND-000,FND-000-Carta_del_Proyecto.md,4,3;27;37;226,CANONICO,Carta del Proyecto,AUTORIDAD_FND,AUTORIDAD_PRIMARIA,VINCULADO
MEF-V3-DIC-0161,Compromisos,ARQ,ARQ-011,ARQ-011-CONTRACTS.md,1,53,CANONICO,Compromisos,AUTORIDAD_FND,TRAZABILIDAD_SUBORDINADA,VINCULADO
MEF-V3-DIC-0161,Compromisos,ENG,ENG-045,ENG-045-AUTHENTICATION_ENGINEERING.md,1,3387,ALIAS_PROVISIONAL,Compromiso,AUTORIDAD_FND,TRAZABILIDAD_SUBORDINADA,VINCULADO
MEF-V3-DIC-0161,Compromisos,ENG,ENG-075,ENG-075-MAINTAINABILITY_ENGINEERING.md,1,1093,ALIAS_PROVISIONAL,Compromiso,AUTORIDAD_FND,TRAZABILIDAD_SUBORDINADA,VINCULADO
MEF-V3-DIC-0161,Compromisos,ENG,ENG-076,ENG-076-RECOVERABILITY_ENGINEERING.md,1,2433,ALIAS_PROVISIONAL,Compromiso,AUTORIDAD_FND,TRAZABILIDAD_SUBORDINADA,VINCULADO
MEF-V3-DIC-0161,Compromisos,ENG,ENG-081,ENG-081-DATA_GOVERNANCE_ENGINEERING.md,1,2233,ALIAS_PROVISIONAL,Compromiso,AUTORIDAD_FND,TRAZABILIDAD_SUBORDINADA,VINCULADO
MEF-V3-DIC-0161,Compromisos,ENG,ENG-084,ENG-084-DATA_ETHICS_ENGINEERING.md,1,1513,ALIAS_PROVISIONAL,Compromiso,AUTORIDAD_FND,TRAZABILIDAD_SUBORDINADA,VINCULADO
MEF-V3-DIC-0161,Compromisos,FND,FND-000,FND-000-Carta_del_Proyecto.md,3,203;205;228,CANONICO,Compromisos,AUTORIDAD_FND,AUTORIDAD_PRIMARIA,VINCULADO
MEF-V3-DIC-0161,Compromisos,FND,FND-001,FND-001-VISION.md,2,153;177,ALIAS_PROVISIONAL,Compromiso,AUTORIDAD_FND,AUTORIDAD_PRIMARIA,VINCULADO
MEF-V3-DIC-0161,Compromisos,FND,FND-002,FND-02-MISION.md,3,39;57;162,ALIAS_PROVISIONAL;CANONICO,Compromiso;Compromisos,AUTORIDAD_FND,AUTORIDAD_PRIMARIA,VINCULADO
MEF-V3-DIC-0162,Comunidad,FND,FND-001,FND-001-VISION.md,3,95;97;169,CANONICO,Comunidad,AUTORIDAD_FND,AUTORIDAD_PRIMARIA,VINCULADO
MEF-V3-DIC-0162,Comunidad,FND,FND-002,FND-02-MISION.md,1,99,CANONICO,Comunidad,AUTORIDAD_FND,AUTORIDAD_PRIMARIA,VINCULADO
MEF-V3-DIC-0163,Conocimiento,ARQ,ARQ-010,ARQ-010-TEMPLATE_ENGINE.md,3,78;156;276,CANONICO,Conocimiento,AUTORIDAD_FND,TRAZABILIDAD_SUBORDINADA,VINCULADO
MEF-V3-DIC-0163,Conocimiento,ARQ,ARQ-013,ARQ-013-CONFIGURATION.md,1,47,CANONICO,Conocimiento,AUTORIDAD_FND,TRAZABILIDAD_SUBORDINADA,VINCULADO
MEF-V3-DIC-0163,Conocimiento,ENG,ENG-000,ENG-000-INGENIERIA_GENERAL.md,1,784,CANONICO,Conocimiento,AUTORIDAD_FND,TRAZABILIDAD_SUBORDINADA,VINCULADO
MEF-V3-DIC-0163,Conocimiento,ENG,ENG-001,ENG-001-ORGANIZACION_DEL_CODIGO.md,1,210,CANONICO,Conocimiento,AUTORIDAD_FND,TRAZABILIDAD_SUBORDINADA,VINCULADO
MEF-V3-DIC-0163,Conocimiento,ENG,ENG-003,ENG-003-MANIFEST.md,1,1276,CANONICO,Conocimiento,AUTORIDAD_FND,TRAZABILIDAD_SUBORDINADA,VINCULADO
MEF-V3-DIC-0163,Conocimiento,ENG,ENG-004,ENG-004-CONVENCIONES.md,3,100;171;614,CANONICO,Conocimiento,AUTORIDAD_FND,TRAZABILIDAD_SUBORDINADA,VINCULADO
MEF-V3-DIC-0163,Conocimiento,ENG,ENG-005,ENG-005-NOMENCLATURA.md,1,2473,CANONICO,Conocimiento,AUTORIDAD_FND,TRAZABILIDAD_SUBORDINADA,VINCULADO
MEF-V3-DIC-0163,Conocimiento,ENG,ENG-006,ENG-006-ESTRUCTURA_DE_DIRECTORIOS.md,1,194,CANONICO,Conocimiento,AUTORIDAD_FND,TRAZABILIDAD_SUBORDINADA,VINCULADO
MEF-V3-DIC-0163,Conocimiento,ENG,ENG-012,ENG-012-BUILD_SYSTEM.md,1,858,CANONICO,Conocimiento,AUTORIDAD_FND,TRAZABILIDAD_SUBORDINADA,VINCULADO
MEF-V3-DIC-0163,Conocimiento,ENG,ENG-013,ENG-013-PACKAGE_MANAGER.md,1,1813,CANONICO,Conocimiento,AUTORIDAD_FND,TRAZABILIDAD_SUBORDINADA,VINCULADO
MEF-V3-DIC-0163,Conocimiento,ENG,ENG-019,ENG-019-SERVICE_CONTAINER.md,2,2741;2777,CANONICO,Conocimiento,AUTORIDAD_FND,TRAZABILIDAD_SUBORDINADA,VINCULADO
MEF-V3-DIC-0163,Conocimiento,ENG,ENG-020,ENG-020-REGISTRY_ENGINNEERING.md,4,91;207;3106;3112,CANONICO,Conocimiento,AUTORIDAD_FND,TRAZABILIDAD_SUBORDINADA,VINCULADO
MEF-V3-DIC-0163,Conocimiento,ENG,ENG-022,ENG-022-EVENT_BUS_ENGINNEERING.md,1,2968,CANONICO,Conocimiento,AUTORIDAD_FND,TRAZABILIDAD_SUBORDINADA,VINCULADO
MEF-V3-DIC-0163,Conocimiento,ENG,ENG-035,ENG-035-DOMAIN_ENGINEERING.md,1,1587,CANONICO,Conocimiento,AUTORIDAD_FND,TRAZABILIDAD_SUBORDINADA,VINCULADO
MEF-V3-DIC-0163,Conocimiento,ENG,ENG-036,ENG-036-VALIDATION_ENGINEERING.md,2,100;824,CANONICO,Conocimiento,AUTORIDAD_FND,TRAZABILIDAD_SUBORDINADA,VINCULADO
MEF-V3-DIC-0163,Conocimiento,ENG,ENG-038,ENG-038-CONCURRENCY_ENGINEERING.md,1,880,CANONICO,Conocimiento,AUTORIDAD_FND,TRAZABILIDAD_SUBORDINADA,VINCULADO
MEF-V3-DIC-0163,Conocimiento,ENG,ENG-054,ENG-054-RESOURCE_MANAGEMENT_ENGINEERING.md,1,1567,CANONICO,Conocimiento,AUTORIDAD_FND,TRAZABILIDAD_SUBORDINADA,VINCULADO
MEF-V3-DIC-0163,Conocimiento,ENG,ENG-058,ENG-058-DISCOVERY_ENGINEERING.md,1,959,CANONICO,Conocimiento,AUTORIDAD_FND,TRAZABILIDAD_SUBORDINADA,VINCULADO
MEF-V3-DIC-0163,Conocimiento,ENG,ENG-065,ENG-065-MIGRATION_ENGINEERING.md,1,2791,CANONICO,Conocimiento,AUTORIDAD_FND,TRAZABILIDAD_SUBORDINADA,VINCULADO
MEF-V3-DIC-0163,Conocimiento,ENG,ENG-066,ENG-066-UPGRADE_ENGINEERING.md,1,2514,CANONICO,Conocimiento,AUTORIDAD_FND,TRAZABILIDAD_SUBORDINADA,VINCULADO
MEF-V3-DIC-0163,Conocimiento,ENG,ENG-067,ENG-067-DEPLOYMENT_ENGINEERING.md,1,2721,CANONICO,Conocimiento,AUTORIDAD_FND,TRAZABILIDAD_SUBORDINADA,VINCULADO
MEF-V3-DIC-0163,Conocimiento,ENG,ENG-071,ENG-071-CAPACITY_ENGINEERING.md,1,3532,CANONICO,Conocimiento,AUTORIDAD_FND,TRAZABILIDAD_SUBORDINADA,VINCULADO
MEF-V3-DIC-0163,Conocimiento,ENG,ENG-074,ENG-074-RELIABILITY_ENGINEERING.md,1,1955,CANONICO,Conocimiento,AUTORIDAD_FND,TRAZABILIDAD_SUBORDINADA,VINCULADO
MEF-V3-DIC-0163,Conocimiento,ENG,ENG-075,ENG-075-MAINTAINABILITY_ENGINEERING.md,1,1457,CANONICO,Conocimiento,AUTORIDAD_FND,TRAZABILIDAD_SUBORDINADA,VINCULADO
MEF-V3-DIC-0163,Conocimiento,ENG,ENG-086,ENG-086-DATA_PRODUCT_ENGINEERING.md,1,1485,CANONICO,Conocimiento,AUTORIDAD_FND,TRAZABILIDAD_SUBORDINADA,VINCULADO
MEF-V3-DIC-0163,Conocimiento,ENG,ENG-088,ENG-088-DATA_FEDERATION_ENGINEERING.md,1,1768,CANONICO,Conocimiento,AUTORIDAD_FND,TRAZABILIDAD_SUBORDINADA,VINCULADO
MEF-V3-DIC-0163,Conocimiento,ENG,ENG-089,ENG-089-DATA_LINEAGE_PROVENANCE_ENGINEERING.md,1,1118,CANONICO,Conocimiento,AUTORIDAD_FND,TRAZABILIDAD_SUBORDINADA,VINCULADO
MEF-V3-DIC-0163,Conocimiento,ENG,ENG-090,ENG-090-DATA_CATALOG_ENGINEERING.md,2,1826;1974,CANONICO,Conocimiento,AUTORIDAD_FND,TRAZABILIDAD_SUBORDINADA,VINCULADO
MEF-V3-DIC-0163,Conocimiento,ENG,ENG-091,ENG-091-DATA_DISCOVERY_CLASSIFICATION_ENGINEERING.md,1,1812,CANONICO,Conocimiento,AUTORIDAD_FND,TRAZABILIDAD_SUBORDINADA,VINCULADO
MEF-V3-DIC-0163,Conocimiento,ENG,ENG-093,ENG-093-DATA_ARCHIVAL_PRESERVATION_ENGINEERING.md,1,1209,CANONICO,Conocimiento,AUTORIDAD_FND,TRAZABILIDAD_SUBORDINADA,VINCULADO
MEF-V3-DIC-0163,Conocimiento,ENG,ENG-097,ENG-097-DATA_PARTITIONING_SHARDING_ENGINEERING.md,2,246;617,CANONICO,Conocimiento,AUTORIDAD_FND,TRAZABILIDAD_SUBORDINADA,VINCULADO
MEF-V3-DIC-0163,Conocimiento,FND,FND-000,FND-000-Carta_del_Proyecto.md,6,101;144;153;174;186;220,CANONICO,Conocimiento,AUTORIDAD_FND,AUTORIDAD_PRIMARIA,VINCULADO
MEF-V3-DIC-0163,Conocimiento,FND,FND-001,FND-001-VISION.md,5,57;101;103;130;177,CANONICO,Conocimiento,AUTORIDAD_FND,AUTORIDAD_PRIMARIA,VINCULADO
MEF-V3-DIC-0163,Conocimiento,FND,FND-002,FND-02-MISION.md,3,64;89;162,CANONICO,Conocimiento,AUTORIDAD_FND,AUTORIDAD_PRIMARIA,VINCULADO
MEF-V3-DIC-0163,Conocimiento,FND,FND-005,FND-05-LENGUAJE_OFICIAL_DE_MEF.md,1,21,CANONICO,Conocimiento,AUTORIDAD_FND,AUTORIDAD_PRIMARIA,VINCULADO
MEF-V3-DIC-0163,Conocimiento,FND,FND-014,FND-014-GUIA_EDITORIAL.md,1,22,CANONICO,Conocimiento,AUTORIDAD_FND,AUTORIDAD_PRIMARIA,VINCULADO
MEF-V3-DIC-0164,Constituye el documento fundacional del Framework y,FND,FND-000,FND-000-Carta_del_Proyecto.md,1,39,CANONICO,Constituye el documento fundacional del Framework y,AUTORIDAD_FND,AUTORIDAD_PRIMARIA,VINCULADO
MEF-V3-DIC-0165,Criterios de cumplimiento,FND,FND-002,FND-02-MISION.md,1,132,CANONICO,Criterios de cumplimiento,AUTORIDAD_FND,AUTORIDAD_PRIMARIA,VINCULADO
MEF-V3-DIC-0166,Criterios de éxito,FND,FND-000,FND-000-Carta_del_Proyecto.md,1,178,CANONICO,Criterios de éxito,AUTORIDAD_FND,AUTORIDAD_PRIMARIA,VINCULADO
MEF-V3-DIC-0167,Declaración,ARQ,ARQ-004,ARQ-004-MODULES.md,1,52,CANONICO,Declaración,AUTORIDAD_FND,TRAZABILIDAD_SUBORDINADA,VINCULADO
MEF-V3-DIC-0167,Declaración,ARQ,ARQ-010,ARQ-010-TEMPLATE_ENGINE.md,1,50,CANONICO,Declaración,AUTORIDAD_FND,TRAZABILIDAD_SUBORDINADA,VINCULADO
MEF-V3-DIC-0167,Declaración,ARQ,ARQ-011,ARQ-011-CONTRACTS.md,1,47,CANONICO,Declaración,AUTORIDAD_FND,TRAZABILIDAD_SUBORDINADA,VINCULADO
MEF-V3-DIC-0167,Declaración,ARQ,ARQ-012,ARQ-012-DEPENDENCY_INJECTION.md,1,45,CANONICO,Declaración,AUTORIDAD_FND,TRAZABILIDAD_SUBORDINADA,VINCULADO
MEF-V3-DIC-0167,Declaración,ARQ,ARQ-013,ARQ-013-CONFIGURATION.md,1,45,CANONICO,Declaración,AUTORIDAD_FND,TRAZABILIDAD_SUBORDINADA,VINCULADO
MEF-V3-DIC-0167,Declaración,ARQ,ARQ-017,ARQ-017-PACKAGING.md,1,47,CANONICO,Declaración,AUTORIDAD_FND,TRAZABILIDAD_SUBORDINADA,VINCULADO
MEF-V3-DIC-0167,Declaración,ENG,ENG-000,ENG-000-INGENIERIA_GENERAL.md,1,70,CANONICO,Declaración,AUTORIDAD_FND,TRAZABILIDAD_SUBORDINADA,VINCULADO
MEF-V3-DIC-0167,Declaración,ENG,ENG-001,ENG-001-ORGANIZACION_DEL_CODIGO.md,1,66,CANONICO,Declaración,AUTORIDAD_FND,TRAZABILIDAD_SUBORDINADA,VINCULADO
MEF-V3-DIC-0167,Declaración,ENG,ENG-002,ENG-002-ESPECIFICACION_DE_MODULES.md,1,55,CANONICO,Declaración,AUTORIDAD_FND,TRAZABILIDAD_SUBORDINADA,VINCULADO
MEF-V3-DIC-0167,Declaración,ENG,ENG-003,ENG-003-MANIFEST.md,2,70;590,CANONICO,Declaración,AUTORIDAD_FND,TRAZABILIDAD_SUBORDINADA,VINCULADO
MEF-V3-DIC-0167,Declaración,ENG,ENG-004,ENG-004-CONVENCIONES.md,1,63,CANONICO,Declaración,AUTORIDAD_FND,TRAZABILIDAD_SUBORDINADA,VINCULADO
MEF-V3-DIC-0167,Declaración,ENG,ENG-005,ENG-005-NOMENCLATURA.md,1,74,CANONICO,Declaración,AUTORIDAD_FND,TRAZABILIDAD_SUBORDINADA,VINCULADO
MEF-V3-DIC-0167,Declaración,ENG,ENG-006,ENG-006-ESTRUCTURA_DE_DIRECTORIOS.md,1,70,CANONICO,Declaración,AUTORIDAD_FND,TRAZABILIDAD_SUBORDINADA,VINCULADO
MEF-V3-DIC-0167,Declaración,ENG,ENG-007,ENG-007-CLI.md,2,71;1430,CANONICO,Declaración,AUTORIDAD_FND,TRAZABILIDAD_SUBORDINADA,VINCULADO
MEF-V3-DIC-0167,Declaración,ENG,ENG-008,ENG-008-GENERADORES.md,1,56,CANONICO,Declaración,AUTORIDAD_FND,TRAZABILIDAD_SUBORDINADA,VINCULADO
MEF-V3-DIC-0167,Declaración,ENG,ENG-009,ENG-009-TESTING.md,1,71,CANONICO,Declaración,AUTORIDAD_FND,TRAZABILIDAD_SUBORDINADA,VINCULADO
MEF-V3-DIC-0167,Declaración,ENG,ENG-010,ENG-010-LOGGING.md,1,62,CANONICO,Declaración,AUTORIDAD_FND,TRAZABILIDAD_SUBORDINADA,VINCULADO
MEF-V3-DIC-0167,Declaración,ENG,ENG-011,ENG-011-CONFIGURATION_FILES.md,1,69,CANONICO,Declaración,AUTORIDAD_FND,TRAZABILIDAD_SUBORDINADA,VINCULADO
MEF-V3-DIC-0167,Declaración,ENG,ENG-012,ENG-012-BUILD_SYSTEM.md,1,64,CANONICO,Declaración,AUTORIDAD_FND,TRAZABILIDAD_SUBORDINADA,VINCULADO
MEF-V3-DIC-0167,Declaración,ENG,ENG-013,ENG-013-PACKAGE_MANAGER.md,1,73,CANONICO,Declaración,AUTORIDAD_FND,TRAZABILIDAD_SUBORDINADA,VINCULADO
MEF-V3-DIC-0167,Declaración,ENG,ENG-014,ENG-014-VERSIONADO.md,2,74;2286,CANONICO,Declaración,AUTORIDAD_FND,TRAZABILIDAD_SUBORDINADA,VINCULADO
MEF-V3-DIC-0167,Declaración,ENG,ENG-015,ENG-015-ARCHITECTURAL_STATE_MACHINE.md,1,70,CANONICO,Declaración,AUTORIDAD_FND,TRAZABILIDAD_SUBORDINADA,VINCULADO
MEF-V3-DIC-0167,Declaración,ENG,ENG-016,ENG-016-COMPATIBILITY.md,1,95,CANONICO,Declaración,AUTORIDAD_FND,TRAZABILIDAD_SUBORDINADA,VINCULADO
MEF-V3-DIC-0167,Declaración,ENG,ENG-017,ENG-017-RELEASE_PROCESS.md,1,88,CANONICO,Declaración,AUTORIDAD_FND,TRAZABILIDAD_SUBORDINADA,VINCULADO
MEF-V3-DIC-0167,Declaración,ENG,ENG-018,ENG-018-DEPENDENCY_INJECTION.md,1,74,CANONICO,Declaración,AUTORIDAD_FND,TRAZABILIDAD_SUBORDINADA,VINCULADO
MEF-V3-DIC-0167,Declaración,ENG,ENG-019,ENG-019-SERVICE_CONTAINER.md,1,82,CANONICO,Declaración,AUTORIDAD_FND,TRAZABILIDAD_SUBORDINADA,VINCULADO
MEF-V3-DIC-0167,Declaración,ENG,ENG-020,ENG-020-REGISTRY_ENGINNEERING.md,3,87;205;2836,CANONICO,Declaración,AUTORIDAD_FND,TRAZABILIDAD_SUBORDINADA,VINCULADO
MEF-V3-DIC-0167,Declaración,ENG,ENG-021,ENG-021-CONTRACTS_ENGINNEERING.md,1,84,CANONICO,Declaración,AUTORIDAD_FND,TRAZABILIDAD_SUBORDINADA,VINCULADO
MEF-V3-DIC-0167,Declaración,ENG,ENG-022,ENG-022-EVENT_BUS_ENGINNEERING.md,1,97,CANONICO,Declaración,AUTORIDAD_FND,TRAZABILIDAD_SUBORDINADA,VINCULADO
MEF-V3-DIC-0167,Declaración,ENG,ENG-023,ENG-023-ERROR_HANDLING.md,1,110,CANONICO,Declaración,AUTORIDAD_FND,TRAZABILIDAD_SUBORDINADA,VINCULADO
MEF-V3-DIC-0167,Declaración,ENG,ENG-024,ENG-024-SECURITY_ENGINEERING.md,1,143,CANONICO,Declaración,AUTORIDAD_FND,TRAZABILIDAD_SUBORDINADA,VINCULADO
MEF-V3-DIC-0167,Declaración,ENG,ENG-025,ENG-025-OBSERVABILITY_ENGINEERING.md,1,107,CANONICO,Declaración,AUTORIDAD_FND,TRAZABILIDAD_SUBORDINADA,VINCULADO
MEF-V3-DIC-0167,Declaración,ENG,ENG-026,ENG-026-RUNTIME_PERFORMANCE_ENGINEERING.md,1,120,CANONICO,Declaración,AUTORIDAD_FND,TRAZABILIDAD_SUBORDINADA,VINCULADO
MEF-V3-DIC-0167,Declaración,ENG,ENG-027,ENG-027-RUNTIME_ENGINEERING.md,1,99,CANONICO,Declaración,AUTORIDAD_FND,TRAZABILIDAD_SUBORDINADA,VINCULADO
MEF-V3-DIC-0167,Declaración,ENG,ENG-028,ENG-028-MODULE_ENGINEERING.md,3,108;2627;3048,CANONICO,Declaración,AUTORIDAD_FND,TRAZABILIDAD_SUBORDINADA,VINCULADO
MEF-V3-DIC-0167,Declaración,ENG,ENG-029,ENG-029-EXTENSION_ENGINEERING.md,2,107;2317,CANONICO,Declaración,AUTORIDAD_FND,TRAZABILIDAD_SUBORDINADA,VINCULADO
MEF-V3-DIC-0167,Declaración,ENG,ENG-030,ENG-030-PERSISTENCE_ENGINEERING.md,1,90,CANONICO,Declaración,AUTORIDAD_FND,TRAZABILIDAD_SUBORDINADA,VINCULADO
MEF-V3-DIC-0167,Declaración,ENG,ENG-031,ENG-031-SERIALIZATION_ENGINEERING.md,1,95,CANONICO,Declaración,AUTORIDAD_FND,TRAZABILIDAD_SUBORDINADA,VINCULADO
MEF-V3-DIC-0167,Declaración,ENG,ENG-032,ENG-032-TRANSPORT_ENGINEERING.md,1,99,CANONICO,Declaración,AUTORIDAD_FND,TRAZABILIDAD_SUBORDINADA,VINCULADO
MEF-V3-DIC-0167,Declaración,ENG,ENG-033,ENG-033-INTERFACE_ENGINEERING.md,1,167,CANONICO,Declaración,AUTORIDAD_FND,TRAZABILIDAD_SUBORDINADA,VINCULADO
MEF-V3-DIC-0167,Declaración,ENG,ENG-034,ENG-034-APPLICATION_ENGINEERING.md,1,98,CANONICO,Declaración,AUTORIDAD_FND,TRAZABILIDAD_SUBORDINADA,VINCULADO
MEF-V3-DIC-0167,Declaración,ENG,ENG-035,ENG-035-DOMAIN_ENGINEERING.md,1,109,CANONICO,Declaración,AUTORIDAD_FND,TRAZABILIDAD_SUBORDINADA,VINCULADO
MEF-V3-DIC-0167,Declaración,ENG,ENG-036,ENG-036-VALIDATION_ENGINEERING.md,1,96,CANONICO,Declaración,AUTORIDAD_FND,TRAZABILIDAD_SUBORDINADA,VINCULADO
MEF-V3-DIC-0167,Declaración,ENG,ENG-037,ENG-037-CACHING_ENGINEERING.md,1,104,CANONICO,Declaración,AUTORIDAD_FND,TRAZABILIDAD_SUBORDINADA,VINCULADO
MEF-V3-DIC-0167,Declaración,ENG,ENG-038,ENG-038-CONCURRENCY_ENGINEERING.md,1,109,CANONICO,Declaración,AUTORIDAD_FND,TRAZABILIDAD_SUBORDINADA,VINCULADO
MEF-V3-DIC-0167,Declaración,ENG,ENG-039,ENG-039-RESILIENCE_ENGINEERING.md,1,104,CANONICO,Declaración,AUTORIDAD_FND,TRAZABILIDAD_SUBORDINADA,VINCULADO
MEF-V3-DIC-0167,Declaración,ENG,ENG-040,ENG-040-SCHEDULING_BACKGROUND_JOBS_ENGINEERING.md,1,119,CANONICO,Declaración,AUTORIDAD_FND,TRAZABILIDAD_SUBORDINADA,VINCULADO
MEF-V3-DIC-0167,Declaración,ENG,ENG-041,ENG-041-MESSAGING_ENGINEERING.md,1,127,CANONICO,Declaración,AUTORIDAD_FND,TRAZABILIDAD_SUBORDINADA,VINCULADO
MEF-V3-DIC-0167,Declaración,ENG,ENG-042,ENG-042-TRANSACTION_ENGINEERING.md,1,115,CANONICO,Declaración,AUTORIDAD_FND,TRAZABILIDAD_SUBORDINADA,VINCULADO
MEF-V3-DIC-0167,Declaración,ENG,ENG-043,ENG-043-DATA_ACCESS_ENGINEERING.md,1,121,CANONICO,Declaración,AUTORIDAD_FND,TRAZABILIDAD_SUBORDINADA,VINCULADO
MEF-V3-DIC-0167,Declaración,ENG,ENG-044,ENG-044-API_ENGINEERING.md,1,132,CANONICO,Declaración,AUTORIDAD_FND,TRAZABILIDAD_SUBORDINADA,VINCULADO
MEF-V3-DIC-0167,Declaración,ENG,ENG-045,ENG-045-AUTHENTICATION_ENGINEERING.md,1,141,CANONICO,Declaración,AUTORIDAD_FND,TRAZABILIDAD_SUBORDINADA,VINCULADO
MEF-V3-DIC-0167,Declaración,ENG,ENG-046,ENG-046-AUTHORIZATION_ENGINEERING.md,1,145,CANONICO,Declaración,AUTORIDAD_FND,TRAZABILIDAD_SUBORDINADA,VINCULADO
MEF-V3-DIC-0167,Declaración,ENG,ENG-047,ENG-047-IDENTITY_ACCESS_MANAGEMENT_ENGINEERING.md,1,144,CANONICO,Declaración,AUTORIDAD_FND,TRAZABILIDAD_SUBORDINADA,VINCULADO
MEF-V3-DIC-0167,Declaración,ENG,ENG-048,ENG-048-MULTI_TENANCY_ENGINEERING.md,1,148,CANONICO,Declaración,AUTORIDAD_FND,TRAZABILIDAD_SUBORDINADA,VINCULADO
MEF-V3-DIC-0167,Declaración,ENG,ENG-049,ENG-049-CONFIGURATION_MANAGEMENT_ENGINEERING.md,1,142,CANONICO,Declaración,AUTORIDAD_FND,TRAZABILIDAD_SUBORDINADA,VINCULADO
MEF-V3-DIC-0167,Declaración,ENG,ENG-050,ENG-050-FEATURE_MANAGEMENT_ENGINEERING.md,2,136;2445,CANONICO,Declaración,AUTORIDAD_FND,TRAZABILIDAD_SUBORDINADA,VINCULADO
MEF-V3-DIC-0167,Declaración,ENG,ENG-051,ENG-051-POLICY_ENGINEERING.md,1,139,CANONICO,Declaración,AUTORIDAD_FND,TRAZABILIDAD_SUBORDINADA,VINCULADO
MEF-V3-DIC-0167,Declaración,ENG,ENG-052,ENG-052-WORKFLOW_ENGINEERING.md,1,154,CANONICO,Declaración,AUTORIDAD_FND,TRAZABILIDAD_SUBORDINADA,VINCULADO
MEF-V3-DIC-0167,Declaración,ENG,ENG-053,ENG-053-STATE_MANAGEMENT_ENGINEERING.md,1,160,CANONICO,Declaración,AUTORIDAD_FND,TRAZABILIDAD_SUBORDINADA,VINCULADO
MEF-V3-DIC-0167,Declaración,ENG,ENG-054,ENG-054-RESOURCE_MANAGEMENT_ENGINEERING.md,1,159,CANONICO,Declaración,AUTORIDAD_FND,TRAZABILIDAD_SUBORDINADA,VINCULADO
MEF-V3-DIC-0167,Declaración,ENG,ENG-055,ENG-055-LIFECYCLE_MANAGEMENT_ENGINEERING.md,1,163,CANONICO,Declaración,AUTORIDAD_FND,TRAZABILIDAD_SUBORDINADA,VINCULADO
MEF-V3-DIC-0167,Declaración,ENG,ENG-056,ENG-056-CONTEXT_MANAGEMENT_ENGINEERING.md,1,165,CANONICO,Declaración,AUTORIDAD_FND,TRAZABILIDAD_SUBORDINADA,VINCULADO
MEF-V3-DIC-0167,Declaración,ENG,ENG-057,ENG-057-METADATA_ENGINEERING.md,2,161;1089,CANONICO,Declaración,AUTORIDAD_FND,TRAZABILIDAD_SUBORDINADA,VINCULADO
MEF-V3-DIC-0167,Declaración,ENG,ENG-058,ENG-058-DISCOVERY_ENGINEERING.md,1,151,CANONICO,Declaración,AUTORIDAD_FND,TRAZABILIDAD_SUBORDINADA,VINCULADO
MEF-V3-DIC-0167,Declaración,ENG,ENG-059,ENG-059-RESOLUTION_ENGINEERING.md,1,162,CANONICO,Declaración,AUTORIDAD_FND,TRAZABILIDAD_SUBORDINADA,VINCULADO
MEF-V3-DIC-0167,Declaración,ENG,ENG-060,ENG-060-PLUGIN_ENGINEERING.md,1,150,CANONICO,Declaración,AUTORIDAD_FND,TRAZABILIDAD_SUBORDINADA,VINCULADO
MEF-V3-DIC-0167,Declaración,ENG,ENG-061,ENG-061-INTEROPERABILITY_ENGINEERING.md,1,160,CANONICO,Declaración,AUTORIDAD_FND,TRAZABILIDAD_SUBORDINADA,VINCULADO
MEF-V3-DIC-0167,Declaración,ENG,ENG-062,ENG-062-SCHEMA_ENGINEERING.md,1,165,CANONICO,Declaración,AUTORIDAD_FND,TRAZABILIDAD_SUBORDINADA,VINCULADO
MEF-V3-DIC-0167,Declaración,ENG,ENG-063,ENG-063-DATA_TRANSFORMATION_ENGINEERING.md,1,169,CANONICO,Declaración,AUTORIDAD_FND,TRAZABILIDAD_SUBORDINADA,VINCULADO
MEF-V3-DIC-0167,Declaración,ENG,ENG-064,ENG-064-DATA_PIPELINE_ENGINEERING.md,1,181,CANONICO,Declaración,AUTORIDAD_FND,TRAZABILIDAD_SUBORDINADA,VINCULADO
MEF-V3-DIC-0167,Declaración,ENG,ENG-065,ENG-065-MIGRATION_ENGINEERING.md,1,184,CANONICO,Declaración,AUTORIDAD_FND,TRAZABILIDAD_SUBORDINADA,VINCULADO
MEF-V3-DIC-0167,Declaración,ENG,ENG-066,ENG-066-UPGRADE_ENGINEERING.md,1,180,CANONICO,Declaración,AUTORIDAD_FND,TRAZABILIDAD_SUBORDINADA,VINCULADO
MEF-V3-DIC-0167,Declaración,ENG,ENG-067,ENG-067-DEPLOYMENT_ENGINEERING.md,1,181,CANONICO,Declaración,AUTORIDAD_FND,TRAZABILIDAD_SUBORDINADA,VINCULADO
MEF-V3-DIC-0167,Declaración,ENG,ENG-068,ENG-068-ENVIRONMENT_ENGINEERING.md,1,176,CANONICO,Declaración,AUTORIDAD_FND,TRAZABILIDAD_SUBORDINADA,VINCULADO
MEF-V3-DIC-0167,Declaración,ENG,ENG-069,ENG-069-HEALTH_READINESS_ENGINEERING.md,1,173,CANONICO,Declaración,AUTORIDAD_FND,TRAZABILIDAD_SUBORDINADA,VINCULADO
MEF-V3-DIC-0167,Declaración,ENG,ENG-070,ENG-070-PERFORMANCE_ENGINEERING.md,1,200,CANONICO,Declaración,AUTORIDAD_FND,TRAZABILIDAD_SUBORDINADA,VINCULADO
MEF-V3-DIC-0167,Declaración,ENG,ENG-071,ENG-071-CAPACITY_ENGINEERING.md,1,201,CANONICO,Declaración,AUTORIDAD_FND,TRAZABILIDAD_SUBORDINADA,VINCULADO
MEF-V3-DIC-0167,Declaración,ENG,ENG-072,ENG-072-SCALABILITY_ENGINEERING.md,1,191,CANONICO,Declaración,AUTORIDAD_FND,TRAZABILIDAD_SUBORDINADA,VINCULADO
MEF-V3-DIC-0167,Declaración,ENG,ENG-073,ENG-073-AVAILABILITY_ENGINEERING.md,2,188;3177,CANONICO,Declaración,AUTORIDAD_FND,TRAZABILIDAD_SUBORDINADA,VINCULADO
MEF-V3-DIC-0167,Declaración,ENG,ENG-074,ENG-074-RELIABILITY_ENGINEERING.md,1,193,CANONICO,Declaración,AUTORIDAD_FND,TRAZABILIDAD_SUBORDINADA,VINCULADO
MEF-V3-DIC-0167,Declaración,ENG,ENG-075,ENG-075-MAINTAINABILITY_ENGINEERING.md,1,204,CANONICO,Declaración,AUTORIDAD_FND,TRAZABILIDAD_SUBORDINADA,VINCULADO
MEF-V3-DIC-0167,Declaración,ENG,ENG-076,ENG-076-RECOVERABILITY_ENGINEERING.md,1,206,CANONICO,Declaración,AUTORIDAD_FND,TRAZABILIDAD_SUBORDINADA,VINCULADO
MEF-V3-DIC-0167,Declaración,ENG,ENG-077,ENG-077-DURABILITY_ENGINEERING.md,1,211,CANONICO,Declaración,AUTORIDAD_FND,TRAZABILIDAD_SUBORDINADA,VINCULADO
MEF-V3-DIC-0167,Declaración,ENG,ENG-078,ENG-078-CONSISTENCY_ENGINEERING.md,1,206,CANONICO,Declaración,AUTORIDAD_FND,TRAZABILIDAD_SUBORDINADA,VINCULADO
MEF-V3-DIC-0167,Declaración,ENG,ENG-079,ENG-079-DATA_INTEGRITY_ENGINEERING.md,1,212,CANONICO,Declaración,AUTORIDAD_FND,TRAZABILIDAD_SUBORDINADA,VINCULADO
MEF-V3-DIC-0167,Declaración,ENG,ENG-080,ENG-080-DATA_QUALITY_ENGINEERING.md,1,202,CANONICO,Declaración,AUTORIDAD_FND,TRAZABILIDAD_SUBORDINADA,VINCULADO
MEF-V3-DIC-0167,Declaración,ENG,ENG-081,ENG-081-DATA_GOVERNANCE_ENGINEERING.md,1,223,CANONICO,Declaración,AUTORIDAD_FND,TRAZABILIDAD_SUBORDINADA,VINCULADO
MEF-V3-DIC-0167,Declaración,ENG,ENG-082,ENG-082-DATA_PRIVACY_ENGINEERING.md,2,170;2906,CANONICO,Declaración,AUTORIDAD_FND,TRAZABILIDAD_SUBORDINADA,VINCULADO
MEF-V3-DIC-0167,Declaración,ENG,ENG-083,ENG-083-DATA_COMPLIANCE_ENGINEERING.md,2,188;879,CANONICO,Declaración,AUTORIDAD_FND,TRAZABILIDAD_SUBORDINADA,VINCULADO
MEF-V3-DIC-0167,Declaración,ENG,ENG-084,ENG-084-DATA_ETHICS_ENGINEERING.md,1,185,CANONICO,Declaración,AUTORIDAD_FND,TRAZABILIDAD_SUBORDINADA,VINCULADO
MEF-V3-DIC-0167,Declaración,ENG,ENG-085,ENG-085-DATA_TRUST_ENGINEERING.md,2,194;753,CANONICO,Declaración,AUTORIDAD_FND,TRAZABILIDAD_SUBORDINADA,VINCULADO
MEF-V3-DIC-0167,Declaración,ENG,ENG-086,ENG-086-DATA_PRODUCT_ENGINEERING.md,1,165,CANONICO,Declaración,AUTORIDAD_FND,TRAZABILIDAD_SUBORDINADA,VINCULADO
MEF-V3-DIC-0167,Declaración,ENG,ENG-087,ENG-087-DATA_EXCHANGE_SHARING_ENGINEERING.md,1,129,CANONICO,Declaración,AUTORIDAD_FND,TRAZABILIDAD_SUBORDINADA,VINCULADO
MEF-V3-DIC-0167,Declaración,ENG,ENG-088,ENG-088-DATA_FEDERATION_ENGINEERING.md,1,186,CANONICO,Declaración,AUTORIDAD_FND,TRAZABILIDAD_SUBORDINADA,VINCULADO
MEF-V3-DIC-0167,Declaración,ENG,ENG-089,ENG-089-DATA_LINEAGE_PROVENANCE_ENGINEERING.md,1,149,CANONICO,Declaración,AUTORIDAD_FND,TRAZABILIDAD_SUBORDINADA,VINCULADO
MEF-V3-DIC-0167,Declaración,ENG,ENG-090,ENG-090-DATA_CATALOG_ENGINEERING.md,1,199,CANONICO,Declaración,AUTORIDAD_FND,TRAZABILIDAD_SUBORDINADA,VINCULADO
MEF-V3-DIC-0167,Declaración,ENG,ENG-091,ENG-091-DATA_DISCOVERY_CLASSIFICATION_ENGINEERING.md,1,185,CANONICO,Declaración,AUTORIDAD_FND,TRAZABILIDAD_SUBORDINADA,VINCULADO
MEF-V3-DIC-0167,Declaración,ENG,ENG-092,ENG-092-DATA_RETENTION_DISPOSAL_ENGINEERING.md,1,192,CANONICO,Declaración,AUTORIDAD_FND,TRAZABILIDAD_SUBORDINADA,VINCULADO
MEF-V3-DIC-0167,Declaración,ENG,ENG-093,ENG-093-DATA_ARCHIVAL_PRESERVATION_ENGINEERING.md,1,193,CANONICO,Declaración,AUTORIDAD_FND,TRAZABILIDAD_SUBORDINADA,VINCULADO
MEF-V3-DIC-0167,Declaración,ENG,ENG-094,ENG-094-DATA_PORTABILITY_ENGINEERING.md,1,188,CANONICO,Declaración,AUTORIDAD_FND,TRAZABILIDAD_SUBORDINADA,VINCULADO
MEF-V3-DIC-0167,Declaración,ENG,ENG-095,ENG-095-DATA_SYNCHRONIZATION_ENGINEERING.md,1,247,CANONICO,Declaración,AUTORIDAD_FND,TRAZABILIDAD_SUBORDINADA,VINCULADO
MEF-V3-DIC-0167,Declaración,ENG,ENG-096,ENG-096-DATA_REPLICATION_ENGINEERING.md,1,251,CANONICO,Declaración,AUTORIDAD_FND,TRAZABILIDAD_SUBORDINADA,VINCULADO
MEF-V3-DIC-0167,Declaración,ENG,ENG-097,ENG-097-DATA_PARTITIONING_SHARDING_ENGINEERING.md,1,244,CANONICO,Declaración,AUTORIDAD_FND,TRAZABILIDAD_SUBORDINADA,VINCULADO
MEF-V3-DIC-0167,Declaración,ENG,ENG-098,ENG-098-DATA_DISTRIBUTION_ENGINEERING.md,1,215,CANONICO,Declaración,AUTORIDAD_FND,TRAZABILIDAD_SUBORDINADA,VINCULADO
MEF-V3-DIC-0167,Declaración,ENG,ENG-099,ENG-099-DATA_LOCALIZATION_RESIDENCY_ENGINEERING.md,1,272,CANONICO,Declaración,AUTORIDAD_FND,TRAZABILIDAD_SUBORDINADA,VINCULADO
MEF-V3-DIC-0167,Declaración,ENG,ENG-100,ENG-100-DATA_LIFECYCLE_ORCHESTRATION_ENGINEERING.md,1,247,CANONICO,Declaración,AUTORIDAD_FND,TRAZABILIDAD_SUBORDINADA,VINCULADO
MEF-V3-DIC-0167,Declaración,FND,FND-000,FND-000-Carta_del_Proyecto.md,1,216,CANONICO,Declaración,AUTORIDAD_FND,AUTORIDAD_PRIMARIA,VINCULADO
MEF-V3-DIC-0167,Declaración,FND,FND-001,FND-001-VISION.md,1,42,CANONICO,Declaración,AUTORIDAD_FND,AUTORIDAD_PRIMARIA,VINCULADO
MEF-V3-DIC-0167,Declaración,FND,FND-002,FND-02-MISION.md,1,43,CANONICO,Declaración,AUTORIDAD_FND,AUTORIDAD_PRIMARIA,VINCULADO
MEF-V3-DIC-0168,Declaración de Misión,FND,FND-002,FND-02-MISION.md,1,43,CANONICO,Declaración de Misión,AUTORIDAD_FND,AUTORIDAD_PRIMARIA,VINCULADO
MEF-V3-DIC-0169,Declaración de Visión,FND,FND-001,FND-001-VISION.md,1,42,CANONICO,Declaración de Visión,AUTORIDAD_FND,AUTORIDAD_PRIMARIA,VINCULADO
MEF-V3-DIC-0170,Ecosistema,ARQ,ARQ-017,ARQ-017-PACKAGING.md,1,294,CANONICO,Ecosistema,AUTORIDAD_FND,TRAZABILIDAD_SUBORDINADA,VINCULADO
MEF-V3-DIC-0170,Ecosistema,ENG,ENG-002,ENG-002-ESPECIFICACION_DE_MODULES.md,2,51;532,CANONICO,Ecosistema,AUTORIDAD_FND,TRAZABILIDAD_SUBORDINADA,VINCULADO
MEF-V3-DIC-0170,Ecosistema,ENG,ENG-003,ENG-003-MANIFEST.md,1,1383,CANONICO,Ecosistema,AUTORIDAD_FND,TRAZABILIDAD_SUBORDINADA,VINCULADO
MEF-V3-DIC-0170,Ecosistema,ENG,ENG-005,ENG-005-NOMENCLATURA.md,1,2042,CANONICO,Ecosistema,AUTORIDAD_FND,TRAZABILIDAD_SUBORDINADA,VINCULADO
MEF-V3-DIC-0170,Ecosistema,ENG,ENG-012,ENG-012-BUILD_SYSTEM.md,3,288;1023;1682,CANONICO,Ecosistema,AUTORIDAD_FND,TRAZABILIDAD_SUBORDINADA,VINCULADO
MEF-V3-DIC-0170,Ecosistema,ENG,ENG-013,ENG-013-PACKAGE_MANAGER.md,2,927;2232,CANONICO,Ecosistema,AUTORIDAD_FND,TRAZABILIDAD_SUBORDINADA,VINCULADO
MEF-V3-DIC-0170,Ecosistema,ENG,ENG-014,ENG-014-VERSIONADO.md,1,1638,CANONICO,Ecosistema,AUTORIDAD_FND,TRAZABILIDAD_SUBORDINADA,VINCULADO
MEF-V3-DIC-0170,Ecosistema,ENG,ENG-016,ENG-016-COMPATIBILITY.md,1,1981,CANONICO,Ecosistema,AUTORIDAD_FND,TRAZABILIDAD_SUBORDINADA,VINCULADO
MEF-V3-DIC-0170,Ecosistema,ENG,ENG-017,ENG-017-RELEASE_PROCESS.md,1,2268,CANONICO,Ecosistema,AUTORIDAD_FND,TRAZABILIDAD_SUBORDINADA,VINCULADO
MEF-V3-DIC-0170,Ecosistema,ENG,ENG-060,ENG-060-PLUGIN_ENGINEERING.md,1,381,CANONICO,Ecosistema,AUTORIDAD_FND,TRAZABILIDAD_SUBORDINADA,VINCULADO
MEF-V3-DIC-0170,Ecosistema,ENG,ENG-061,ENG-061-INTEROPERABILITY_ENGINEERING.md,1,704,CANONICO,Ecosistema,AUTORIDAD_FND,TRAZABILIDAD_SUBORDINADA,VINCULADO
MEF-V3-DIC-0170,Ecosistema,FND,FND-000,FND-000-Carta_del_Proyecto.md,1,142,CANONICO,Ecosistema,AUTORIDAD_FND,AUTORIDAD_PRIMARIA,VINCULADO
MEF-V3-DIC-0170,Ecosistema,FND,FND-001,FND-001-VISION.md,3,80;82;149,CANONICO,Ecosistema,AUTORIDAD_FND,AUTORIDAD_PRIMARIA,VINCULADO
MEF-V3-DIC-0170,Ecosistema,FND,FND-002,FND-02-MISION.md,2,89;162,CANONICO,Ecosistema,AUTORIDAD_FND,AUTORIDAD_PRIMARIA,VINCULADO
MEF-V3-DIC-0171,Ecosistema documental,FND,FND-000,FND-000-Carta_del_Proyecto.md,1,142,CANONICO,Ecosistema documental,AUTORIDAD_FND,AUTORIDAD_PRIMARIA,VINCULADO
MEF-V3-DIC-0171,Ecosistema documental,FND,FND-002,FND-02-MISION.md,1,89,CANONICO,Ecosistema documental,AUTORIDAD_FND,AUTORIDAD_PRIMARIA,VINCULADO
MEF-V3-DIC-0172,FND-000,ARQ,ARQ-000,ARQ-000-ARQUITECTURA_GENERAL.md,1,13,CANONICO,FND-000,AUTORIDAD_FND,TRAZABILIDAD_SUBORDINADA,VINCULADO
MEF-V3-DIC-0172,FND-000,FND,FND-000,FND-000-Carta_del_Proyecto.md,2,2;26,CANONICO,FND-000,AUTORIDAD_FND,AUTORIDAD_PRIMARIA,VINCULADO
MEF-V3-DIC-0172,FND-000,FND,FND-001,FND-001-VISION.md,1,13,CANONICO,FND-000,AUTORIDAD_FND,AUTORIDAD_PRIMARIA,VINCULADO
MEF-V3-DIC-0172,FND-000,FND,FND-002,FND-02-MISION.md,1,13,CANONICO,FND-000,AUTORIDAD_FND,AUTORIDAD_PRIMARIA,VINCULADO
MEF-V3-DIC-0172,FND-000,FND,FND-003,FND-03-VALORES.md,1,13,CANONICO,FND-000,AUTORIDAD_FND,AUTORIDAD_PRIMARIA,VINCULADO
MEF-V3-DIC-0172,FND-000,FND,FND-004,FND-04-PRINCIPIOS_DE_ARQUITECTURA.md,1,13,CANONICO,FND-000,AUTORIDAD_FND,AUTORIDAD_PRIMARIA,VINCULADO
MEF-V3-DIC-0172,FND-000,FND,FND-005,FND-05-LENGUAJE_OFICIAL_DE_MEF.md,1,13,CANONICO,FND-000,AUTORIDAD_FND,AUTORIDAD_PRIMARIA,VINCULADO
MEF-V3-DIC-0172,FND-000,FND,FND-006,FND-06-GOBERNANZA_TECNICA.md,1,13,CANONICO,FND-000,AUTORIDAD_FND,AUTORIDAD_PRIMARIA,VINCULADO
MEF-V3-DIC-0172,FND-000,FND,FND-012,FND-12-CONSTITUCION_DE_MEF.md,1,13,CANONICO,FND-000,AUTORIDAD_FND,AUTORIDAD_PRIMARIA,VINCULADO
MEF-V3-DIC-0172,FND-000,FND,FND-013,FND-13-INDEPENDENCIA_DEL_FRAMEWORK.md,1,13,CANONICO,FND-000,AUTORIDAD_FND,AUTORIDAD_PRIMARIA,VINCULADO
MEF-V3-DIC-0173,FND-001,FND,FND-000,FND-000-Carta_del_Proyecto.md,1,14,CANONICO,FND-001,AUTORIDAD_FND,AUTORIDAD_PRIMARIA,VINCULADO
MEF-V3-DIC-0173,FND-001,FND,FND-001,FND-001-VISION.md,2,2;25,CANONICO,FND-001,AUTORIDAD_FND,AUTORIDAD_PRIMARIA,VINCULADO
MEF-V3-DIC-0173,FND-001,FND,FND-002,FND-02-MISION.md,2,14;150,CANONICO,FND-001,AUTORIDAD_FND,AUTORIDAD_PRIMARIA,VINCULADO
MEF-V3-DIC-0173,FND-001,FND,FND-003,FND-03-VALORES.md,1,14,CANONICO,FND-001,AUTORIDAD_FND,AUTORIDAD_PRIMARIA,VINCULADO
MEF-V3-DIC-0173,FND-001,FND,FND-004,FND-04-PRINCIPIOS_DE_ARQUITECTURA.md,1,14,CANONICO,FND-001,AUTORIDAD_FND,AUTORIDAD_PRIMARIA,VINCULADO
MEF-V3-DIC-0174,FND-002,FND,FND-000,FND-000-Carta_del_Proyecto.md,1,15,CANONICO,FND-002,AUTORIDAD_FND,AUTORIDAD_PRIMARIA,VINCULADO
MEF-V3-DIC-0174,FND-002,FND,FND-001,FND-001-VISION.md,1,15,CANONICO,FND-002,AUTORIDAD_FND,AUTORIDAD_PRIMARIA,VINCULADO
MEF-V3-DIC-0174,FND-002,FND,FND-002,FND-02-MISION.md,2,2;26,CANONICO,FND-002,AUTORIDAD_FND,AUTORIDAD_PRIMARIA,VINCULADO
MEF-V3-DIC-0174,FND-002,FND,FND-003,FND-03-VALORES.md,1,15,CANONICO,FND-002,AUTORIDAD_FND,AUTORIDAD_PRIMARIA,VINCULADO
MEF-V3-DIC-0174,FND-002,FND,FND-004,FND-04-PRINCIPIOS_DE_ARQUITECTURA.md,1,15,CANONICO,FND-002,AUTORIDAD_FND,AUTORIDAD_PRIMARIA,VINCULADO
MEF-V3-DIC-0175,Gobernanza,ARQ,ARQ-004,ARQ-004-MODULES.md,1,237,CANONICO,Gobernanza,AUTORIDAD_FND,TRAZABILIDAD_SUBORDINADA,VINCULADO
MEF-V3-DIC-0175,Gobernanza,ARQ,ARQ-010,ARQ-010-TEMPLATE_ENGINE.md,1,228,CANONICO,Gobernanza,AUTORIDAD_FND,TRAZABILIDAD_SUBORDINADA,VINCULADO
MEF-V3-DIC-0175,Gobernanza,ARQ,ARQ-011,ARQ-011-CONTRACTS.md,1,221,CANONICO,Gobernanza,AUTORIDAD_FND,TRAZABILIDAD_SUBORDINADA,VINCULADO
MEF-V3-DIC-0175,Gobernanza,ARQ,ARQ-013,ARQ-013-CONFIGURATION.md,1,304,CANONICO,Gobernanza,AUTORIDAD_FND,TRAZABILIDAD_SUBORDINADA,VINCULADO
MEF-V3-DIC-0175,Gobernanza,ENG,ENG-000,ENG-000-INGENIERIA_GENERAL.md,4,211;354;630;689,CANONICO,Gobernanza,AUTORIDAD_FND,TRAZABILIDAD_SUBORDINADA,VINCULADO
MEF-V3-DIC-0175,Gobernanza,ENG,ENG-002,ENG-002-ESPECIFICACION_DE_MODULES.md,2,579;1043,CANONICO,Gobernanza,AUTORIDAD_FND,TRAZABILIDAD_SUBORDINADA,VINCULADO
MEF-V3-DIC-0175,Gobernanza,ENG,ENG-006,ENG-006-ESTRUCTURA_DE_DIRECTORIOS.md,1,1125,CANONICO,Gobernanza,AUTORIDAD_FND,TRAZABILIDAD_SUBORDINADA,VINCULADO
MEF-V3-DIC-0175,Gobernanza,ENG,ENG-009,ENG-009-TESTING.md,1,1765,CANONICO,Gobernanza,AUTORIDAD_FND,TRAZABILIDAD_SUBORDINADA,VINCULADO
MEF-V3-DIC-0175,Gobernanza,ENG,ENG-011,ENG-011-CONFIGURATION_FILES.md,1,2210,CANONICO,Gobernanza,AUTORIDAD_FND,TRAZABILIDAD_SUBORDINADA,VINCULADO
MEF-V3-DIC-0175,Gobernanza,ENG,ENG-013,ENG-013-PACKAGE_MANAGER.md,1,2673,CANONICO,Gobernanza,AUTORIDAD_FND,TRAZABILIDAD_SUBORDINADA,VINCULADO
MEF-V3-DIC-0175,Gobernanza,ENG,ENG-014,ENG-014-VERSIONADO.md,1,2314,CANONICO,Gobernanza,AUTORIDAD_FND,TRAZABILIDAD_SUBORDINADA,VINCULADO
MEF-V3-DIC-0175,Gobernanza,ENG,ENG-044,ENG-044-API_ENGINEERING.md,1,2099,CANONICO,Gobernanza,AUTORIDAD_FND,TRAZABILIDAD_SUBORDINADA,VINCULADO
MEF-V3-DIC-0175,Gobernanza,ENG,ENG-057,ENG-057-METADATA_ENGINEERING.md,1,2255,CANONICO,Gobernanza,AUTORIDAD_FND,TRAZABILIDAD_SUBORDINADA,VINCULADO
MEF-V3-DIC-0175,Gobernanza,FND,FND-000,FND-000-Carta_del_Proyecto.md,4,66;169;190;192,CANONICO,Gobernanza,AUTORIDAD_FND,AUTORIDAD_PRIMARIA,VINCULADO
MEF-V3-DIC-0175,Gobernanza,FND,FND-002,FND-02-MISION.md,1,45,CANONICO,Gobernanza,AUTORIDAD_FND,AUTORIDAD_PRIMARIA,VINCULADO
MEF-V3-DIC-0175,Gobernanza,FND,FND-006,FND-06-GOBERNANZA_TECNICA.md,3,3;6;22,CANONICO,Gobernanza,AUTORIDAD_FND,AUTORIDAD_PRIMARIA,VINCULADO
MEF-V3-DIC-0175,Gobernanza,FND,FND-010,FND-10-ARBOL_DE_DECISIONES.md,1,22,CANONICO,Gobernanza,AUTORIDAD_FND,AUTORIDAD_PRIMARIA,VINCULADO
MEF-V3-DIC-0175,Gobernanza,FND,FND-012,FND-12-CONSTITUCION_DE_MEF.md,2,6;22,CANONICO,Gobernanza,AUTORIDAD_FND,AUTORIDAD_PRIMARIA,VINCULADO
MEF-V3-DIC-0175,Gobernanza,FND,FND-013,FND-13-INDEPENDENCIA_DEL_FRAMEWORK.md,1,6,CANONICO,Gobernanza,AUTORIDAD_FND,AUTORIDAD_PRIMARIA,VINCULADO
MEF-V3-DIC-0175,Gobernanza,FND,FND-014,FND-014-GUIA_EDITORIAL.md,1,6,CANONICO,Gobernanza,AUTORIDAD_FND,AUTORIDAD_PRIMARIA,VINCULADO
MEF-V3-DIC-0176,Herramientas,ENG,ENG-000,ENG-000-INGENIERIA_GENERAL.md,2,180;799,CANONICO,Herramientas,AUTORIDAD_FND,TRAZABILIDAD_SUBORDINADA,VINCULADO
MEF-V3-DIC-0176,Herramientas,ENG,ENG-001,ENG-001-ORGANIZACION_DEL_CODIGO.md,2,122;943,CANONICO,Herramientas,AUTORIDAD_FND,TRAZABILIDAD_SUBORDINADA,VINCULADO
MEF-V3-DIC-0176,Herramientas,ENG,ENG-002,ENG-002-ESPECIFICACION_DE_MODULES.md,1,1138,CANONICO,Herramientas,AUTORIDAD_FND,TRAZABILIDAD_SUBORDINADA,VINCULADO
MEF-V3-DIC-0176,Herramientas,ENG,ENG-003,ENG-003-MANIFEST.md,2,281;738,CANONICO,Herramientas,AUTORIDAD_FND,TRAZABILIDAD_SUBORDINADA,VINCULADO
MEF-V3-DIC-0176,Herramientas,ENG,ENG-004,ENG-004-CONVENCIONES.md,3,100;376;1208,CANONICO,Herramientas,AUTORIDAD_FND,TRAZABILIDAD_SUBORDINADA,VINCULADO
MEF-V3-DIC-0176,Herramientas,ENG,ENG-005,ENG-005-NOMENCLATURA.md,2,70;2498,CANONICO,Herramientas,AUTORIDAD_FND,TRAZABILIDAD_SUBORDINADA,VINCULADO
MEF-V3-DIC-0176,Herramientas,ENG,ENG-006,ENG-006-ESTRUCTURA_DE_DIRECTORIOS.md,5,706;718;1371;1387;1620,CANONICO,Herramientas,AUTORIDAD_FND,TRAZABILIDAD_SUBORDINADA,VINCULADO
MEF-V3-DIC-0176,Herramientas,ENG,ENG-007,ENG-007-CLI.md,5,657;675;970;1001;1143,CANONICO,Herramientas,AUTORIDAD_FND,TRAZABILIDAD_SUBORDINADA,VINCULADO
MEF-V3-DIC-0176,Herramientas,ENG,ENG-010,ENG-010-LOGGING.md,3,1200;1346;1616,CANONICO,Herramientas,AUTORIDAD_FND,TRAZABILIDAD_SUBORDINADA,VINCULADO
MEF-V3-DIC-0176,Herramientas,ENG,ENG-012,ENG-012-BUILD_SYSTEM.md,6,344;765;772;1362;1694;1740,CANONICO,Herramientas,AUTORIDAD_FND,TRAZABILIDAD_SUBORDINADA,VINCULADO
MEF-V3-DIC-0176,Herramientas,ENG,ENG-014,ENG-014-VERSIONADO.md,1,68,CANONICO,Herramientas,AUTORIDAD_FND,TRAZABILIDAD_SUBORDINADA,VINCULADO
MEF-V3-DIC-0176,Herramientas,ENG,ENG-016,ENG-016-COMPATIBILITY.md,1,73,CANONICO,Herramientas,AUTORIDAD_FND,TRAZABILIDAD_SUBORDINADA,VINCULADO
MEF-V3-DIC-0176,Herramientas,ENG,ENG-021,ENG-021-CONTRACTS_ENGINNEERING.md,1,2121,CANONICO,Herramientas,AUTORIDAD_FND,TRAZABILIDAD_SUBORDINADA,VINCULADO
MEF-V3-DIC-0176,Herramientas,ENG,ENG-025,ENG-025-OBSERVABILITY_ENGINEERING.md,1,3146,CANONICO,Herramientas,AUTORIDAD_FND,TRAZABILIDAD_SUBORDINADA,VINCULADO
MEF-V3-DIC-0176,Herramientas,ENG,ENG-038,ENG-038-CONCURRENCY_ENGINEERING.md,1,2448,CANONICO,Herramientas,AUTORIDAD_FND,TRAZABILIDAD_SUBORDINADA,VINCULADO
MEF-V3-DIC-0176,Herramientas,ENG,ENG-043,ENG-043-DATA_ACCESS_ENGINEERING.md,1,1154,CANONICO,Herramientas,AUTORIDAD_FND,TRAZABILIDAD_SUBORDINADA,VINCULADO
MEF-V3-DIC-0176,Herramientas,ENG,ENG-070,ENG-070-PERFORMANCE_ENGINEERING.md,1,1145,CANONICO,Herramientas,AUTORIDAD_FND,TRAZABILIDAD_SUBORDINADA,VINCULADO
MEF-V3-DIC-0176,Herramientas,ENG,ENG-075,ENG-075-MAINTAINABILITY_ENGINEERING.md,2,1840;2176,CANONICO,Herramientas,AUTORIDAD_FND,TRAZABILIDAD_SUBORDINADA,VINCULADO
MEF-V3-DIC-0176,Herramientas,ENG,ENG-077,ENG-077-DURABILITY_ENGINEERING.md,1,2131,CANONICO,Herramientas,AUTORIDAD_FND,TRAZABILIDAD_SUBORDINADA,VINCULADO
MEF-V3-DIC-0176,Herramientas,ENG,ENG-078,ENG-078-CONSISTENCY_ENGINEERING.md,1,1883,CANONICO,Herramientas,AUTORIDAD_FND,TRAZABILIDAD_SUBORDINADA,VINCULADO
MEF-V3-DIC-0176,Herramientas,FND,FND-000,FND-000-Carta_del_Proyecto.md,1,136,CANONICO,Herramientas,AUTORIDAD_FND,AUTORIDAD_PRIMARIA,VINCULADO
MEF-V3-DIC-0176,Herramientas,FND,FND-001,FND-001-VISION.md,1,91,CANONICO,Herramientas,AUTORIDAD_FND,AUTORIDAD_PRIMARIA,VINCULADO
MEF-V3-DIC-0176,Herramientas,FND,FND-002,FND-02-MISION.md,2,93;95,CANONICO,Herramientas,AUTORIDAD_FND,AUTORIDAD_PRIMARIA,VINCULADO
MEF-V3-DIC-0177,Horizonte,FND,FND-001,FND-001-VISION.md,1,64,CANONICO,Horizonte,AUTORIDAD_FND,AUTORIDAD_PRIMARIA,VINCULADO
MEF-V3-DIC-0178,Impacto esperado,FND,FND-001,FND-001-VISION.md,1,134,CANONICO,Impacto esperado,AUTORIDAD_FND,AUTORIDAD_PRIMARIA,VINCULADO
MEF-V3-DIC-0179,Indicadores de éxito,FND,FND-001,FND-001-VISION.md,1,161,CANONICO,Indicadores de éxito,AUTORIDAD_FND,AUTORIDAD_PRIMARIA,VINCULADO
MEF-V3-DIC-0180,La arquitectura del Framework,ARQ,ARQ-013,ARQ-013-CONFIGURATION.md,1,129,CANONICO,La arquitectura del Framework,AUTORIDAD_FND,TRAZABILIDAD_SUBORDINADA,VINCULADO
MEF-V3-DIC-0180,La arquitectura del Framework,ENG,ENG-000,ENG-000-INGENIERIA_GENERAL.md,1,44,CANONICO,La arquitectura del Framework,AUTORIDAD_FND,TRAZABILIDAD_SUBORDINADA,VINCULADO
MEF-V3-DIC-0180,La arquitectura del Framework,ENG,ENG-018,ENG-018-DEPENDENCY_INJECTION.md,1,3006,CANONICO,La arquitectura del Framework,AUTORIDAD_FND,TRAZABILIDAD_SUBORDINADA,VINCULADO
MEF-V3-DIC-0180,La arquitectura del Framework,FND,FND-000,FND-000-Carta_del_Proyecto.md,1,88,CANONICO,La arquitectura del Framework,AUTORIDAD_FND,AUTORIDAD_PRIMARIA,VINCULADO
MEF-V3-DIC-0181,La Carta del Proyecto,FND,FND-000,FND-000-Carta_del_Proyecto.md,2,37;226,CANONICO,La Carta del Proyecto,AUTORIDAD_FND,AUTORIDAD_PRIMARIA,VINCULADO
MEF-V3-DIC-0182,La misión,FND,FND-002,FND-02-MISION.md,9,37;39;51;73;107;121;134;148;162,CANONICO,La misión,AUTORIDAD_FND,AUTORIDAD_PRIMARIA,VINCULADO
MEF-V3-DIC-0183,La misión de MEF,FND,FND-002,FND-02-MISION.md,5,37;51;73;121;162,CANONICO,La misión de MEF,AUTORIDAD_FND,AUTORIDAD_PRIMARIA,VINCULADO
MEF-V3-DIC-0184,La visión,FND,FND-001,FND-001-VISION.md,7,36;52;109;136;157;163;175,CANONICO,La visión,AUTORIDAD_FND,AUTORIDAD_PRIMARIA,VINCULADO
MEF-V3-DIC-0184,La visión,FND,FND-002,FND-02-MISION.md,3,144;146;150,CANONICO,La visión,AUTORIDAD_FND,AUTORIDAD_PRIMARIA,VINCULADO
MEF-V3-DIC-0185,La visión de MEF,FND,FND-001,FND-001-VISION.md,4,52;109;136;175,CANONICO,La visión de MEF,AUTORIDAD_FND,AUTORIDAD_PRIMARIA,VINCULADO
MEF-V3-DIC-0186,MEF,ARQ,ARQ-000,ARQ-000-ARQUITECTURA_GENERAL.md,1,10,CANONICO,MEF,AUTORIDAD_FND,TRAZABILIDAD_SUBORDINADA,VINCULADO
MEF-V3-DIC-0186,MEF,ARQ,ARQ-001,ARQ-001-VISION_ARQUITECTONICA.md,1,10,CANONICO,MEF,AUTORIDAD_FND,TRAZABILIDAD_SUBORDINADA,VINCULADO
MEF-V3-DIC-0186,MEF,ARQ,ARQ-002,ARQ-002-CORE.md,1,10,CANONICO,MEF,AUTORIDAD_FND,TRAZABILIDAD_SUBORDINADA,VINCULADO
MEF-V3-DIC-0186,MEF,ARQ,ARQ-003,ARQ-003-PLATFORM.md,1,10,CANONICO,MEF,AUTORIDAD_FND,TRAZABILIDAD_SUBORDINADA,VINCULADO
MEF-V3-DIC-0186,MEF,ARQ,ARQ-004,ARQ-004-MODULES.md,9,10;44;54;130;358;385;527;696;706,CANONICO,MEF,AUTORIDAD_FND,TRAZABILIDAD_SUBORDINADA,VINCULADO
MEF-V3-DIC-0186,MEF,ARQ,ARQ-005,ARQ-005-KERNEL.md,1,10,CANONICO,MEF,AUTORIDAD_FND,TRAZABILIDAD_SUBORDINADA,VINCULADO
MEF-V3-DIC-0186,MEF,ARQ,ARQ-006,ARQ-006-REGISTRY.md,1,10,CANONICO,MEF,AUTORIDAD_FND,TRAZABILIDAD_SUBORDINADA,VINCULADO
MEF-V3-DIC-0186,MEF,ARQ,ARQ-007,ARQ-007-SERVICE_CONTAINER.md,1,10,CANONICO,MEF,AUTORIDAD_FND,TRAZABILIDAD_SUBORDINADA,VINCULADO
MEF-V3-DIC-0186,MEF,ARQ,ARQ-008,ARQ-008-EVENT_BUS.md,1,10,CANONICO,MEF,AUTORIDAD_FND,TRAZABILIDAD_SUBORDINADA,VINCULADO
MEF-V3-DIC-0186,MEF,ARQ,ARQ-009,ARQ-009-BUILDERS.md,1,10,CANONICO,MEF,AUTORIDAD_FND,TRAZABILIDAD_SUBORDINADA,VINCULADO
MEF-V3-DIC-0186,MEF,ARQ,ARQ-010,ARQ-010-TEMPLATE_ENGINE.md,5,10;38;101;268;274,CANONICO,MEF,AUTORIDAD_FND,TRAZABILIDAD_SUBORDINADA,VINCULADO
MEF-V3-DIC-0186,MEF,ARQ,ARQ-011,ARQ-011-CONTRACTS.md,4,10;39;266;272,CANONICO,MEF,AUTORIDAD_FND,TRAZABILIDAD_SUBORDINADA,VINCULADO
MEF-V3-DIC-0186,MEF,ARQ,ARQ-012,ARQ-012-DEPENDENCY_INJECTION.md,5,10;39;125;250;256,CANONICO,MEF,AUTORIDAD_FND,TRAZABILIDAD_SUBORDINADA,VINCULADO
MEF-V3-DIC-0186,MEF,ARQ,ARQ-013,ARQ-013-CONFIGURATION.md,6,10;39;47;135;298;304,CANONICO,MEF,AUTORIDAD_FND,TRAZABILIDAD_SUBORDINADA,VINCULADO
MEF-V3-DIC-0186,MEF,ARQ,ARQ-014,ARQ-014-FRAMEWORK_LIFECYCLE.md,1,10,CANONICO,MEF,AUTORIDAD_FND,TRAZABILIDAD_SUBORDINADA,VINCULADO
MEF-V3-DIC-0186,MEF,ARQ,ARQ-015,ARQ-015-EXTENSION_MODEL.md,1,10,CANONICO,MEF,AUTORIDAD_FND,TRAZABILIDAD_SUBORDINADA,VINCULADO
MEF-V3-DIC-0186,MEF,ARQ,ARQ-016,ARQ-016-SECURITY.md,1,10,CANONICO,MEF,AUTORIDAD_FND,TRAZABILIDAD_SUBORDINADA,VINCULADO
MEF-V3-DIC-0186,MEF,ARQ,ARQ-017,ARQ-017-PACKAGING.md,7,10;41;49;174;279;286;292,CANONICO,MEF,AUTORIDAD_FND,TRAZABILIDAD_SUBORDINADA,VINCULADO
MEF-V3-DIC-0186,MEF,ENG,ENG-000,ENG-000-INGENIERIA_GENERAL.md,25,10;29;44;48;53;72;100;102;118;207;216;224;276;366;396;437;453;540;555;730;794;811;817;821;823,CANONICO,MEF,AUTORIDAD_FND,TRAZABILIDAD_SUBORDINADA,VINCULADO
MEF-V3-DIC-0186,MEF,ENG,ENG-001,ENG-001-ORGANIZACION_DEL_CODIGO.md,25,10;32;47;68;74;136;141;201;348;485;493;582;613;657;662;663;664;665;666;679;785;951;1003;1035;1041,CANONICO,MEF,AUTORIDAD_FND,TRAZABILIDAD_SUBORDINADA,VINCULADO
MEF-V3-DIC-0186,MEF,ENG,ENG-002,ENG-002-ESPECIFICACION_DE_MODULES.md,9,10;34;49;51;182;225;251;1116;1122,CANONICO,MEF,AUTORIDAD_FND,TRAZABILIDAD_SUBORDINADA,VINCULADO
MEF-V3-DIC-0186,MEF,ENG,ENG-003,ENG-003-MANIFEST.md,37,10;35;50;66;108;188;191;201;221;387;389;396;421;762;821;848;922;935;1014;1015;1016;1017;1018;1019;1020;1150;1199;1216;1217;1218;1219;1220;1260;1292;1377;1383;1397,CANONICO,MEF,AUTORIDAD_FND,TRAZABILIDAD_SUBORDINADA,VINCULADO
MEF-V3-DIC-0186,MEF,ENG,ENG-004,ENG-004-CONVENCIONES.md,28,10;34;49;65;75;94;149;304;307;310;428;585;654;655;656;657;1222;1243;1248;1268;1343;1371;1384;1440;1509;1527;1533;1560,CANONICO,MEF,AUTORIDAD_FND,TRAZABILIDAD_SUBORDINADA,VINCULADO
MEF-V3-DIC-0186,MEF,ENG,ENG-005,ENG-005-NOMENCLATURA.md,58,10;36;51;80;106;133;262;446;506;704;1053;1097;1102;1106;1111;1120;1149;1155;1156;1157;1163;1337;1407;1413;1414;1415;1416;1417;1546;1547;1548;1549;1550;1551;1560;1565;1573;1574;1575;1576;1577;1591;1592;1593;1665;1685;1932;2015;2124;2174;2175;2275;2303;2356;2435;2492;2498;2535,CANONICO,MEF,AUTORIDAD_FND,TRAZABILIDAD_SUBORDINADA,VINCULADO
MEF-V3-DIC-0186,MEF,ENG,ENG-006,ENG-006-ESTRUCTURA_DE_DIRECTORIOS.md,33,10;39;54;126;129;155;174;349;519;527;562;662;759;768;981;1017;1031;1040;1041;1042;1043;1072;1109;1136;1184;1234;1263;1371;1542;1554;1620;1626;1646,CANONICO,MEF,AUTORIDAD_FND,TRAZABILIDAD_SUBORDINADA,VINCULADO
MEF-V3-DIC-0186,MEF,ENG,ENG-007,ENG-007-CLI.md,97,10;37;52;108;114;119;169;175;176;177;178;240;241;242;243;244;245;259;298;335;336;337;353;354;355;356;357;358;370;371;372;383;388;389;390;391;443;444;445;459;460;461;473;474;475;476;488;489;490;491;505;511;514;519;525;526;527;528;529;530;590;713;804;867;881;893;927;928;929;941;946;960;1085;1115;1118;1132;1204;1377;1378;1379;1409;1450;1504;1505;1507;1508;1510;1511;1512;1513;1515;1516;1518;1519;1521;1542;1548,CANONICO,MEF,AUTORIDAD_FND,TRAZABILIDAD_SUBORDINADA,VINCULADO
MEF-V3-DIC-0186,MEF,ENG,ENG-008,ENG-008-GENERADORES.md,44,10;33;48;165;270;288;435;465;481;499;516;542;562;574;588;630;633;873;989;1001;1031;1048;1082;1104;1137;1174;1326;1327;1328;1329;1330;1331;1332;1333;1334;1340;1341;1342;1350;1366;1384;1438;1444;1469,CANONICO,MEF,AUTORIDAD_FND,TRAZABILIDAD_SUBORDINADA,VINCULADO
MEF-V3-DIC-0186,MEF,ENG,ENG-009,ENG-009-TESTING.md,24,10;42;57;73;128;130;156;286;329;360;361;362;722;783;859;907;942;983;1371;1573;1701;1726;1732;1752,CANONICO,MEF,AUTORIDAD_FND,TRAZABILIDAD_SUBORDINADA,VINCULADO
MEF-V3-DIC-0186,MEF,ENG,ENG-010,ENG-010-LOGGING.md,25,10;33;48;98;231;253;314;561;968;1003;1175;1200;1279;1280;1281;1282;1283;1295;1307;1344;1461;1475;1629;1769;1775,CANONICO,MEF,AUTORIDAD_FND,TRAZABILIDAD_SUBORDINADA,VINCULADO
MEF-V3-DIC-0186,MEF,ENG,ENG-011,ENG-011-CONFIGURATION_FILES.md,52,10;38;53;255;571;622;623;637;742;763;938;950;969;981;1157;1206;1211;1217;1226;1263;1283;1286;1294;1435;1463;1474;1480;1584;1585;1599;1600;1601;1602;1603;1604;1605;1728;1729;1730;1731;1737;2024;2035;2236;2286;2365;2448;2449;2450;2451;2458;2488,CANONICO,MEF,AUTORIDAD_FND,TRAZABILIDAD_SUBORDINADA,VINCULADO
MEF-V3-DIC-0186,MEF,ENG,ENG-012,ENG-012-BUILD_SYSTEM.md,23,10;36;51;213;447;512;661;669;674;749;807;1045;1336;1414;1435;1443;1457;1471;1563;1774;1805;1811;1845,CANONICO,MEF,AUTORIDAD_FND,TRAZABILIDAD_SUBORDINADA,VINCULADO
MEF-V3-DIC-0186,MEF,ENG,ENG-013,ENG-013-PACKAGE_MANAGER.md,56,10;39;54;56;131;149;341;453;465;653;671;691;706;768;1450;1462;1481;1493;1507;1513;1525;1535;1545;1559;1576;1608;1609;1610;1611;1612;1613;1614;1615;1616;1617;1804;2241;2354;2569;2852;2904;2905;2906;2907;2908;2909;2910;2911;2912;2918;2919;2920;2945;2951;3001;3016,CANONICO,MEF,AUTORIDAD_FND,TRAZABILIDAD_SUBORDINADA,VINCULADO
MEF-V3-DIC-0186,MEF,ENG,ENG-014,ENG-014-VERSIONADO.md,52,10;39;54;114;198;200;398;403;417;432;576;706;973;977;979;980;981;1190;1320;1465;1703;1720;1790;1823;2009;2010;2011;2012;2013;2014;2015;2016;2045;2057;2069;2075;2087;2101;2102;2103;2220;2236;2244;2264;2334;2529;2618;2633;2662;2668;2735;2751,CANONICO,MEF,AUTORIDAD_FND,TRAZABILIDAD_SUBORDINADA,VINCULADO
MEF-V3-DIC-0186,MEF,ENG,ENG-015,ENG-015-ARCHITECTURAL_STATE_MACHINE.md,35,10;39;54;129;320;449;469;487;871;1295;1386;1708;1915;1921;1933;1943;1963;1964;1976;2498;2499;2500;2501;2502;2503;2504;2505;2506;2507;2534;2691;2893;3077;3083;3094,CANONICO,MEF,AUTORIDAD_FND,TRAZABILIDAD_SUBORDINADA,VINCULADO
MEF-V3-DIC-0186,MEF,ENG,ENG-016,ENG-016-COMPATIBILITY.md,56,10;44;59;75;97;190;199;364;370;380;402;854;976;1201;1318;1322;1378;1515;1567;1609;1748;1749;1750;1751;1752;1753;1754;1755;1756;1757;1758;1759;1760;1761;1771;1801;1811;1821;1831;1843;1873;1895;1896;2156;2195;2379;2489;2494;2525;2532;2535;2586;2995;3073;3188;3246,CANONICO,MEF,AUTORIDAD_FND,TRAZABILIDAD_SUBORDINADA,VINCULADO
MEF-V3-DIC-0186,MEF,ENG,ENG-017,ENG-017-RELEASE_PROCESS.md,45,10;42;57;90;190;225;353;581;809;897;933;1326;1451;1696;1697;1698;1699;1748;1812;2034;2035;2036;2037;2038;2039;2040;2041;2042;2043;2044;2045;2046;2047;2048;2049;2050;2060;2065;2552;2588;2714;3076;3148;3213;3286,CANONICO,MEF,AUTORIDAD_FND,TRAZABILIDAD_SUBORDINADA,VINCULADO
MEF-V3-DIC-0186,MEF,ENG,ENG-018,ENG-018-DEPENDENCY_INJECTION.md,36,10;42;57;131;322;415;460;564;795;858;1199;1479;1549;1716;1717;1718;1719;1720;1721;1722;1723;1724;1725;1737;1763;1784;2096;2097;2098;2199;2293;2575;2596;2871;2923;2992,CANONICO,MEF,AUTORIDAD_FND,TRAZABILIDAD_SUBORDINADA,VINCULADO
MEF-V3-DIC-0186,MEF,ENG,ENG-019,ENG-019-SERVICE_CONTAINER.md,35,10;48;63;154;278;1438;1713;1714;1715;1721;2060;2072;2083;2100;2208;2209;2210;2211;2212;2213;2214;2215;2216;2217;2218;2219;2220;2221;2222;2234;2250;2274;2293;2311;2697,CANONICO,MEF,AUTORIDAD_FND,TRAZABILIDAD_SUBORDINADA,VINCULADO
MEF-V3-DIC-0186,MEF,ENG,ENG-020,ENG-020-REGISTRY_ENGINNEERING.md,38,10;50;65;67;1054;1858;2151;2152;2153;2154;2155;2156;2157;2158;2159;2160;2161;2162;2163;2164;2165;2175;2191;2210;2230;2246;2262;2510;2527;2589;2590;2591;2592;2593;2647;3106;3112;3174,CANONICO,MEF,AUTORIDAD_FND,TRAZABILIDAD_SUBORDINADA,VINCULADO
MEF-V3-DIC-0186,MEF,ENG,ENG-021,ENG-021-CONTRACTS_ENGINNEERING.md,41,10;49;64;393;418;740;1150;1444;1843;1846;1848;2068;2069;2070;2071;2072;2073;2393;2524;2525;2526;2527;2528;2529;2530;2531;2532;2533;2534;2535;2536;2537;2538;2548;2564;2583;2602;2627;2647;3165;3171,CANONICO,MEF,AUTORIDAD_FND,TRAZABILIDAD_SUBORDINADA,VINCULADO
MEF-V3-DIC-0186,MEF,ENG,ENG-022,ENG-022-EVENT_BUS_ENGINNEERING.md,52,10;56;71;676;725;881;970;1183;1413;1492;2305;2339;2353;2522;2523;2524;2525;2526;2527;2528;2529;2530;2531;2532;2533;2534;2535;2536;2537;2538;2539;2540;2541;2549;2565;2584;2606;2625;2641;2683;2684;2685;2686;2687;2688;2689;2900;2955;2977;3125;3376;3382,CANONICO,MEF,AUTORIDAD_FND,TRAZABILIDAD_SUBORDINADA,VINCULADO
MEF-V3-DIC-0186,MEF,ENG,ENG-023,ENG-023-ERROR_HANDLING.md,67,10;53;68;266;331;380;381;382;407;428;434;435;436;437;438;439;440;461;464;892;987;993;1042;1080;1240;1255;1565;1633;1643;1653;1661;1662;1663;1664;1665;1666;1667;1668;1669;1670;1671;1672;1673;1674;1675;1683;1688;1699;1704;1718;1733;2053;2207;2208;2209;2210;2227;2340;2420;2462;2513;2518;2526;3140;3255;3261;3331,CANONICO,MEF,AUTORIDAD_FND,TRAZABILIDAD_SUBORDINADA,VINCULADO
MEF-V3-DIC-0186,MEF,ENG,ENG-024,ENG-024-SECURITY_ENGINEERING.md,68,10;64;79;147;197;340;396;454;701;765;1013;1106;1308;1731;2095;2477;2906;2914;2915;2916;2917;2918;2919;2920;2921;2922;2923;2924;2925;2926;2927;2928;2929;2930;2931;2932;2933;2934;2935;2936;2937;2938;2939;2940;2941;2942;2943;2951;2964;2985;3001;3017;3033;3112;3113;3114;3115;3116;3117;3339;3361;3369;3385;3567;3664;3994;4000;4113,CANONICO,MEF,AUTORIDAD_FND,TRAZABILIDAD_SUBORDINADA,VINCULADO
MEF-V3-DIC-0186,MEF,ENG,ENG-025,ENG-025-OBSERVABILITY_ENGINEERING.md,101,10;51;66;111;183;229;280;315;388;389;390;391;399;402;661;678;690;702;744;745;746;754;755;756;757;765;766;767;775;776;777;785;786;787;795;796;797;798;808;809;810;820;821;822;924;1173;1525;1814;1815;1816;1817;1818;1819;1824;1837;1852;1858;1864;1925;2000;2001;2011;2253;2333;2345;2369;2422;2442;2450;2451;2452;2453;2454;2455;2456;2457;2458;2459;2460;2461;2462;2463;2464;2465;2466;2467;2468;2469;2477;2482;2493;2498;2509;2525;2538;2882;3146;3152;3157;3214;3219,CANONICO,MEF,AUTORIDAD_FND,TRAZABILIDAD_SUBORDINADA,VINCULADO
MEF-V3-DIC-0186,MEF,ENG,ENG-026,ENG-026-RUNTIME_PERFORMANCE_ENGINEERING.md,48,45;49;69;97;124;340;604;617;971;1297;1506;2061;2127;2365;2373;2374;2375;2376;2377;2378;2379;2380;2381;2382;2383;2384;2385;2386;2387;2395;2417;2439;2458;2477;2495;2496;2497;2498;2499;2500;2505;2516;2843;2962;3234;3459;3473;3498,CANONICO,MEF,AUTORIDAD_FND,TRAZABILIDAD_SUBORDINADA,VINCULADO
MEF-V3-DIC-0186,MEF,ENG,ENG-027,ENG-027-RUNTIME_ENGINEERING.md,65,10;56;71;73;103;137;1068;1069;1070;1071;1072;1073;1431;2130;2181;2182;2183;2184;2185;2186;2218;2344;2352;2353;2354;2355;2356;2357;2358;2359;2360;2361;2362;2363;2364;2365;2366;2367;2368;2369;2370;2371;2372;2373;2374;2375;2376;2384;2400;2416;2435;2451;2467;2553;2695;3215;3239;3536;3539;3558;3560;3578;3588;3633;3658,CANONICO,MEF,AUTORIDAD_FND,TRAZABILIDAD_SUBORDINADA,VINCULADO
MEF-V3-DIC-0186,MEF,ENG,ENG-028,ENG-028-MODULE_ENGINEERING.md,51,10;52;67;521;680;1652;1927;1935;1936;1937;1938;1939;1940;1941;1942;1943;1944;1945;1946;1947;1948;1949;1950;1951;1952;1953;1954;1962;1978;1995;2011;2030;2046;2062;2083;2107;2108;2109;2119;2120;2121;2122;2327;2328;2329;2330;2331;2332;2548;3319;3325,CANONICO,MEF,AUTORIDAD_FND,TRAZABILIDAD_SUBORDINADA,VINCULADO
MEF-V3-DIC-0186,MEF,ENG,ENG-029,ENG-029-EXTENSION_ENGINEERING.md,52,10;50;65;156;972;1373;1374;1375;1397;1398;1399;1400;1652;1653;1654;1655;1656;1657;1722;1730;1731;1732;1733;1734;1735;1736;1737;1738;1739;1740;1741;1742;1743;1744;1745;1746;1747;1748;1749;1757;1773;1792;1811;1830;1845;1861;1877;1896;2326;2520;2526;2554,CANONICO,MEF,AUTORIDAD_FND,TRAZABILIDAD_SUBORDINADA,VINCULADO
MEF-V3-DIC-0186,MEF,ENG,ENG-030,ENG-030-PERSISTENCE_ENGINEERING.md,53,10;48;63;94;146;346;613;852;1166;1230;1629;1684;1692;1693;1694;1695;1696;1697;1698;1699;1700;1701;1702;1703;1704;1705;1706;1707;1708;1709;1710;1711;1719;1735;1754;1770;1789;1813;1814;1815;1816;1817;1818;2221;2222;2223;2224;2225;2226;2227;2574;2939;2945,CANONICO,MEF,AUTORIDAD_FND,TRAZABILIDAD_SUBORDINADA,VINCULADO
MEF-V3-DIC-0186,MEF,ENG,ENG-031,ENG-031-SERIALIZATION_ENGINEERING.md,46,10;52;67;268;381;1473;1774;1782;1783;1784;1785;1786;1787;1788;1789;1790;1791;1792;1793;1794;1795;1796;1797;1798;1799;1800;1801;1809;1825;1844;1863;1879;1892;1993;1994;1995;1996;2385;2386;2387;2388;2389;3034;3118;3124;3190,CANONICO,MEF,AUTORIDAD_FND,TRAZABILIDAD_SUBORDINADA,VINCULADO
MEF-V3-DIC-0186,MEF,ENG,ENG-032,ENG-032-TRANSPORT_ENGINEERING.md,59,10;54;69;103;164;274;277;312;318;1081;1089;1090;1091;1092;1093;1094;1095;1096;1097;1098;1099;1100;1101;1102;1103;1104;1105;1106;1107;1108;1116;1129;1145;1164;1183;1536;1910;1911;1912;1913;1914;1924;1925;1926;1927;1928;1929;1930;2066;2376;2377;2378;2379;2380;2381;2688;3018;3129;3135,CANONICO,MEF,AUTORIDAD_FND,TRAZABILIDAD_SUBORDINADA,VINCULADO
MEF-V3-DIC-0186,MEF,ENG,ENG-033,ENG-033-INTERFACE_ENGINEERING.md,39,10;111;123;171;206;347;534;538;539;540;541;542;543;544;545;546;547;548;549;550;551;552;553;554;555;556;557;743;744;745;746;1036;1037;1038;1039;1040;1493;1623;1627,CANONICO,MEF,AUTORIDAD_FND,TRAZABILIDAD_SUBORDINADA,VINCULADO
MEF-V3-DIC-0186,MEF,ENG,ENG-034,ENG-034-APPLICATION_ENGINEERING.md,40,10;53;68;401;742;750;751;752;753;754;755;756;757;758;759;760;761;762;763;764;765;766;767;768;769;777;790;807;823;1204;1511;1512;1513;1514;1550;1551;1677;2897;2903;2952,CANONICO,MEF,AUTORIDAD_FND,TRAZABILIDAD_SUBORDINADA,VINCULADO
MEF-V3-DIC-0186,MEF,ENG,ENG-035,ENG-035-DOMAIN_ENGINEERING.md,36,10;56;71;232;358;823;826;835;836;837;838;839;840;841;842;843;844;845;846;847;848;849;850;851;852;853;854;862;878;897;1919;2806;3178;3344;3350;3459,CANONICO,MEF,AUTORIDAD_FND,TRAZABILIDAD_SUBORDINADA,VINCULADO
MEF-V3-DIC-0186,MEF,ENG,ENG-036,ENG-036-VALIDATION_ENGINEERING.md,37,10;50;65;238;597;961;988;996;997;998;999;1000;1001;1002;1003;1004;1005;1006;1007;1008;1009;1010;1011;1012;1013;1014;1015;1023;1036;1052;1071;1084;1906;1907;1908;2872;2878,CANONICO,MEF,AUTORIDAD_FND,TRAZABILIDAD_SUBORDINADA,VINCULADO
MEF-V3-DIC-0186,MEF,ENG,ENG-037,ENG-037-CACHING_ENGINEERING.md,43,10;54;69;218;978;1075;1435;1892;1893;1894;1895;1896;1897;1898;2307;2406;2415;2423;2424;2425;2426;2427;2428;2429;2430;2431;2432;2433;2434;2435;2436;2437;2438;2439;2440;2441;2442;2450;2463;2476;2492;3145;3151,CANONICO,MEF,AUTORIDAD_FND,TRAZABILIDAD_SUBORDINADA,VINCULADO
MEF-V3-DIC-0186,MEF,ENG,ENG-038,ENG-038-CONCURRENCY_ENGINEERING.md,39,10;55;70;1558;1983;1991;1992;1993;1994;1995;1996;1997;1998;1999;2000;2001;2002;2003;2004;2005;2006;2007;2008;2009;2010;2018;2037;2050;2063;2173;2174;2175;2176;2177;2178;2179;2798;3148;3154,CANONICO,MEF,AUTORIDAD_FND,TRAZABILIDAD_SUBORDINADA,VINCULADO
MEF-V3-DIC-0186,MEF,ENG,ENG-039,ENG-039-RESILIENCE_ENGINEERING.md,47,10;56;71;108;159;228;318;1348;1691;1692;1693;1694;1695;1696;1697;1698;1699;2016;2024;2025;2026;2027;2028;2029;2030;2031;2032;2033;2034;2035;2036;2037;2038;2039;2040;2041;2042;2043;2051;2070;2083;2096;2115;2131;2460;3045;3051,CANONICO,MEF,AUTORIDAD_FND,TRAZABILIDAD_SUBORDINADA,VINCULADO
MEF-V3-DIC-0186,MEF,ENG,ENG-040,ENG-040-SCHEDULING_BACKGROUND_JOBS_ENGINEERING.md,77,10;59;74;169;499;1085;1149;2009;2010;2011;2012;2013;2014;2015;2016;2026;2027;2028;2029;2039;2040;2041;2051;2052;2053;2054;2889;2890;2891;2892;2893;2894;2895;2896;2897;3171;3179;3180;3181;3182;3183;3184;3185;3186;3187;3188;3189;3190;3191;3192;3193;3194;3195;3196;3197;3198;3199;3200;3201;3202;3203;3204;3205;3206;3207;3208;3216;3229;3245;3258;3274;3282;3290;3612;3771;3974;3980,CANONICO,MEF,AUTORIDAD_FND,TRAZABILIDAD_SUBORDINADA,VINCULADO
MEF-V3-DIC-0186,MEF,ENG,ENG-041,ENG-041-MESSAGING_ENGINEERING.md,78,10;64;79;175;221;421;424;434;435;436;437;438;439;440;441;850;931;1583;1935;2093;2094;2095;2105;2106;2107;2108;2131;2132;2891;2899;2900;2901;2902;2903;2904;2905;2906;2907;2908;2909;2910;2911;2912;2913;2914;2915;2916;2917;2918;2919;2920;2921;2922;2923;2924;2925;2926;2927;2928;2936;2949;2965;2981;2997;3005;3013;3295;3296;3297;3298;3299;3300;3301;3302;3303;3582;3916;3922,CANONICO,MEF,AUTORIDAD_FND,TRAZABILIDAD_SUBORDINADA,VINCULADO
MEF-V3-DIC-0186,MEF,ENG,ENG-042,ENG-042-TRANSACTION_ENGINEERING.md,66,10;61;76;295;509;739;1113;1181;1612;1849;1857;1858;1859;1860;1861;1862;1863;1864;1865;1866;1867;1868;1869;1870;1871;1872;1873;1874;1875;1876;1877;1878;1879;1880;1881;1882;1883;1884;1885;1886;1894;1910;1926;1942;1957;2064;2065;2066;2067;2075;2085;2086;2087;2097;2098;2108;2109;2110;2422;2423;2424;2425;2426;2849;3179;3185,CANONICO,MEF,AUTORIDAD_FND,TRAZABILIDAD_SUBORDINADA,VINCULADO
MEF-V3-DIC-0186,MEF,ENG,ENG-043,ENG-043-DATA_ACCESS_ENGINEERING.md,58,10;64;79;503;945;1327;1363;1675;1676;1677;1687;1697;1707;2042;2050;2051;2052;2053;2054;2055;2056;2057;2058;2059;2060;2061;2062;2063;2064;2065;2066;2067;2068;2069;2070;2071;2072;2073;2074;2075;2076;2077;2078;2079;2087;2103;2122;2136;2149;2504;2505;2506;2507;2508;2509;2510;3360;3366,CANONICO,MEF,AUTORIDAD_FND,TRAZABILIDAD_SUBORDINADA,VINCULADO
MEF-V3-DIC-0186,MEF,ENG,ENG-044,ENG-044-API_ENGINEERING.md,55,10;67;82;2050;2144;2217;2218;2219;2220;2853;2854;2855;2856;2857;2858;2859;2860;3200;3208;3209;3210;3211;3212;3213;3214;3215;3216;3217;3218;3219;3220;3221;3222;3223;3224;3225;3226;3227;3228;3229;3230;3231;3232;3233;3234;3235;3236;3237;3245;3264;3278;3294;3310;3971;3977,CANONICO,MEF,AUTORIDAD_FND,TRAZABILIDAD_SUBORDINADA,VINCULADO
MEF-V3-DIC-0186,MEF,ENG,ENG-045,ENG-045-AUTHENTICATION_ENGINEERING.md,64,10;74;89;145;528;939;1083;1277;1313;1509;1859;1860;1861;1862;1863;1864;1865;1995;2025;2220;2228;2229;2230;2231;2232;2233;2234;2235;2236;2237;2238;2239;2240;2241;2242;2243;2244;2245;2246;2247;2248;2249;2250;2251;2252;2253;2254;2255;2256;2257;2265;2278;2291;2304;2315;2698;2699;2700;2701;2702;2703;2704;3602;3608,CANONICO,MEF,AUTORIDAD_FND,TRAZABILIDAD_SUBORDINADA,VINCULADO
MEF-V3-DIC-0186,MEF,ENG,ENG-046,ENG-046-AUTHORIZATION_ENGINEERING.md,58,10;76;91;149;669;1942;1950;1951;1952;1953;1954;1955;1956;1957;1958;1959;1960;1961;1962;1963;1964;1965;1966;1967;1968;1969;1970;1971;1972;1973;1974;1975;1976;1977;1978;1979;1987;2003;2013;2023;2036;2201;2202;2203;2204;2205;2206;2586;2587;2588;2589;2590;2591;2592;2593;2603;3692;3698,CANONICO,MEF,AUTORIDAD_FND,TRAZABILIDAD_SUBORDINADA,VINCULADO
MEF-V3-DIC-0186,MEF,ENG,ENG-047,ENG-047-IDENTITY_ACCESS_MANAGEMENT_ENGINEERING.md,76,10;75;90;148;247;414;733;1035;1594;1745;1763;1769;1779;1834;2017;2233;2234;2235;2236;2237;2238;2239;2240;2241;2242;2674;2675;2676;2677;2678;2679;2680;2681;2682;2683;2684;2685;3251;3259;3260;3261;3262;3263;3264;3265;3266;3267;3268;3269;3270;3271;3272;3273;3274;3275;3276;3277;3278;3279;3280;3281;3282;3283;3284;3285;3286;3287;3288;3289;3290;3291;3292;3293;3395;3765;3771,CANONICO,MEF,AUTORIDAD_FND,TRAZABILIDAD_SUBORDINADA,VINCULADO
MEF-V3-DIC-0186,MEF,ENG,ENG-048,ENG-048-MULTI_TENANCY_ENGINEERING.md,54,10;76;91;876;1898;1906;1907;1908;1909;1910;1911;1912;1913;1914;1915;1916;1917;1918;1919;1920;1921;1922;1923;1924;1925;1926;1927;1928;1929;1930;1931;1932;1933;1934;1935;1943;1956;1966;2272;2273;2274;2275;2276;2277;2278;2279;2280;2281;2282;2283;2284;2285;3247;3253,CANONICO,MEF,AUTORIDAD_FND,TRAZABILIDAD_SUBORDINADA,VINCULADO
MEF-V3-DIC-0186,MEF,ENG,ENG-049,ENG-049-CONFIGURATION_MANAGEMENT_ENGINEERING.md,66,10;81;96;146;295;296;297;415;435;524;591;756;769;1079;1817;1818;1819;1820;1821;1822;1823;2090;2091;2092;2093;2094;2095;2096;2097;2098;2099;2100;2101;2702;2710;2711;2712;2713;2714;2715;2716;2717;2718;2719;2720;2721;2722;2723;2724;2725;2726;2727;2728;2729;2730;2731;2732;2733;2734;2735;2736;2737;2738;2739;3226;3232,CANONICO,MEF,AUTORIDAD_FND,TRAZABILIDAD_SUBORDINADA,VINCULADO
MEF-V3-DIC-0186,MEF,ENG,ENG-050,ENG-050-FEATURE_MANAGEMENT_ENGINEERING.md,60,10;76;91;309;1440;1441;1442;1443;1444;1445;1446;1447;1483;1488;1743;1744;1745;1746;1747;1748;1749;1750;1751;1752;1753;1754;1755;2312;2320;2321;2322;2323;2324;2325;2326;2327;2328;2329;2330;2331;2332;2333;2334;2335;2336;2337;2338;2339;2340;2341;2342;2343;2344;2345;2346;2347;2348;2349;2752;2758,CANONICO,MEF,AUTORIDAD_FND,TRAZABILIDAD_SUBORDINADA,VINCULADO
MEF-V3-DIC-0186,MEF,ENG,ENG-051,ENG-051-POLICY_ENGINEERING.md,60,10;80;95;312;328;1403;1478;1479;1480;1481;1482;1483;1484;1485;1486;1761;1762;1763;1764;1765;1766;1767;1768;1769;1770;1771;1772;2419;2427;2428;2429;2430;2431;2432;2433;2434;2435;2436;2437;2438;2439;2440;2441;2442;2443;2444;2445;2446;2447;2448;2449;2450;2451;2452;2453;2454;2455;2456;2886;2892,CANONICO,MEF,AUTORIDAD_FND,TRAZABILIDAD_SUBORDINADA,VINCULADO
MEF-V3-DIC-0186,MEF,ENG,ENG-052,ENG-052-WORKFLOW_ENGINEERING.md,62,10;83;98;158;374;1900;1901;1902;1903;1904;1905;1906;1907;1908;1909;1910;2207;2208;2209;2210;2211;2212;2213;2214;2215;2216;2217;2218;2219;2831;2839;2840;2841;2842;2843;2844;2845;2846;2847;2848;2849;2850;2851;2852;2853;2854;2855;2856;2857;2858;2859;2860;2861;2862;2863;2864;2865;2866;2867;2868;3293;3299,CANONICO,MEF,AUTORIDAD_FND,TRAZABILIDAD_SUBORDINADA,VINCULADO
MEF-V3-DIC-0186,MEF,ENG,ENG-053,ENG-053-STATE_MANAGEMENT_ENGINEERING.md,59,10;90;105;164;1574;1575;1576;1577;1578;1579;1580;1581;1582;1583;1861;1862;1863;1864;1865;1866;1867;1868;1869;1870;1871;2454;2462;2463;2464;2465;2466;2467;2468;2469;2470;2471;2472;2473;2474;2475;2476;2477;2478;2479;2480;2481;2482;2483;2484;2485;2486;2487;2488;2489;2490;2491;2573;2880;2886,CANONICO,MEF,AUTORIDAD_FND,TRAZABILIDAD_SUBORDINADA,VINCULADO
MEF-V3-DIC-0186,MEF,ENG,ENG-054,ENG-054-RESOURCE_MANAGEMENT_ENGINEERING.md,62,10;87;102;163;406;1644;1645;1646;1647;1648;1649;1650;1651;1652;1653;1654;1655;1656;1960;1961;1962;1963;1964;1965;1966;1967;1968;1969;2608;2616;2617;2618;2619;2620;2621;2622;2623;2624;2625;2626;2627;2628;2629;2630;2631;2632;2633;2634;2635;2636;2637;2638;2639;2640;2641;2642;2643;2644;2645;2729;3110;3116,CANONICO,MEF,AUTORIDAD_FND,TRAZABILIDAD_SUBORDINADA,VINCULADO
MEF-V3-DIC-0186,MEF,ENG,ENG-055,ENG-055-LIFECYCLE_MANAGEMENT_ENGINEERING.md,58,10;85;100;167;1915;1916;1917;1918;1919;1920;1921;1922;1923;1924;2218;2219;2220;2221;2222;2223;2224;2225;2226;2227;2228;2651;2659;2660;2661;2662;2663;2664;2665;2666;2667;2668;2669;2670;2671;2672;2673;2674;2675;2676;2677;2678;2679;2680;2681;2682;2683;2684;2685;2686;2687;2688;3085;3091,CANONICO,MEF,AUTORIDAD_FND,TRAZABILIDAD_SUBORDINADA,VINCULADO
MEF-V3-DIC-0186,MEF,ENG,ENG-056,ENG-056-CONTEXT_MANAGEMENT_ENGINEERING.md,47,10;87;102;169;736;737;750;1869;1870;1871;1872;1873;1874;2359;2367;2368;2369;2370;2371;2372;2373;2374;2375;2376;2377;2378;2379;2380;2381;2382;2383;2384;2385;2386;2387;2388;2389;2390;2391;2392;2393;2394;2395;2396;2477;2877;2883,CANONICO,MEF,AUTORIDAD_FND,TRAZABILIDAD_SUBORDINADA,VINCULADO
MEF-V3-DIC-0186,MEF,ENG,ENG-057,ENG-057-METADATA_ENGINEERING.md,66,10;89;104;165;198;355;356;357;358;376;385;1609;1610;1611;1612;1613;1614;1615;1616;1617;1887;1888;1889;1890;1891;1892;1893;1894;2291;2426;2434;2435;2436;2437;2438;2439;2440;2441;2442;2443;2444;2445;2446;2447;2448;2449;2450;2451;2452;2453;2454;2455;2456;2457;2458;2459;2460;2461;2462;2463;2548;2551;2589;2822;2881;2887,CANONICO,MEF,AUTORIDAD_FND,TRAZABILIDAD_SUBORDINADA,VINCULADO
MEF-V3-DIC-0186,MEF,ENG,ENG-058,ENG-058-DISCOVERY_ENGINEERING.md,57,42;75;95;153;217;489;571;1217;1218;1219;1220;1221;1222;1223;1224;1521;1522;1523;1524;1525;1526;1527;1528;1981;1989;1990;1991;1992;1993;1994;1995;1996;1997;1998;1999;2000;2001;2002;2003;2004;2005;2006;2007;2008;2009;2010;2011;2012;2013;2014;2015;2016;2017;2018;2104;2399;2409,CANONICO,MEF,AUTORIDAD_FND,TRAZABILIDAD_SUBORDINADA,VINCULADO
MEF-V3-DIC-0186,MEF,ENG,ENG-059,ENG-059-RESOLUTION_ENGINEERING.md,55,52;83;103;164;1145;1318;1319;1320;1321;1322;1323;1324;1325;1326;1582;1583;1584;1585;1586;1587;1588;2013;2021;2022;2023;2024;2025;2026;2027;2028;2029;2030;2031;2032;2033;2034;2035;2036;2037;2038;2039;2040;2041;2042;2043;2044;2045;2046;2047;2048;2049;2050;2455;2534;2545,CANONICO,MEF,AUTORIDAD_FND,TRAZABILIDAD_SUBORDINADA,VINCULADO
MEF-V3-DIC-0186,MEF,ENG,ENG-060,ENG-060-PLUGIN_ENGINEERING.md,73,55;87;107;152;162;296;328;329;330;406;484;629;1702;1703;1704;1705;1706;1707;1708;1709;1794;1980;1981;1982;1983;1984;1985;1986;1987;1988;1989;1990;1991;2420;2564;2572;2573;2574;2575;2576;2577;2578;2579;2580;2581;2582;2583;2584;2585;2586;2587;2588;2589;2590;2591;2592;2593;2594;2595;2596;2597;2598;2599;2600;2601;2697;2770;2797;3009;3012;3100;3112;3164,CANONICO,MEF,AUTORIDAD_FND,TRAZABILIDAD_SUBORDINADA,VINCULADO
MEF-V3-DIC-0186,MEF,ENG,ENG-061,ENG-061-INTEROPERABILITY_ENGINEERING.md,69,10;90;105;162;185;195;212;307;327;407;416;487;615;992;1005;1589;1590;1591;1592;1593;1594;1595;1596;1892;1893;1894;1895;1896;1897;1898;2264;2272;2273;2274;2275;2276;2277;2278;2279;2280;2281;2282;2283;2284;2285;2286;2287;2288;2289;2290;2291;2292;2293;2294;2295;2296;2297;2298;2299;2300;2301;2395;2403;2405;2620;2624;2689;2695;2794,CANONICO,MEF,AUTORIDAD_FND,TRAZABILIDAD_SUBORDINADA,VINCULADO
MEF-V3-DIC-0186,MEF,ENG,ENG-062,ENG-062-SCHEMA_ENGINEERING.md,63,10;90;105;167;294;295;296;308;309;317;1018;1278;1521;1522;1523;1524;1525;1526;1527;1631;1916;1917;1918;1919;1920;1921;1922;1923;1924;2336;2344;2345;2346;2347;2348;2349;2350;2351;2352;2353;2354;2355;2356;2357;2358;2359;2360;2361;2362;2363;2364;2365;2366;2367;2368;2369;2370;2371;2372;2373;2468;2788;2794,CANONICO,MEF,AUTORIDAD_FND,TRAZABILIDAD_SUBORDINADA,VINCULADO
MEF-V3-DIC-0186,MEF,ENG,ENG-063,ENG-063-DATA_TRANSFORMATION_ENGINEERING.md,53,10;92;107;171;317;1576;1577;1578;1579;1580;1581;1582;1903;1904;1905;1906;1907;1908;1909;1910;2264;2272;2273;2274;2275;2276;2277;2278;2279;2280;2281;2282;2283;2284;2285;2286;2287;2288;2289;2290;2291;2292;2293;2294;2295;2296;2297;2298;2299;2300;2301;2732;2738,CANONICO,MEF,AUTORIDAD_FND,TRAZABILIDAD_SUBORDINADA,VINCULADO
MEF-V3-DIC-0186,MEF,ENG,ENG-064,ENG-064-DATA_PIPELINE_ENGINEERING.md,62,10;96;111;183;1849;1850;1851;1852;1853;1854;1855;1856;1857;1858;1859;2186;2187;2188;2189;2190;2191;2192;2193;2194;2195;2196;2197;2198;2636;2644;2645;2646;2647;2648;2649;2650;2651;2652;2653;2654;2655;2656;2657;2658;2659;2660;2661;2662;2663;2664;2665;2666;2667;2668;2669;2670;2671;2672;2673;2977;3049;3055,CANONICO,MEF,AUTORIDAD_FND,TRAZABILIDAD_SUBORDINADA,VINCULADO
MEF-V3-DIC-0186,MEF,ENG,ENG-065,ENG-065-MIGRATION_ENGINEERING.md,61,10;97;112;186;530;1834;1835;1836;1837;1838;1839;1840;1841;1842;2139;2140;2141;2142;2143;2144;2145;2146;2147;2148;2149;2150;2151;2637;2645;2646;2647;2648;2649;2650;2651;2652;2653;2654;2655;2656;2657;2658;2659;2660;2661;2662;2663;2664;2665;2666;2667;2668;2669;2670;2671;2672;2673;2674;2778;3067;3073,CANONICO,MEF,AUTORIDAD_FND,TRAZABILIDAD_SUBORDINADA,VINCULADO
MEF-V3-DIC-0186,MEF,ENG,ENG-066,ENG-066-UPGRADE_ENGINEERING.md,59,10;92;107;182;1575;1576;1577;1578;1579;1580;1581;1582;1848;1849;1850;1851;1852;1853;1854;1855;1856;1857;1858;1859;1860;2374;2382;2383;2384;2385;2386;2387;2388;2389;2390;2391;2392;2393;2394;2395;2396;2397;2398;2399;2400;2401;2402;2403;2404;2405;2406;2407;2408;2409;2410;2411;2506;2752;2758,CANONICO,MEF,AUTORIDAD_FND,TRAZABILIDAD_SUBORDINADA,VINCULADO
MEF-V3-DIC-0186,MEF,ENG,ENG-067,ENG-067-DEPLOYMENT_ENGINEERING.md,62,10;95;110;183;1875;1876;1877;1878;1879;1880;1881;1882;1883;1884;2156;2157;2158;2159;2160;2161;2162;2163;2164;2165;2166;2167;2168;2169;2579;2587;2588;2589;2590;2591;2592;2593;2594;2595;2596;2597;2598;2599;2600;2601;2602;2603;2604;2605;2606;2607;2608;2609;2610;2611;2612;2613;2614;2615;2616;2712;2979;2985,CANONICO,MEF,AUTORIDAD_FND,TRAZABILIDAD_SUBORDINADA,VINCULADO
MEF-V3-DIC-0186,MEF,ENG,ENG-068,ENG-068-ENVIRONMENT_ENGINEERING.md,60,10;94;109;178;210;260;1532;1533;1534;1535;1536;1537;1538;1919;1920;1921;1922;1923;1924;1925;1926;1927;1928;1929;1930;2447;2455;2456;2457;2458;2459;2460;2461;2462;2463;2464;2465;2466;2467;2468;2469;2470;2471;2472;2473;2474;2475;2476;2477;2478;2479;2480;2481;2482;2483;2484;2586;2790;2854;2860,CANONICO,MEF,AUTORIDAD_FND,TRAZABILIDAD_SUBORDINADA,VINCULADO
MEF-V3-DIC-0186,MEF,ENG,ENG-069,ENG-069-HEALTH_READINESS_ENGINEERING.md,58,10;96;111;175;1679;1680;1681;1683;1684;1686;1687;1688;1690;1691;1968;1969;1970;1971;1972;1973;1974;1975;1976;1981;2395;2403;2404;2405;2406;2407;2408;2409;2410;2411;2412;2413;2414;2415;2416;2417;2418;2419;2420;2421;2422;2423;2424;2425;2426;2427;2428;2429;2430;2431;2432;2533;2818;2824,CANONICO,MEF,AUTORIDAD_FND,TRAZABILIDAD_SUBORDINADA,VINCULADO
MEF-V3-DIC-0186,MEF,ENG,ENG-070,ENG-070-PERFORMANCE_ENGINEERING.md,49,10;100;115;202;1783;1784;1785;1786;1787;1788;2161;2162;2163;2164;2165;2166;2498;2506;2507;2508;2509;2510;2511;2512;2513;2514;2515;2516;2517;2518;2519;2520;2521;2522;2523;2524;2525;2526;2527;2528;2529;2530;2531;2532;2533;2534;2535;2937;2943,CANONICO,MEF,AUTORIDAD_FND,TRAZABILIDAD_SUBORDINADA,VINCULADO
MEF-V3-DIC-0186,MEF,ENG,ENG-071,ENG-071-CAPACITY_ENGINEERING.md,56,10;101;116;203;2187;2188;2189;2190;2191;2192;2193;2194;2195;2463;2464;2465;2466;2467;2468;2469;2470;2471;2476;3088;3096;3097;3098;3099;3100;3101;3102;3103;3104;3105;3106;3107;3108;3109;3110;3111;3112;3113;3114;3115;3116;3117;3118;3119;3120;3121;3122;3123;3124;3125;3532;3538,CANONICO,MEF,AUTORIDAD_FND,TRAZABILIDAD_SUBORDINADA,VINCULADO
MEF-V3-DIC-0186,MEF,ENG,ENG-072,ENG-072-SCALABILITY_ENGINEERING.md,57,10;99;114;193;1883;1884;1885;1886;1887;1888;1889;1890;2196;2197;2198;2199;2200;2201;2202;2203;2204;2205;2206;2211;2699;2707;2708;2709;2710;2711;2712;2713;2714;2715;2716;2717;2718;2719;2720;2721;2722;2723;2724;2725;2726;2727;2728;2729;2730;2731;2732;2733;2734;2735;2736;3144;3150,CANONICO,MEF,AUTORIDAD_FND,TRAZABILIDAD_SUBORDINADA,VINCULADO
MEF-V3-DIC-0186,MEF,ENG,ENG-073,ENG-073-AVAILABILITY_ENGINEERING.md,55,10;99;114;190;1864;1865;1866;1867;1868;1869;1870;1871;2182;2183;2184;2185;2186;2187;2188;2189;2190;2195;2773;2781;2782;2783;2784;2785;2786;2787;2788;2789;2790;2791;2792;2793;2794;2795;2796;2797;2798;2799;2800;2801;2802;2803;2804;2805;2806;2807;2808;2809;2810;3177;3183,CANONICO,MEF,AUTORIDAD_FND,TRAZABILIDAD_SUBORDINADA,VINCULADO
MEF-V3-DIC-0186,MEF,ENG,ENG-074,ENG-074-RELIABILITY_ENGINEERING.md,54,10;100;115;195;1873;1874;1875;1876;1877;1878;2203;2204;2205;2206;2207;2208;2209;2210;2211;2212;2217;2685;2693;2694;2695;2696;2697;2698;2699;2700;2701;2702;2703;2704;2705;2706;2707;2708;2709;2710;2711;2712;2713;2714;2715;2716;2717;2718;2719;2720;2721;2722;3105;3111,CANONICO,MEF,AUTORIDAD_FND,TRAZABILIDAD_SUBORDINADA,VINCULADO
MEF-V3-DIC-0186,MEF,ENG,ENG-075,ENG-075-MAINTAINABILITY_ENGINEERING.md,61,10;103;118;206;375;795;1896;1897;1898;1899;1901;1902;1903;1905;1906;1907;2397;2398;2399;2400;2401;2402;2403;2404;2405;2406;2411;2833;2841;2842;2843;2844;2845;2846;2847;2848;2849;2850;2851;2852;2853;2854;2855;2856;2857;2858;2859;2860;2861;2862;2863;2864;2865;2866;2867;2868;2869;2870;2972;3312;3318,CANONICO,MEF,AUTORIDAD_FND,TRAZABILIDAD_SUBORDINADA,VINCULADO
MEF-V3-DIC-0186,MEF,ENG,ENG-076,ENG-076-RECOVERABILITY_ENGINEERING.md,60,10;104;119;208;2095;2096;2097;2099;2100;2102;2103;2104;2105;2107;2108;2512;2513;2514;2515;2516;2517;2518;2519;2520;2521;2522;2527;3103;3111;3112;3113;3114;3115;3116;3117;3118;3119;3120;3121;3122;3123;3124;3125;3126;3127;3128;3129;3130;3131;3132;3133;3134;3135;3136;3137;3138;3139;3140;3559;3565,CANONICO,MEF,AUTORIDAD_FND,TRAZABILIDAD_SUBORDINADA,VINCULADO
MEF-V3-DIC-0186,MEF,ENG,ENG-077,ENG-077-DURABILITY_ENGINEERING.md,57,10;104;119;213;1974;1975;1976;1977;1979;1980;1981;1983;1984;1985;2343;2344;2345;2346;2347;2348;2349;2350;2351;2352;2357;2881;2889;2890;2891;2892;2893;2894;2895;2896;2897;2898;2899;2900;2901;2902;2903;2904;2905;2906;2907;2908;2909;2910;2911;2912;2913;2914;2915;2916;2917;2918;3339,CANONICO,MEF,AUTORIDAD_FND,TRAZABILIDAD_SUBORDINADA,VINCULADO
MEF-V3-DIC-0186,MEF,ENG,ENG-078,ENG-078-CONSISTENCY_ENGINEERING.md,56,10;105;120;208;2059;2060;2062;2063;2064;2066;2067;2069;2070;2407;2408;2409;2410;2411;2412;2413;2414;2415;2416;2421;2923;2931;2932;2933;2934;2935;2936;2937;2938;2939;2940;2941;2942;2943;2944;2945;2946;2947;2948;2949;2950;2951;2952;2953;2954;2955;2956;2957;2958;2959;2960;3400,CANONICO,MEF,AUTORIDAD_FND,TRAZABILIDAD_SUBORDINADA,VINCULADO
MEF-V3-DIC-0186,MEF,ENG,ENG-079,ENG-079-DATA_INTEGRITY_ENGINEERING.md,57,10;106;121;214;2284;2285;2287;2288;2289;2291;2292;2293;2295;2620;2621;2622;2623;2624;2625;2626;2627;2628;2629;2634;3178;3186;3187;3188;3189;3190;3191;3192;3193;3194;3195;3196;3197;3198;3199;3200;3201;3202;3203;3204;3205;3206;3207;3208;3209;3210;3211;3212;3213;3214;3215;3636;3642,CANONICO,MEF,AUTORIDAD_FND,TRAZABILIDAD_SUBORDINADA,VINCULADO
MEF-V3-DIC-0186,MEF,ENG,ENG-080,ENG-080-DATA_QUALITY_ENGINEERING.md,59,10;106;121;204;821;2306;2308;2309;2310;2311;2312;2313;2315;2316;2317;2318;2720;2721;2722;2723;2724;2725;2726;2727;2728;2729;2734;3200;3208;3209;3210;3211;3212;3213;3214;3215;3216;3217;3218;3219;3220;3221;3222;3223;3224;3225;3226;3227;3228;3229;3230;3231;3232;3233;3234;3235;3236;3237;3685,CANONICO,MEF,AUTORIDAD_FND,TRAZABILIDAD_SUBORDINADA,VINCULADO
MEF-V3-DIC-0186,MEF,ENG,ENG-081,ENG-081-DATA_GOVERNANCE_ENGINEERING.md,62,10;116;131;225;2843;2844;2845;2847;2848;2849;2851;2852;2854;2855;2857;3225;3226;3227;3228;3229;3230;3231;3232;3233;3234;3235;3236;3237;3242;3810;3818;3819;3820;3821;3822;3823;3824;3825;3826;3827;3828;3829;3830;3831;3832;3833;3834;3835;3836;3837;3838;3839;3840;3841;3842;3843;3844;3845;3846;3847;3949;4296,CANONICO,MEF,AUTORIDAD_FND,TRAZABILIDAD_SUBORDINADA,VINCULADO
MEF-V3-DIC-0186,MEF,ENG,ENG-082,ENG-082-DATA_PRIVACY_ENGINEERING.md,59,10;87;102;172;355;1996;1997;1999;2000;2002;2003;2005;2006;2008;2009;2338;2339;2340;2341;2342;2343;2344;2345;2346;2347;2352;2842;2850;2851;2852;2853;2854;2855;2856;2857;2858;2859;2861;2862;2863;2864;2865;2867;2868;2869;2871;2872;2873;2874;2876;2877;2878;2880;2881;2882;2884;2885;3191;3197,CANONICO,MEF,AUTORIDAD_FND,TRAZABILIDAD_SUBORDINADA,VINCULADO
MEF-V3-DIC-0186,MEF,ENG,ENG-083,ENG-083-DATA_COMPLIANCE_ENGINEERING.md,59,10;89;104;190;382;1658;1659;1661;1662;1664;1665;1666;1668;1669;2027;2028;2029;2030;2031;2032;2033;2034;2035;2036;2037;2042;2514;2522;2523;2524;2525;2526;2527;2528;2529;2530;2531;2533;2534;2535;2536;2538;2539;2540;2542;2543;2544;2546;2547;2549;2550;2552;2553;2554;2555;2556;2557;2667;3005,CANONICO,MEF,AUTORIDAD_FND,TRAZABILIDAD_SUBORDINADA,VINCULADO
MEF-V3-DIC-0186,MEF,ENG,ENG-084,ENG-084-DATA_ETHICS_ENGINEERING.md,62,10;91;106;187;389;651;2052;2053;2055;2056;2058;2060;2061;2062;2064;2065;2524;2525;2526;2527;2528;2529;2530;2531;2532;2533;2534;2535;2540;2789;2797;2798;2799;2800;2801;2802;2803;2804;2805;2807;2808;2809;2810;2812;2813;2814;2816;2817;2818;2819;2821;2822;2823;2824;2826;2827;2828;2829;2830;2831;3260;3266,CANONICO,MEF,AUTORIDAD_FND,TRAZABILIDAD_SUBORDINADA,VINCULADO
MEF-V3-DIC-0186,MEF,ENG,ENG-085,ENG-085-DATA_TRUST_ENGINEERING.md,57,10;100;115;196;2076;2077;2079;2080;2081;2083;2084;2086;2087;2634;2635;2636;2637;2638;2639;2640;2641;2642;2643;2644;2649;2766;2774;2775;2776;2777;2778;2779;2780;2781;2782;2783;2785;2786;2787;2788;2789;2790;2792;2793;2794;2795;2797;2798;2799;2800;2801;2802;2803;2804;2805;2806;3343,CANONICO,MEF,AUTORIDAD_FND,TRAZABILIDAD_SUBORDINADA,VINCULADO
MEF-V3-DIC-0186,MEF,ENG,ENG-086,ENG-086-DATA_PRODUCT_ENGINEERING.md,61,10;100;113;167;1026;1027;1028;1029;1030;1031;1032;1033;1034;1035;1036;1037;1295;1296;1297;1298;1299;1300;1301;1302;1303;1304;1305;1306;1316;1322;1323;1324;1325;1326;1327;1328;1329;1330;1331;1332;1333;1334;1335;1336;1337;1338;1339;1340;1341;1342;1343;1344;1345;1346;1347;1348;1349;1350;1351;1647;1653,CANONICO,MEF,AUTORIDAD_FND,TRAZABILIDAD_SUBORDINADA,VINCULADO
MEF-V3-DIC-0186,MEF,ENG,ENG-087,ENG-087-DATA_EXCHANGE_SHARING_ENGINEERING.md,62,10;74;87;131;407;763;764;765;766;767;768;769;770;771;772;773;774;1022;1023;1024;1025;1026;1027;1028;1029;1030;1031;1032;1042;1048;1049;1050;1051;1052;1053;1054;1055;1056;1057;1058;1059;1060;1061;1062;1063;1064;1065;1066;1067;1068;1069;1070;1071;1072;1073;1074;1075;1076;1077;1206;1331;1337,CANONICO,MEF,AUTORIDAD_FND,TRAZABILIDAD_SUBORDINADA,VINCULADO
MEF-V3-DIC-0186,MEF,ENG,ENG-088,ENG-088-DATA_FEDERATION_ENGINEERING.md,60,10;106;119;188;1148;1149;1150;1151;1152;1153;1154;1155;1156;1157;1158;1159;1555;1556;1557;1558;1559;1560;1561;1562;1563;1564;1574;1580;1581;1582;1583;1584;1585;1586;1587;1588;1589;1590;1591;1592;1593;1594;1595;1596;1597;1598;1599;1600;1601;1602;1603;1604;1605;1606;1607;1608;1609;1777;1940;1946,CANONICO,MEF,AUTORIDAD_FND,TRAZABILIDAD_SUBORDINADA,VINCULADO
MEF-V3-DIC-0186,MEF,ENG,ENG-089,ENG-089-DATA_LINEAGE_PROVENANCE_ENGINEERING.md,61,10;77;90;151;379;458;630;671;672;673;674;675;676;677;678;679;680;681;841;842;843;844;845;846;847;848;849;859;865;866;867;868;869;870;871;872;873;874;875;876;877;878;879;880;881;882;883;884;885;886;887;888;889;890;891;892;893;894;1032;1118;1124,CANONICO,MEF,AUTORIDAD_FND,TRAZABILIDAD_SUBORDINADA,VINCULADO
MEF-V3-DIC-0186,MEF,ENG,ENG-090,ENG-090-DATA_CATALOG_ENGINEERING.md,60,10;100;113;201;513;1251;1252;1253;1254;1255;1256;1257;1258;1259;1260;1261;1262;1624;1625;1626;1627;1628;1629;1630;1631;1632;1633;1643;1649;1650;1651;1652;1653;1654;1655;1656;1657;1658;1659;1660;1661;1662;1663;1664;1665;1666;1667;1668;1669;1670;1671;1672;1673;1674;1675;1676;1677;1678;1974;1980,CANONICO,MEF,AUTORIDAD_FND,TRAZABILIDAD_SUBORDINADA,VINCULADO
MEF-V3-DIC-0186,MEF,ENG,ENG-091,ENG-091-DATA_DISCOVERY_CLASSIFICATION_ENGINEERING.md,60,10;89;102;187;1296;1297;1298;1299;1300;1301;1302;1303;1304;1305;1306;1307;1308;1593;1594;1595;1596;1597;1598;1599;1600;1601;1602;1612;1618;1619;1620;1621;1622;1623;1624;1625;1626;1627;1628;1629;1630;1631;1632;1633;1634;1635;1636;1637;1638;1639;1640;1641;1642;1643;1644;1645;1646;1647;1961;1967,CANONICO,MEF,AUTORIDAD_FND,TRAZABILIDAD_SUBORDINADA,VINCULADO
MEF-V3-DIC-0186,MEF,ENG,ENG-092,ENG-092-DATA_RETENTION_DISPOSAL_ENGINEERING.md,63,10;99;112;194;599;918;1272;1273;1274;1275;1276;1277;1278;1279;1280;1281;1282;1283;1539;1540;1541;1542;1543;1544;1545;1546;1547;1548;1558;1564;1565;1566;1567;1568;1569;1570;1571;1572;1573;1574;1575;1576;1577;1578;1579;1580;1581;1582;1583;1584;1585;1586;1587;1588;1589;1590;1591;1592;1593;1757;1761;1898;1904,CANONICO,MEF,AUTORIDAD_FND,TRAZABILIDAD_SUBORDINADA,VINCULADO
MEF-V3-DIC-0186,MEF,ENG,ENG-093,ENG-093-DATA_ARCHIVAL_PRESERVATION_ENGINEERING.md,59,10;99;111;195;773;774;775;776;777;778;779;780;781;782;783;784;1008;1009;1010;1011;1012;1013;1014;1015;1016;1017;1027;1033;1034;1035;1036;1037;1038;1039;1040;1041;1042;1043;1044;1045;1046;1047;1048;1049;1050;1051;1052;1053;1054;1055;1056;1057;1058;1059;1060;1061;1062;1358;1364,CANONICO,MEF,AUTORIDAD_FND,TRAZABILIDAD_SUBORDINADA,VINCULADO
MEF-V3-DIC-0186,MEF,ENG,ENG-094,ENG-094-DATA_PORTABILITY_ENGINEERING.md,58,10;96;110;190;1215;1216;1217;1218;1219;1220;1221;1222;1223;1224;1225;1494;1495;1496;1497;1498;1499;1500;1501;1502;1503;1513;1519;1520;1521;1522;1523;1524;1525;1526;1527;1528;1529;1530;1531;1532;1533;1534;1535;1536;1537;1538;1539;1540;1541;1542;1543;1544;1545;1546;1547;1548;1863;1869,CANONICO,MEF,AUTORIDAD_FND,TRAZABILIDAD_SUBORDINADA,VINCULADO
MEF-V3-DIC-0186,MEF,ENG,ENG-095,ENG-095-DATA_SYNCHRONIZATION_ENGINEERING.md,5,10;111;126;249;618,CANONICO,MEF,AUTORIDAD_FND,TRAZABILIDAD_SUBORDINADA,VINCULADO
MEF-V3-DIC-0186,MEF,ENG,ENG-096,ENG-096-DATA_REPLICATION_ENGINEERING.md,5,10;112;127;253;647,CANONICO,MEF,AUTORIDAD_FND,TRAZABILIDAD_SUBORDINADA,VINCULADO
MEF-V3-DIC-0186,MEF,ENG,ENG-097,ENG-097-DATA_PARTITIONING_SHARDING_ENGINEERING.md,5,10;114;129;246;623,CANONICO,MEF,AUTORIDAD_FND,TRAZABILIDAD_SUBORDINADA,VINCULADO
MEF-V3-DIC-0186,MEF,ENG,ENG-098,ENG-098-DATA_DISTRIBUTION_ENGINEERING.md,5,10;105;120;217;619,CANONICO,MEF,AUTORIDAD_FND,TRAZABILIDAD_SUBORDINADA,VINCULADO
MEF-V3-DIC-0186,MEF,ENG,ENG-099,ENG-099-DATA_LOCALIZATION_RESIDENCY_ENGINEERING.md,5,10;111;126;274;695,CANONICO,MEF,AUTORIDAD_FND,TRAZABILIDAD_SUBORDINADA,VINCULADO
MEF-V3-DIC-0186,MEF,ENG,ENG-100,ENG-100-DATA_LIFECYCLE_ORCHESTRATION_ENGINEERING.md,7,10;106;121;249;994;1053;1065,CANONICO,MEF,AUTORIDAD_FND,TRAZABILIDAD_SUBORDINADA,VINCULADO
MEF-V3-DIC-0186,MEF,FND,FND-000,FND-000-Carta_del_Proyecto.md,17,9;37;45;47;49;51;66;72;94;107;125;138;174;180;192;218;226,CANONICO,MEF,AUTORIDAD_FND,AUTORIDAD_PRIMARIA,VINCULADO
MEF-V3-DIC-0186,MEF,FND,FND-001,FND-001-VISION.md,12,9;36;44;46;52;66;109;123;136;155;163;175,CANONICO,MEF,AUTORIDAD_FND,AUTORIDAD_PRIMARIA,VINCULADO
MEF-V3-DIC-0186,MEF,FND,FND-002,FND-02-MISION.md,9,9;37;51;59;73;121;134;156;162,CANONICO,MEF,AUTORIDAD_FND,AUTORIDAD_PRIMARIA,VINCULADO
MEF-V3-DIC-0186,MEF,FND,FND-003,FND-03-VALORES.md,1,10,CANONICO,MEF,AUTORIDAD_FND,AUTORIDAD_PRIMARIA,VINCULADO
MEF-V3-DIC-0186,MEF,FND,FND-004,FND-04-PRINCIPIOS_DE_ARQUITECTURA.md,1,10,CANONICO,MEF,AUTORIDAD_FND,AUTORIDAD_PRIMARIA,VINCULADO
MEF-V3-DIC-0186,MEF,FND,FND-005,FND-05-LENGUAJE_OFICIAL_DE_MEF.md,2,3;10,CANONICO,MEF,AUTORIDAD_FND,AUTORIDAD_PRIMARIA,VINCULADO
MEF-V3-DIC-0186,MEF,FND,FND-006,FND-06-GOBERNANZA_TECNICA.md,1,10,CANONICO,MEF,AUTORIDAD_FND,AUTORIDAD_PRIMARIA,VINCULADO
MEF-V3-DIC-0186,MEF,FND,FND-007,FND-07-MANIFIESTO_DE_INGENIERIA_DE_DESARROLLO.md,1,10,CANONICO,MEF,AUTORIDAD_FND,AUTORIDAD_PRIMARIA,VINCULADO
MEF-V3-DIC-0186,MEF,FND,FND-008,FND-08-DECALOGO_DEL_DESARROLLADOR.md,1,10,CANONICO,MEF,AUTORIDAD_FND,AUTORIDAD_PRIMARIA,VINCULADO
MEF-V3-DIC-0186,MEF,FND,FND-009,FND-09-FILOSOFIA_DE_DISENO.md,1,10,CANONICO,MEF,AUTORIDAD_FND,AUTORIDAD_PRIMARIA,VINCULADO
MEF-V3-DIC-0186,MEF,FND,FND-010,FND-10-ARBOL_DE_DECISIONES.md,1,10,CANONICO,MEF,AUTORIDAD_FND,AUTORIDAD_PRIMARIA,VINCULADO
MEF-V3-DIC-0186,MEF,FND,FND-011,FND-11-DOCTRINA_DE_ARQUITECTURA.md,1,10,CANONICO,MEF,AUTORIDAD_FND,AUTORIDAD_PRIMARIA,VINCULADO
MEF-V3-DIC-0186,MEF,FND,FND-012,FND-12-CONSTITUCION_DE_MEF.md,2,3;10,CANONICO,MEF,AUTORIDAD_FND,AUTORIDAD_PRIMARIA,VINCULADO
MEF-V3-DIC-0186,MEF,FND,FND-013,FND-13-INDEPENDENCIA_DEL_FRAMEWORK.md,1,10,CANONICO,MEF,AUTORIDAD_FND,AUTORIDAD_PRIMARIA,VINCULADO
MEF-V3-DIC-0186,MEF,FND,FND-014,FND-014-GUIA_EDITORIAL.md,1,10,CANONICO,MEF,AUTORIDAD_FND,AUTORIDAD_PRIMARIA,VINCULADO
MEF-V3-DIC-0187,MEF (Modular Enterprise Framework),ARQ,ARQ-004,ARQ-004-MODULES.md,1,44,CANONICO,MEF (Modular Enterprise Framework),AUTORIDAD_FND,TRAZABILIDAD_SUBORDINADA,VINCULADO
MEF-V3-DIC-0187,MEF (Modular Enterprise Framework),ARQ,ARQ-010,ARQ-010-TEMPLATE_ENGINE.md,1,38,CANONICO,MEF (Modular Enterprise Framework),AUTORIDAD_FND,TRAZABILIDAD_SUBORDINADA,VINCULADO
MEF-V3-DIC-0187,MEF (Modular Enterprise Framework),ARQ,ARQ-011,ARQ-011-CONTRACTS.md,1,39,CANONICO,MEF (Modular Enterprise Framework),AUTORIDAD_FND,TRAZABILIDAD_SUBORDINADA,VINCULADO
MEF-V3-DIC-0187,MEF (Modular Enterprise Framework),ARQ,ARQ-012,ARQ-012-DEPENDENCY_INJECTION.md,1,39,CANONICO,MEF (Modular Enterprise Framework),AUTORIDAD_FND,TRAZABILIDAD_SUBORDINADA,VINCULADO
MEF-V3-DIC-0187,MEF (Modular Enterprise Framework),ARQ,ARQ-013,ARQ-013-CONFIGURATION.md,1,39,CANONICO,MEF (Modular Enterprise Framework),AUTORIDAD_FND,TRAZABILIDAD_SUBORDINADA,VINCULADO
MEF-V3-DIC-0187,MEF (Modular Enterprise Framework),ARQ,ARQ-017,ARQ-017-PACKAGING.md,1,41,CANONICO,MEF (Modular Enterprise Framework),AUTORIDAD_FND,TRAZABILIDAD_SUBORDINADA,VINCULADO
MEF-V3-DIC-0187,MEF (Modular Enterprise Framework),ENG,ENG-000,ENG-000-INGENIERIA_GENERAL.md,1,44,CANONICO,MEF (Modular Enterprise Framework),AUTORIDAD_FND,TRAZABILIDAD_SUBORDINADA,VINCULADO
MEF-V3-DIC-0187,MEF (Modular Enterprise Framework),ENG,ENG-001,ENG-001-ORGANIZACION_DEL_CODIGO.md,1,47,CANONICO,MEF (Modular Enterprise Framework),AUTORIDAD_FND,TRAZABILIDAD_SUBORDINADA,VINCULADO
MEF-V3-DIC-0187,MEF (Modular Enterprise Framework),ENG,ENG-002,ENG-002-ESPECIFICACION_DE_MODULES.md,1,49,CANONICO,MEF (Modular Enterprise Framework),AUTORIDAD_FND,TRAZABILIDAD_SUBORDINADA,VINCULADO
MEF-V3-DIC-0187,MEF (Modular Enterprise Framework),ENG,ENG-004,ENG-004-CONVENCIONES.md,1,49,CANONICO,MEF (Modular Enterprise Framework),AUTORIDAD_FND,TRAZABILIDAD_SUBORDINADA,VINCULADO
MEF-V3-DIC-0187,MEF (Modular Enterprise Framework),ENG,ENG-005,ENG-005-NOMENCLATURA.md,1,51,CANONICO,MEF (Modular Enterprise Framework),AUTORIDAD_FND,TRAZABILIDAD_SUBORDINADA,VINCULADO
MEF-V3-DIC-0187,MEF (Modular Enterprise Framework),ENG,ENG-006,ENG-006-ESTRUCTURA_DE_DIRECTORIOS.md,1,54,CANONICO,MEF (Modular Enterprise Framework),AUTORIDAD_FND,TRAZABILIDAD_SUBORDINADA,VINCULADO
MEF-V3-DIC-0187,MEF (Modular Enterprise Framework),ENG,ENG-007,ENG-007-CLI.md,1,52,CANONICO,MEF (Modular Enterprise Framework),AUTORIDAD_FND,TRAZABILIDAD_SUBORDINADA,VINCULADO
MEF-V3-DIC-0187,MEF (Modular Enterprise Framework),ENG,ENG-008,ENG-008-GENERADORES.md,1,48,CANONICO,MEF (Modular Enterprise Framework),AUTORIDAD_FND,TRAZABILIDAD_SUBORDINADA,VINCULADO
MEF-V3-DIC-0187,MEF (Modular Enterprise Framework),ENG,ENG-009,ENG-009-TESTING.md,1,57,CANONICO,MEF (Modular Enterprise Framework),AUTORIDAD_FND,TRAZABILIDAD_SUBORDINADA,VINCULADO
MEF-V3-DIC-0187,MEF (Modular Enterprise Framework),ENG,ENG-010,ENG-010-LOGGING.md,1,48,CANONICO,MEF (Modular Enterprise Framework),AUTORIDAD_FND,TRAZABILIDAD_SUBORDINADA,VINCULADO
MEF-V3-DIC-0187,MEF (Modular Enterprise Framework),ENG,ENG-011,ENG-011-CONFIGURATION_FILES.md,1,53,CANONICO,MEF (Modular Enterprise Framework),AUTORIDAD_FND,TRAZABILIDAD_SUBORDINADA,VINCULADO
MEF-V3-DIC-0187,MEF (Modular Enterprise Framework),ENG,ENG-012,ENG-012-BUILD_SYSTEM.md,1,51,CANONICO,MEF (Modular Enterprise Framework),AUTORIDAD_FND,TRAZABILIDAD_SUBORDINADA,VINCULADO
MEF-V3-DIC-0187,MEF (Modular Enterprise Framework),ENG,ENG-013,ENG-013-PACKAGE_MANAGER.md,1,54,CANONICO,MEF (Modular Enterprise Framework),AUTORIDAD_FND,TRAZABILIDAD_SUBORDINADA,VINCULADO
MEF-V3-DIC-0187,MEF (Modular Enterprise Framework),ENG,ENG-014,ENG-014-VERSIONADO.md,1,54,CANONICO,MEF (Modular Enterprise Framework),AUTORIDAD_FND,TRAZABILIDAD_SUBORDINADA,VINCULADO
MEF-V3-DIC-0187,MEF (Modular Enterprise Framework),ENG,ENG-015,ENG-015-ARCHITECTURAL_STATE_MACHINE.md,1,54,CANONICO,MEF (Modular Enterprise Framework),AUTORIDAD_FND,TRAZABILIDAD_SUBORDINADA,VINCULADO
MEF-V3-DIC-0187,MEF (Modular Enterprise Framework),ENG,ENG-016,ENG-016-COMPATIBILITY.md,1,59,CANONICO,MEF (Modular Enterprise Framework),AUTORIDAD_FND,TRAZABILIDAD_SUBORDINADA,VINCULADO
MEF-V3-DIC-0187,MEF (Modular Enterprise Framework),ENG,ENG-017,ENG-017-RELEASE_PROCESS.md,1,57,CANONICO,MEF (Modular Enterprise Framework),AUTORIDAD_FND,TRAZABILIDAD_SUBORDINADA,VINCULADO
MEF-V3-DIC-0187,MEF (Modular Enterprise Framework),ENG,ENG-018,ENG-018-DEPENDENCY_INJECTION.md,1,57,CANONICO,MEF (Modular Enterprise Framework),AUTORIDAD_FND,TRAZABILIDAD_SUBORDINADA,VINCULADO
MEF-V3-DIC-0187,MEF (Modular Enterprise Framework),ENG,ENG-019,ENG-019-SERVICE_CONTAINER.md,1,63,CANONICO,MEF (Modular Enterprise Framework),AUTORIDAD_FND,TRAZABILIDAD_SUBORDINADA,VINCULADO
MEF-V3-DIC-0187,MEF (Modular Enterprise Framework),ENG,ENG-020,ENG-020-REGISTRY_ENGINNEERING.md,1,65,CANONICO,MEF (Modular Enterprise Framework),AUTORIDAD_FND,TRAZABILIDAD_SUBORDINADA,VINCULADO
MEF-V3-DIC-0187,MEF (Modular Enterprise Framework),ENG,ENG-021,ENG-021-CONTRACTS_ENGINNEERING.md,1,64,CANONICO,MEF (Modular Enterprise Framework),AUTORIDAD_FND,TRAZABILIDAD_SUBORDINADA,VINCULADO
MEF-V3-DIC-0187,MEF (Modular Enterprise Framework),ENG,ENG-022,ENG-022-EVENT_BUS_ENGINNEERING.md,1,71,CANONICO,MEF (Modular Enterprise Framework),AUTORIDAD_FND,TRAZABILIDAD_SUBORDINADA,VINCULADO
MEF-V3-DIC-0187,MEF (Modular Enterprise Framework),ENG,ENG-023,ENG-023-ERROR_HANDLING.md,1,68,CANONICO,MEF (Modular Enterprise Framework),AUTORIDAD_FND,TRAZABILIDAD_SUBORDINADA,VINCULADO
MEF-V3-DIC-0187,MEF (Modular Enterprise Framework),ENG,ENG-024,ENG-024-SECURITY_ENGINEERING.md,1,79,CANONICO,MEF (Modular Enterprise Framework),AUTORIDAD_FND,TRAZABILIDAD_SUBORDINADA,VINCULADO
MEF-V3-DIC-0187,MEF (Modular Enterprise Framework),ENG,ENG-025,ENG-025-OBSERVABILITY_ENGINEERING.md,1,66,CANONICO,MEF (Modular Enterprise Framework),AUTORIDAD_FND,TRAZABILIDAD_SUBORDINADA,VINCULADO
MEF-V3-DIC-0187,MEF (Modular Enterprise Framework),ENG,ENG-027,ENG-027-RUNTIME_ENGINEERING.md,1,71,CANONICO,MEF (Modular Enterprise Framework),AUTORIDAD_FND,TRAZABILIDAD_SUBORDINADA,VINCULADO
MEF-V3-DIC-0187,MEF (Modular Enterprise Framework),ENG,ENG-028,ENG-028-MODULE_ENGINEERING.md,1,67,CANONICO,MEF (Modular Enterprise Framework),AUTORIDAD_FND,TRAZABILIDAD_SUBORDINADA,VINCULADO
MEF-V3-DIC-0187,MEF (Modular Enterprise Framework),ENG,ENG-029,ENG-029-EXTENSION_ENGINEERING.md,1,65,CANONICO,MEF (Modular Enterprise Framework),AUTORIDAD_FND,TRAZABILIDAD_SUBORDINADA,VINCULADO
MEF-V3-DIC-0187,MEF (Modular Enterprise Framework),ENG,ENG-030,ENG-030-PERSISTENCE_ENGINEERING.md,1,63,CANONICO,MEF (Modular Enterprise Framework),AUTORIDAD_FND,TRAZABILIDAD_SUBORDINADA,VINCULADO
MEF-V3-DIC-0187,MEF (Modular Enterprise Framework),ENG,ENG-031,ENG-031-SERIALIZATION_ENGINEERING.md,1,67,CANONICO,MEF (Modular Enterprise Framework),AUTORIDAD_FND,TRAZABILIDAD_SUBORDINADA,VINCULADO
MEF-V3-DIC-0187,MEF (Modular Enterprise Framework),ENG,ENG-032,ENG-032-TRANSPORT_ENGINEERING.md,1,69,CANONICO,MEF (Modular Enterprise Framework),AUTORIDAD_FND,TRAZABILIDAD_SUBORDINADA,VINCULADO
MEF-V3-DIC-0187,MEF (Modular Enterprise Framework),ENG,ENG-033,ENG-033-INTERFACE_ENGINEERING.md,1,123,CANONICO,MEF (Modular Enterprise Framework),AUTORIDAD_FND,TRAZABILIDAD_SUBORDINADA,VINCULADO
MEF-V3-DIC-0187,MEF (Modular Enterprise Framework),ENG,ENG-034,ENG-034-APPLICATION_ENGINEERING.md,1,68,CANONICO,MEF (Modular Enterprise Framework),AUTORIDAD_FND,TRAZABILIDAD_SUBORDINADA,VINCULADO
MEF-V3-DIC-0187,MEF (Modular Enterprise Framework),ENG,ENG-035,ENG-035-DOMAIN_ENGINEERING.md,1,71,CANONICO,MEF (Modular Enterprise Framework),AUTORIDAD_FND,TRAZABILIDAD_SUBORDINADA,VINCULADO
MEF-V3-DIC-0187,MEF (Modular Enterprise Framework),ENG,ENG-036,ENG-036-VALIDATION_ENGINEERING.md,1,65,CANONICO,MEF (Modular Enterprise Framework),AUTORIDAD_FND,TRAZABILIDAD_SUBORDINADA,VINCULADO
MEF-V3-DIC-0187,MEF (Modular Enterprise Framework),ENG,ENG-037,ENG-037-CACHING_ENGINEERING.md,1,69,CANONICO,MEF (Modular Enterprise Framework),AUTORIDAD_FND,TRAZABILIDAD_SUBORDINADA,VINCULADO
MEF-V3-DIC-0187,MEF (Modular Enterprise Framework),ENG,ENG-038,ENG-038-CONCURRENCY_ENGINEERING.md,1,70,CANONICO,MEF (Modular Enterprise Framework),AUTORIDAD_FND,TRAZABILIDAD_SUBORDINADA,VINCULADO
MEF-V3-DIC-0187,MEF (Modular Enterprise Framework),ENG,ENG-039,ENG-039-RESILIENCE_ENGINEERING.md,1,71,CANONICO,MEF (Modular Enterprise Framework),AUTORIDAD_FND,TRAZABILIDAD_SUBORDINADA,VINCULADO
MEF-V3-DIC-0187,MEF (Modular Enterprise Framework),ENG,ENG-040,ENG-040-SCHEDULING_BACKGROUND_JOBS_ENGINEERING.md,1,74,CANONICO,MEF (Modular Enterprise Framework),AUTORIDAD_FND,TRAZABILIDAD_SUBORDINADA,VINCULADO
MEF-V3-DIC-0187,MEF (Modular Enterprise Framework),ENG,ENG-041,ENG-041-MESSAGING_ENGINEERING.md,1,79,CANONICO,MEF (Modular Enterprise Framework),AUTORIDAD_FND,TRAZABILIDAD_SUBORDINADA,VINCULADO
MEF-V3-DIC-0187,MEF (Modular Enterprise Framework),ENG,ENG-042,ENG-042-TRANSACTION_ENGINEERING.md,1,76,CANONICO,MEF (Modular Enterprise Framework),AUTORIDAD_FND,TRAZABILIDAD_SUBORDINADA,VINCULADO
MEF-V3-DIC-0187,MEF (Modular Enterprise Framework),ENG,ENG-043,ENG-043-DATA_ACCESS_ENGINEERING.md,1,79,CANONICO,MEF (Modular Enterprise Framework),AUTORIDAD_FND,TRAZABILIDAD_SUBORDINADA,VINCULADO
MEF-V3-DIC-0187,MEF (Modular Enterprise Framework),ENG,ENG-044,ENG-044-API_ENGINEERING.md,1,82,CANONICO,MEF (Modular Enterprise Framework),AUTORIDAD_FND,TRAZABILIDAD_SUBORDINADA,VINCULADO
MEF-V3-DIC-0187,MEF (Modular Enterprise Framework),ENG,ENG-045,ENG-045-AUTHENTICATION_ENGINEERING.md,1,89,CANONICO,MEF (Modular Enterprise Framework),AUTORIDAD_FND,TRAZABILIDAD_SUBORDINADA,VINCULADO
MEF-V3-DIC-0187,MEF (Modular Enterprise Framework),ENG,ENG-046,ENG-046-AUTHORIZATION_ENGINEERING.md,1,91,CANONICO,MEF (Modular Enterprise Framework),AUTORIDAD_FND,TRAZABILIDAD_SUBORDINADA,VINCULADO
MEF-V3-DIC-0187,MEF (Modular Enterprise Framework),ENG,ENG-047,ENG-047-IDENTITY_ACCESS_MANAGEMENT_ENGINEERING.md,1,90,CANONICO,MEF (Modular Enterprise Framework),AUTORIDAD_FND,TRAZABILIDAD_SUBORDINADA,VINCULADO
MEF-V3-DIC-0187,MEF (Modular Enterprise Framework),ENG,ENG-048,ENG-048-MULTI_TENANCY_ENGINEERING.md,1,91,CANONICO,MEF (Modular Enterprise Framework),AUTORIDAD_FND,TRAZABILIDAD_SUBORDINADA,VINCULADO
MEF-V3-DIC-0187,MEF (Modular Enterprise Framework),ENG,ENG-049,ENG-049-CONFIGURATION_MANAGEMENT_ENGINEERING.md,1,96,CANONICO,MEF (Modular Enterprise Framework),AUTORIDAD_FND,TRAZABILIDAD_SUBORDINADA,VINCULADO
MEF-V3-DIC-0187,MEF (Modular Enterprise Framework),ENG,ENG-050,ENG-050-FEATURE_MANAGEMENT_ENGINEERING.md,1,91,CANONICO,MEF (Modular Enterprise Framework),AUTORIDAD_FND,TRAZABILIDAD_SUBORDINADA,VINCULADO
MEF-V3-DIC-0187,MEF (Modular Enterprise Framework),ENG,ENG-051,ENG-051-POLICY_ENGINEERING.md,1,95,CANONICO,MEF (Modular Enterprise Framework),AUTORIDAD_FND,TRAZABILIDAD_SUBORDINADA,VINCULADO
MEF-V3-DIC-0187,MEF (Modular Enterprise Framework),ENG,ENG-052,ENG-052-WORKFLOW_ENGINEERING.md,1,98,CANONICO,MEF (Modular Enterprise Framework),AUTORIDAD_FND,TRAZABILIDAD_SUBORDINADA,VINCULADO
MEF-V3-DIC-0187,MEF (Modular Enterprise Framework),ENG,ENG-053,ENG-053-STATE_MANAGEMENT_ENGINEERING.md,1,105,CANONICO,MEF (Modular Enterprise Framework),AUTORIDAD_FND,TRAZABILIDAD_SUBORDINADA,VINCULADO
MEF-V3-DIC-0187,MEF (Modular Enterprise Framework),ENG,ENG-054,ENG-054-RESOURCE_MANAGEMENT_ENGINEERING.md,1,102,CANONICO,MEF (Modular Enterprise Framework),AUTORIDAD_FND,TRAZABILIDAD_SUBORDINADA,VINCULADO
MEF-V3-DIC-0187,MEF (Modular Enterprise Framework),ENG,ENG-055,ENG-055-LIFECYCLE_MANAGEMENT_ENGINEERING.md,1,100,CANONICO,MEF (Modular Enterprise Framework),AUTORIDAD_FND,TRAZABILIDAD_SUBORDINADA,VINCULADO
MEF-V3-DIC-0187,MEF (Modular Enterprise Framework),ENG,ENG-056,ENG-056-CONTEXT_MANAGEMENT_ENGINEERING.md,1,102,CANONICO,MEF (Modular Enterprise Framework),AUTORIDAD_FND,TRAZABILIDAD_SUBORDINADA,VINCULADO
MEF-V3-DIC-0187,MEF (Modular Enterprise Framework),ENG,ENG-057,ENG-057-METADATA_ENGINEERING.md,1,104,CANONICO,MEF (Modular Enterprise Framework),AUTORIDAD_FND,TRAZABILIDAD_SUBORDINADA,VINCULADO
MEF-V3-DIC-0187,MEF (Modular Enterprise Framework),ENG,ENG-061,ENG-061-INTEROPERABILITY_ENGINEERING.md,1,105,CANONICO,MEF (Modular Enterprise Framework),AUTORIDAD_FND,TRAZABILIDAD_SUBORDINADA,VINCULADO
MEF-V3-DIC-0187,MEF (Modular Enterprise Framework),ENG,ENG-062,ENG-062-SCHEMA_ENGINEERING.md,1,105,CANONICO,MEF (Modular Enterprise Framework),AUTORIDAD_FND,TRAZABILIDAD_SUBORDINADA,VINCULADO
MEF-V3-DIC-0187,MEF (Modular Enterprise Framework),ENG,ENG-063,ENG-063-DATA_TRANSFORMATION_ENGINEERING.md,1,107,CANONICO,MEF (Modular Enterprise Framework),AUTORIDAD_FND,TRAZABILIDAD_SUBORDINADA,VINCULADO
MEF-V3-DIC-0187,MEF (Modular Enterprise Framework),ENG,ENG-064,ENG-064-DATA_PIPELINE_ENGINEERING.md,1,111,CANONICO,MEF (Modular Enterprise Framework),AUTORIDAD_FND,TRAZABILIDAD_SUBORDINADA,VINCULADO
MEF-V3-DIC-0187,MEF (Modular Enterprise Framework),ENG,ENG-065,ENG-065-MIGRATION_ENGINEERING.md,1,112,CANONICO,MEF (Modular Enterprise Framework),AUTORIDAD_FND,TRAZABILIDAD_SUBORDINADA,VINCULADO
MEF-V3-DIC-0187,MEF (Modular Enterprise Framework),ENG,ENG-066,ENG-066-UPGRADE_ENGINEERING.md,1,107,CANONICO,MEF (Modular Enterprise Framework),AUTORIDAD_FND,TRAZABILIDAD_SUBORDINADA,VINCULADO
MEF-V3-DIC-0187,MEF (Modular Enterprise Framework),ENG,ENG-067,ENG-067-DEPLOYMENT_ENGINEERING.md,1,110,CANONICO,MEF (Modular Enterprise Framework),AUTORIDAD_FND,TRAZABILIDAD_SUBORDINADA,VINCULADO
MEF-V3-DIC-0187,MEF (Modular Enterprise Framework),ENG,ENG-068,ENG-068-ENVIRONMENT_ENGINEERING.md,1,109,CANONICO,MEF (Modular Enterprise Framework),AUTORIDAD_FND,TRAZABILIDAD_SUBORDINADA,VINCULADO
MEF-V3-DIC-0187,MEF (Modular Enterprise Framework),ENG,ENG-069,ENG-069-HEALTH_READINESS_ENGINEERING.md,1,111,CANONICO,MEF (Modular Enterprise Framework),AUTORIDAD_FND,TRAZABILIDAD_SUBORDINADA,VINCULADO
MEF-V3-DIC-0187,MEF (Modular Enterprise Framework),ENG,ENG-070,ENG-070-PERFORMANCE_ENGINEERING.md,1,115,CANONICO,MEF (Modular Enterprise Framework),AUTORIDAD_FND,TRAZABILIDAD_SUBORDINADA,VINCULADO
MEF-V3-DIC-0187,MEF (Modular Enterprise Framework),ENG,ENG-071,ENG-071-CAPACITY_ENGINEERING.md,1,116,CANONICO,MEF (Modular Enterprise Framework),AUTORIDAD_FND,TRAZABILIDAD_SUBORDINADA,VINCULADO
MEF-V3-DIC-0187,MEF (Modular Enterprise Framework),ENG,ENG-072,ENG-072-SCALABILITY_ENGINEERING.md,1,114,CANONICO,MEF (Modular Enterprise Framework),AUTORIDAD_FND,TRAZABILIDAD_SUBORDINADA,VINCULADO
MEF-V3-DIC-0187,MEF (Modular Enterprise Framework),ENG,ENG-073,ENG-073-AVAILABILITY_ENGINEERING.md,1,114,CANONICO,MEF (Modular Enterprise Framework),AUTORIDAD_FND,TRAZABILIDAD_SUBORDINADA,VINCULADO
MEF-V3-DIC-0187,MEF (Modular Enterprise Framework),ENG,ENG-074,ENG-074-RELIABILITY_ENGINEERING.md,1,115,CANONICO,MEF (Modular Enterprise Framework),AUTORIDAD_FND,TRAZABILIDAD_SUBORDINADA,VINCULADO
MEF-V3-DIC-0187,MEF (Modular Enterprise Framework),ENG,ENG-075,ENG-075-MAINTAINABILITY_ENGINEERING.md,1,118,CANONICO,MEF (Modular Enterprise Framework),AUTORIDAD_FND,TRAZABILIDAD_SUBORDINADA,VINCULADO
MEF-V3-DIC-0187,MEF (Modular Enterprise Framework),ENG,ENG-076,ENG-076-RECOVERABILITY_ENGINEERING.md,1,119,CANONICO,MEF (Modular Enterprise Framework),AUTORIDAD_FND,TRAZABILIDAD_SUBORDINADA,VINCULADO
MEF-V3-DIC-0187,MEF (Modular Enterprise Framework),ENG,ENG-077,ENG-077-DURABILITY_ENGINEERING.md,1,119,CANONICO,MEF (Modular Enterprise Framework),AUTORIDAD_FND,TRAZABILIDAD_SUBORDINADA,VINCULADO
MEF-V3-DIC-0187,MEF (Modular Enterprise Framework),ENG,ENG-078,ENG-078-CONSISTENCY_ENGINEERING.md,1,120,CANONICO,MEF (Modular Enterprise Framework),AUTORIDAD_FND,TRAZABILIDAD_SUBORDINADA,VINCULADO
MEF-V3-DIC-0187,MEF (Modular Enterprise Framework),ENG,ENG-079,ENG-079-DATA_INTEGRITY_ENGINEERING.md,1,121,CANONICO,MEF (Modular Enterprise Framework),AUTORIDAD_FND,TRAZABILIDAD_SUBORDINADA,VINCULADO
MEF-V3-DIC-0187,MEF (Modular Enterprise Framework),ENG,ENG-080,ENG-080-DATA_QUALITY_ENGINEERING.md,1,121,CANONICO,MEF (Modular Enterprise Framework),AUTORIDAD_FND,TRAZABILIDAD_SUBORDINADA,VINCULADO
MEF-V3-DIC-0187,MEF (Modular Enterprise Framework),ENG,ENG-081,ENG-081-DATA_GOVERNANCE_ENGINEERING.md,1,131,CANONICO,MEF (Modular Enterprise Framework),AUTORIDAD_FND,TRAZABILIDAD_SUBORDINADA,VINCULADO
MEF-V3-DIC-0187,MEF (Modular Enterprise Framework),ENG,ENG-082,ENG-082-DATA_PRIVACY_ENGINEERING.md,1,102,CANONICO,MEF (Modular Enterprise Framework),AUTORIDAD_FND,TRAZABILIDAD_SUBORDINADA,VINCULADO
MEF-V3-DIC-0187,MEF (Modular Enterprise Framework),ENG,ENG-083,ENG-083-DATA_COMPLIANCE_ENGINEERING.md,1,104,CANONICO,MEF (Modular Enterprise Framework),AUTORIDAD_FND,TRAZABILIDAD_SUBORDINADA,VINCULADO
MEF-V3-DIC-0187,MEF (Modular Enterprise Framework),ENG,ENG-084,ENG-084-DATA_ETHICS_ENGINEERING.md,1,106,CANONICO,MEF (Modular Enterprise Framework),AUTORIDAD_FND,TRAZABILIDAD_SUBORDINADA,VINCULADO
MEF-V3-DIC-0187,MEF (Modular Enterprise Framework),ENG,ENG-085,ENG-085-DATA_TRUST_ENGINEERING.md,1,115,CANONICO,MEF (Modular Enterprise Framework),AUTORIDAD_FND,TRAZABILIDAD_SUBORDINADA,VINCULADO
MEF-V3-DIC-0187,MEF (Modular Enterprise Framework),ENG,ENG-086,ENG-086-DATA_PRODUCT_ENGINEERING.md,1,113,CANONICO,MEF (Modular Enterprise Framework),AUTORIDAD_FND,TRAZABILIDAD_SUBORDINADA,VINCULADO
MEF-V3-DIC-0187,MEF (Modular Enterprise Framework),ENG,ENG-087,ENG-087-DATA_EXCHANGE_SHARING_ENGINEERING.md,1,87,CANONICO,MEF (Modular Enterprise Framework),AUTORIDAD_FND,TRAZABILIDAD_SUBORDINADA,VINCULADO
MEF-V3-DIC-0187,MEF (Modular Enterprise Framework),ENG,ENG-088,ENG-088-DATA_FEDERATION_ENGINEERING.md,1,119,CANONICO,MEF (Modular Enterprise Framework),AUTORIDAD_FND,TRAZABILIDAD_SUBORDINADA,VINCULADO
MEF-V3-DIC-0187,MEF (Modular Enterprise Framework),ENG,ENG-089,ENG-089-DATA_LINEAGE_PROVENANCE_ENGINEERING.md,1,90,CANONICO,MEF (Modular Enterprise Framework),AUTORIDAD_FND,TRAZABILIDAD_SUBORDINADA,VINCULADO
MEF-V3-DIC-0187,MEF (Modular Enterprise Framework),ENG,ENG-090,ENG-090-DATA_CATALOG_ENGINEERING.md,1,113,CANONICO,MEF (Modular Enterprise Framework),AUTORIDAD_FND,TRAZABILIDAD_SUBORDINADA,VINCULADO
MEF-V3-DIC-0187,MEF (Modular Enterprise Framework),ENG,ENG-091,ENG-091-DATA_DISCOVERY_CLASSIFICATION_ENGINEERING.md,1,102,CANONICO,MEF (Modular Enterprise Framework),AUTORIDAD_FND,TRAZABILIDAD_SUBORDINADA,VINCULADO
MEF-V3-DIC-0187,MEF (Modular Enterprise Framework),ENG,ENG-092,ENG-092-DATA_RETENTION_DISPOSAL_ENGINEERING.md,1,112,CANONICO,MEF (Modular Enterprise Framework),AUTORIDAD_FND,TRAZABILIDAD_SUBORDINADA,VINCULADO
MEF-V3-DIC-0187,MEF (Modular Enterprise Framework),ENG,ENG-093,ENG-093-DATA_ARCHIVAL_PRESERVATION_ENGINEERING.md,1,111,CANONICO,MEF (Modular Enterprise Framework),AUTORIDAD_FND,TRAZABILIDAD_SUBORDINADA,VINCULADO
MEF-V3-DIC-0187,MEF (Modular Enterprise Framework),ENG,ENG-094,ENG-094-DATA_PORTABILITY_ENGINEERING.md,1,110,CANONICO,MEF (Modular Enterprise Framework),AUTORIDAD_FND,TRAZABILIDAD_SUBORDINADA,VINCULADO
MEF-V3-DIC-0187,MEF (Modular Enterprise Framework),ENG,ENG-095,ENG-095-DATA_SYNCHRONIZATION_ENGINEERING.md,1,126,CANONICO,MEF (Modular Enterprise Framework),AUTORIDAD_FND,TRAZABILIDAD_SUBORDINADA,VINCULADO
MEF-V3-DIC-0187,MEF (Modular Enterprise Framework),ENG,ENG-096,ENG-096-DATA_REPLICATION_ENGINEERING.md,1,127,CANONICO,MEF (Modular Enterprise Framework),AUTORIDAD_FND,TRAZABILIDAD_SUBORDINADA,VINCULADO
MEF-V3-DIC-0187,MEF (Modular Enterprise Framework),ENG,ENG-097,ENG-097-DATA_PARTITIONING_SHARDING_ENGINEERING.md,1,129,CANONICO,MEF (Modular Enterprise Framework),AUTORIDAD_FND,TRAZABILIDAD_SUBORDINADA,VINCULADO
MEF-V3-DIC-0187,MEF (Modular Enterprise Framework),ENG,ENG-098,ENG-098-DATA_DISTRIBUTION_ENGINEERING.md,1,120,CANONICO,MEF (Modular Enterprise Framework),AUTORIDAD_FND,TRAZABILIDAD_SUBORDINADA,VINCULADO
MEF-V3-DIC-0187,MEF (Modular Enterprise Framework),ENG,ENG-099,ENG-099-DATA_LOCALIZATION_RESIDENCY_ENGINEERING.md,1,126,CANONICO,MEF (Modular Enterprise Framework),AUTORIDAD_FND,TRAZABILIDAD_SUBORDINADA,VINCULADO
MEF-V3-DIC-0187,MEF (Modular Enterprise Framework),ENG,ENG-100,ENG-100-DATA_LIFECYCLE_ORCHESTRATION_ENGINEERING.md,1,121,CANONICO,MEF (Modular Enterprise Framework),AUTORIDAD_FND,TRAZABILIDAD_SUBORDINADA,VINCULADO
MEF-V3-DIC-0187,MEF (Modular Enterprise Framework),FND,FND-000,FND-000-Carta_del_Proyecto.md,1,37,CANONICO,MEF (Modular Enterprise Framework),AUTORIDAD_FND,AUTORIDAD_PRIMARIA,VINCULADO
MEF-V3-DIC-0187,MEF (Modular Enterprise Framework),FND,FND-001,FND-001-VISION.md,1,36,CANONICO,MEF (Modular Enterprise Framework),AUTORIDAD_FND,AUTORIDAD_PRIMARIA,VINCULADO
MEF-V3-DIC-0187,MEF (Modular Enterprise Framework),FND,FND-002,FND-02-MISION.md,1,37,CANONICO,MEF (Modular Enterprise Framework),AUTORIDAD_FND,AUTORIDAD_PRIMARIA,VINCULADO
MEF-V3-DIC-0188,MEF no,ENG,ENG-004,ENG-004-CONVENCIONES.md,1,1371,CANONICO,MEF no,AUTORIDAD_FND,TRAZABILIDAD_SUBORDINADA,VINCULADO
MEF-V3-DIC-0188,MEF no,ENG,ENG-005,ENG-005-NOMENCLATURA.md,2,446;1337,CANONICO,MEF no,AUTORIDAD_FND,TRAZABILIDAD_SUBORDINADA,VINCULADO
MEF-V3-DIC-0188,MEF no,ENG,ENG-009,ENG-009-TESTING.md,1,1752,CANONICO,MEF no,AUTORIDAD_FND,TRAZABILIDAD_SUBORDINADA,VINCULADO
MEF-V3-DIC-0188,MEF no,ENG,ENG-010,ENG-010-LOGGING.md,1,1003,CANONICO,MEF no,AUTORIDAD_FND,TRAZABILIDAD_SUBORDINADA,VINCULADO
MEF-V3-DIC-0188,MEF no,ENG,ENG-011,ENG-011-CONFIGURATION_FILES.md,1,2286,CANONICO,MEF no,AUTORIDAD_FND,TRAZABILIDAD_SUBORDINADA,VINCULADO
MEF-V3-DIC-0188,MEF no,ENG,ENG-012,ENG-012-BUILD_SYSTEM.md,2,447;1336,CANONICO,MEF no,AUTORIDAD_FND,TRAZABILIDAD_SUBORDINADA,VINCULADO
MEF-V3-DIC-0188,MEF no,ENG,ENG-014,ENG-014-VERSIONADO.md,2,2244;2334,CANONICO,MEF no,AUTORIDAD_FND,TRAZABILIDAD_SUBORDINADA,VINCULADO
MEF-V3-DIC-0188,MEF no,ENG,ENG-015,ENG-015-ARCHITECTURAL_STATE_MACHINE.md,3,487;1708;2691,CANONICO,MEF no,AUTORIDAD_FND,TRAZABILIDAD_SUBORDINADA,VINCULADO
MEF-V3-DIC-0188,MEF no,ENG,ENG-017,ENG-017-RELEASE_PROCESS.md,3,1812;2552;3148,CANONICO,MEF no,AUTORIDAD_FND,TRAZABILIDAD_SUBORDINADA,VINCULADO
MEF-V3-DIC-0188,MEF no,ENG,ENG-018,ENG-018-DEPENDENCY_INJECTION.md,3,1479;2199;2575,CANONICO,MEF no,AUTORIDAD_FND,TRAZABILIDAD_SUBORDINADA,VINCULADO
MEF-V3-DIC-0188,MEF no,ENG,ENG-019,ENG-019-SERVICE_CONTAINER.md,1,2060,CANONICO,MEF no,AUTORIDAD_FND,TRAZABILIDAD_SUBORDINADA,VINCULADO
MEF-V3-DIC-0188,MEF no,ENG,ENG-020,ENG-020-REGISTRY_ENGINNEERING.md,1,2510,CANONICO,MEF no,AUTORIDAD_FND,TRAZABILIDAD_SUBORDINADA,VINCULADO
MEF-V3-DIC-0188,MEF no,ENG,ENG-021,ENG-021-CONTRACTS_ENGINNEERING.md,2,418;2393,CANONICO,MEF no,AUTORIDAD_FND,TRAZABILIDAD_SUBORDINADA,VINCULADO
MEF-V3-DIC-0188,MEF no,ENG,ENG-022,ENG-022-EVENT_BUS_ENGINNEERING.md,4,881;1183;1413;2977,CANONICO,MEF no,AUTORIDAD_FND,TRAZABILIDAD_SUBORDINADA,VINCULADO
MEF-V3-DIC-0188,MEF no,ENG,ENG-023,ENG-023-ERROR_HANDLING.md,2,987;2513,CANONICO,MEF no,AUTORIDAD_FND,TRAZABILIDAD_SUBORDINADA,VINCULADO
MEF-V3-DIC-0188,MEF no,ENG,ENG-024,ENG-024-SECURITY_ENGINEERING.md,5,765;1106;2095;3369;3664,CANONICO,MEF no,AUTORIDAD_FND,TRAZABILIDAD_SUBORDINADA,VINCULADO
MEF-V3-DIC-0188,MEF no,ENG,ENG-025,ENG-025-OBSERVABILITY_ENGINEERING.md,3,280;2345;2882,CANONICO,MEF no,AUTORIDAD_FND,TRAZABILIDAD_SUBORDINADA,VINCULADO
MEF-V3-DIC-0188,MEF no,ENG,ENG-026,ENG-026-RUNTIME_PERFORMANCE_ENGINEERING.md,3,1506;2843;3234,CANONICO,MEF no,AUTORIDAD_FND,TRAZABILIDAD_SUBORDINADA,VINCULADO
MEF-V3-DIC-0188,MEF no,ENG,ENG-028,ENG-028-MODULE_ENGINEERING.md,1,680,CANONICO,MEF no,AUTORIDAD_FND,TRAZABILIDAD_SUBORDINADA,VINCULADO
MEF-V3-DIC-0188,MEF no,ENG,ENG-029,ENG-029-EXTENSION_ENGINEERING.md,1,2326,CANONICO,MEF no,AUTORIDAD_FND,TRAZABILIDAD_SUBORDINADA,VINCULADO
MEF-V3-DIC-0188,MEF no,ENG,ENG-030,ENG-030-PERSISTENCE_ENGINEERING.md,1,346,CANONICO,MEF no,AUTORIDAD_FND,TRAZABILIDAD_SUBORDINADA,VINCULADO
MEF-V3-DIC-0188,MEF no,ENG,ENG-031,ENG-031-SERIALIZATION_ENGINEERING.md,1,381,CANONICO,MEF no,AUTORIDAD_FND,TRAZABILIDAD_SUBORDINADA,VINCULADO
MEF-V3-DIC-0188,MEF no,ENG,ENG-032,ENG-032-TRANSPORT_ENGINEERING.md,1,1536,CANONICO,MEF no,AUTORIDAD_FND,TRAZABILIDAD_SUBORDINADA,VINCULADO
MEF-V3-DIC-0188,MEF no,ENG,ENG-035,ENG-035-DOMAIN_ENGINEERING.md,3,358;1919;2806,CANONICO,MEF no,AUTORIDAD_FND,TRAZABILIDAD_SUBORDINADA,VINCULADO
MEF-V3-DIC-0188,MEF no,ENG,ENG-036,ENG-036-VALIDATION_ENGINEERING.md,1,961,CANONICO,MEF no,AUTORIDAD_FND,TRAZABILIDAD_SUBORDINADA,VINCULADO
MEF-V3-DIC-0188,MEF no,ENG,ENG-038,ENG-038-CONCURRENCY_ENGINEERING.md,1,1558,CANONICO,MEF no,AUTORIDAD_FND,TRAZABILIDAD_SUBORDINADA,VINCULADO
MEF-V3-DIC-0188,MEF no,ENG,ENG-040,ENG-040-SCHEDULING_BACKGROUND_JOBS_ENGINEERING.md,3,169;1085;3612,CANONICO,MEF no,AUTORIDAD_FND,TRAZABILIDAD_SUBORDINADA,VINCULADO
MEF-V3-DIC-0188,MEF no,ENG,ENG-041,ENG-041-MESSAGING_ENGINEERING.md,3,850;1935;3582,CANONICO,MEF no,AUTORIDAD_FND,TRAZABILIDAD_SUBORDINADA,VINCULADO
MEF-V3-DIC-0188,MEF no,ENG,ENG-060,ENG-060-PLUGIN_ENGINEERING.md,1,406,CANONICO,MEF no,AUTORIDAD_FND,TRAZABILIDAD_SUBORDINADA,VINCULADO
MEF-V3-DIC-0188,MEF no,ENG,ENG-061,ENG-061-INTEROPERABILITY_ENGINEERING.md,2,487;2405,CANONICO,MEF no,AUTORIDAD_FND,TRAZABILIDAD_SUBORDINADA,VINCULADO
MEF-V3-DIC-0188,MEF no,ENG,ENG-062,ENG-062-SCHEMA_ENGINEERING.md,1,317,CANONICO,MEF no,AUTORIDAD_FND,TRAZABILIDAD_SUBORDINADA,VINCULADO
MEF-V3-DIC-0188,MEF no,ENG,ENG-077,ENG-077-DURABILITY_ENGINEERING.md,1,213,CANONICO,MEF no,AUTORIDAD_FND,TRAZABILIDAD_SUBORDINADA,VINCULADO
MEF-V3-DIC-0188,MEF no,ENG,ENG-082,ENG-082-DATA_PRIVACY_ENGINEERING.md,1,355,CANONICO,MEF no,AUTORIDAD_FND,TRAZABILIDAD_SUBORDINADA,VINCULADO
MEF-V3-DIC-0188,MEF no,ENG,ENG-083,ENG-083-DATA_COMPLIANCE_ENGINEERING.md,2,382;3005,CANONICO,MEF no,AUTORIDAD_FND,TRAZABILIDAD_SUBORDINADA,VINCULADO
MEF-V3-DIC-0188,MEF no,ENG,ENG-084,ENG-084-DATA_ETHICS_ENGINEERING.md,1,389,CANONICO,MEF no,AUTORIDAD_FND,TRAZABILIDAD_SUBORDINADA,VINCULADO
MEF-V3-DIC-0188,MEF no,ENG,ENG-085,ENG-085-DATA_TRUST_ENGINEERING.md,1,196,CANONICO,MEF no,AUTORIDAD_FND,TRAZABILIDAD_SUBORDINADA,VINCULADO
MEF-V3-DIC-0188,MEF no,ENG,ENG-087,ENG-087-DATA_EXCHANGE_SHARING_ENGINEERING.md,2,407;1206,CANONICO,MEF no,AUTORIDAD_FND,TRAZABILIDAD_SUBORDINADA,VINCULADO
MEF-V3-DIC-0188,MEF no,ENG,ENG-088,ENG-088-DATA_FEDERATION_ENGINEERING.md,1,1777,CANONICO,MEF no,AUTORIDAD_FND,TRAZABILIDAD_SUBORDINADA,VINCULADO
MEF-V3-DIC-0188,MEF no,ENG,ENG-089,ENG-089-DATA_LINEAGE_PROVENANCE_ENGINEERING.md,2,458;1032,CANONICO,MEF no,AUTORIDAD_FND,TRAZABILIDAD_SUBORDINADA,VINCULADO
MEF-V3-DIC-0188,MEF no,ENG,ENG-092,ENG-092-DATA_RETENTION_DISPOSAL_ENGINEERING.md,2,1757;1761,CANONICO,MEF no,AUTORIDAD_FND,TRAZABILIDAD_SUBORDINADA,VINCULADO
MEF-V3-DIC-0188,MEF no,FND,FND-000,FND-000-Carta_del_Proyecto.md,2,49;138,CANONICO,MEF no,AUTORIDAD_FND,AUTORIDAD_PRIMARIA,VINCULADO
MEF-V3-DIC-0188,MEF no,FND,FND-001,FND-001-VISION.md,1,52,CANONICO,MEF no,AUTORIDAD_FND,AUTORIDAD_PRIMARIA,VINCULADO
MEF-V3-DIC-0189,Misión,ENG,ENG-000,ENG-000-INGENIERIA_GENERAL.md,1,821,CANONICO,Misión,AUTORIDAD_FND,TRAZABILIDAD_SUBORDINADA,VINCULADO
MEF-V3-DIC-0189,Misión,FND,FND-002,FND-02-MISION.md,14,3;27;37;39;43;49;51;59;73;107;121;134;148;162,CANONICO,Misión,AUTORIDAD_FND,AUTORIDAD_PRIMARIA,VINCULADO
MEF-V3-DIC-0190,misión de MEF,FND,FND-002,FND-02-MISION.md,5,37;51;73;121;162,CANONICO,misión de MEF,AUTORIDAD_FND,AUTORIDAD_PRIMARIA,VINCULADO
MEF-V3-DIC-0191,Motivación,FND,FND-000,FND-000-Carta_del_Proyecto.md,1,55,CANONICO,Motivación,AUTORIDAD_FND,AUTORIDAD_PRIMARIA,VINCULADO
MEF-V3-DIC-0192,Nuestra misión,FND,FND-002,FND-02-MISION.md,1,49,CANONICO,Nuestra misión,AUTORIDAD_FND,AUTORIDAD_PRIMARIA,VINCULADO
MEF-V3-DIC-0193,Objetivos,ARQ,ARQ-004,ARQ-004-MODULES.md,2,71;73,CANONICO,Objetivos,AUTORIDAD_FND,TRAZABILIDAD_SUBORDINADA,VINCULADO
MEF-V3-DIC-0193,Objetivos,ARQ,ARQ-010,ARQ-010-TEMPLATE_ENGINE.md,2,63;65,CANONICO,Objetivos,AUTORIDAD_FND,TRAZABILIDAD_SUBORDINADA,VINCULADO
MEF-V3-DIC-0193,Objetivos,ARQ,ARQ-011,ARQ-011-CONTRACTS.md,2,59;61,CANONICO,Objetivos,AUTORIDAD_FND,TRAZABILIDAD_SUBORDINADA,VINCULADO
MEF-V3-DIC-0193,Objetivos,ARQ,ARQ-012,ARQ-012-DEPENDENCY_INJECTION.md,2,55;57,CANONICO,Objetivos,AUTORIDAD_FND,TRAZABILIDAD_SUBORDINADA,VINCULADO
MEF-V3-DIC-0193,Objetivos,ARQ,ARQ-013,ARQ-013-CONFIGURATION.md,2,59;61,CANONICO,Objetivos,AUTORIDAD_FND,TRAZABILIDAD_SUBORDINADA,VINCULADO
MEF-V3-DIC-0193,Objetivos,ARQ,ARQ-017,ARQ-017-PACKAGING.md,2,59;61,CANONICO,Objetivos,AUTORIDAD_FND,TRAZABILIDAD_SUBORDINADA,VINCULADO
MEF-V3-DIC-0193,Objetivos,ENG,ENG-000,ENG-000-INGENIERIA_GENERAL.md,2,116;118,CANONICO,Objetivos,AUTORIDAD_FND,TRAZABILIDAD_SUBORDINADA,VINCULADO
MEF-V3-DIC-0193,Objetivos,ENG,ENG-001,ENG-001-ORGANIZACION_DEL_CODIGO.md,2,78;80,CANONICO,Objetivos,AUTORIDAD_FND,TRAZABILIDAD_SUBORDINADA,VINCULADO
MEF-V3-DIC-0193,Objetivos,ENG,ENG-005,ENG-005-NOMENCLATURA.md,2,88;90,CANONICO,Objetivos,AUTORIDAD_FND,TRAZABILIDAD_SUBORDINADA,VINCULADO
MEF-V3-DIC-0193,Objetivos,ENG,ENG-006,ENG-006-ESTRUCTURA_DE_DIRECTORIOS.md,1,107,CANONICO,Objetivos,AUTORIDAD_FND,TRAZABILIDAD_SUBORDINADA,VINCULADO
MEF-V3-DIC-0193,Objetivos,ENG,ENG-007,ENG-007-CLI.md,1,123,CANONICO,Objetivos,AUTORIDAD_FND,TRAZABILIDAD_SUBORDINADA,VINCULADO
MEF-V3-DIC-0193,Objetivos,ENG,ENG-008,ENG-008-GENERADORES.md,1,82,CANONICO,Objetivos,AUTORIDAD_FND,TRAZABILIDAD_SUBORDINADA,VINCULADO
MEF-V3-DIC-0193,Objetivos,ENG,ENG-009,ENG-009-TESTING.md,4,88;313;469;1533,CANONICO,Objetivos,AUTORIDAD_FND,TRAZABILIDAD_SUBORDINADA,VINCULADO
MEF-V3-DIC-0193,Objetivos,ENG,ENG-010,ENG-010-LOGGING.md,1,80,CANONICO,Objetivos,AUTORIDAD_FND,TRAZABILIDAD_SUBORDINADA,VINCULADO
MEF-V3-DIC-0193,Objetivos,ENG,ENG-011,ENG-011-CONFIGURATION_FILES.md,1,104,CANONICO,Objetivos,AUTORIDAD_FND,TRAZABILIDAD_SUBORDINADA,VINCULADO
MEF-V3-DIC-0193,Objetivos,ENG,ENG-012,ENG-012-BUILD_SYSTEM.md,2,93;1629,CANONICO,Objetivos,AUTORIDAD_FND,TRAZABILIDAD_SUBORDINADA,VINCULADO
MEF-V3-DIC-0193,Objetivos,ENG,ENG-013,ENG-013-PACKAGE_MANAGER.md,1,110,CANONICO,Objetivos,AUTORIDAD_FND,TRAZABILIDAD_SUBORDINADA,VINCULADO
MEF-V3-DIC-0193,Objetivos,ENG,ENG-014,ENG-014-VERSIONADO.md,1,95,CANONICO,Objetivos,AUTORIDAD_FND,TRAZABILIDAD_SUBORDINADA,VINCULADO
MEF-V3-DIC-0193,Objetivos,ENG,ENG-015,ENG-015-ARCHITECTURAL_STATE_MACHINE.md,1,110,CANONICO,Objetivos,AUTORIDAD_FND,TRAZABILIDAD_SUBORDINADA,VINCULADO
MEF-V3-DIC-0193,Objetivos,ENG,ENG-016,ENG-016-COMPATIBILITY.md,1,145,CANONICO,Objetivos,AUTORIDAD_FND,TRAZABILIDAD_SUBORDINADA,VINCULADO
MEF-V3-DIC-0193,Objetivos,ENG,ENG-017,ENG-017-RELEASE_PROCESS.md,1,168,CANONICO,Objetivos,AUTORIDAD_FND,TRAZABILIDAD_SUBORDINADA,VINCULADO
MEF-V3-DIC-0193,Objetivos,ENG,ENG-018,ENG-018-DEPENDENCY_INJECTION.md,1,192,CANONICO,Objetivos,AUTORIDAD_FND,TRAZABILIDAD_SUBORDINADA,VINCULADO
MEF-V3-DIC-0193,Objetivos,ENG,ENG-019,ENG-019-SERVICE_CONTAINER.md,1,133,CANONICO,Objetivos,AUTORIDAD_FND,TRAZABILIDAD_SUBORDINADA,VINCULADO
MEF-V3-DIC-0193,Objetivos,ENG,ENG-020,ENG-020-REGISTRY_ENGINNEERING.md,1,133,CANONICO,Objetivos,AUTORIDAD_FND,TRAZABILIDAD_SUBORDINADA,VINCULADO
MEF-V3-DIC-0193,Objetivos,ENG,ENG-021,ENG-021-CONTRACTS_ENGINNEERING.md,1,130,CANONICO,Objetivos,AUTORIDAD_FND,TRAZABILIDAD_SUBORDINADA,VINCULADO
MEF-V3-DIC-0193,Objetivos,ENG,ENG-022,ENG-022-EVENT_BUS_ENGINNEERING.md,1,153,CANONICO,Objetivos,AUTORIDAD_FND,TRAZABILIDAD_SUBORDINADA,VINCULADO
MEF-V3-DIC-0193,Objetivos,ENG,ENG-023,ENG-023-ERROR_HANDLING.md,1,142,CANONICO,Objetivos,AUTORIDAD_FND,TRAZABILIDAD_SUBORDINADA,VINCULADO
MEF-V3-DIC-0193,Objetivos,ENG,ENG-026,ENG-026-RUNTIME_PERFORMANCE_ENGINEERING.md,2,597;3234,CANONICO,Objetivos,AUTORIDAD_FND,TRAZABILIDAD_SUBORDINADA,VINCULADO
MEF-V3-DIC-0193,Objetivos,ENG,ENG-073,ENG-073-AVAILABILITY_ENGINEERING.md,1,3177,CANONICO,Objetivos,AUTORIDAD_FND,TRAZABILIDAD_SUBORDINADA,VINCULADO
MEF-V3-DIC-0193,Objetivos,ENG,ENG-075,ENG-075-MAINTAINABILITY_ENGINEERING.md,2,1916;2979,CANONICO,Objetivos,AUTORIDAD_FND,TRAZABILIDAD_SUBORDINADA,VINCULADO
MEF-V3-DIC-0193,Objetivos,ENG,ENG-076,ENG-076-RECOVERABILITY_ENGINEERING.md,1,3263,CANONICO,Objetivos,AUTORIDAD_FND,TRAZABILIDAD_SUBORDINADA,VINCULADO
MEF-V3-DIC-0193,Objetivos,ENG,ENG-098,ENG-098-DATA_DISTRIBUTION_ENGINEERING.md,1,466,CANONICO,Objetivos,AUTORIDAD_FND,TRAZABILIDAD_SUBORDINADA,VINCULADO
MEF-V3-DIC-0193,Objetivos,FND,FND-000,FND-000-Carta_del_Proyecto.md,3,92;94;228,CANONICO,Objetivos,AUTORIDAD_FND,AUTORIDAD_PRIMARIA,VINCULADO
MEF-V3-DIC-0193,Objetivos,FND,FND-001,FND-001-VISION.md,2,66;121,CANONICO,Objetivos,AUTORIDAD_FND,AUTORIDAD_PRIMARIA,VINCULADO
MEF-V3-DIC-0194,Objetivos estratégicos,FND,FND-001,FND-001-VISION.md,2,66;121,CANONICO,Objetivos estratégicos,AUTORIDAD_FND,AUTORIDAD_PRIMARIA,VINCULADO
MEF-V3-DIC-0195,Principios de actuación,FND,FND-002,FND-02-MISION.md,1,105,CANONICO,Principios de actuación,AUTORIDAD_FND,AUTORIDAD_PRIMARIA,VINCULADO
MEF-V3-DIC-0196,Principios de evolución,FND,FND-001,FND-001-VISION.md,1,107,CANONICO,Principios de evolución,AUTORIDAD_FND,AUTORIDAD_PRIMARIA,VINCULADO
MEF-V3-DIC-0197,Principios fundamentales,FND,FND-000,FND-000-Carta_del_Proyecto.md,1,105,CANONICO,Principios fundamentales,AUTORIDAD_FND,AUTORIDAD_PRIMARIA,VINCULADO
MEF-V3-DIC-0198,Relación con la Visión,FND,FND-002,FND-02-MISION.md,1,144,CANONICO,Relación con la Visión,AUTORIDAD_FND,AUTORIDAD_PRIMARIA,VINCULADO
MEF-V3-DIC-0199,Su propósito,ARQ,ARQ-010,ARQ-010-TEMPLATE_ENGINE.md,1,276,CANONICO,Su propósito,AUTORIDAD_FND,TRAZABILIDAD_SUBORDINADA,VINCULADO
MEF-V3-DIC-0199,Su propósito,ARQ,ARQ-011,ARQ-011-CONTRACTS.md,1,274,CANONICO,Su propósito,AUTORIDAD_FND,TRAZABILIDAD_SUBORDINADA,VINCULADO
MEF-V3-DIC-0199,Su propósito,ARQ,ARQ-012,ARQ-012-DEPENDENCY_INJECTION.md,1,258,CANONICO,Su propósito,AUTORIDAD_FND,TRAZABILIDAD_SUBORDINADA,VINCULADO
MEF-V3-DIC-0199,Su propósito,ARQ,ARQ-013,ARQ-013-CONFIGURATION.md,1,306,CANONICO,Su propósito,AUTORIDAD_FND,TRAZABILIDAD_SUBORDINADA,VINCULADO
MEF-V3-DIC-0199,Su propósito,ARQ,ARQ-017,ARQ-017-PACKAGING.md,1,294,CANONICO,Su propósito,AUTORIDAD_FND,TRAZABILIDAD_SUBORDINADA,VINCULADO
MEF-V3-DIC-0199,Su propósito,ENG,ENG-001,ENG-001-ORGANIZACION_DEL_CODIGO.md,1,1043,CANONICO,Su propósito,AUTORIDAD_FND,TRAZABILIDAD_SUBORDINADA,VINCULADO
MEF-V3-DIC-0199,Su propósito,ENG,ENG-003,ENG-003-MANIFEST.md,1,66,CANONICO,Su propósito,AUTORIDAD_FND,TRAZABILIDAD_SUBORDINADA,VINCULADO
MEF-V3-DIC-0199,Su propósito,ENG,ENG-004,ENG-004-CONVENCIONES.md,1,1535,CANONICO,Su propósito,AUTORIDAD_FND,TRAZABILIDAD_SUBORDINADA,VINCULADO
MEF-V3-DIC-0199,Su propósito,ENG,ENG-005,ENG-005-NOMENCLATURA.md,3,84;753;1474,CANONICO,Su propósito,AUTORIDAD_FND,TRAZABILIDAD_SUBORDINADA,VINCULADO
MEF-V3-DIC-0199,Su propósito,ENG,ENG-006,ENG-006-ESTRUCTURA_DE_DIRECTORIOS.md,1,58,CANONICO,Su propósito,AUTORIDAD_FND,TRAZABILIDAD_SUBORDINADA,VINCULADO
MEF-V3-DIC-0199,Su propósito,ENG,ENG-009,ENG-009-TESTING.md,1,731,CANONICO,Su propósito,AUTORIDAD_FND,TRAZABILIDAD_SUBORDINADA,VINCULADO
MEF-V3-DIC-0199,Su propósito,ENG,ENG-022,ENG-022-EVENT_BUS_ENGINNEERING.md,1,1839,CANONICO,Su propósito,AUTORIDAD_FND,TRAZABILIDAD_SUBORDINADA,VINCULADO
MEF-V3-DIC-0199,Su propósito,ENG,ENG-024,ENG-024-SECURITY_ENGINEERING.md,1,1981,CANONICO,Su propósito,AUTORIDAD_FND,TRAZABILIDAD_SUBORDINADA,VINCULADO
MEF-V3-DIC-0199,Su propósito,ENG,ENG-077,ENG-077-DURABILITY_ENGINEERING.md,1,763,CANONICO,Su propósito,AUTORIDAD_FND,TRAZABILIDAD_SUBORDINADA,VINCULADO
MEF-V3-DIC-0199,Su propósito,ENG,ENG-079,ENG-079-DATA_INTEGRITY_ENGINEERING.md,1,3328,CANONICO,Su propósito,AUTORIDAD_FND,TRAZABILIDAD_SUBORDINADA,VINCULADO
MEF-V3-DIC-0199,Su propósito,FND,FND-000,FND-000-Carta_del_Proyecto.md,2,180;220,CANONICO,Su propósito,AUTORIDAD_FND,AUTORIDAD_PRIMARIA,VINCULADO
MEF-V3-DIC-0199,Su propósito,FND,FND-001,FND-001-VISION.md,1,54,CANONICO,Su propósito,AUTORIDAD_FND,AUTORIDAD_PRIMARIA,VINCULADO
MEF-V3-DIC-0200,Visión,ARQ,ARQ-000,ARQ-000-ARQUITECTURA_GENERAL.md,2,7;25,CANONICO,Visión,AUTORIDAD_FND,TRAZABILIDAD_SUBORDINADA,VINCULADO
MEF-V3-DIC-0200,Visión,ARQ,ARQ-001,ARQ-001-VISION_ARQUITECTONICA.md,3,3;7;22,CANONICO,Visión,AUTORIDAD_FND,TRAZABILIDAD_SUBORDINADA,VINCULADO
MEF-V3-DIC-0200,Visión,ARQ,ARQ-004,ARQ-004-MODULES.md,1,708,CANONICO,Visión,AUTORIDAD_FND,TRAZABILIDAD_SUBORDINADA,VINCULADO
MEF-V3-DIC-0200,Visión,ENG,ENG-000,ENG-000-INGENIERIA_GENERAL.md,1,833,CANONICO,Visión,AUTORIDAD_FND,TRAZABILIDAD_SUBORDINADA,VINCULADO
MEF-V3-DIC-0200,Visión,ENG,ENG-020,ENG-020-REGISTRY_ENGINNEERING.md,1,560,CANONICO,Visión,AUTORIDAD_FND,TRAZABILIDAD_SUBORDINADA,VINCULADO
MEF-V3-DIC-0200,Visión,FND,FND-000,FND-000-Carta_del_Proyecto.md,1,22,CANONICO,Visión,AUTORIDAD_FND,AUTORIDAD_PRIMARIA,VINCULADO
MEF-V3-DIC-0200,Visión,FND,FND-001,FND-001-VISION.md,12,3;19;26;36;42;52;109;136;155;157;163;175,CANONICO,Visión,AUTORIDAD_FND,AUTORIDAD_PRIMARIA,VINCULADO
MEF-V3-DIC-0200,Visión,FND,FND-002,FND-02-MISION.md,3,144;146;150,CANONICO,Visión,AUTORIDAD_FND,AUTORIDAD_PRIMARIA,VINCULADO
MEF-V3-DIC-0201,visión de MEF,FND,FND-001,FND-001-VISION.md,4,52;109;136;175,CANONICO,visión de MEF,AUTORIDAD_FND,AUTORIDAD_PRIMARIA,VINCULADO
MEF-V3-DIC-0202,¿Qué es MEF?,FND,FND-000,FND-000-Carta_del_Proyecto.md,1,45,CANONICO,¿Qué es MEF?,AUTORIDAD_FND,AUTORIDAD_PRIMARIA,VINCULADO
MEF-V3-DIC-0203,Áreas de actuación,FND,FND-002,FND-02-MISION.md,1,71,CANONICO,Áreas de actuación,AUTORIDAD_FND,AUTORIDAD_PRIMARIA,VINCULADO
