clave_conceptual,termino_preferido_provisional,variantes,numero_variantes,apariciones,capas,fuentes_distintas,fuentes,tipos_evidencia,definiciones_explicitas,estado_10_3,canonizado,mef_dic_id
accuracy,Accuracy,Accuracy,1,3,ENG,2,ENG-079;ENG-080,DEFINICION_EXPLICITA;ENCABEZADO,1,CANDIDATO_ENG_DEFINIDO,NO,NO_ASIGNADO
acknowledgement,Acknowledgement,Acknowledgement,1,5,ENG,4,ENG-032;ENG-041;ENG-077;ENG-087,CODIGO_INLINE;DEFINICION_EXPLICITA;ENCABEZADO,1,CANDIDATO_ENG_DEFINIDO,NO,NO_ASIGNADO
acoplamiento oculto,Acoplamiento oculto,Acoplamiento oculto,1,1,ARQ,1,ARQ-004,ENCABEZADO,0,CANDIDATO_CON_AUTORIDAD,NO,NO_ASIGNADO
action,Action,Action,1,4,ENG,2,ENG-015;ENG-046,CODIGO_INLINE;ENCABEZADO,0,CANDIDATO_ENG_REPETIDO,NO,NO_ASIGNADO
activation,Activation,Activation,1,4,ENG,3,ENG-027;ENG-028;ENG-055,DEFINICION_EXPLICITA;ENCABEZADO,1,CANDIDATO_ENG_DEFINIDO,NO,NO_ASIGNADO
activation failure,Activation Failure,Activation Failure,1,5,ENG,3,ENG-027;ENG-028;ENG-029,ENCABEZADO,0,CANDIDATO_ENG_REPETIDO,NO,NO_ASIGNADO
activation precondition,Activation Preconditions,Activation Preconditions,1,3,ENG,3,ENG-028;ENG-047;ENG-060,ENCABEZADO,0,CANDIDATO_ENG_REPETIDO,NO,NO_ASIGNADO
active,Active,ACTIVE; Active,2,15,ENG,9,ENG-015;ENG-016;ENG-018;ENG-019;ENG-020;ENG-027;ENG-028;ENG-047;ENG-049,CODIGO_INLINE;ENCABEZADO;TABLA_COLUMNA_PRINCIPAL,0,CANDIDATO_ENG_REPETIDO,NO,NO_ASIGNADO
activo empaquetabl,Activos Empaquetables,Activos Empaquetables,1,1,ARQ,1,ARQ-017,ENCABEZADO,0,CANDIDATO_CON_AUTORIDAD,NO,NO_ASIGNADO
actor,Actor,Actor,1,4,ENG,2,ENG-035;ENG-046,CODIGO_INLINE;DEFINICION_EXPLICITA;ENCABEZADO,1,CANDIDATO_ENG_DEFINIDO,NO,NO_ASIGNADO
administrative permission,Administrative Permissions,Administrative Permission; Administrative Permissions,2,4,ENG,4,ENG-046;ENG-047;ENG-049;ENG-051,ENCABEZADO,0,CANDIDATO_ENG_REPETIDO,NO,NO_ASIGNADO
admission control,Admission Control,Admission Control,1,5,ENG,4,ENG-026;ENG-039;ENG-071;ENG-073,DEFINICION_EXPLICITA;ENCABEZADO,1,CANDIDATO_ENG_DEFINIDO,NO,NO_ASIGNADO
advice,Advice,Advice,1,3,ENG,2,ENG-046;ENG-051,CODIGO_INLINE;DEFINICION_EXPLICITA;ENCABEZADO,1,CANDIDATO_ENG_DEFINIDO,NO,NO_ASIGNADO
aggregate,Aggregate,Aggregate,1,4,ENG,3,ENG-022;ENG-029;ENG-035,CODIGO_INLINE;ENCABEZADO,0,CANDIDATO_ENG_REPETIDO,NO,NO_ASIGNADO
aggregation,Aggregation,Aggregation,1,3,ENG,3,ENG-041;ENG-081;ENG-082,ENCABEZADO,0,CANDIDATO_ENG_REPETIDO,NO,NO_ASIGNADO
ai-011,AI-011,AI-011,1,1,ARQ,1,ARQ-004,TABLA_COLUMNA_PRINCIPAL,0,CANDIDATO_CON_AUTORIDAD,NO,NO_ASIGNADO
ai-012,AI-012,AI-012,1,1,ARQ,1,ARQ-004,TABLA_COLUMNA_PRINCIPAL,0,CANDIDATO_CON_AUTORIDAD,NO,NO_ASIGNADO
ai-013,AI-013,AI-013,1,1,ARQ,1,ARQ-004,TABLA_COLUMNA_PRINCIPAL,0,CANDIDATO_CON_AUTORIDAD,NO,NO_ASIGNADO
ai-014,AI-014,AI-014,1,1,ARQ,1,ARQ-004,TABLA_COLUMNA_PRINCIPAL,0,CANDIDATO_CON_AUTORIDAD,NO,NO_ASIGNADO
ai-015,AI-015,AI-015,1,1,ARQ,1,ARQ-004,TABLA_COLUMNA_PRINCIPAL,0,CANDIDATO_CON_AUTORIDAD,NO,NO_ASIGNADO
ai-016,AI-016,AI-016,1,1,ARQ,1,ARQ-004,TABLA_COLUMNA_PRINCIPAL,0,CANDIDATO_CON_AUTORIDAD,NO,NO_ASIGNADO
ai-017,AI-017,AI-017,1,1,ARQ,1,ARQ-004,TABLA_COLUMNA_PRINCIPAL,0,CANDIDATO_CON_AUTORIDAD,NO,NO_ASIGNADO
ai-018,AI-018,AI-018,1,1,ARQ,1,ARQ-004,TABLA_COLUMNA_PRINCIPAL,0,CANDIDATO_CON_AUTORIDAD,NO,NO_ASIGNADO
ai-055,AI-055,AI-055,1,1,ARQ,1,ARQ-010,TABLA_COLUMNA_PRINCIPAL,0,CANDIDATO_CON_AUTORIDAD,NO,NO_ASIGNADO
ai-056,AI-056,AI-056,1,1,ARQ,1,ARQ-010,TABLA_COLUMNA_PRINCIPAL,0,CANDIDATO_CON_AUTORIDAD,NO,NO_ASIGNADO
ai-057,AI-057,AI-057,1,1,ARQ,1,ARQ-010,TABLA_COLUMNA_PRINCIPAL,0,CANDIDATO_CON_AUTORIDAD,NO,NO_ASIGNADO
ai-058,AI-058,AI-058,1,1,ARQ,1,ARQ-010,TABLA_COLUMNA_PRINCIPAL,0,CANDIDATO_CON_AUTORIDAD,NO,NO_ASIGNADO
ai-058 la generacion,AI-058 La generación,AI-058 La generación,1,1,ARQ,1,ARQ-010,DEFINICION_EXPLICITA,1,CANDIDATO_CON_AUTORIDAD,NO,NO_ASIGNADO
ai-059,AI-059,AI-059,1,1,ARQ,1,ARQ-010,TABLA_COLUMNA_PRINCIPAL,0,CANDIDATO_CON_AUTORIDAD,NO,NO_ASIGNADO
ai-059 las plantilla,AI-059 Las plantillas,AI-059 Las plantillas,1,1,ARQ,1,ARQ-010,DEFINICION_EXPLICITA,1,CANDIDATO_CON_AUTORIDAD,NO,NO_ASIGNADO
ai-060,AI-060,AI-060,1,1,ARQ,1,ARQ-010,TABLA_COLUMNA_PRINCIPAL,0,CANDIDATO_CON_AUTORIDAD,NO,NO_ASIGNADO
ai-061,AI-061,AI-061,1,1,ARQ,1,ARQ-011,TABLA_COLUMNA_PRINCIPAL,0,CANDIDATO_CON_AUTORIDAD,NO,NO_ASIGNADO
ai-062,AI-062,AI-062,1,1,ARQ,1,ARQ-011,TABLA_COLUMNA_PRINCIPAL,0,CANDIDATO_CON_AUTORIDAD,NO,NO_ASIGNADO
ai-063,AI-063,AI-063,1,1,ARQ,1,ARQ-011,TABLA_COLUMNA_PRINCIPAL,0,CANDIDATO_CON_AUTORIDAD,NO,NO_ASIGNADO
ai-064,AI-064,AI-064,1,1,ARQ,1,ARQ-011,TABLA_COLUMNA_PRINCIPAL,0,CANDIDATO_CON_AUTORIDAD,NO,NO_ASIGNADO
ai-064 los contract,AI-064 Los Contracts,AI-064 Los Contracts,1,1,ARQ,1,ARQ-011,DEFINICION_EXPLICITA,1,CANDIDATO_CON_AUTORIDAD,NO,NO_ASIGNADO
ai-065,AI-065,AI-065,1,1,ARQ,1,ARQ-011,TABLA_COLUMNA_PRINCIPAL,0,CANDIDATO_CON_AUTORIDAD,NO,NO_ASIGNADO
ai-066,AI-066,AI-066,1,1,ARQ,1,ARQ-011,TABLA_COLUMNA_PRINCIPAL,0,CANDIDATO_CON_AUTORIDAD,NO,NO_ASIGNADO
ai-066 los contract,AI-066 Los Contracts,AI-066 Los Contracts,1,1,ARQ,1,ARQ-011,DEFINICION_EXPLICITA,1,CANDIDATO_CON_AUTORIDAD,NO,NO_ASIGNADO
ai-067,AI-067,AI-067,1,1,ARQ,1,ARQ-012,TABLA_COLUMNA_PRINCIPAL,0,CANDIDATO_CON_AUTORIDAD,NO,NO_ASIGNADO
ai-068,AI-068,AI-068,1,1,ARQ,1,ARQ-012,TABLA_COLUMNA_PRINCIPAL,0,CANDIDATO_CON_AUTORIDAD,NO,NO_ASIGNADO
ai-069,AI-069,AI-069,1,1,ARQ,1,ARQ-012,TABLA_COLUMNA_PRINCIPAL,0,CANDIDATO_CON_AUTORIDAD,NO,NO_ASIGNADO
ai-070,AI-070,AI-070,1,1,ARQ,1,ARQ-012,TABLA_COLUMNA_PRINCIPAL,0,CANDIDATO_CON_AUTORIDAD,NO,NO_ASIGNADO
ai-071,AI-071,AI-071,1,1,ARQ,1,ARQ-012,TABLA_COLUMNA_PRINCIPAL,0,CANDIDATO_CON_AUTORIDAD,NO,NO_ASIGNADO
ai-072,AI-072,AI-072,1,1,ARQ,1,ARQ-012,TABLA_COLUMNA_PRINCIPAL,0,CANDIDATO_CON_AUTORIDAD,NO,NO_ASIGNADO
ai-072 constructor injection,AI-072 Constructor Injection,AI-072 Constructor Injection,1,1,ARQ,1,ARQ-012,DEFINICION_EXPLICITA,1,CANDIDATO_CON_AUTORIDAD,NO,NO_ASIGNADO
ai-073,AI-073,AI-073,1,1,ARQ,1,ARQ-013,TABLA_COLUMNA_PRINCIPAL,0,CANDIDATO_CON_AUTORIDAD,NO,NO_ASIGNADO
ai-074,AI-074,AI-074,1,1,ARQ,1,ARQ-013,TABLA_COLUMNA_PRINCIPAL,0,CANDIDATO_CON_AUTORIDAD,NO,NO_ASIGNADO
ai-075,AI-075,AI-075,1,1,ARQ,1,ARQ-013,TABLA_COLUMNA_PRINCIPAL,0,CANDIDATO_CON_AUTORIDAD,NO,NO_ASIGNADO
ai-075 toda politica,AI-075 Toda política,AI-075 Toda política,1,1,ARQ,1,ARQ-013,DEFINICION_EXPLICITA,1,CANDIDATO_CON_AUTORIDAD,NO,NO_ASIGNADO
ai-076,AI-076,AI-076,1,1,ARQ,1,ARQ-013,TABLA_COLUMNA_PRINCIPAL,0,CANDIDATO_CON_AUTORIDAD,NO,NO_ASIGNADO
ai-076 la configuracion,AI-076 La configuración,AI-076 La configuración,1,1,ARQ,1,ARQ-013,DEFINICION_EXPLICITA,1,CANDIDATO_CON_AUTORIDAD,NO,NO_ASIGNADO
ai-077,AI-077,AI-077,1,1,ARQ,1,ARQ-013,TABLA_COLUMNA_PRINCIPAL,0,CANDIDATO_CON_AUTORIDAD,NO,NO_ASIGNADO
ai-078,AI-078,AI-078,1,1,ARQ,1,ARQ-013,TABLA_COLUMNA_PRINCIPAL,0,CANDIDATO_CON_AUTORIDAD,NO,NO_ASIGNADO
ai-097,AI-097,AI-097,1,1,ARQ,1,ARQ-017,TABLA_COLUMNA_PRINCIPAL,0,CANDIDATO_CON_AUTORIDAD,NO,NO_ASIGNADO
ai-098,AI-098,AI-098,1,1,ARQ,1,ARQ-017,TABLA_COLUMNA_PRINCIPAL,0,CANDIDATO_CON_AUTORIDAD,NO,NO_ASIGNADO
ai-099,AI-099,AI-099,1,1,ARQ,1,ARQ-017,TABLA_COLUMNA_PRINCIPAL,0,CANDIDATO_CON_AUTORIDAD,NO,NO_ASIGNADO
ai-100,AI-100,AI-100,1,1,ARQ,1,ARQ-017,TABLA_COLUMNA_PRINCIPAL,0,CANDIDATO_CON_AUTORIDAD,NO,NO_ASIGNADO
ai-101,AI-101,AI-101,1,1,ARQ,1,ARQ-017,TABLA_COLUMNA_PRINCIPAL,0,CANDIDATO_CON_AUTORIDAD,NO,NO_ASIGNADO
ai-102,AI-102,AI-102,1,1,ARQ,1,ARQ-017,TABLA_COLUMNA_PRINCIPAL,0,CANDIDATO_CON_AUTORIDAD,NO,NO_ASIGNADO
ai-102 todo package,AI-102 Todo Package,AI-102 Todo Package,1,1,ARQ,1,ARQ-017,DEFINICION_EXPLICITA,1,CANDIDATO_CON_AUTORIDAD,NO,NO_ASIGNADO
alcance del producto,Alcance del producto,Alcance del producto,1,1,FND,1,FND-000,ENCABEZADO,0,CANDIDATO_CON_AUTORIDAD,NO,NO_ASIGNADO
alerting,Alerting,Alerting,1,4,ENG,4,ENG-023;ENG-024;ENG-025;ENG-041,ENCABEZADO,0,CANDIDATO_ENG_REPETIDO,NO,NO_ASIGNADO
allow,ALLOW,ALLOW; Allow,2,3,ENG,3,ENG-040;ENG-046;ENG-051,CODIGO_INLINE;ENCABEZADO,0,CANDIDATO_ENG_REPETIDO,NO,NO_ASIGNADO
anatomia conceptual,Anatomía conceptual,Anatomía conceptual,1,1,ARQ,1,ARQ-004,ENCABEZADO,0,CANDIDATO_CON_AUTORIDAD,NO,NO_ASIGNADO
annotation,Annotation,Annotation,1,2,ENG,1,ENG-057,DEFINICION_EXPLICITA,2,CANDIDATO_ENG_DEFINIDO,NO,NO_ASIGNADO
api compatibility,API Compatibility,API Compatibility,1,3,ENG,3,ENG-016;ENG-044;ENG-066,ENCABEZADO,0,CANDIDATO_ENG_REPETIDO,NO,NO_ASIGNADO
api engineering,API Engineering,API Engineering,1,4,ENG,3,ENG-043;ENG-044;ENG-061,DEFINICION_EXPLICITA;ENCABEZADO;TERMINO_DESTACADO,1,CANDIDATO_ENG_DEFINIDO,NO,NO_ASIGNADO
api integration,API Integration,API Integration,1,13,ENG,13,ENG-015;ENG-034;ENG-035;ENG-045;ENG-046;ENG-047;ENG-048;ENG-049;ENG-050;ENG-051;ENG-052;ENG-054;ENG-055,ENCABEZADO,0,CANDIDATO_ENG_REPETIDO,NO,NO_ASIGNADO
api key,API Key,API Key,1,3,ENG,2,ENG-044;ENG-045,CODIGO_INLINE;ENCABEZADO,0,CANDIDATO_ENG_REPETIDO,NO,NO_ASIGNADO
api key in url,API Key in URL,API Key in URL,1,3,ENG,2,ENG-044;ENG-045,ENCABEZADO,0,CANDIDATO_ENG_REPETIDO,NO,NO_ASIGNADO
api publica,API pública,API Pública; API pública,2,5,ARQ;ENG,3,ARQ-004;ENG-001;ENG-002,DEFINICION_EXPLICITA;ENCABEZADO,1,CANDIDATO_CON_AUTORIDAD,NO,NO_ASIGNADO
api publica accidental,API pública accidental,API pública accidental,1,1,ARQ,1,ARQ-004,ENCABEZADO,0,CANDIDATO_CON_AUTORIDAD,NO,NO_ASIGNADO
api validation,API Validation,API Validation,1,3,ENG,3,ENG-035;ENG-036;ENG-044,ENCABEZADO,0,CANDIDATO_ENG_REPETIDO,NO,NO_ASIGNADO
application,Application,/Application; Application,2,5,ENG,4,ENG-006;ENG-039;ENG-040;ENG-041,CODIGO_INLINE;ENCABEZADO,0,CANDIDATO_ENG_REPETIDO,NO,NO_ASIGNADO
application health,Application Health,Application Health,1,2,ENG,1,ENG-069,DEFINICION_EXPLICITA;ENCABEZADO,1,CANDIDATO_ENG_DEFINIDO,NO,NO_ASIGNADO
application integration,Application Integration,Application Integration,1,10,ENG,10,ENG-035;ENG-042;ENG-046;ENG-047;ENG-048;ENG-049;ENG-050;ENG-051;ENG-052;ENG-053,ENCABEZADO,0,CANDIDATO_ENG_REPETIDO,NO,NO_ASIGNADO
application layer,Application Layer,Application Layer,1,3,ENG,1,ENG-034,CODIGO_INLINE;DEFINICION_EXPLICITA;ENCABEZADO,1,CANDIDATO_ENG_DEFINIDO,NO,NO_ASIGNADO
application lifecycle,Application Lifecycle,Application Lifecycle,1,3,ENG,3,ENG-015;ENG-034;ENG-055,ENCABEZADO,0,CANDIDATO_ENG_REPETIDO,NO,NO_ASIGNADO
application precondition,Application Precondition,Application Precondition,1,3,ENG,2,ENG-034;ENG-036,CODIGO_INLINE;ENCABEZADO,0,CANDIDATO_ENG_REPETIDO,NO,NO_ASIGNADO
approval,Approval,Approval,1,3,ENG,3,ENG-017;ENG-021;ENG-047,ENCABEZADO,0,CANDIDATO_ENG_REPETIDO,NO,NO_ASIGNADO
approved,Approved,APPROVED; Approved,2,4,ENG,2,ENG-017;ENG-084,CODIGO_INLINE;ENCABEZADO;TABLA_COLUMNA_PRINCIPAL,0,CANDIDATO_ENG_REPETIDO,NO,NO_ASIGNADO
architectural fitness function,Architectural Fitness Functions,Architectural Fitness Functions,1,4,ENG,2,ENG-001;ENG-009,ENCABEZADO;TERMINO_DESTACADO,0,CANDIDATO_ENG_REPETIDO,NO,NO_ASIGNADO
architectural state machine,Architectural State Machine,Architectural State Machine,1,3,ENG,2,ENG-015;ENG-052,ENCABEZADO;TERMINO_DESTACADO,0,CANDIDATO_ENG_REPETIDO,NO,NO_ASIGNADO
architecture graph,architecture graph,Architecture Graph; architecture graph,2,3,ENG,2,ENG-007;ENG-020,CODIGO_INLINE;ENCABEZADO,0,CANDIDATO_ENG_REPETIDO,NO,NO_ASIGNADO
architecture test,Architecture Test,Architecture Test; Architecture Tests,2,64,ENG,64,ENG-002;ENG-009;ENG-015;ENG-018;ENG-019;ENG-035;ENG-036;ENG-038;ENG-039;ENG-040;ENG-041;ENG-042;ENG-043;ENG-044;ENG-045;ENG-046;ENG-047;ENG-048;ENG-049;ENG-050;ENG-051;ENG-052;ENG-053;ENG-054;ENG-055;ENG-056;ENG-057;ENG-058;ENG-059;ENG-060;ENG-061;ENG-062;ENG-063;ENG-064;ENG-065;ENG-066;ENG-067;ENG-068;ENG-069;ENG-070;ENG-071;ENG-072;ENG-073;ENG-074;ENG-075;ENG-076;ENG-077;ENG-078;ENG-079;ENG-080;ENG-081;ENG-082;ENG-083;ENG-084;ENG-085;ENG-086;ENG-087;ENG-088;ENG-089;ENG-090;ENG-091;ENG-092;ENG-093;ENG-094,ENCABEZADO,0,CANDIDATO_ENG_REPETIDO,NO,NO_ASIGNADO
area de actuacion,Áreas de actuación,Áreas de actuación,1,1,FND,1,FND-002,ENCABEZADO,0,CANDIDATO_CON_AUTORIDAD,NO,NO_ASIGNADO
arq-004,ARQ-004,ARQ-004,1,3,ARQ;ENG,2,ARQ-004;ENG-002,CODIGO_INLINE;ENCABEZADO,0,CANDIDATO_CON_AUTORIDAD,NO,NO_ASIGNADO
arq-010,ARQ-010,ARQ-010,1,1,ARQ,1,ARQ-010,ENCABEZADO,0,CANDIDATO_CON_AUTORIDAD,NO,NO_ASIGNADO
arq-011,ARQ-011,ARQ-011,1,2,ARQ;ENG,2,ARQ-011;ENG-016,DEFINICION_EXPLICITA;ENCABEZADO,1,CANDIDATO_CON_AUTORIDAD,NO,NO_ASIGNADO
arq-012,ARQ-012,ARQ-012,1,1,ARQ,1,ARQ-012,ENCABEZADO,0,CANDIDATO_CON_AUTORIDAD,NO,NO_ASIGNADO
arq-013,ARQ-013,ARQ-013,1,2,ARQ;ENG,2,ARQ-013;ENG-011,CODIGO_INLINE;ENCABEZADO,0,CANDIDATO_CON_AUTORIDAD,NO,NO_ASIGNADO
arq-017,ARQ-017,ARQ-017,1,2,ARQ;ENG,2,ARQ-017;ENG-002,CODIGO_INLINE;ENCABEZADO,0,CANDIDATO_CON_AUTORIDAD,NO,NO_ASIGNADO
arquitectura del framework,arquitectura del Framework,arquitectura del Framework,1,1,FND,1,FND-000,DEFINICION_EXPLICITA,1,CANDIDATO_CON_AUTORIDAD,NO,NO_ASIGNADO
arquitectura recomendada,Arquitectura Recomendada,Arquitectura Recomendada,1,11,ENG,11,ENG-010;ENG-011;ENG-013;ENG-014;ENG-015;ENG-018;ENG-019;ENG-020;ENG-021;ENG-022;ENG-023,ENCABEZADO,0,CANDIDATO_ENG_REPETIDO,NO,NO_ASIGNADO
artefacto generabl,Artefactos Generables,Artefactos Generables,1,1,ARQ,1,ARQ-010,ENCABEZADO,0,CANDIDATO_CON_AUTORIDAD,NO,NO_ASIGNADO
artifact identity,Artifact Identity,Artifact Identity,1,3,ENG,3,ENG-012;ENG-066;ENG-067,ENCABEZADO,0,CANDIDATO_ENG_REPETIDO,NO,NO_ASIGNADO
artifact promotion,Artifact Promotion,Artifact Promotion,1,4,ENG,4,ENG-014;ENG-017;ENG-067;ENG-068,ENCABEZADO,0,CANDIDATO_ENG_REPETIDO,NO,NO_ASIGNADO
aspiracion,Aspiración,Aspiración,1,1,FND,1,FND-001,ENCABEZADO,0,CANDIDATO_CON_AUTORIDAD,NO,NO_ASIGNADO
at-least-once,At-Least-Once,At-Least-Once,1,5,ENG,5,ENG-022;ENG-032;ENG-040;ENG-041;ENG-064,ENCABEZADO,0,CANDIDATO_ENG_REPETIDO,NO,NO_ASIGNADO
at-most-once,At-Most-Once,At-Most-Once,1,5,ENG,5,ENG-022;ENG-032;ENG-040;ENG-041;ENG-064,ENCABEZADO,0,CANDIDATO_ENG_REPETIDO,NO,NO_ASIGNADO
atomicity,Atomicity,Atomicity,1,4,ENG,4,ENG-030;ENG-038;ENG-041;ENG-042,ENCABEZADO,0,CANDIDATO_ENG_REPETIDO,NO,NO_ASIGNADO
audit,Audit,Audit,1,15,ENG,15,ENG-011;ENG-013;ENG-015;ENG-017;ENG-020;ENG-021;ENG-024;ENG-030;ENG-034;ENG-045;ENG-047;ENG-048;ENG-049;ENG-069;ENG-083,DEFINICION_EXPLICITA;ENCABEZADO,1,CANDIDATO_ENG_DEFINIDO,NO,NO_ASIGNADO
audit event,Audit Events,Audit Event; Audit Events; Audit ≠ Event,3,23,ENG,23,ENG-024;ENG-034;ENG-056;ENG-065;ENG-066;ENG-067;ENG-068;ENG-069;ENG-070;ENG-071;ENG-072;ENG-073;ENG-074;ENG-075;ENG-076;ENG-077;ENG-078;ENG-079;ENG-080;ENG-081;ENG-083;ENG-084;ENG-085,ENCABEZADO,0,CANDIDATO_ENG_REPETIDO,NO,NO_ASIGNADO
audit record,Audit Record,Audit Record,1,20,ENG,20,ENG-024;ENG-049;ENG-050;ENG-051;ENG-052;ENG-053;ENG-054;ENG-055;ENG-057;ENG-059;ENG-060;ENG-061;ENG-062;ENG-063;ENG-064;ENG-065;ENG-066;ENG-067;ENG-068;ENG-076,ENCABEZADO,0,CANDIDATO_ENG_REPETIDO,NO,NO_ASIGNADO
authentication,Authentication,Authentication,1,8,ENG,7,ENG-024;ENG-032;ENG-041;ENG-044;ENG-045;ENG-061;ENG-082,CODIGO_INLINE;ENCABEZADO,0,CANDIDATO_ENG_REPETIDO,NO,NO_ASIGNADO
authentication authorization,Authentication ≠ Authorization,Authentication = Authorization; Authentication ≠ Authorization,2,4,ENG,3,ENG-024;ENG-032;ENG-045,ENCABEZADO,0,CANDIDATO_ENG_REPETIDO,NO,NO_ASIGNADO
authentication engineering,Authentication Engineering,Authentication Engineering,1,3,ENG,2,ENG-044;ENG-045,ENCABEZADO;TERMINO_DESTACADO,0,CANDIDATO_ENG_REPETIDO,NO,NO_ASIGNADO
authentication integration,Authentication Integration,Authentication Integration,1,9,ENG,9,ENG-046;ENG-047;ENG-048;ENG-049;ENG-050;ENG-051;ENG-052;ENG-053;ENG-054,ENCABEZADO,0,CANDIDATO_ENG_REPETIDO,NO,NO_ASIGNADO
authenticity,Authenticity,Authenticity,1,3,ENG,2,ENG-024;ENG-093,DEFINICION_EXPLICITA;ENCABEZADO,1,CANDIDATO_ENG_DEFINIDO,NO,NO_ASIGNADO
authority scope,Authority Scope,Authority Scope,1,3,ENG,3,ENG-079;ENG-081;ENG-085,ENCABEZADO,0,CANDIDATO_ENG_REPETIDO,NO,NO_ASIGNADO
authorization,Authorization,Authorization,1,15,ENG,14,ENG-015;ENG-024;ENG-031;ENG-034;ENG-041;ENG-042;ENG-044;ENG-046;ENG-061;ENG-082;ENG-088;ENG-091;ENG-092;ENG-093,CODIGO_INLINE;ENCABEZADO,0,CANDIDATO_ENG_REPETIDO,NO,NO_ASIGNADO
authorization engineering,Authorization Engineering,Authorization Engineering,1,3,ENG,2,ENG-045;ENG-046,ENCABEZADO;TERMINO_DESTACADO,0,CANDIDATO_ENG_REPETIDO,NO,NO_ASIGNADO
authorization error,Authorization Error,Authorization Error,1,3,ENG,3,ENG-039;ENG-044;ENG-046,ENCABEZADO,0,CANDIDATO_ENG_REPETIDO,NO,NO_ASIGNADO
authorization failure,Authorization Failure,Authorization Failure,1,3,ENG,3,ENG-024;ENG-039;ENG-040,ENCABEZADO,0,CANDIDATO_ENG_REPETIDO,NO,NO_ASIGNADO
authorization integration,Authorization Integration,Authorization Integration,1,8,ENG,8,ENG-047;ENG-048;ENG-049;ENG-050;ENG-051;ENG-052;ENG-053;ENG-054,ENCABEZADO,0,CANDIDATO_ENG_REPETIDO,NO,NO_ASIGNADO
authorization test,Authorization Test,Authorization Test; Authorization Tests,2,4,ENG,4,ENG-024;ENG-034;ENG-044;ENG-049,ENCABEZADO,0,CANDIDATO_ENG_REPETIDO,NO,NO_ASIGNADO
automatic rollback,Automatic Rollback,Automatic Rollback,1,4,ENG,4,ENG-013;ENG-042;ENG-049;ENG-050,ENCABEZADO,0,CANDIDATO_ENG_REPETIDO,NO,NO_ASIGNADO
availability,Availability,Availability,1,8,ENG,4,ENG-024;ENG-073;ENG-088;ENG-093,CODIGO_INLINE;DEFINICION_EXPLICITA;ENCABEZADO,4,CANDIDATO_ENG_DEFINIDO,NO,NO_ASIGNADO
availability engineering,Availability Engineering,Availability Engineering,1,3,ENG,1,ENG-073,ENCABEZADO;TERMINO_DESTACADO,0,CANDIDATO_ENG_REPETIDO,NO,NO_ASIGNADO
background work,Background Work,Background Work,1,3,ENG,1,ENG-040,CODIGO_INLINE;DEFINICION_EXPLICITA;ENCABEZADO,1,CANDIDATO_ENG_DEFINIDO,NO,NO_ASIGNADO
backoff,Backoff,Backoff,1,6,ENG,5,ENG-022;ENG-030;ENG-032;ENG-038;ENG-039,CODIGO_INLINE;ENCABEZADO,0,CANDIDATO_ENG_REPETIDO,NO,NO_ASIGNADO
backpressure,Backpressure,Backpressure,1,15,ENG,14,ENG-022;ENG-024;ENG-025;ENG-026;ENG-032;ENG-038;ENG-039;ENG-040;ENG-041;ENG-044;ENG-061;ENG-064;ENG-070;ENG-071,CODIGO_INLINE;ENCABEZADO,0,CANDIDATO_ENG_REPETIDO,NO,NO_ASIGNADO
backpressure test,Backpressure Test,Backpressure Test,1,3,ENG,3,ENG-032;ENG-054;ENG-064,ENCABEZADO,0,CANDIDATO_ENG_REPETIDO,NO,NO_ASIGNADO
backup,Backup,Backup; Backups,2,5,ENG,4,ENG-030;ENG-076;ENG-081;ENG-092,DEFINICION_EXPLICITA;ENCABEZADO,2,CANDIDATO_ENG_DEFINIDO,NO,NO_ASIGNADO
backward compatibility,Backward Compatibility,Backward Compatibility,1,9,ENG,9,ENG-007;ENG-011;ENG-014;ENG-016;ENG-020;ENG-031;ENG-052;ENG-057;ENG-062,ENCABEZADO,0,CANDIDATO_ENG_REPETIDO,NO,NO_ASIGNADO
baggage,Baggage,Baggage,1,2,ENG,1,ENG-056,DEFINICION_EXPLICITA;TABLA_COLUMNA_PRINCIPAL,1,CANDIDATO_ENG_DEFINIDO,NO,NO_ASIGNADO
baseline condition,Baseline Conditions,Baseline Conditions,1,3,ENG,3,ENG-070;ENG-071;ENG-074,ENCABEZADO,0,CANDIDATO_ENG_REPETIDO,NO,NO_ASIGNADO
batch size,Batch Size,Batch Size,1,4,ENG,4,ENG-041;ENG-064;ENG-066;ENG-070,ENCABEZADO,0,CANDIDATO_ENG_REPETIDO,NO,NO_ASIGNADO
behavioral compatibility,Behavioral Compatibility,Behavioral Compatibility,1,3,ENG,3,ENG-014;ENG-016;ENG-021,ENCABEZADO,0,CANDIDATO_ENG_REPETIDO,NO,NO_ASIGNADO
benchmark,Benchmark,Benchmark,1,4,ENG,3,ENG-026;ENG-038;ENG-070,DEFINICION_EXPLICITA;ENCABEZADO,1,CANDIDATO_ENG_DEFINIDO,NO,NO_ASIGNADO
beneficiario,Beneficiarios,Beneficiarios,1,1,FND,1,FND-002,ENCABEZADO,0,CANDIDATO_CON_AUTORIDAD,NO,NO_ASIGNADO
binding,Binding,Binding,1,3,ENG,2,ENG-018;ENG-019,CODIGO_INLINE;ENCABEZADO,0,CANDIDATO_ENG_REPETIDO,NO,NO_ASIGNADO
blast radius,Blast Radius,Blast Radius,1,3,ENG,3,ENG-024;ENG-073;ENG-080,ENCABEZADO,0,CANDIDATO_ENG_REPETIDO,NO,NO_ASIGNADO
bootstrap,Bootstrap,Bootstrap,1,33,ENG,32,ENG-027;ENG-032;ENG-037;ENG-039;ENG-041;ENG-043;ENG-044;ENG-045;ENG-046;ENG-047;ENG-049;ENG-050;ENG-051;ENG-052;ENG-053;ENG-054;ENG-055;ENG-056;ENG-057;ENG-058;ENG-059;ENG-060;ENG-061;ENG-062;ENG-063;ENG-064;ENG-065;ENG-066;ENG-068;ENG-069;ENG-071;ENG-073,DEFINICION_EXPLICITA;ENCABEZADO,1,CANDIDATO_ENG_DEFINIDO,NO,NO_ASIGNADO
bootstrap event,Bootstrap Events,Bootstrap Events,1,3,ENG,3,ENG-020;ENG-022;ENG-027,ENCABEZADO,0,CANDIDATO_ENG_REPETIDO,NO,NO_ASIGNADO
bootstrap failure,Bootstrap Failure,Bootstrap Failure,1,28,ENG,27,ENG-025;ENG-027;ENG-044;ENG-045;ENG-046;ENG-047;ENG-048;ENG-049;ENG-050;ENG-051;ENG-052;ENG-053;ENG-054;ENG-055;ENG-056;ENG-057;ENG-058;ENG-059;ENG-060;ENG-061;ENG-062;ENG-063;ENG-064;ENG-065;ENG-066;ENG-068;ENG-069,ENCABEZADO,0,CANDIDATO_ENG_REPETIDO,NO,NO_ASIGNADO
bootstrap flow,Bootstrap Flow,Bootstrap Flow,1,26,ENG,26,ENG-041;ENG-043;ENG-044;ENG-045;ENG-046;ENG-047;ENG-048;ENG-049;ENG-050;ENG-051;ENG-052;ENG-053;ENG-054;ENG-055;ENG-056;ENG-057;ENG-058;ENG-059;ENG-060;ENG-061;ENG-062;ENG-063;ENG-064;ENG-065;ENG-068;ENG-069,ENCABEZADO,0,CANDIDATO_ENG_REPETIDO,NO,NO_ASIGNADO
boundary ownership,Boundary Ownership,Boundary Ownership,1,3,ENG,3,ENG-042;ENG-043;ENG-061,ENCABEZADO,0,CANDIDATO_ENG_REPETIDO,NO,NO_ASIGNADO
boundary validation,Boundary Validation,Boundary Validation,1,3,ENG,3,ENG-024;ENG-036;ENG-061,ENCABEZADO,0,CANDIDATO_ENG_REPETIDO,NO,NO_ASIGNADO
breaking change,Breaking Change,Breaking Change,1,6,ENG,5,ENG-014;ENG-021;ENG-041;ENG-044;ENG-062,CODIGO_INLINE;ENCABEZADO,0,CANDIDATO_ENG_REPETIDO,NO,NO_ASIGNADO
buffering,Buffering,Buffering,1,3,ENG,3,ENG-010;ENG-025;ENG-077,ENCABEZADO,0,CANDIDATO_ENG_REPETIDO,NO,NO_ASIGNADO
build environment,Build Environment,Build Environment,1,3,ENG,3,ENG-012;ENG-017;ENG-024,ENCABEZADO,0,CANDIDATO_ENG_REPETIDO,NO,NO_ASIGNADO
build gate,Build Gate,Build Gate,1,6,ENG,6,ENG-016;ENG-017;ENG-031;ENG-032;ENG-034;ENG-035,ENCABEZADO,0,CANDIDATO_ENG_REPETIDO,NO,NO_ASIGNADO
build integration,Build Integration,Build Integration,1,74,ENG,74,ENG-011;ENG-013;ENG-014;ENG-016;ENG-017;ENG-020;ENG-021;ENG-022;ENG-023;ENG-024;ENG-025;ENG-026;ENG-028;ENG-029;ENG-030;ENG-031;ENG-032;ENG-034;ENG-037;ENG-038;ENG-039;ENG-040;ENG-041;ENG-042;ENG-043;ENG-044;ENG-045;ENG-046;ENG-047;ENG-048;ENG-049;ENG-050;ENG-051;ENG-052;ENG-053;ENG-054;ENG-055;ENG-056;ENG-057;ENG-058;ENG-059;ENG-060;ENG-061;ENG-062;ENG-063;ENG-064;ENG-065;ENG-066;ENG-067;ENG-068;ENG-069;ENG-070;ENG-071;ENG-072;ENG-073;ENG-074;ENG-075;ENG-076;ENG-077;ENG-078;ENG-079;ENG-080;ENG-081;ENG-082;ENG-083;ENG-084;ENG-085;ENG-087;ENG-088;ENG-090;ENG-091;ENG-092;ENG-093;ENG-094,ENCABEZADO,0,CANDIDATO_ENG_REPETIDO,NO,NO_ASIGNADO
build pipeline,Build Pipeline,Build Pipeline,1,2,ENG,1,ENG-012,DEFINICION_EXPLICITA;ENCABEZADO,1,CANDIDATO_ENG_DEFINIDO,NO,NO_ASIGNADO
build system,Build System,Build System,1,3,ENG,1,ENG-012,DEFINICION_EXPLICITA;ENCABEZADO;TERMINO_DESTACADO,1,CANDIDATO_ENG_DEFINIDO,NO,NO_ASIGNADO
bulkhead,Bulkhead,Bulkhead,1,6,ENG,5,ENG-032;ENG-039;ENG-041;ENG-061;ENG-074,CODIGO_INLINE;ENCABEZADO,0,CANDIDATO_ENG_REPETIDO,NO,NO_ASIGNADO
business rule,Business Rule,Business Rule,1,3,ENG,3,ENG-035;ENG-062;ENG-079,ENCABEZADO,0,CANDIDATO_ENG_REPETIDO,NO,NO_ASIGNADO
cache,Cache,Cache,1,11,ENG,9,ENG-006;ENG-020;ENG-026;ENG-030;ENG-037;ENG-044;ENG-053;ENG-077;ENG-079,CODIGO_INLINE;DEFINICION_EXPLICITA;ENCABEZADO,2,CANDIDATO_ENG_DEFINIDO,NO,NO_ASIGNADO
cache integration,Cache Integration,Cache Integration,1,8,ENG,8,ENG-045;ENG-046;ENG-047;ENG-048;ENG-049;ENG-050;ENG-051;ENG-053,ENCABEZADO,0,CANDIDATO_ENG_REPETIDO,NO,NO_ASIGNADO
cache invalidation,Cache Invalidation,Cache Invalidation,1,20,ENG,19,ENG-012;ENG-016;ENG-019;ENG-020;ENG-026;ENG-030;ENG-031;ENG-034;ENG-042;ENG-043;ENG-048;ENG-049;ENG-050;ENG-051;ENG-057;ENG-058;ENG-059;ENG-062;ENG-078,ENCABEZADO,0,CANDIDATO_ENG_REPETIDO,NO,NO_ASIGNADO
cache key,Cache Key,Cache Key,1,12,ENG,12,ENG-019;ENG-026;ENG-037;ENG-043;ENG-046;ENG-048;ENG-049;ENG-058;ENG-059;ENG-062;ENG-063;ENG-069,ENCABEZADO,0,CANDIDATO_ENG_REPETIDO,NO,NO_ASIGNADO
cache poisoning,Cache Poisoning,Cache Poisoning,1,3,ENG,2,ENG-037;ENG-079,ENCABEZADO,0,CANDIDATO_ENG_REPETIDO,NO,NO_ASIGNADO
cache stampede,Cache Stampede,Cache Stampede,1,5,ENG,5,ENG-026;ENG-037;ENG-038;ENG-043;ENG-078,ENCABEZADO,0,CANDIDATO_ENG_REPETIDO,NO,NO_ASIGNADO
cache test,Cache Test,Cache Test,1,6,ENG,6,ENG-046;ENG-050;ENG-051;ENG-058;ENG-059;ENG-069,ENCABEZADO,0,CANDIDATO_ENG_REPETIDO,NO,NO_ASIGNADO
cachestore,CacheStore,CacheStore,1,2,ENG,1,ENG-037,CODIGO_INLINE;DEFINICION_EXPLICITA,1,CANDIDATO_ENG_DEFINIDO,NO,NO_ASIGNADO
cada paquete,Cada paquete,Cada paquete,1,1,ARQ,1,ARQ-017,DEFINICION_EXPLICITA,1,CANDIDATO_CON_AUTORIDAD,NO,NO_ASIGNADO
cancellation,Cancellation,Cancellation,1,12,ENG,12,ENG-015;ENG-021;ENG-022;ENG-023;ENG-032;ENG-034;ENG-036;ENG-038;ENG-039;ENG-043;ENG-056;ENG-065,ENCABEZADO;TABLA_COLUMNA_PRINCIPAL,0,CANDIDATO_ENG_REPETIDO,NO,NO_ASIGNADO
cancellation safety,Cancellation Safety,Cancellation Safety,1,3,ENG,3,ENG-034;ENG-055;ENG-056,ENCABEZADO,0,CANDIDATO_ENG_REPETIDO,NO,NO_ASIGNADO
cancellation test,Cancellation Test,Cancellation Test,1,6,ENG,6,ENG-032;ENG-034;ENG-052;ENG-055;ENG-056;ENG-069,ENCABEZADO,0,CANDIDATO_ENG_REPETIDO,NO,NO_ASIGNADO
candidate,Candidate,Candidate; candidate,2,7,ENG,1,ENG-017,CODIGO_INLINE;DEFINICION_EXPLICITA;ENCABEZADO;TABLA_COLUMNA_PRINCIPAL,1,CANDIDATO_ENG_DEFINIDO,NO,NO_ASIGNADO
canonicalization,Canonicalization,Canonicalization,1,4,ENG,3,ENG-024;ENG-031;ENG-036,CODIGO_INLINE;ENCABEZADO,0,CANDIDATO_ENG_REPETIDO,NO,NO_ASIGNADO
capability,Capability,Capability; capabilities,2,7,ENG,6,ENG-003;ENG-016;ENG-020;ENG-024;ENG-028;ENG-046,CODIGO_INLINE;ENCABEZADO;TABLA_COLUMNA_PRINCIPAL,0,CANDIDATO_ENG_REPETIDO,NO,NO_ASIGNADO
capability declaration,Capability Declaration,Capability Declaration,1,3,ENG,3,ENG-019;ENG-024;ENG-068,ENCABEZADO,0,CANDIDATO_ENG_REPETIDO,NO,NO_ASIGNADO
capability registry,Capability Registry,Capability Registry,1,3,ENG,3,ENG-020;ENG-022;ENG-024,ENCABEZADO,0,CANDIDATO_ENG_REPETIDO,NO,NO_ASIGNADO
capability requirement,Capability Requirement,Capability Requirement; Capability Requirements,2,4,ENG,4,ENG-016;ENG-022;ENG-028;ENG-059,ENCABEZADO,0,CANDIDATO_ENG_REPETIDO,NO,NO_ASIGNADO
capability validation,Capability Validation,Capability Validation,1,3,ENG,3,ENG-032;ENG-057;ENG-060,ENCABEZADO,0,CANDIDATO_ENG_REPETIDO,NO,NO_ASIGNADO
capacidad,Capacidades,Capacidades; capacidad,2,3,ENG,3,ENG-001;ENG-002;ENG-003,ENCABEZADO;TERMINO_DESTACADO,0,CANDIDATO_ENG_REPETIDO,NO,NO_ASIGNADO
capacity,Capacity,Capacity,1,6,ENG,2,ENG-026;ENG-071,CODIGO_INLINE;DEFINICION_EXPLICITA;ENCABEZADO,3,CANDIDATO_ENG_DEFINIDO,NO,NO_ASIGNADO
capacity engineering,Capacity Engineering,Capacity Engineering,1,3,ENG,1,ENG-071,ENCABEZADO;TERMINO_DESTACADO,0,CANDIDATO_ENG_REPETIDO,NO,NO_ASIGNADO
capacity limit,Capacity Limit,Capacity Limit; Capacity ≠ Limit,2,4,ENG,4,ENG-026;ENG-054;ENG-070;ENG-071,ENCABEZADO,0,CANDIDATO_ENG_REPETIDO,NO,NO_ASIGNADO
capacity planning,Capacity Planning,Capacity Planning,1,3,ENG,3,ENG-026;ENG-067;ENG-071,ENCABEZADO,0,CANDIDATO_ENG_REPETIDO,NO,NO_ASIGNADO
capacity test,Capacity Test,Capacity Test; capacity:test,2,3,ENG,2,ENG-067;ENG-071,ENCABEZADO,0,CANDIDATO_ENG_REPETIDO,NO,NO_ASIGNADO
captive dependency,Captive Dependency,Captive Dependencies; Captive Dependency,2,4,ENG,2,ENG-018;ENG-019,ENCABEZADO,0,CANDIDATO_ENG_REPETIDO,NO,NO_ASIGNADO
cardinality,Cardinality,Cardinality,1,4,ENG,4,ENG-025;ENG-038;ENG-043;ENG-080,ENCABEZADO,0,CANDIDATO_ENG_REPETIDO,NO,NO_ASIGNADO
carta del proyecto,Carta del Proyecto,Carta del Proyecto,1,2,FND,1,FND-000,DEFINICION_EXPLICITA;ENCABEZADO,1,CANDIDATO_CON_AUTORIDAD,NO,NO_ASIGNADO
case sensitivity,Case Sensitivity,Case Sensitivity,1,4,ENG,4,ENG-005;ENG-006;ENG-011;ENG-020,ENCABEZADO,0,CANDIDATO_ENG_REPETIDO,NO,NO_ASIGNADO
catalog integration,Catalog Integration,Catalog Integration,1,4,ENG,4,ENG-088;ENG-091;ENG-093;ENG-094,ENCABEZADO,0,CANDIDATO_ENG_REPETIDO,NO,NO_ASIGNADO
categoria de modul,Categorías de Modules,Categorías de Modules,1,1,ARQ,1,ARQ-004,ENCABEZADO,0,CANDIDATO_CON_AUTORIDAD,NO,NO_ASIGNADO
category,category,Categories; category,2,3,ENG,2,ENG-010;ENG-023,CODIGO_INLINE;ENCABEZADO,0,CANDIDATO_ENG_REPETIDO,NO,NO_ASIGNADO
causation,Causation,Causation,1,4,ENG,4,ENG-032;ENG-040;ENG-041;ENG-056,ENCABEZADO;TABLA_COLUMNA_PRINCIPAL,0,CANDIDATO_ENG_REPETIDO,NO,NO_ASIGNADO
cfg-001,CFG-001,CFG-001,1,1,ARQ,1,ARQ-013,TABLA_COLUMNA_PRINCIPAL,0,CANDIDATO_CON_AUTORIDAD,NO,NO_ASIGNADO
cfg-002,CFG-002,CFG-002,1,1,ARQ,1,ARQ-013,TABLA_COLUMNA_PRINCIPAL,0,CANDIDATO_CON_AUTORIDAD,NO,NO_ASIGNADO
cfg-003,CFG-003,CFG-003,1,1,ARQ,1,ARQ-013,TABLA_COLUMNA_PRINCIPAL,0,CANDIDATO_CON_AUTORIDAD,NO,NO_ASIGNADO
cfg-004,CFG-004,CFG-004,1,1,ARQ,1,ARQ-013,TABLA_COLUMNA_PRINCIPAL,0,CANDIDATO_CON_AUTORIDAD,NO,NO_ASIGNADO
cfg-005,CFG-005,CFG-005,1,1,ARQ,1,ARQ-013,TABLA_COLUMNA_PRINCIPAL,0,CANDIDATO_CON_AUTORIDAD,NO,NO_ASIGNADO
cfg-006,CFG-006,CFG-006,1,1,ARQ,1,ARQ-013,TABLA_COLUMNA_PRINCIPAL,0,CANDIDATO_CON_AUTORIDAD,NO,NO_ASIGNADO
changelog,Changelog,CHANGELOG; Changelog,2,5,ENG,5,ENG-002;ENG-006;ENG-014;ENG-017;ENG-044,ENCABEZADO,0,CANDIDATO_ENG_REPETIDO,NO,NO_ASIGNADO
checkpoint,Checkpoint,Checkpoint,1,4,ENG,4,ENG-040;ENG-064;ENG-076;ENG-077,ENCABEZADO,0,CANDIDATO_ENG_REPETIDO,NO,NO_ASIGNADO
checksum,Checksum,Checksum,1,3,ENG,3,ENG-012;ENG-079;ENG-093,ENCABEZADO,0,CANDIDATO_ENG_REPETIDO,NO,NO_ASIGNADO
ci integration,CI Integration,CI Integration,1,3,ENG,3,ENG-012;ENG-016;ENG-018,ENCABEZADO,0,CANDIDATO_ENG_REPETIDO,NO,NO_ASIGNADO
ciclo de vida,Ciclo de Vida,Ciclo de Vida; Ciclo de vida,2,3,ARQ;ENG,3,ARQ-004;ARQ-012;ENG-002,ENCABEZADO,0,CANDIDATO_CON_AUTORIDAD,NO,NO_ASIGNADO
circuit breaker,Circuit Breaker,Circuit Breaker,1,7,ENG,6,ENG-022;ENG-023;ENG-030;ENG-032;ENG-039;ENG-041,CODIGO_INLINE;ENCABEZADO,0,CANDIDATO_ENG_REPETIDO,NO,NO_ASIGNADO
circular dependency,Circular Dependency,Circular Dependencies; Circular Dependency,2,5,ENG,5,ENG-013;ENG-018;ENG-019;ENG-050;ENG-075,ENCABEZADO,0,CANDIDATO_ENG_REPETIDO,NO,NO_ASIGNADO
cleanup failure,Cleanup Failure,Cleanup Failure,1,3,ENG,3,ENG-015;ENG-023;ENG-028,ENCABEZADO,0,CANDIDATO_ENG_REPETIDO,NO,NO_ASIGNADO
cli,CLI,CLI,1,59,ENG,57,ENG-005;ENG-007;ENG-011;ENG-040;ENG-041;ENG-042;ENG-043;ENG-044;ENG-045;ENG-046;ENG-047;ENG-048;ENG-049;ENG-050;ENG-051;ENG-052;ENG-053;ENG-054;ENG-055;ENG-056;ENG-057;ENG-058;ENG-059;ENG-060;ENG-061;ENG-062;ENG-063;ENG-064;ENG-065;ENG-066;ENG-067;ENG-068;ENG-069;ENG-070;ENG-071;ENG-072;ENG-073;ENG-074;ENG-075;ENG-076;ENG-077;ENG-078;ENG-079;ENG-080;ENG-081;ENG-082;ENG-083;ENG-084;ENG-085;ENG-087;ENG-088;ENG-089;ENG-090;ENG-091;ENG-092;ENG-093;ENG-094,DEFINICION_EXPLICITA;ENCABEZADO;TABLA_COLUMNA_PRINCIPAL,2,CANDIDATO_ENG_DEFINIDO,NO,NO_ASIGNADO
cli integration,CLI Integration,CLI Integration,1,15,ENG,15,ENG-017;ENG-019;ENG-020;ENG-021;ENG-022;ENG-023;ENG-024;ENG-025;ENG-026;ENG-028;ENG-029;ENG-030;ENG-031;ENG-032;ENG-034,ENCABEZADO,0,CANDIDATO_ENG_REPETIDO,NO,NO_ASIGNADO
clock,Clock,Clock,1,6,ENG,6,ENG-009;ENG-025;ENG-034;ENG-035;ENG-038;ENG-040,ENCABEZADO,0,CANDIDATO_ENG_REPETIDO,NO,NO_ASIGNADO
clock skew,Clock Skew,Clock Skew,1,5,ENG,5,ENG-025;ENG-040;ENG-045;ENG-078;ENG-079,ENCABEZADO,0,CANDIDATO_ENG_REPETIDO,NO,NO_ASIGNADO
command,Commands,Command; Commands,2,6,ENG,5,ENG-002;ENG-005;ENG-018;ENG-034;ENG-041,CODIGO_INLINE;ENCABEZADO,0,CANDIDATO_ENG_REPETIDO,NO,NO_ASIGNADO
commit,Commit,Commit,1,3,ENG,3,ENG-008;ENG-037;ENG-042,CODIGO_INLINE;ENCABEZADO,0,CANDIDATO_ENG_REPETIDO,NO,NO_ASIGNADO
como,cómo,cómo,1,1,ARQ,1,ARQ-011,TERMINO_DESTACADO,0,CANDIDATO_CON_AUTORIDAD,NO,NO_ASIGNADO
como resolverlo,cómo resolverlo,cómo resolverlo,1,1,ARQ,1,ARQ-012,TERMINO_DESTACADO,0,CANDIDATO_CON_AUTORIDAD,NO,NO_ASIGNADO
compare-and-swap,Compare-And-Swap,Compare-And-Swap; Compare-and-Swap,2,3,ENG,3,ENG-038;ENG-049;ENG-078,ENCABEZADO,0,CANDIDATO_ENG_REPETIDO,NO,NO_ASIGNADO
compatibilidad,Compatibilidad,Compatibilidad,1,2,ARQ;ENG,2,ARQ-011;ENG-000,ENCABEZADO,0,CANDIDATO_CON_AUTORIDAD,NO,NO_ASIGNADO
compatibility,Compatibility,Compatibility; compatibility,2,16,ENG,14,ENG-003;ENG-008;ENG-016;ENG-021;ENG-029;ENG-031;ENG-036;ENG-037;ENG-040;ENG-041;ENG-044;ENG-057;ENG-062;ENG-094,DEFINICION_EXPLICITA;ENCABEZADO;TABLA_COLUMNA_PRINCIPAL;TERMINO_DESTACADO,1,CANDIDATO_ENG_DEFINIDO,NO,NO_ASIGNADO
compatibility gate,Compatibility Gate,Compatibility Gate; Compatibility Gates,2,3,ENG,3,ENG-016;ENG-017;ENG-031,ENCABEZADO,0,CANDIDATO_ENG_REPETIDO,NO,NO_ASIGNADO
compatibility integration,Compatibility Integration,Compatibility Integration,1,6,ENG,6,ENG-017;ENG-018;ENG-019;ENG-020;ENG-024;ENG-026,ENCABEZADO,0,CANDIDATO_ENG_REPETIDO,NO,NO_ASIGNADO
compatibility matrix,Compatibility Matrix,Compatibility Matrix,1,6,ENG,6,ENG-009;ENG-014;ENG-016;ENG-021;ENG-028;ENG-061,ENCABEZADO,0,CANDIDATO_ENG_REPETIDO,NO,NO_ASIGNADO
compatibility requirement,Compatibility Requirement,Compatibility Requirement; Compatibility Requirements,2,3,ENG,3,ENG-016;ENG-017;ENG-029,ENCABEZADO,0,CANDIDATO_ENG_REPETIDO,NO,NO_ASIGNADO
compatibility test,Compatibility Test,Compatibility Test; Compatibility Tests,2,13,ENG,13,ENG-009;ENG-016;ENG-021;ENG-028;ENG-029;ENG-031;ENG-040;ENG-044;ENG-059;ENG-060;ENG-061;ENG-062;ENG-063,ENCABEZADO,0,CANDIDATO_ENG_REPETIDO,NO,NO_ASIGNADO
compatibility validation,Compatibility Validation,Compatibility Validation,1,3,ENG,3,ENG-013;ENG-049;ENG-051,ENCABEZADO,0,CANDIDATO_ENG_REPETIDO,NO,NO_ASIGNADO
compensation,Compensation,Compensation,1,5,ENG,4,ENG-034;ENG-042;ENG-065;ENG-078,CODIGO_INLINE;ENCABEZADO,0,CANDIDATO_ENG_REPETIDO,NO,NO_ASIGNADO
compensation rollback,Compensation ≠ Rollback,Compensation = Rollback; Compensation ≠ Rollback,2,3,ENG,3,ENG-042;ENG-052;ENG-065,ENCABEZADO,0,CANDIDATO_ENG_REPETIDO,NO,NO_ASIGNADO
completeness,Completeness,Completeness,1,3,ENG,3,ENG-079;ENG-080;ENG-094,ENCABEZADO,0,CANDIDATO_ENG_REPETIDO,NO,NO_ASIGNADO
compliance,Compliance,Compliance,1,10,ENG,7,ENG-010;ENG-013;ENG-083;ENG-088;ENG-092;ENG-093;ENG-094,CODIGO_INLINE;DEFINICION_EXPLICITA;ENCABEZADO,2,CANDIDATO_ENG_DEFINIDO,NO,NO_ASIGNADO
compliance control,Compliance Control,Compliance Control; compliance:controls,2,3,ENG,1,ENG-083,ENCABEZADO,0,CANDIDATO_ENG_REPETIDO,NO,NO_ASIGNADO
compliance evidence,Compliance Evidence,Compliance Evidence; compliance:evidence,2,4,ENG,2,ENG-012;ENG-083,ENCABEZADO,0,CANDIDATO_ENG_REPETIDO,NO,NO_ASIGNADO
compliance exception,Compliance Exception,Compliance Exception; compliance:exceptions,2,3,ENG,1,ENG-083,ENCABEZADO,0,CANDIDATO_ENG_REPETIDO,NO,NO_ASIGNADO
compliance finding,Compliance Finding,Compliance Finding; compliance:findings,2,3,ENG,1,ENG-083,ENCABEZADO,0,CANDIDATO_ENG_REPETIDO,NO,NO_ASIGNADO
compliance requirement,Compliance Requirement,Compliance Requirement; compliance:requirements,2,3,ENG,1,ENG-083,ENCABEZADO,0,CANDIDATO_ENG_REPETIDO,NO,NO_ASIGNADO
compliant,COMPLIANT,COMPLIANT; Compliant,2,5,ENG,3,ENG-081;ENG-083;ENG-093,CODIGO_INLINE;ENCABEZADO,0,CANDIDATO_ENG_REPETIDO,NO,NO_ASIGNADO
component,Componentes,Component; Componentes,2,2,ARQ;ENG,2,ARQ-010;ENG-016,ENCABEZADO;TABLA_COLUMNA_PRINCIPAL,0,CANDIDATO_CON_AUTORIDAD,NO,NO_ASIGNADO
composition test,Composition Tests,Composition Test; Composition Tests,2,3,ENG,3,ENG-018;ENG-019;ENG-063,ENCABEZADO,0,CANDIDATO_ENG_REPETIDO,NO,NO_ASIGNADO
compression,Compression,Compression,1,6,ENG,5,ENG-026;ENG-031;ENG-032;ENG-044;ENG-070,DEFINICION_EXPLICITA;ENCABEZADO,1,CANDIDATO_ENG_DEFINIDO,NO,NO_ASIGNADO
compromiso,Compromisos,Compromiso; Compromisos,2,3,FND,3,FND-000;FND-001;FND-002,ENCABEZADO,0,CANDIDATO_CON_AUTORIDAD,NO,NO_ASIGNADO
comunicacion entre modul,Comunicación entre Modules,Comunicación entre Modules,1,1,ARQ,1,ARQ-004,ENCABEZADO,0,CANDIDATO_CON_AUTORIDAD,NO,NO_ASIGNADO
comunidad,Comunidad,Comunidad,1,2,FND,2,FND-001;FND-002,ENCABEZADO,0,CANDIDATO_CON_AUTORIDAD,NO,NO_ASIGNADO
concepto fundamental,Conceptos Fundamentales,Conceptos Fundamentales,1,3,ENG,3,ENG-013;ENG-015;ENG-019,ENCABEZADO,0,CANDIDATO_ENG_REPETIDO,NO,NO_ASIGNADO
conceptual directory structure,Conceptual Directory Structure,Conceptual Directory Structure,1,27,ENG,27,ENG-027;ENG-028;ENG-029;ENG-030;ENG-031;ENG-032;ENG-034;ENG-035;ENG-036;ENG-037;ENG-038;ENG-039;ENG-040;ENG-041;ENG-042;ENG-043;ENG-044;ENG-045;ENG-046;ENG-047;ENG-048;ENG-049;ENG-050;ENG-051;ENG-052;ENG-053;ENG-054,ENCABEZADO,0,CANDIDATO_ENG_REPETIDO,NO,NO_ASIGNADO
concurrency,Concurrency,Concurrency,1,14,ENG,12,ENG-013;ENG-015;ENG-022;ENG-026;ENG-030;ENG-034;ENG-038;ENG-039;ENG-040;ENG-041;ENG-070;ENG-072,CODIGO_INLINE;DEFINICION_EXPLICITA;ENCABEZADO,2,CANDIDATO_ENG_DEFINIDO,NO,NO_ASIGNADO
concurrency conflict,Concurrency Conflict,Concurrency Conflict,1,3,ENG,3,ENG-030;ENG-039;ENG-040,ENCABEZADO,0,CANDIDATO_ENG_REPETIDO,NO,NO_ASIGNADO
concurrency engineering,Concurrency Engineering,Concurrency Engineering,1,4,ENG,3,ENG-026;ENG-037;ENG-038,ENCABEZADO;TERMINO_DESTACADO,0,CANDIDATO_ENG_REPETIDO,NO,NO_ASIGNADO
concurrency integration,Concurrency Integration,Concurrency Integration,1,11,ENG,11,ENG-042;ENG-045;ENG-046;ENG-047;ENG-048;ENG-049;ENG-050;ENG-051;ENG-052;ENG-053;ENG-054,ENCABEZADO,0,CANDIDATO_ENG_REPETIDO,NO,NO_ASIGNADO
concurrency limit,Concurrency Limit,Concurrency Limit,1,3,ENG,3,ENG-032;ENG-044;ENG-070,ENCABEZADO,0,CANDIDATO_ENG_REPETIDO,NO,NO_ASIGNADO
concurrency test,Concurrency Test,Concurrency Test; Concurrency Tests,2,17,ENG,17,ENG-019;ENG-020;ENG-022;ENG-030;ENG-038;ENG-045;ENG-047;ENG-049;ENG-050;ENG-051;ENG-052;ENG-053;ENG-056;ENG-058;ENG-059;ENG-066;ENG-067,ENCABEZADO,0,CANDIDATO_ENG_REPETIDO,NO,NO_ASIGNADO
confidence,Confidence,Confidence,1,2,ENG,2,ENG-085;ENG-091,DEFINICION_EXPLICITA;ENCABEZADO,1,CANDIDATO_ENG_DEFINIDO,NO,NO_ASIGNADO
configuration,Configuration,/Configuration; Configuration,2,28,ARQ;ENG,21,ARQ-013;ENG-002;ENG-003;ENG-006;ENG-010;ENG-011;ENG-029;ENG-032;ENG-039;ENG-040;ENG-041;ENG-042;ENG-043;ENG-044;ENG-045;ENG-046;ENG-047;ENG-048;ENG-051;ENG-053;ENG-056,CODIGO_INLINE;DEFINICION_EXPLICITA;ENCABEZADO;TERMINO_DESTACADO,6,CANDIDATO_CON_AUTORIDAD,NO,NO_ASIGNADO
configuration cache,Configuration Cache,Configuration Cache,1,4,ENG,4,ENG-011;ENG-037;ENG-048;ENG-049,ENCABEZADO,0,CANDIDATO_ENG_REPETIDO,NO,NO_ASIGNADO
configuration compatibility,Configuration Compatibility,Configuration Compatibility,1,3,ENG,2,ENG-016;ENG-066,ENCABEZADO,0,CANDIDATO_ENG_REPETIDO,NO,NO_ASIGNADO
configuration injection,Configuration Injection,Configuration Injection,1,3,ENG,3,ENG-011;ENG-018;ENG-049,ENCABEZADO,0,CANDIDATO_ENG_REPETIDO,NO,NO_ASIGNADO
configuration integration,Configuration Integration,Configuration Integration,1,11,ENG,11,ENG-016;ENG-017;ENG-050;ENG-051;ENG-052;ENG-053;ENG-054;ENG-055;ENG-065;ENG-067;ENG-068,ENCABEZADO,0,CANDIDATO_ENG_REPETIDO,NO,NO_ASIGNADO
configuration lifecycle,Configuration Lifecycle,Configuration Lifecycle,1,3,ENG,3,ENG-011;ENG-015;ENG-049,ENCABEZADO,0,CANDIDATO_ENG_REPETIDO,NO,NO_ASIGNADO
configuration management engineering,Configuration Management Engineering,Configuration Management Engineering,1,3,ENG,2,ENG-048;ENG-049,ENCABEZADO;TERMINO_DESTACADO,0,CANDIDATO_ENG_REPETIDO,NO,NO_ASIGNADO
configuration namespace,Configuration Namespace,Configuration Namespace,1,3,ENG,3,ENG-028;ENG-029;ENG-060,ENCABEZADO,0,CANDIDATO_ENG_REPETIDO,NO,NO_ASIGNADO
configuration reload,Configuration Reload,Configuration Reload,1,4,ENG,4,ENG-011;ENG-037;ENG-049;ENG-055,ENCABEZADO,0,CANDIDATO_ENG_REPETIDO,NO,NO_ASIGNADO
configuration resolution,Configuration Resolution,Configuration Resolution,1,3,ENG,3,ENG-027;ENG-048;ENG-049,ENCABEZADO,0,CANDIDATO_ENG_REPETIDO,NO,NO_ASIGNADO
configuration schema,Configuration Schema,Configuration Schema,1,6,ENG,5,ENG-011;ENG-029;ENG-049;ENG-060;ENG-062,DEFINICION_EXPLICITA;ENCABEZADO,1,CANDIDATO_ENG_DEFINIDO,NO,NO_ASIGNADO
configuration secret,Configuration Secrets,Configuration Secrets; Configuration ≠ Secret,2,3,ENG,3,ENG-049;ENG-060;ENG-065,ENCABEZADO,0,CANDIDATO_ENG_REPETIDO,NO,NO_ASIGNADO
configuration source,Configuration Source,Configuration Source,1,3,ENG,2,ENG-011;ENG-049,CODIGO_INLINE;ENCABEZADO,0,CANDIDATO_ENG_REPETIDO,NO,NO_ASIGNADO
configuration validation,Configuration Validation,Configuration Validation,1,16,ENG,16,ENG-012;ENG-022;ENG-027;ENG-036;ENG-038;ENG-039;ENG-040;ENG-041;ENG-042;ENG-043;ENG-044;ENG-045;ENG-046;ENG-047;ENG-048;ENG-049,ENCABEZADO,0,CANDIDATO_ENG_REPETIDO,NO,NO_ASIGNADO
conflict,Conflict,CONFLICT; Conflict; Conflicts,3,4,ENG,4,ENG-003;ENG-038;ENG-078;ENG-079,ENCABEZADO,0,CANDIDATO_ENG_REPETIDO,NO,NO_ASIGNADO
conflict detection,Conflict Detection,Conflict Detection,1,3,ENG,3,ENG-013;ENG-053;ENG-078,ENCABEZADO,0,CANDIDATO_ENG_REPETIDO,NO,NO_ASIGNADO
conflict resolution,Conflict Resolution,Conflict Resolution,1,4,ENG,4,ENG-050;ENG-051;ENG-058;ENG-078,ENCABEZADO,0,CANDIDATO_ENG_REPETIDO,NO,NO_ASIGNADO
conflict test,Conflict Test,Conflict Test; Conflict Tests,2,5,ENG,5,ENG-020;ENG-050;ENG-051;ENG-057;ENG-058,ENCABEZADO,0,CANDIDATO_ENG_REPETIDO,NO,NO_ASIGNADO
connection,Connection,Connection,1,3,ENG,2,ENG-030;ENG-032,CODIGO_INLINE;ENCABEZADO,0,CANDIDATO_ENG_REPETIDO,NO,NO_ASIGNADO
connection leak,Connection Leak,Connection Leak,1,3,ENG,3,ENG-030;ENG-032;ENG-043,ENCABEZADO,0,CANDIDATO_ENG_REPETIDO,NO,NO_ASIGNADO
connection pool,Connection Pool,Connection Pool,1,6,ENG,6,ENG-030;ENG-032;ENG-038;ENG-043;ENG-048;ENG-070,ENCABEZADO,0,CANDIDATO_ENG_REPETIDO,NO,NO_ASIGNADO
conocimiento,Conocimiento,Conocimiento,1,1,FND,1,FND-001,ENCABEZADO,0,CANDIDATO_CON_AUTORIDAD,NO,NO_ASIGNADO
consent,Consent,Consent,1,3,ENG,1,ENG-082,DEFINICION_EXPLICITA;ENCABEZADO,1,CANDIDATO_ENG_DEFINIDO,NO,NO_ASIGNADO
consistency,Consistency,Consistency; consistency,2,8,ENG,4,ENG-030;ENG-042;ENG-078;ENG-080,CODIGO_INLINE;DEFINICION_EXPLICITA;ENCABEZADO,3,CANDIDATO_ENG_DEFINIDO,NO,NO_ASIGNADO
consistency engineering,Consistency Engineering,Consistency Engineering,1,3,ENG,1,ENG-078,ENCABEZADO;TERMINO_DESTACADO,0,CANDIDATO_ENG_REPETIDO,NO,NO_ASIGNADO
consistency model,Consistency Model,Consistency Model; Consistency Models,2,3,ENG,3,ENG-042;ENG-053;ENG-078,ENCABEZADO,0,CANDIDATO_ENG_REPETIDO,NO,NO_ASIGNADO
consistency requirement,Consistency Requirement,Consistency Requirement; consistency:requirements,2,4,ENG,3,ENG-043;ENG-076;ENG-078,ENCABEZADO,0,CANDIDATO_ENG_REPETIDO,NO,NO_ASIGNADO
constituye el documento fundacional del framework y,Constituye el documento fundacional del Framework y,Constituye el documento fundacional del Framework y,1,1,FND,1,FND-000,DEFINICION_EXPLICITA,1,CANDIDATO_CON_AUTORIDAD,NO,NO_ASIGNADO
constructor injection,Constructor Injection,Constructor Injection,1,3,ARQ;ENG,2,ARQ-012;ENG-018,ENCABEZADO;TERMINO_DESTACADO,0,CANDIDATO_CON_AUTORIDAD,NO,NO_ASIGNADO
consumer,Consumer,Consumer,1,3,ENG,2,ENG-041;ENG-080,CODIGO_INLINE;ENCABEZADO,0,CANDIDATO_ENG_REPETIDO,NO,NO_ASIGNADO
consumer responsibility,Consumer Responsibility,Consumer Responsibility,1,3,ENG,3,ENG-062;ENG-080;ENG-081,ENCABEZADO,0,CANDIDATO_ENG_REPETIDO,NO,NO_ASIGNADO
container integration,Container Integration,Container Integration,1,8,ENG,8,ENG-020;ENG-021;ENG-022;ENG-025;ENG-028;ENG-029;ENG-030;ENG-032,ENCABEZADO,0,CANDIDATO_ENG_REPETIDO,NO,NO_ASIGNADO
contaminacion del core,Contaminación del Core,Contaminación del Core,1,1,ARQ,1,ARQ-004,ENCABEZADO,0,CANDIDATO_CON_AUTORIDAD,NO,NO_ASIGNADO
contenido minimo,Contenido Mínimo,Contenido Mínimo,1,1,ARQ,1,ARQ-017,ENCABEZADO,0,CANDIDATO_CON_AUTORIDAD,NO,NO_ASIGNADO
content negotiation,Content Negotiation,Content Negotiation,1,3,ENG,3,ENG-031;ENG-032;ENG-044,ENCABEZADO,0,CANDIDATO_ENG_REPETIDO,NO,NO_ASIGNADO
content type,Content Type,Content Type,1,3,ENG,3,ENG-032;ENG-041;ENG-044,ENCABEZADO,0,CANDIDATO_ENG_REPETIDO,NO,NO_ASIGNADO
contention test,Contention Test,Contention Test,1,3,ENG,3,ENG-054;ENG-070;ENG-072,ENCABEZADO,0,CANDIDATO_ENG_REPETIDO,NO,NO_ASIGNADO
context,Context,Context; context,2,5,ENG,3,ENG-023;ENG-056;ENG-069,CODIGO_INLINE;ENCABEZADO,0,CANDIDATO_ENG_REPETIDO,NO,NO_ASIGNADO
context injection,Context Injection,Context Injection,1,3,ENG,3,ENG-025;ENG-052;ENG-056,ENCABEZADO,0,CANDIDATO_ENG_REPETIDO,NO,NO_ASIGNADO
context management engineering,Context Management Engineering,Context Management Engineering,1,5,ENG,2,ENG-055;ENG-056,CODIGO_INLINE;ENCABEZADO;TERMINO_DESTACADO,0,CANDIDATO_ENG_REPETIDO,NO,NO_ASIGNADO
context minimality,Context Minimality,Context Minimality,1,4,ENG,4,ENG-050;ENG-051;ENG-052;ENG-059,ENCABEZADO,0,CANDIDATO_ENG_REPETIDO,NO,NO_ASIGNADO
context propagation,Context Propagation,Context Propagation,1,5,ENG,5,ENG-024;ENG-025;ENG-038;ENG-042;ENG-056,ENCABEZADO,0,CANDIDATO_ENG_REPETIDO,NO,NO_ASIGNADO
continuidad de invariant,Continuidad de Invariantes,Continuidad de Invariantes,1,72,ENG,72,ENG-023;ENG-024;ENG-025;ENG-026;ENG-027;ENG-028;ENG-029;ENG-030;ENG-031;ENG-032;ENG-034;ENG-035;ENG-036;ENG-037;ENG-038;ENG-039;ENG-040;ENG-041;ENG-042;ENG-043;ENG-044;ENG-045;ENG-046;ENG-047;ENG-048;ENG-049;ENG-050;ENG-051;ENG-052;ENG-053;ENG-054;ENG-055;ENG-056;ENG-057;ENG-058;ENG-059;ENG-060;ENG-061;ENG-062;ENG-063;ENG-064;ENG-065;ENG-066;ENG-067;ENG-068;ENG-069;ENG-070;ENG-071;ENG-072;ENG-073;ENG-074;ENG-075;ENG-076;ENG-077;ENG-078;ENG-079;ENG-080;ENG-081;ENG-082;ENG-083;ENG-084;ENG-085;ENG-086;ENG-087;ENG-088;ENG-089;ENG-090;ENG-091;ENG-092;ENG-093;ENG-094;ENG-100,ENCABEZADO,0,CANDIDATO_ENG_REPETIDO,NO,NO_ASIGNADO
contract,Contracts,/Contracts; Contract; Contracts; Contracts/,4,12,ARQ;ENG,7,ARQ-011;ENG-001;ENG-006;ENG-018;ENG-021;ENG-040;ENG-041,CODIGO_INLINE;DEFINICION_EXPLICITA;ENCABEZADO;TERMINO_DESTACADO,1,CANDIDATO_CON_AUTORIDAD,NO,NO_ASIGNADO
contract compatibility,Contract Compatibility,Contract Compatibility,1,3,ENG,3,ENG-016;ENG-023;ENG-027,ENCABEZADO,0,CANDIDATO_ENG_REPETIDO,NO,NO_ASIGNADO
contract consumer,contract consumers,Contract Consumer; contract consumers,2,3,ENG,1,ENG-021,CODIGO_INLINE;ENCABEZADO,0,CANDIDATO_ENG_REPETIDO,NO,NO_ASIGNADO
contract diff,Contract Diff,Contract Diff; contract diff,2,5,ENG,3,ENG-014;ENG-017;ENG-021,CODIGO_INLINE;ENCABEZADO,0,CANDIDATO_ENG_REPETIDO,NO,NO_ASIGNADO
contract error,Contract Error,Contract Error; Contract Errors,2,3,ENG,1,ENG-023,ENCABEZADO,0,CANDIDATO_ENG_REPETIDO,NO,NO_ASIGNADO
contract integration,Contract Integration,Contract Integration; Contracts Integration,2,4,ENG,4,ENG-023;ENG-025;ENG-028;ENG-042,ENCABEZADO,0,CANDIDATO_ENG_REPETIDO,NO,NO_ASIGNADO
contract ownership,Contract Ownership,Contract Ownership,1,3,ENG,3,ENG-018;ENG-021;ENG-028,ENCABEZADO,0,CANDIDATO_ENG_REPETIDO,NO,NO_ASIGNADO
contract provider,Contract Provider,Contract Provider; contract providers,2,4,ENG,2,ENG-021;ENG-028,CODIGO_INLINE;ENCABEZADO,0,CANDIDATO_ENG_REPETIDO,NO,NO_ASIGNADO
contract requirement,Contract Requirements,Contract Requirement; Contract Requirements,2,3,ENG,2,ENG-016;ENG-028,ENCABEZADO,0,CANDIDATO_ENG_REPETIDO,NO,NO_ASIGNADO
contract test,Contract Tests,Contract Test; Contract Tests; contract test,3,14,ENG,11,ENG-002;ENG-009;ENG-013;ENG-019;ENG-021;ENG-022;ENG-027;ENG-032;ENG-036;ENG-044;ENG-061,CODIGO_INLINE;ENCABEZADO;TERMINO_DESTACADO,0,CANDIDATO_ENG_REPETIDO,NO,NO_ASIGNADO
contract validation,Contract Validation,Contract Validation,1,5,ENG,5,ENG-021;ENG-024;ENG-026;ENG-028;ENG-036,ENCABEZADO,0,CANDIDATO_ENG_REPETIDO,NO,NO_ASIGNADO
convencion,Convenciones,Convenciones; Convención,2,3,ENG,2,ENG-000;ENG-004,ENCABEZADO;TABLA_COLUMNA_PRINCIPAL,0,CANDIDATO_ENG_REPETIDO,NO,NO_ASIGNADO
correlation,Correlation,Correlation,1,11,ENG,11,ENG-017;ENG-021;ENG-023;ENG-027;ENG-032;ENG-034;ENG-040;ENG-041;ENG-052;ENG-056;ENG-074,ENCABEZADO;TABLA_COLUMNA_PRINCIPAL,0,CANDIDATO_ENG_REPETIDO,NO,NO_ASIGNADO
correlation id,Correlation ID,Correlation ID,1,5,ENG,4,ENG-010;ENG-025;ENG-044;ENG-056,CODIGO_INLINE;ENCABEZADO,0,CANDIDATO_ENG_REPETIDO,NO,NO_ASIGNADO
correlation propagation,Correlation Propagation,Correlation Propagation,1,3,ENG,3,ENG-022;ENG-025;ENG-041,ENCABEZADO,0,CANDIDATO_ENG_REPETIDO,NO,NO_ASIGNADO
correlation test,Correlation Tests,Correlation Test; Correlation Tests,2,3,ENG,3,ENG-010;ENG-022;ENG-025,ENCABEZADO,0,CANDIDATO_ENG_REPETIDO,NO,NO_ASIGNADO
correlationid,correlationId,correlationId,1,9,ENG,6,ENG-010;ENG-017;ENG-022;ENG-023;ENG-032;ENG-041,CODIGO_INLINE;ENCABEZADO,0,CANDIDATO_ENG_REPETIDO,NO,NO_ASIGNADO
credential,Credentials,Credential; Credentials,2,5,ENG,4,ENG-030;ENG-032;ENG-041;ENG-045,CODIGO_INLINE;ENCABEZADO,0,CANDIDATO_ENG_REPETIDO,NO,NO_ASIGNADO
credential logging,Credential Logging,Credential Logging,1,3,ENG,1,ENG-045,ENCABEZADO,0,CANDIDATO_ENG_REPETIDO,NO,NO_ASIGNADO
criteria,Criteria,Criteria,1,3,ENG,1,ENG-043,CODIGO_INLINE;DEFINICION_EXPLICITA;ENCABEZADO,1,CANDIDATO_ENG_DEFINIDO,NO,NO_ASIGNADO
criterio de conformidad,Criterios de Conformidad,Criterios de Conformidad,1,95,ENG,95,ENG-000;ENG-001;ENG-002;ENG-003;ENG-004;ENG-005;ENG-006;ENG-007;ENG-008;ENG-009;ENG-010;ENG-011;ENG-012;ENG-013;ENG-014;ENG-015;ENG-016;ENG-017;ENG-018;ENG-019;ENG-020;ENG-021;ENG-022;ENG-023;ENG-024;ENG-025;ENG-026;ENG-027;ENG-028;ENG-029;ENG-030;ENG-031;ENG-032;ENG-034;ENG-035;ENG-036;ENG-037;ENG-038;ENG-039;ENG-040;ENG-041;ENG-042;ENG-043;ENG-044;ENG-045;ENG-046;ENG-047;ENG-048;ENG-049;ENG-050;ENG-051;ENG-052;ENG-053;ENG-054;ENG-055;ENG-056;ENG-057;ENG-058;ENG-059;ENG-060;ENG-061;ENG-062;ENG-063;ENG-064;ENG-065;ENG-066;ENG-067;ENG-068;ENG-069;ENG-070;ENG-071;ENG-072;ENG-073;ENG-074;ENG-075;ENG-076;ENG-077;ENG-078;ENG-079;ENG-080;ENG-081;ENG-082;ENG-083;ENG-084;ENG-085;ENG-086;ENG-087;ENG-088;ENG-089;ENG-090;ENG-091;ENG-092;ENG-093;ENG-094;ENG-100,ENCABEZADO,0,CANDIDATO_ENG_REPETIDO,NO,NO_ASIGNADO
criterio de cumplimiento,Criterios de cumplimiento,Criterios de cumplimiento,1,1,FND,1,FND-002,ENCABEZADO,0,CANDIDATO_CON_AUTORIDAD,NO,NO_ASIGNADO
criterio de evaluacion,Criterios de Evaluación,Criterios de Evaluación; Criterios de evaluación,2,3,ARQ,3,ARQ-004;ARQ-013;ARQ-017,ENCABEZADO,0,CANDIDATO_CON_AUTORIDAD,NO,NO_ASIGNADO
criterio de exito,Criterios de éxito,Criterios de éxito,1,1,FND,1,FND-000,ENCABEZADO,0,CANDIDATO_CON_AUTORIDAD,NO,NO_ASIGNADO
critical component,Critical Component,Critical Component; Critical Components,2,3,ENG,3,ENG-009;ENG-025;ENG-055,ENCABEZADO,0,CANDIDATO_ENG_REPETIDO,NO,NO_ASIGNADO
critical dependency,Critical Dependency,Critical Dependency,1,3,ENG,3,ENG-015;ENG-069;ENG-073,ENCABEZADO,0,CANDIDATO_ENG_REPETIDO,NO,NO_ASIGNADO
critical section,Critical Section,Critical Section,1,4,ENG,3,ENG-026;ENG-038;ENG-072,CODIGO_INLINE;ENCABEZADO,0,CANDIDATO_ENG_REPETIDO,NO,NO_ASIGNADO
cross-tenant access,Cross-Tenant Access,Cross-Tenant Access,1,3,ENG,3,ENG-024;ENG-043;ENG-046,ENCABEZADO,0,CANDIDATO_ENG_REPETIDO,NO,NO_ASIGNADO
cross-tenant query,Cross-Tenant Query,Cross-Tenant Query,1,3,ENG,3,ENG-043;ENG-046;ENG-048,ENCABEZADO,0,CANDIDATO_ENG_REPETIDO,NO,NO_ASIGNADO
cross-tenant test,Cross-Tenant Test,Cross-Tenant Test,1,3,ENG,3,ENG-043;ENG-046;ENG-048,ENCABEZADO,0,CANDIDATO_ENG_REPETIDO,NO,NO_ASIGNADO
csrf,CSRF,CSRF,1,3,ENG,3,ENG-024;ENG-044;ENG-045,ENCABEZADO,0,CANDIDATO_ENG_REPETIDO,NO,NO_ASIGNADO
ct-001,CT-001,CT-001,1,1,ARQ,1,ARQ-011,TABLA_COLUMNA_PRINCIPAL,0,CANDIDATO_CON_AUTORIDAD,NO,NO_ASIGNADO
ct-002,CT-002,CT-002,1,1,ARQ,1,ARQ-011,TABLA_COLUMNA_PRINCIPAL,0,CANDIDATO_CON_AUTORIDAD,NO,NO_ASIGNADO
ct-003,CT-003,CT-003,1,1,ARQ,1,ARQ-011,TABLA_COLUMNA_PRINCIPAL,0,CANDIDATO_CON_AUTORIDAD,NO,NO_ASIGNADO
ct-004,CT-004,CT-004,1,1,ARQ,1,ARQ-011,TABLA_COLUMNA_PRINCIPAL,0,CANDIDATO_CON_AUTORIDAD,NO,NO_ASIGNADO
ct-005,CT-005,CT-005,1,1,ARQ,1,ARQ-011,TABLA_COLUMNA_PRINCIPAL,0,CANDIDATO_CON_AUTORIDAD,NO,NO_ASIGNADO
ct-006,CT-006,CT-006,1,1,ARQ,1,ARQ-011,TABLA_COLUMNA_PRINCIPAL,0,CANDIDATO_CON_AUTORIDAD,NO,NO_ASIGNADO
ct-007,CT-007,CT-007,1,1,ARQ,1,ARQ-011,TABLA_COLUMNA_PRINCIPAL,0,CANDIDATO_CON_AUTORIDAD,NO,NO_ASIGNADO
cycle detection,Cycle Detection,Cycle Detection,1,3,ENG,3,ENG-019;ENG-036;ENG-059,ENCABEZADO,0,CANDIDATO_ENG_REPETIDO,NO,NO_ASIGNADO
data,Data,Data,1,2,ENG,2,ENG-057;ENG-079,DEFINICION_EXPLICITA,2,CANDIDATO_ENG_DEFINIDO,NO,NO_ASIGNADO
data access,Data Access,Data Access,1,3,ENG,1,ENG-043,CODIGO_INLINE;DEFINICION_EXPLICITA;ENCABEZADO,1,CANDIDATO_ENG_DEFINIDO,NO,NO_ASIGNADO
data access engineering,Data Access Engineering,Data Access Engineering,1,3,ENG,2,ENG-042;ENG-043,ENCABEZADO;TERMINO_DESTACADO,0,CANDIDATO_ENG_REPETIDO,NO,NO_ASIGNADO
data access integration,Data Access Integration,Data Access Integration,1,12,ENG,11,ENG-045;ENG-046;ENG-047;ENG-048;ENG-049;ENG-051;ENG-052;ENG-053;ENG-054;ENG-064;ENG-065,ENCABEZADO,0,CANDIDATO_ENG_REPETIDO,NO,NO_ASIGNADO
data archival,Data Archival,Data Archival,1,3,ENG,1,ENG-093,CODIGO_INLINE;DEFINICION_EXPLICITA;ENCABEZADO,1,CANDIDATO_ENG_DEFINIDO,NO,NO_ASIGNADO
data archival preservation engineering,Data Archival & Preservation Engineering,Data Archival & Preservation Engineering,1,3,ENG,3,ENG-092;ENG-093;ENG-094,TERMINO_DESTACADO,0,CANDIDATO_ENG_REPETIDO,NO,NO_ASIGNADO
data catalog,Data Catalog,Data Catalog,1,4,ENG,2,ENG-081;ENG-090,CODIGO_INLINE;DEFINICION_EXPLICITA;ENCABEZADO,1,CANDIDATO_ENG_DEFINIDO,NO,NO_ASIGNADO
data classification,Data Classification,Data Classification,1,5,ENG,3,ENG-024;ENG-081;ENG-091,CODIGO_INLINE;DEFINICION_EXPLICITA;ENCABEZADO,1,CANDIDATO_ENG_DEFINIDO,NO,NO_ASIGNADO
data compliance engineering,Data Compliance Engineering,Data Compliance Engineering,1,3,ENG,1,ENG-083,ENCABEZADO;TERMINO_DESTACADO,0,CANDIDATO_ENG_REPETIDO,NO,NO_ASIGNADO
data discovery,Data Discovery,Data Discovery,1,3,ENG,1,ENG-091,CODIGO_INLINE;DEFINICION_EXPLICITA;ENCABEZADO,1,CANDIDATO_ENG_DEFINIDO,NO,NO_ASIGNADO
data disposal,Data Disposal,Data Disposal,1,3,ENG,1,ENG-092,CODIGO_INLINE;DEFINICION_EXPLICITA;ENCABEZADO,1,CANDIDATO_ENG_DEFINIDO,NO,NO_ASIGNADO
data ethic,Data Ethics,Data Ethics,1,3,ENG,1,ENG-084,CODIGO_INLINE;DEFINICION_EXPLICITA;ENCABEZADO,1,CANDIDATO_ENG_DEFINIDO,NO,NO_ASIGNADO
data ethic engineering,Data Ethics Engineering,Data Ethics Engineering,1,4,ENG,2,ENG-083;ENG-084,ENCABEZADO;TERMINO_DESTACADO,0,CANDIDATO_ENG_REPETIDO,NO,NO_ASIGNADO
data exchange,Data Exchange,Data Exchange,1,2,ENG,1,ENG-087,CODIGO_INLINE;DEFINICION_EXPLICITA,1,CANDIDATO_ENG_DEFINIDO,NO,NO_ASIGNADO
data federation,Data Federation,Data Federation,1,3,ENG,1,ENG-088,CODIGO_INLINE;DEFINICION_EXPLICITA;ENCABEZADO,1,CANDIDATO_ENG_DEFINIDO,NO,NO_ASIGNADO
data governance,Data Governance,Data Governance,1,3,ENG,1,ENG-081,CODIGO_INLINE;DEFINICION_EXPLICITA;ENCABEZADO,1,CANDIDATO_ENG_DEFINIDO,NO,NO_ASIGNADO
data governance engineering,Data Governance Engineering,Data Governance Engineering,1,3,ENG,1,ENG-081,ENCABEZADO;TERMINO_DESTACADO,0,CANDIDATO_ENG_REPETIDO,NO,NO_ASIGNADO
data integrity,Data Integrity,Data Integrity,1,3,ENG,1,ENG-079,CODIGO_INLINE;DEFINICION_EXPLICITA;ENCABEZADO,1,CANDIDATO_ENG_DEFINIDO,NO,NO_ASIGNADO
data integrity engineering,Data Integrity Engineering,Data Integrity Engineering,1,3,ENG,1,ENG-079,ENCABEZADO;TERMINO_DESTACADO,0,CANDIDATO_ENG_REPETIDO,NO,NO_ASIGNADO
data lineage,Data Lineage,Data Lineage,1,3,ENG,2,ENG-064;ENG-089,CODIGO_INLINE;DEFINICION_EXPLICITA;ENCABEZADO,1,CANDIDATO_ENG_DEFINIDO,NO,NO_ASIGNADO
data locality,Data Locality,Data Locality,1,3,ENG,3,ENG-072;ENG-073;ENG-078,ENCABEZADO,0,CANDIDATO_ENG_REPETIDO,NO,NO_ASIGNADO
data mapper,Data Mapper,Data Mapper,1,3,ENG,2,ENG-030;ENG-043,CODIGO_INLINE;ENCABEZADO,0,CANDIDATO_ENG_REPETIDO,NO,NO_ASIGNADO
data masking,Data Masking,Data Masking,1,3,ENG,3,ENG-043;ENG-068;ENG-082,ENCABEZADO,0,CANDIDATO_ENG_REPETIDO,NO,NO_ASIGNADO
data migration,Data Migration,Data Migration,1,3,ENG,3,ENG-013;ENG-060;ENG-065,DEFINICION_EXPLICITA;ENCABEZADO,1,CANDIDATO_ENG_DEFINIDO,NO,NO_ASIGNADO
data minimization,Data Minimization,Data Minimization,1,7,ENG,7,ENG-022;ENG-024;ENG-025;ENG-047;ENG-080;ENG-081;ENG-082,ENCABEZADO,0,CANDIDATO_ENG_REPETIDO,NO,NO_ASIGNADO
data ownership,Data Ownership,Data Ownership,1,3,ENG,3,ENG-021;ENG-030;ENG-081,ENCABEZADO,0,CANDIDATO_ENG_REPETIDO,NO,NO_ASIGNADO
data pipeline engineering,Data Pipeline Engineering,Data Pipeline Engineering,1,4,ENG,2,ENG-063;ENG-064,ENCABEZADO;TERMINO_DESTACADO,0,CANDIDATO_ENG_REPETIDO,NO,NO_ASIGNADO
data portability,Data Portability,Data Portability,1,4,ENG,2,ENG-030;ENG-094,CODIGO_INLINE;DEFINICION_EXPLICITA;ENCABEZADO,1,CANDIDATO_ENG_DEFINIDO,NO,NO_ASIGNADO
data preservation,Data Preservation,Data Preservation,1,3,ENG,1,ENG-093,CODIGO_INLINE;DEFINICION_EXPLICITA;ENCABEZADO,1,CANDIDATO_ENG_DEFINIDO,NO,NO_ASIGNADO
data privacy engineering,Data Privacy Engineering,Data Privacy Engineering,1,4,ENG,2,ENG-081;ENG-082,ENCABEZADO;TERMINO_DESTACADO,0,CANDIDATO_ENG_REPETIDO,NO,NO_ASIGNADO
data product,Data Product,Data Product,1,4,ENG,2,ENG-081;ENG-086,CODIGO_INLINE;DEFINICION_EXPLICITA;ENCABEZADO,1,CANDIDATO_ENG_DEFINIDO,NO,NO_ASIGNADO
data product integration,Data Product Integration,Data Product Integration,1,5,ENG,5,ENG-088;ENG-090;ENG-092;ENG-093;ENG-094,ENCABEZADO,0,CANDIDATO_ENG_REPETIDO,NO,NO_ASIGNADO
data provenance,Data Provenance,Data Provenance,1,2,ENG,1,ENG-089,CODIGO_INLINE;DEFINICION_EXPLICITA,1,CANDIDATO_ENG_DEFINIDO,NO,NO_ASIGNADO
data quality,Data Quality,Data Quality,1,5,ENG,3,ENG-064;ENG-079;ENG-080,CODIGO_INLINE;DEFINICION_EXPLICITA;ENCABEZADO,2,CANDIDATO_ENG_DEFINIDO,NO,NO_ASIGNADO
data quality engineering,Data Quality Engineering,Data Quality Engineering,1,3,ENG,1,ENG-080,ENCABEZADO;TERMINO_DESTACADO,0,CANDIDATO_ENG_REPETIDO,NO,NO_ASIGNADO
data retention,Data Retention,Data Retention,1,4,ENG,2,ENG-024;ENG-092,CODIGO_INLINE;DEFINICION_EXPLICITA;ENCABEZADO,1,CANDIDATO_ENG_DEFINIDO,NO,NO_ASIGNADO
data retention disposal engineering,Data Retention & Disposal Engineering,Data Retention & Disposal Engineering,1,3,ENG,3,ENG-091;ENG-092;ENG-093,TERMINO_DESTACADO,0,CANDIDATO_ENG_REPETIDO,NO,NO_ASIGNADO
data sharing,Data Sharing,Data Sharing,1,2,ENG,1,ENG-087,CODIGO_INLINE;DEFINICION_EXPLICITA,1,CANDIDATO_ENG_DEFINIDO,NO,NO_ASIGNADO
data transformation engineering,Data Transformation Engineering,Data Transformation Engineering,1,4,ENG,2,ENG-062;ENG-063,ENCABEZADO;TERMINO_DESTACADO,0,CANDIDATO_ENG_REPETIDO,NO,NO_ASIGNADO
data trust,Data Trust,Data Trust,1,3,ENG,1,ENG-085,CODIGO_INLINE;DEFINICION_EXPLICITA;ENCABEZADO,1,CANDIDATO_ENG_DEFINIDO,NO,NO_ASIGNADO
data trust engineering,Data Trust Engineering,Data Trust Engineering,1,4,ENG,2,ENG-084;ENG-085,ENCABEZADO;TERMINO_DESTACADO,0,CANDIDATO_ENG_REPETIDO,NO,NO_ASIGNADO
database as api,Database as API,Database as API,1,3,ENG,3,ENG-030;ENG-043;ENG-044,ENCABEZADO,0,CANDIDATO_ENG_REPETIDO,NO,NO_ASIGNADO
database constraint,Database Constraint,Database Constraint; Database Constraints,2,3,ENG,3,ENG-030;ENG-038;ENG-079,ENCABEZADO,0,CANDIDATO_ENG_REPETIDO,NO,NO_ASIGNADO
database strategy,Database Strategy,Database Strategy,1,2,ENG,1,ENG-048,DEFINICION_EXPLICITA;ENCABEZADO,1,CANDIDATO_ENG_DEFINIDO,NO,NO_ASIGNADO
dato y persistencia,Datos y persistencia,Datos y persistencia,1,1,ARQ,1,ARQ-004,ENCABEZADO,0,CANDIDATO_CON_AUTORIDAD,NO,NO_ASIGNADO
dead letter,Dead Letter,Dead Letter,1,10,ENG,6,ENG-022;ENG-032;ENG-040;ENG-041;ENG-048;ENG-064,CODIGO_INLINE;DEFINICION_EXPLICITA;ENCABEZADO,1,CANDIDATO_ENG_DEFINIDO,NO,NO_ASIGNADO
deadline,Deadline,Deadline,1,8,ENG,6,ENG-026;ENG-032;ENG-036;ENG-039;ENG-052;ENG-056,CODIGO_INLINE;ENCABEZADO;TABLA_COLUMNA_PRINCIPAL,0,CANDIDATO_ENG_REPETIDO,NO,NO_ASIGNADO
deadline propagation,Deadline Propagation,Deadline Propagation,1,7,ENG,7,ENG-026;ENG-032;ENG-034;ENG-039;ENG-044;ENG-055;ENG-056,ENCABEZADO,0,CANDIDATO_ENG_REPETIDO,NO,NO_ASIGNADO
deadlock,Deadlock,Deadlock,1,8,ENG,5,ENG-026;ENG-030;ENG-038;ENG-042;ENG-053,CODIGO_INLINE;ENCABEZADO,0,CANDIDATO_ENG_REPETIDO,NO,NO_ASIGNADO
deadlock retry,Deadlock Retry,Deadlock Retry,1,3,ENG,3,ENG-030;ENG-039;ENG-042,ENCABEZADO,0,CANDIDATO_ENG_REPETIDO,NO,NO_ASIGNADO
declaracion,Declaración,Declaración,1,107,ARQ;ENG;FND,107,ARQ-004;ARQ-010;ARQ-011;ARQ-012;ARQ-013;ARQ-017;ENG-000;ENG-001;ENG-002;ENG-003;ENG-004;ENG-005;ENG-006;ENG-007;ENG-008;ENG-009;ENG-010;ENG-011;ENG-012;ENG-013;ENG-014;ENG-015;ENG-016;ENG-017;ENG-018;ENG-019;ENG-020;ENG-021;ENG-022;ENG-023;ENG-024;ENG-025;ENG-026;ENG-027;ENG-028;ENG-029;ENG-030;ENG-031;ENG-032;ENG-034;ENG-035;ENG-036;ENG-037;ENG-038;ENG-039;ENG-040;ENG-041;ENG-042;ENG-043;ENG-044;ENG-045;ENG-046;ENG-047;ENG-048;ENG-049;ENG-050;ENG-051;ENG-052;ENG-053;ENG-054;ENG-055;ENG-056;ENG-057;ENG-058;ENG-059;ENG-060;ENG-061;ENG-062;ENG-063;ENG-064;ENG-065;ENG-066;ENG-067;ENG-068;ENG-069;ENG-070;ENG-071;ENG-072;ENG-073;ENG-074;ENG-075;ENG-076;ENG-077;ENG-078;ENG-079;ENG-080;ENG-081;ENG-082;ENG-083;ENG-084;ENG-085;ENG-086;ENG-087;ENG-088;ENG-089;ENG-090;ENG-091;ENG-092;ENG-093;ENG-094;ENG-095;ENG-096;ENG-097;ENG-098;ENG-099;ENG-100;FND-000,ENCABEZADO,0,CANDIDATO_CON_AUTORIDAD,NO,NO_ASIGNADO
declaracion de mision,Declaración de Misión,Declaración de Misión,1,1,FND,1,FND-002,ENCABEZADO,0,CANDIDATO_CON_AUTORIDAD,NO,NO_ASIGNADO
declaracion de vision,Declaración de Visión,Declaración de Visión,1,1,FND,1,FND-001,ENCABEZADO,0,CANDIDATO_CON_AUTORIDAD,NO,NO_ASIGNADO
deduplication,Deduplication,Deduplication,1,7,ENG,6,ENG-022;ENG-040;ENG-041;ENG-064;ENG-079;ENG-080,CODIGO_INLINE;ENCABEZADO,0,CANDIDATO_ENG_REPETIDO,NO,NO_ASIGNADO
default,Defaults,Default; Defaults,2,3,ENG,3,ENG-011;ENG-030;ENG-031,ENCABEZADO,0,CANDIDATO_ENG_REPETIDO,NO,NO_ASIGNADO
default value,Default Value,Default Value,1,4,ENG,4,ENG-039;ENG-049;ENG-062;ENG-079,ENCABEZADO,0,CANDIDATO_ENG_REPETIDO,NO,NO_ASIGNADO
defense in depth,Defense in Depth,Defense in Depth,1,9,ENG,8,ENG-024;ENG-028;ENG-035;ENG-036;ENG-043;ENG-046;ENG-048;ENG-079,ENCABEZADO,0,CANDIDATO_ENG_REPETIDO,NO,NO_ASIGNADO
definicion de module,Definición de Module,Definición de Module,1,1,ARQ,1,ARQ-004,ENCABEZADO,0,CANDIDATO_CON_AUTORIDAD,NO,NO_ASIGNADO
definition test,Definition Test,Definition Test,1,5,ENG,5,ENG-021;ENG-050;ENG-051;ENG-052;ENG-064,ENCABEZADO,0,CANDIDATO_ENG_REPETIDO,NO,NO_ASIGNADO
degraded,DEGRADED,DEGRADED; Degraded,2,18,ENG,15,ENG-015;ENG-025;ENG-027;ENG-069;ENG-071;ENG-072;ENG-073;ENG-074;ENG-075;ENG-077;ENG-078;ENG-079;ENG-080;ENG-081;ENG-085,CODIGO_INLINE;ENCABEZADO,0,CANDIDATO_ENG_REPETIDO,NO,NO_ASIGNADO
delegated authority,Delegated Authority,Delegated Authority,1,3,ENG,3,ENG-024;ENG-027;ENG-081,ENCABEZADO,0,CANDIDATO_ENG_REPETIDO,NO,NO_ASIGNADO
delete,Delete,DELETE; Delete,2,3,ENG,3,ENG-043;ENG-044;ENG-092,ENCABEZADO,0,CANDIDATO_ENG_REPETIDO,NO,NO_ASIGNADO
delivery,Delivery,Delivery,1,4,ENG,2,ENG-022;ENG-087,CODIGO_INLINE;DEFINICION_EXPLICITA;ENCABEZADO,2,CANDIDATO_ENG_DEFINIDO,NO,NO_ASIGNADO
delivery semantic,Delivery Semantics,Delivery Semantics,1,5,ENG,5,ENG-032;ENG-040;ENG-041;ENG-064;ENG-087,ENCABEZADO,0,CANDIDATO_ENG_REPETIDO,NO,NO_ASIGNADO
dependencia circular,Dependencias circulares,Dependencias Circulares; Dependencias circulares; dependencia circular,3,4,ARQ;ENG,4,ARQ-004;ENG-001;ENG-002;ENG-004,ENCABEZADO;TABLA_COLUMNA_PRINCIPAL,0,CANDIDATO_CON_AUTORIDAD,NO,NO_ASIGNADO
dependencia entre modul,Dependencias entre Modules,Dependencias entre Modules,1,2,ARQ;ENG,2,ARQ-004;ENG-002,ENCABEZADO,0,CANDIDATO_CON_AUTORIDAD,NO,NO_ASIGNADO
dependencia opcional,Dependencias Opcionales,Dependencia Opcional; Dependencias Opcionales,2,3,ENG,3,ENG-002;ENG-003;ENG-018,ENCABEZADO,0,CANDIDATO_ENG_REPETIDO,NO,NO_ASIGNADO
dependencia permitida,Dependencias permitidas,Dependencias permitidas,1,1,ARQ,1,ARQ-004,ENCABEZADO,0,CANDIDATO_CON_AUTORIDAD,NO,NO_ASIGNADO
dependencia prohibida,Dependencias prohibidas,Dependencias prohibidas,1,1,ARQ,1,ARQ-004,ENCABEZADO,0,CANDIDATO_CON_AUTORIDAD,NO,NO_ASIGNADO
dependency confusion,Dependency Confusion,Dependency Confusion,1,3,ENG,3,ENG-013;ENG-024;ENG-060,ENCABEZADO,0,CANDIDATO_ENG_REPETIDO,NO,NO_ASIGNADO
dependency cycle,Dependency Cycle,Dependency Cycle,1,10,ENG,8,ENG-027;ENG-050;ENG-051;ENG-055;ENG-058;ENG-060;ENG-065;ENG-069,ENCABEZADO,0,CANDIDATO_ENG_REPETIDO,NO,NO_ASIGNADO
dependency direction,Dependency Direction,Dependency Direction,1,6,ENG,6,ENG-011;ENG-018;ENG-035;ENG-037;ENG-051;ENG-075,ENCABEZADO,0,CANDIDATO_ENG_REPETIDO,NO,NO_ASIGNADO
dependency drift,Dependency Drift,Dependency Drift,1,3,ENG,3,ENG-012;ENG-017;ENG-066,ENCABEZADO,0,CANDIDATO_ENG_REPETIDO,NO,NO_ASIGNADO
dependency failure,Dependency Failure,Dependency Failure,1,5,ENG,5,ENG-015;ENG-025;ENG-040;ENG-044;ENG-061,ENCABEZADO,0,CANDIDATO_ENG_REPETIDO,NO,NO_ASIGNADO
dependency graph,Dependency Graph,Dependency Graph,1,11,ENG,11,ENG-013;ENG-018;ENG-019;ENG-027;ENG-050;ENG-051;ENG-055;ENG-059;ENG-060;ENG-065;ENG-075,ENCABEZADO,0,CANDIDATO_ENG_REPETIDO,NO,NO_ASIGNADO
dependency injection,Dependency Injection,Dependency Injection,1,12,ARQ;ENG,7,ARQ-012;ENG-018;ENG-025;ENG-038;ENG-039;ENG-040;ENG-041,DEFINICION_EXPLICITA;ENCABEZADO,4,CANDIDATO_CON_AUTORIDAD,NO,NO_ASIGNADO
dependency injection di,Dependency Injection (DI),Dependency Injection (DI),1,2,ARQ;ENG,2,ARQ-012;ENG-018,TERMINO_DESTACADO,0,CANDIDATO_CON_AUTORIDAD,NO,NO_ASIGNADO
dependency injection integration,Dependency Injection Integration,Dependency Injection Integration,1,3,ENG,3,ENG-020;ENG-021;ENG-054,ENCABEZADO,0,CANDIDATO_ENG_REPETIDO,NO,NO_ASIGNADO
dependency lock,Dependency Lock,Dependency Lock,1,5,ENG,4,ENG-012;ENG-013;ENG-014;ENG-017,CODIGO_INLINE;ENCABEZADO,0,CANDIDATO_ENG_REPETIDO,NO,NO_ASIGNADO
dependency test,Dependency Test,Dependency Test,1,8,ENG,8,ENG-027;ENG-028;ENG-050;ENG-051;ENG-060;ENG-065;ENG-068;ENG-069,ENCABEZADO,0,CANDIDATO_ENG_REPETIDO,NO,NO_ASIGNADO
dependency validation,Dependency Validation,Dependency Validation,1,3,ENG,3,ENG-008;ENG-028;ENG-051,ENCABEZADO,0,CANDIDATO_ENG_REPETIDO,NO,NO_ASIGNADO
deployment,Deployment,Deployment,1,4,ENG,3,ENG-040;ENG-041;ENG-067,CODIGO_INLINE;ENCABEZADO,0,CANDIDATO_ENG_REPETIDO,NO,NO_ASIGNADO
deployment engineering,Deployment Engineering,Deployment Engineering,1,3,ENG,1,ENG-067,ENCABEZADO;TERMINO_DESTACADO,0,CANDIDATO_ENG_REPETIDO,NO,NO_ASIGNADO
deployment integration,Deployment Integration,Deployment Integration,1,3,ENG,3,ENG-068;ENG-071;ENG-073,ENCABEZADO,0,CANDIDATO_ENG_REPETIDO,NO,NO_ASIGNADO
deprecation,Deprecation,Deprecation,1,12,ENG,11,ENG-008;ENG-011;ENG-014;ENG-021;ENG-029;ENG-031;ENG-034;ENG-035;ENG-036;ENG-044;ENG-075,ENCABEZADO,0,CANDIDATO_ENG_REPETIDO,NO,NO_ASIGNADO
deprecation metadata,Deprecation Metadata,Deprecation Metadata,1,6,ENG,6,ENG-014;ENG-020;ENG-021;ENG-029;ENG-057;ENG-075,ENCABEZADO,0,CANDIDATO_ENG_REPETIDO,NO,NO_ASIGNADO
deprovisioning,Deprovisioning,DEPROVISIONING; Deprovisioning,2,3,ENG,1,ENG-047,ENCABEZADO,0,CANDIDATO_ENG_REPETIDO,NO,NO_ASIGNADO
derived state,Derived State,Derived State,1,3,ENG,3,ENG-053;ENG-077;ENG-079,ENCABEZADO,0,CANDIDATO_ENG_REPETIDO,NO,NO_ASIGNADO
deserialization,Deserialization,Deserialization,1,4,ENG,2,ENG-024;ENG-031,CODIGO_INLINE;DEFINICION_EXPLICITA;ENCABEZADO,1,CANDIDATO_ENG_DEFINIDO,NO,NO_ASIGNADO
deserialization security,Deserialization Security,Deserialization Security,1,3,ENG,3,ENG-031;ENG-041;ENG-061,ENCABEZADO,0,CANDIDATO_ENG_REPETIDO,NO,NO_ASIGNADO
destination,Destination,Destination,1,3,ENG,2,ENG-041;ENG-089,CODIGO_INLINE;DEFINICION_EXPLICITA;ENCABEZADO,1,CANDIDATO_ENG_DEFINIDO,NO,NO_ASIGNADO
destroy,Destroy,Destroy,1,2,ENG,1,ENG-092,DEFINICION_EXPLICITA;ENCABEZADO,1,CANDIDATO_ENG_DEFINIDO,NO,NO_ASIGNADO
determinism,Determinism,Determinism,1,5,ENG,5,ENG-015;ENG-018;ENG-026;ENG-031;ENG-052,ENCABEZADO,0,CANDIDATO_ENG_REPETIDO,NO,NO_ASIGNADO
determinism test,Determinism Test,Determinism Test,1,5,ENG,5,ENG-031;ENG-057;ENG-058;ENG-059;ENG-063,ENCABEZADO,0,CANDIDATO_ENG_REPETIDO,NO,NO_ASIGNADO
determinismo,Determinismo,Determinismo,1,5,ENG,5,ENG-003;ENG-007;ENG-008;ENG-009;ENG-012,ENCABEZADO,0,CANDIDATO_ENG_REPETIDO,NO,NO_ASIGNADO
di,DI,DI,1,3,ENG,3,ENG-005;ENG-018;ENG-035,DEFINICION_EXPLICITA;ENCABEZADO;TABLA_COLUMNA_PRINCIPAL,1,CANDIDATO_ENG_DEFINIDO,NO,NO_ASIGNADO
di integration,DI Integration,DI Integration,1,5,ENG,5,ENG-028;ENG-029;ENG-030;ENG-032;ENG-042,ENCABEZADO,0,CANDIDATO_ENG_REPETIDO,NO,NO_ASIGNADO
di-001,DI-001,DI-001,1,1,ARQ,1,ARQ-012,TABLA_COLUMNA_PRINCIPAL,0,CANDIDATO_CON_AUTORIDAD,NO,NO_ASIGNADO
di-002,DI-002,DI-002,1,1,ARQ,1,ARQ-012,TABLA_COLUMNA_PRINCIPAL,0,CANDIDATO_CON_AUTORIDAD,NO,NO_ASIGNADO
di-003,DI-003,DI-003,1,1,ARQ,1,ARQ-012,TABLA_COLUMNA_PRINCIPAL,0,CANDIDATO_CON_AUTORIDAD,NO,NO_ASIGNADO
di-004,DI-004,DI-004,1,1,ARQ,1,ARQ-012,TABLA_COLUMNA_PRINCIPAL,0,CANDIDATO_CON_AUTORIDAD,NO,NO_ASIGNADO
diagnosability,Diagnosability,Diagnosability,1,2,ENG,1,ENG-075,DEFINICION_EXPLICITA;ENCABEZADO,1,CANDIDATO_ENG_DEFINIDO,NO,NO_ASIGNADO
diagnostic,Diagnostics,Diagnostics,1,17,ENG,15,ENG-013;ENG-014;ENG-018;ENG-020;ENG-022;ENG-025;ENG-063;ENG-069;ENG-074;ENG-077;ENG-089;ENG-091;ENG-092;ENG-093;ENG-094,DEFINICION_EXPLICITA;ENCABEZADO,1,CANDIDATO_ENG_DEFINIDO,NO,NO_ASIGNADO
direccion de dependencia,Dirección de dependencias,Dirección de Dependencias; Dirección de dependencias,2,2,ARQ;ENG,2,ARQ-004;ENG-001,ENCABEZADO,0,CANDIDATO_CON_AUTORIDAD,NO,NO_ASIGNADO
dirty read,Dirty Read,Dirty Read,1,3,ENG,3,ENG-038;ENG-042;ENG-078,ENCABEZADO,0,CANDIDATO_ENG_REPETIDO,NO,NO_ASIGNADO
discovery,Discovery,Discovery,1,7,ENG,4,ENG-020;ENG-028;ENG-029;ENG-058,CODIGO_INLINE;DEFINICION_EXPLICITA;ENCABEZADO,2,CANDIDATO_ENG_DEFINIDO,NO,NO_ASIGNADO
discovery determinism,Discovery Determinism,Discovery Determinism,1,3,ENG,3,ENG-020;ENG-057;ENG-058,ENCABEZADO,0,CANDIDATO_ENG_REPETIDO,NO,NO_ASIGNADO
discovery engineering,Discovery Engineering,Discovery Engineering,1,4,ENG,2,ENG-057;ENG-058,ENCABEZADO;TERMINO_DESTACADO,0,CANDIDATO_ENG_REPETIDO,NO,NO_ASIGNADO
discovery sourc,Discovery Sources,Discovery Sources; discovery:sources,2,6,ENG,6,ENG-029;ENG-057;ENG-058;ENG-060;ENG-062;ENG-063,ENCABEZADO,0,CANDIDATO_ENG_REPETIDO,NO,NO_ASIGNADO
discovery source,Discovery Source,Discovery Source,1,3,ENG,2,ENG-058;ENG-091,CODIGO_INLINE;DEFINICION_EXPLICITA;ENCABEZADO,1,CANDIDATO_ENG_DEFINIDO,NO,NO_ASIGNADO
discovery target,Discovery Target,Discovery Target,1,3,ENG,2,ENG-058;ENG-091,CODIGO_INLINE;DEFINICION_EXPLICITA;ENCABEZADO,1,CANDIDATO_ENG_DEFINIDO,NO,NO_ASIGNADO
dispatch,Dispatch,Dispatch,1,2,ENG,1,ENG-022,DEFINICION_EXPLICITA;ENCABEZADO,1,CANDIDATO_ENG_DEFINIDO,NO,NO_ASIGNADO
disposal idempotency,Disposal Idempotency,Disposal Idempotency,1,3,ENG,3,ENG-053;ENG-055;ENG-092,ENCABEZADO,0,CANDIDATO_ENG_REPETIDO,NO,NO_ASIGNADO
distributed lock,Distributed Lock,Distributed Lock,1,4,ENG,4,ENG-026;ENG-037;ENG-038;ENG-078,ENCABEZADO,0,CANDIDATO_ENG_REPETIDO,NO,NO_ASIGNADO
distributed transaction,Distributed Transaction,Distributed Transaction,1,5,ENG,5,ENG-022;ENG-030;ENG-041;ENG-042;ENG-078,ENCABEZADO,0,CANDIDATO_ENG_REPETIDO,NO,NO_ASIGNADO
distribution integrity,Distribution Integrity,Distribution Integrity,1,3,ENG,3,ENG-049;ENG-051;ENG-067,ENCABEZADO,0,CANDIDATO_ENG_REPETIDO,NO,NO_ASIGNADO
dlq test,DLQ Test,DLQ Test,1,3,ENG,3,ENG-022;ENG-040;ENG-041,ENCABEZADO,0,CANDIDATO_ENG_REPETIDO,NO,NO_ASIGNADO
documentation,Documentation,DOCUMENTATION; Documentation,2,5,ENG,5,ENG-003;ENG-014;ENG-037;ENG-039;ENG-044,ENCABEZADO;TABLA_COLUMNA_PRINCIPAL,0,CANDIDATO_ENG_REPETIDO,NO,NO_ASIGNADO
documentation generation,Documentation Generation,Documentation Generation,1,5,ENG,5,ENG-007;ENG-008;ENG-011;ENG-015;ENG-057,ENCABEZADO,0,CANDIDATO_ENG_REPETIDO,NO,NO_ASIGNADO
domain,Domain,/Domain; Domain,2,9,ENG,5,ENG-006;ENG-035;ENG-039;ENG-040;ENG-041,CODIGO_INLINE;DEFINICION_EXPLICITA;ENCABEZADO,1,CANDIDATO_ENG_DEFINIDO,NO,NO_ASIGNADO
domain boundary,Domain Boundary,Domain Boundary,1,3,ENG,3,ENG-035;ENG-051;ENG-081,ENCABEZADO,0,CANDIDATO_ENG_REPETIDO,NO,NO_ASIGNADO
domain engineering,Domain Engineering,Domain Engineering,1,3,ENG,2,ENG-035;ENG-079,DEFINICION_EXPLICITA;ENCABEZADO;TERMINO_DESTACADO,1,CANDIDATO_ENG_DEFINIDO,NO,NO_ASIGNADO
domain error,Domain Error,Domain Error; Domain Errors,2,5,ENG,3,ENG-023;ENG-034;ENG-035,CODIGO_INLINE;ENCABEZADO,0,CANDIDATO_ENG_REPETIDO,NO,NO_ASIGNADO
domain event,Domain Event,Domain Event,1,5,ENG,3,ENG-022;ENG-030;ENG-035,CODIGO_INLINE;ENCABEZADO,0,CANDIDATO_ENG_REPETIDO,NO,NO_ASIGNADO
domain integration,Domain Integration,Domain Integration,1,8,ENG,8,ENG-042;ENG-046;ENG-048;ENG-049;ENG-050;ENG-051;ENG-052;ENG-053,ENCABEZADO,0,CANDIDATO_ENG_REPETIDO,NO,NO_ASIGNADO
domain invariant,Domain Invariant,Domain Invariant,1,3,ENG,3,ENG-034;ENG-035;ENG-039,CODIGO_INLINE;ENCABEZADO,0,CANDIDATO_ENG_REPETIDO,NO,NO_ASIGNADO
domain model,Domain Model,Domain Model,1,5,ENG,3,ENG-030;ENG-034;ENG-035,CODIGO_INLINE;DEFINICION_EXPLICITA;ENCABEZADO;TERMINO_DESTACADO,1,CANDIDATO_ENG_DEFINIDO,NO,NO_ASIGNADO
downcasting,Downcasting,Downcasting,1,3,ENG,3,ENG-022;ENG-031;ENG-041,ENCABEZADO,0,CANDIDATO_ENG_REPETIDO,NO,NO_ASIGNADO
draft,Draft,Draft,1,6,ENG,3,ENG-017;ENG-021;ENG-049,CODIGO_INLINE;DEFINICION_EXPLICITA;ENCABEZADO;TABLA_COLUMNA_PRINCIPAL,1,CANDIDATO_ENG_DEFINIDO,NO,NO_ASIGNADO
drain,Drain,Drain,1,5,ENG,5,ENG-038;ENG-039;ENG-055;ENG-064;ENG-077,ENCABEZADO,0,CANDIDATO_ENG_REPETIDO,NO,NO_ASIGNADO
drift detection,Drift Detection,Drift Detection,1,5,ENG,5,ENG-008;ENG-013;ENG-049;ENG-068;ENG-079,ENCABEZADO,0,CANDIDATO_ENG_REPETIDO,NO,NO_ASIGNADO
drift exampl,Drift Examples,Drift Examples,1,5,ENG,5,ENG-068;ENG-081;ENG-083;ENG-084;ENG-085,ENCABEZADO,0,CANDIDATO_ENG_REPETIDO,NO,NO_ASIGNADO
drift test,Drift Test,Drift Test,1,3,ENG,3,ENG-049;ENG-068;ENG-084,ENCABEZADO,0,CANDIDATO_ENG_REPETIDO,NO,NO_ASIGNADO
dry run,Dry Run,Dry Run,1,7,ENG,7,ENG-007;ENG-008;ENG-013;ENG-014;ENG-047;ENG-063;ENG-065,ENCABEZADO,0,CANDIDATO_ENG_REPETIDO,NO,NO_ASIGNADO
dto,DTO,DTO,1,3,ENG,2,ENG-005;ENG-034,CODIGO_INLINE;ENCABEZADO,0,CANDIDATO_ENG_REPETIDO,NO,NO_ASIGNADO
dual write,Dual Write,Dual Write,1,5,ENG,5,ENG-031;ENG-041;ENG-042;ENG-065;ENG-078,ENCABEZADO,0,CANDIDATO_ENG_REPETIDO,NO,NO_ASIGNADO
duplicacion transversal,Duplicación transversal,Duplicación transversal,1,1,ARQ,1,ARQ-004,ENCABEZADO,0,CANDIDATO_CON_AUTORIDAD,NO,NO_ASIGNADO
duplicate registration,Duplicate Registration,Duplicate Registration,1,3,ENG,3,ENG-020;ENG-062;ENG-063,ENCABEZADO,0,CANDIDATO_ENG_REPETIDO,NO,NO_ASIGNADO
duplicate test,Duplicate Test,Duplicate Test,1,3,ENG,3,ENG-061;ENG-064;ENG-079,ENCABEZADO,0,CANDIDATO_ENG_REPETIDO,NO,NO_ASIGNADO
durability,Durability,Durability,1,8,ENG,3,ENG-042;ENG-077;ENG-093,CODIGO_INLINE;DEFINICION_EXPLICITA;ENCABEZADO,5,CANDIDATO_ENG_DEFINIDO,NO,NO_ASIGNADO
durability engineering,Durability Engineering,Durability Engineering,1,3,ENG,1,ENG-077,ENCABEZADO;TERMINO_DESTACADO,0,CANDIDATO_ENG_REPETIDO,NO,NO_ASIGNADO
duration,Duration,Duration,1,4,ENG,4,ENG-011;ENG-031;ENG-035;ENG-049,ENCABEZADO,0,CANDIDATO_ENG_REPETIDO,NO,NO_ASIGNADO
dynamic configuration,Dynamic Configuration,Dynamic Configuration,1,3,ENG,2,ENG-011;ENG-049,ENCABEZADO,0,CANDIDATO_ENG_REPETIDO,NO,NO_ASIGNADO
eager validation,Eager Validation,Eager Validation,1,3,ENG,3,ENG-019;ENG-022;ENG-029,ENCABEZADO,0,CANDIDATO_ENG_REPETIDO,NO,NO_ASIGNADO
ecosistema,Ecosistema,Ecosistema,1,1,FND,1,FND-001,ENCABEZADO,0,CANDIDATO_CON_AUTORIDAD,NO,NO_ASIGNADO
ecosistema documental,Ecosistema documental,Ecosistema documental,1,1,FND,1,FND-000,ENCABEZADO,0,CANDIDATO_CON_AUTORIDAD,NO,NO_ASIGNADO
effective configuration,Effective Configuration,Effective Configuration,1,3,ENG,3,ENG-010;ENG-011;ENG-049,ENCABEZADO,0,CANDIDATO_ENG_REPETIDO,NO,NO_ASIGNADO
efficiency,Efficiency,Efficiency,1,2,ENG,1,ENG-026,DEFINICION_EXPLICITA;ENCABEZADO,1,CANDIDATO_ENG_DEFINIDO,NO,NO_ASIGNADO
el contract,El Contract,El Contract,1,2,ENG,2,ENG-029;ENG-031,DEFINICION_EXPLICITA,2,CANDIDATO_ENG_DEFINIDO,NO,NO_ASIGNADO
el manifest,El Manifest,El Manifest,1,5,ENG,3,ENG-002;ENG-003;ENG-020,DEFINICION_EXPLICITA,5,CANDIDATO_ENG_DEFINIDO,NO,NO_ASIGNADO
el objetivo,El objetivo,El objetivo,1,5,ENG,5,ENG-014;ENG-015;ENG-016;ENG-017;ENG-018,DEFINICION_EXPLICITA,5,CANDIDATO_ENG_DEFINIDO,NO,NO_ASIGNADO
el package,El Package,El Package,1,2,ARQ,1,ARQ-017,DEFINICION_EXPLICITA,2,CANDIDATO_CON_AUTORIDAD,NO,NO_ASIGNADO
el packaging,El Packaging,El Packaging,1,1,ARQ,1,ARQ-017,DEFINICION_EXPLICITA,1,CANDIDATO_CON_AUTORIDAD,NO,NO_ASIGNADO
el paquete,El paquete,El paquete,1,1,ARQ,1,ARQ-017,DEFINICION_EXPLICITA,1,CANDIDATO_CON_AUTORIDAD,NO,NO_ASIGNADO
el registry,El Registry,El Registry,1,2,ENG,1,ENG-020,DEFINICION_EXPLICITA,2,CANDIDATO_ENG_DEFINIDO,NO,NO_ASIGNADO
el template engine,El Template Engine,El Template Engine,1,2,ARQ,1,ARQ-010,DEFINICION_EXPLICITA,2,CANDIDATO_CON_AUTORIDAD,NO,NO_ASIGNADO
encryption,Encryption,Encryption,1,5,ENG,5,ENG-030;ENG-031;ENG-037;ENG-061;ENG-064,ENCABEZADO,0,CANDIDATO_ENG_REPETIDO,NO,NO_ASIGNADO
encryption at rest,Encryption at Rest,Encryption at Rest,1,3,ENG,3,ENG-024;ENG-041;ENG-077,ENCABEZADO,0,CANDIDATO_ENG_REPETIDO,NO,NO_ASIGNADO
endpoint,Endpoint,Endpoint,1,5,ENG,3,ENG-032;ENG-044;ENG-068,CODIGO_INLINE;ENCABEZADO,0,CANDIDATO_ENG_REPETIDO,NO,NO_ASIGNADO
eng-001,ENG-001,ENG-001,1,3,ENG,3,ENG-000;ENG-001;ENG-006,DEFINICION_EXPLICITA;ENCABEZADO;TABLA_COLUMNA_PRINCIPAL,1,CANDIDATO_ENG_DEFINIDO,NO,NO_ASIGNADO
eng-002,ENG-002,ENG-002,1,5,ENG,2,ENG-000;ENG-002,CODIGO_INLINE;DEFINICION_EXPLICITA;ENCABEZADO;TABLA_COLUMNA_PRINCIPAL,2,CANDIDATO_ENG_DEFINIDO,NO,NO_ASIGNADO
eng-003,ENG-003,ENG-003,1,3,ENG,3,ENG-000;ENG-003;ENG-028,DEFINICION_EXPLICITA;ENCABEZADO;TABLA_COLUMNA_PRINCIPAL,1,CANDIDATO_ENG_DEFINIDO,NO,NO_ASIGNADO
eng-003 - manifest,ENG-003 — Manifest,ENG-003 — Manifest,1,3,ENG,2,ENG-002;ENG-003,TERMINO_DESTACADO,0,CANDIDATO_ENG_REPETIDO,NO,NO_ASIGNADO
eng-005 - nomenclatura,ENG-005 — Nomenclatura,ENG-005 — Nomenclatura,1,4,ENG,3,ENG-001;ENG-004;ENG-005,TERMINO_DESTACADO,0,CANDIDATO_ENG_REPETIDO,NO,NO_ASIGNADO
eng-006 - estructura de directorio,ENG-006 — Estructura de Directorios,ENG-006 — Estructura de Directorios,1,4,ENG,4,ENG-001;ENG-002;ENG-004;ENG-006,TERMINO_DESTACADO,0,CANDIDATO_ENG_REPETIDO,NO,NO_ASIGNADO
eng-007 - cli,ENG-007 — CLI,ENG-007 — CLI,1,3,ENG,3,ENG-003;ENG-005;ENG-007,TERMINO_DESTACADO,0,CANDIDATO_ENG_REPETIDO,NO,NO_ASIGNADO
eng-009 - testing,ENG-009 — Testing,ENG-009 — Testing,1,5,ENG,5,ENG-000;ENG-001;ENG-002;ENG-004;ENG-009,TERMINO_DESTACADO,0,CANDIDATO_ENG_REPETIDO,NO,NO_ASIGNADO
eng-010,ENG-010,ENG-010,1,3,ENG,3,ENG-000;ENG-010;ENG-025,DEFINICION_EXPLICITA;ENCABEZADO;TABLA_COLUMNA_PRINCIPAL,1,CANDIDATO_ENG_DEFINIDO,NO,NO_ASIGNADO
eng-011,ENG-011,ENG-011,1,6,ENG,5,ENG-000;ENG-005;ENG-006;ENG-011;ENG-049,CODIGO_INLINE;DEFINICION_EXPLICITA;ENCABEZADO;TABLA_COLUMNA_PRINCIPAL;TERMINO_DESTACADO,2,CANDIDATO_ENG_DEFINIDO,NO,NO_ASIGNADO
eng-014 - versionado,ENG-014 — Versionado,ENG-014 — Versionado,1,4,ENG,4,ENG-002;ENG-003;ENG-004;ENG-014,TERMINO_DESTACADO,0,CANDIDATO_ENG_REPETIDO,NO,NO_ASIGNADO
eng-015,ENG-015,ENG-015,1,7,ENG,6,ENG-000;ENG-015;ENG-025;ENG-028;ENG-052;ENG-053,DEFINICION_EXPLICITA;ENCABEZADO;TABLA_COLUMNA_PRINCIPAL,5,CANDIDATO_ENG_DEFINIDO,NO,NO_ASIGNADO
eng-018,ENG-018,ENG-018,1,2,ENG,1,ENG-018,DEFINICION_EXPLICITA;ENCABEZADO,1,CANDIDATO_ENG_DEFINIDO,NO,NO_ASIGNADO
eng-021,ENG-021,ENG-021,1,3,ENG,1,ENG-021,DEFINICION_EXPLICITA;ENCABEZADO,2,CANDIDATO_ENG_DEFINIDO,NO,NO_ASIGNADO
eng-022,ENG-022,ENG-022,1,2,ENG,2,ENG-022;ENG-041,DEFINICION_EXPLICITA;ENCABEZADO,1,CANDIDATO_ENG_DEFINIDO,NO,NO_ASIGNADO
eng-024,ENG-024,ENG-024,1,2,ENG,2,ENG-024;ENG-045,DEFINICION_EXPLICITA;ENCABEZADO,1,CANDIDATO_ENG_DEFINIDO,NO,NO_ASIGNADO
eng-027,ENG-027,ENG-027,1,3,ENG,2,ENG-027;ENG-055,DEFINICION_EXPLICITA;ENCABEZADO,2,CANDIDATO_ENG_DEFINIDO,NO,NO_ASIGNADO
eng-028,ENG-028,ENG-028,1,6,ENG,1,ENG-028,DEFINICION_EXPLICITA;ENCABEZADO,5,CANDIDATO_ENG_DEFINIDO,NO,NO_ASIGNADO
eng-029,ENG-029,ENG-029,1,3,ENG,2,ENG-029;ENG-060,DEFINICION_EXPLICITA;ENCABEZADO,2,CANDIDATO_ENG_DEFINIDO,NO,NO_ASIGNADO
eng-031,ENG-031,ENG-031,1,4,ENG,1,ENG-031,DEFINICION_EXPLICITA;ENCABEZADO,3,CANDIDATO_ENG_DEFINIDO,NO,NO_ASIGNADO
eng-032,ENG-032,ENG-032,1,2,ENG,2,ENG-032;ENG-041,DEFINICION_EXPLICITA;ENCABEZADO,1,CANDIDATO_ENG_DEFINIDO,NO,NO_ASIGNADO
eng-033,ENG-033,ENG-033,1,3,ENG,1,ENG-033,DEFINICION_EXPLICITA,3,CANDIDATO_ENG_DEFINIDO,NO,NO_ASIGNADO
eng-040,ENG-040,ENG-040,1,3,ENG,2,ENG-040;ENG-041,DEFINICION_EXPLICITA;ENCABEZADO;TERMINO_DESTACADO,1,CANDIDATO_ENG_DEFINIDO,NO,NO_ASIGNADO
eng-041,ENG-041,ENG-041,1,5,ENG,1,ENG-041,DEFINICION_EXPLICITA;ENCABEZADO;TERMINO_DESTACADO,3,CANDIDATO_ENG_DEFINIDO,NO,NO_ASIGNADO
eng-042,ENG-042,ENG-042,1,3,ENG,1,ENG-042,DEFINICION_EXPLICITA;ENCABEZADO;TERMINO_DESTACADO,1,CANDIDATO_ENG_DEFINIDO,NO,NO_ASIGNADO
eng-044,ENG-044,ENG-044,1,4,ENG,3,ENG-044;ENG-045;ENG-061,DEFINICION_EXPLICITA;ENCABEZADO;TERMINO_DESTACADO,2,CANDIDATO_ENG_DEFINIDO,NO,NO_ASIGNADO
eng-053,ENG-053,ENG-053,1,3,ENG,1,ENG-053,DEFINICION_EXPLICITA;ENCABEZADO;TERMINO_DESTACADO,1,CANDIDATO_ENG_DEFINIDO,NO,NO_ASIGNADO
eng-054,ENG-054,ENG-054,1,5,ENG,3,ENG-054;ENG-068;ENG-071,DEFINICION_EXPLICITA;ENCABEZADO;TERMINO_DESTACADO,3,CANDIDATO_ENG_DEFINIDO,NO,NO_ASIGNADO
eng-055,ENG-055,ENG-055,1,3,ENG,2,ENG-055;ENG-068,DEFINICION_EXPLICITA;ENCABEZADO;TERMINO_DESTACADO,1,CANDIDATO_ENG_DEFINIDO,NO,NO_ASIGNADO
eng-055 --- lifecycle management engineering,ENG-055 --- Lifecycle Management Engineering,ENG-055 --- Lifecycle Management Engineering,1,2,ENG,1,ENG-100,DEFINICION_EXPLICITA;TERMINO_DESTACADO,1,CANDIDATO_ENG_DEFINIDO,NO,NO_ASIGNADO
eng-057,ENG-057,ENG-057,1,3,ENG,1,ENG-057,DEFINICION_EXPLICITA;ENCABEZADO;TERMINO_DESTACADO,1,CANDIDATO_ENG_DEFINIDO,NO,NO_ASIGNADO
eng-058 --- discovery engineering,ENG-058 --- Discovery Engineering,ENG-058 --- Discovery Engineering,1,2,ENG,1,ENG-058,DEFINICION_EXPLICITA;TERMINO_DESTACADO,1,CANDIDATO_ENG_DEFINIDO,NO,NO_ASIGNADO
eng-059 --- resolution engineering,ENG-059 --- Resolution Engineering,ENG-059 --- Resolution Engineering,1,2,ENG,2,ENG-058;ENG-059,DEFINICION_EXPLICITA;TERMINO_DESTACADO,1,CANDIDATO_ENG_DEFINIDO,NO,NO_ASIGNADO
eng-061,ENG-061,ENG-061,1,3,ENG,1,ENG-061,DEFINICION_EXPLICITA;ENCABEZADO;TERMINO_DESTACADO,1,CANDIDATO_ENG_DEFINIDO,NO,NO_ASIGNADO
eng-062,ENG-062,ENG-062,1,3,ENG,2,ENG-062;ENG-065,DEFINICION_EXPLICITA;ENCABEZADO;TERMINO_DESTACADO,1,CANDIDATO_ENG_DEFINIDO,NO,NO_ASIGNADO
eng-070,ENG-070,ENG-070,1,3,ENG,1,ENG-070,DEFINICION_EXPLICITA;ENCABEZADO;TERMINO_DESTACADO,1,CANDIDATO_ENG_DEFINIDO,NO,NO_ASIGNADO
eng-077,ENG-077,ENG-077,1,4,ENG,1,ENG-077,DEFINICION_EXPLICITA;ENCABEZADO;TERMINO_DESTACADO,2,CANDIDATO_ENG_DEFINIDO,NO,NO_ASIGNADO
eng-081,ENG-081,ENG-081,1,5,ENG,1,ENG-081,DEFINICION_EXPLICITA;ENCABEZADO;TERMINO_DESTACADO,3,CANDIDATO_ENG_DEFINIDO,NO,NO_ASIGNADO
eng-085,ENG-085,ENG-085,1,3,ENG,1,ENG-085,DEFINICION_EXPLICITA;ENCABEZADO;TERMINO_DESTACADO,1,CANDIDATO_ENG_DEFINIDO,NO,NO_ASIGNADO
eng-100,ENG-100,ENG-100,1,3,ENG,1,ENG-100,DEFINICION_EXPLICITA;TERMINO_DESTACADO,1,CANDIDATO_ENG_DEFINIDO,NO,NO_ASIGNADO
entity,Entities,Entities; Entity,2,5,ENG,3,ENG-005;ENG-018;ENG-035,CODIGO_INLINE;ENCABEZADO,0,CANDIDATO_ENG_REPETIDO,NO,NO_ASIGNADO
enum evolution,Enum Evolution,Enum Evolution,1,5,ENG,5,ENG-021;ENG-030;ENG-031;ENG-044;ENG-062,ENCABEZADO,0,CANDIDATO_ENG_REPETIDO,NO,NO_ASIGNADO
envelope,Envelope,Envelope,1,3,ENG,2,ENG-032;ENG-041,CODIGO_INLINE;ENCABEZADO,0,CANDIDATO_ENG_REPETIDO,NO,NO_ASIGNADO
environment,Environment,Environment,1,5,ENG,2,ENG-010;ENG-068,CODIGO_INLINE;DEFINICION_EXPLICITA;ENCABEZADO,2,CANDIDATO_ENG_DEFINIDO,NO,NO_ASIGNADO
environment configuration,Environment Configuration,Environment Configuration; Environment ≠ Configuration,2,3,ENG,2,ENG-049;ENG-068,ENCABEZADO,0,CANDIDATO_ENG_REPETIDO,NO,NO_ASIGNADO
environment detection,Environment Detection,Environment Detection,1,3,ENG,3,ENG-011;ENG-024;ENG-049,ENCABEZADO,0,CANDIDATO_ENG_REPETIDO,NO,NO_ASIGNADO
environment engineering,Environment Engineering,Environment Engineering,1,3,ENG,1,ENG-068,ENCABEZADO;TERMINO_DESTACADO,0,CANDIDATO_ENG_REPETIDO,NO,NO_ASIGNADO
environment health,Environment Health,Environment Health,1,3,ENG,2,ENG-068;ENG-069,DEFINICION_EXPLICITA;ENCABEZADO,1,CANDIDATO_ENG_DEFINIDO,NO,NO_ASIGNADO
environment isolation,Environment Isolation,Environment Isolation,1,3,ENG,3,ENG-045;ENG-050;ENG-068,ENCABEZADO,0,CANDIDATO_ENG_REPETIDO,NO,NO_ASIGNADO
environment variabl,Environment Variables,Environment Variables,1,3,ENG,3,ENG-005;ENG-011;ENG-024,ENCABEZADO,0,CANDIDATO_ENG_REPETIDO,NO,NO_ASIGNADO
erase,Erase,Erase,1,2,ENG,1,ENG-092,DEFINICION_EXPLICITA;ENCABEZADO,1,CANDIDATO_ENG_DEFINIDO,NO,NO_ASIGNADO
error,Error,ERROR; Error; Errores; Errors,4,12,ENG,8,ENG-003;ENG-007;ENG-010;ENG-021;ENG-023;ENG-027;ENG-036;ENG-074,CODIGO_INLINE;ENCABEZADO;TABLA_COLUMNA_PRINCIPAL,0,CANDIDATO_ENG_REPETIDO,NO,NO_ASIGNADO
error code,Error Codes,Error Code; Error Codes,2,4,ENG,4,ENG-005;ENG-010;ENG-013;ENG-023,ENCABEZADO,0,CANDIDATO_ENG_REPETIDO,NO,NO_ASIGNADO
error handling,Error Handling,Error Handling,1,17,ENG,17,ENG-008;ENG-023;ENG-030;ENG-031;ENG-037;ENG-038;ENG-042;ENG-043;ENG-045;ENG-047;ENG-049;ENG-050;ENG-051;ENG-052;ENG-053;ENG-054;ENG-056,ENCABEZADO,0,CANDIDATO_ENG_REPETIDO,NO,NO_ASIGNADO
error namespace,Error Namespace,Error Namespace,1,66,ENG,66,ENG-023;ENG-028;ENG-029;ENG-030;ENG-031;ENG-032;ENG-034;ENG-035;ENG-036;ENG-037;ENG-039;ENG-040;ENG-041;ENG-042;ENG-043;ENG-044;ENG-045;ENG-046;ENG-047;ENG-048;ENG-049;ENG-050;ENG-051;ENG-052;ENG-053;ENG-054;ENG-055;ENG-056;ENG-057;ENG-058;ENG-059;ENG-060;ENG-061;ENG-062;ENG-063;ENG-064;ENG-065;ENG-066;ENG-067;ENG-068;ENG-069;ENG-070;ENG-071;ENG-072;ENG-073;ENG-074;ENG-075;ENG-076;ENG-077;ENG-078;ENG-079;ENG-080;ENG-081;ENG-082;ENG-083;ENG-084;ENG-085;ENG-086;ENG-087;ENG-088;ENG-089;ENG-090;ENG-091;ENG-092;ENG-093;ENG-094,ENCABEZADO,0,CANDIDATO_ENG_REPETIDO,NO,NO_ASIGNADO
error taxonomy,Error Taxonomy,Error Taxonomy,1,6,ENG,6,ENG-018;ENG-019;ENG-020;ENG-021;ENG-022;ENG-027,ENCABEZADO,0,CANDIDATO_ENG_REPETIDO,NO,NO_ASIGNADO
error translation,Error Translation,Error Translation,1,5,ENG,5,ENG-023;ENG-032;ENG-034;ENG-039;ENG-042,ENCABEZADO,0,CANDIDATO_ENG_REPETIDO,NO,NO_ASIGNADO
esta,Esta,Esta,1,2,ENG,2,ENG-014;ENG-035,DEFINICION_EXPLICITA,2,CANDIDATO_ENG_DEFINIDO,NO,NO_ASIGNADO
esta estructura,Esta estructura,Esta estructura,1,1,ARQ,1,ARQ-004,DEFINICION_EXPLICITA,1,CANDIDATO_CON_AUTORIDAD,NO,NO_ASIGNADO
esto,Esto,Esto; Estos,2,5,ENG,4,ENG-010;ENG-014;ENG-021;ENG-033,DEFINICION_EXPLICITA,5,CANDIDATO_ENG_DEFINIDO,NO,NO_ASIGNADO
esto nombr,Estos nombres,Estos nombres,1,2,ENG,2,ENG-001;ENG-011,DEFINICION_EXPLICITA,2,CANDIDATO_ENG_DEFINIDO,NO,NO_ASIGNADO
estrategia,Estrategias,Estrategias,1,1,ARQ,1,ARQ-012,ENCABEZADO,0,CANDIDATO_CON_AUTORIDAD,NO,NO_ASIGNADO
estructura conceptual,Estructura Conceptual,Estructura Conceptual,1,14,ENG,14,ENG-023;ENG-025;ENG-082;ENG-083;ENG-084;ENG-086;ENG-087;ENG-088;ENG-089;ENG-090;ENG-091;ENG-092;ENG-093;ENG-094,ENCABEZADO,0,CANDIDATO_ENG_REPETIDO,NO,NO_ASIGNADO
estructura conceptual de directorio,Estructura Conceptual de Directorios,Estructura Conceptual de Directorios,1,28,ENG,28,ENG-055;ENG-056;ENG-057;ENG-058;ENG-059;ENG-060;ENG-061;ENG-062;ENG-063;ENG-064;ENG-065;ENG-066;ENG-067;ENG-068;ENG-069;ENG-070;ENG-071;ENG-072;ENG-073;ENG-074;ENG-075;ENG-076;ENG-077;ENG-078;ENG-079;ENG-080;ENG-081;ENG-085,ENCABEZADO,0,CANDIDATO_ENG_REPETIDO,NO,NO_ASIGNADO
ethic,Ethics,Ethics,1,4,ENG,4,ENG-088;ENG-092;ENG-093;ENG-094,ENCABEZADO,0,CANDIDATO_ENG_REPETIDO,NO,NO_ASIGNADO
ethic decision,Ethics Decision,Ethics Decision; ethics:decisions,2,3,ENG,1,ENG-084,ENCABEZADO,0,CANDIDATO_ENG_REPETIDO,NO,NO_ASIGNADO
event,Events,/Events; Event; Events,3,10,ENG,9,ENG-002;ENG-003;ENG-005;ENG-006;ENG-018;ENG-022;ENG-034;ENG-040;ENG-041,CODIGO_INLINE;ENCABEZADO,0,CANDIDATO_ENG_REPETIDO,NO,NO_ASIGNADO
event bus,Event Bus,Event Bus,1,6,ENG,3,ENG-022;ENG-032;ENG-040,DEFINICION_EXPLICITA;ENCABEZADO;TERMINO_DESTACADO,3,CANDIDATO_ENG_DEFINIDO,NO,NO_ASIGNADO
event bus integration,Event Bus Integration,Event Bus Integration,1,6,ENG,6,ENG-019;ENG-020;ENG-023;ENG-025;ENG-030;ENG-041,ENCABEZADO,0,CANDIDATO_ENG_REPETIDO,NO,NO_ASIGNADO
event identity,Event Identity,Event Identity,1,3,ENG,3,ENG-022;ENG-035;ENG-052,ENCABEZADO,0,CANDIDATO_ENG_REPETIDO,NO,NO_ASIGNADO
event immutability,Event Immutability,Event Immutability,1,3,ENG,3,ENG-022;ENG-035;ENG-041,ENCABEZADO,0,CANDIDATO_ENG_REPETIDO,NO,NO_ASIGNADO
event integration,Event Integration,Event Integration,1,4,ENG,4,ENG-015;ENG-020;ENG-028;ENG-034,ENCABEZADO,0,CANDIDATO_ENG_REPETIDO,NO,NO_ASIGNADO
event loop,Event Loop,Event Loop,1,3,ENG,1,ENG-022,ENCABEZADO,0,CANDIDATO_ENG_REPETIDO,NO,NO_ASIGNADO
event naming,Event Naming,Event Naming,1,3,ENG,3,ENG-022;ENG-035;ENG-041,ENCABEZADO,0,CANDIDATO_ENG_REPETIDO,NO,NO_ASIGNADO
event ordering,Event Ordering,Event Ordering,1,7,ENG,7,ENG-015;ENG-022;ENG-038;ENG-045;ENG-047;ENG-049;ENG-052,ENCABEZADO,0,CANDIDATO_ENG_REPETIDO,NO,NO_ASIGNADO
event payload,Event Payload,Event Payload,1,6,ENG,6,ENG-024;ENG-031;ENG-047;ENG-049;ENG-050;ENG-051,ENCABEZADO,0,CANDIDATO_ENG_REPETIDO,NO,NO_ASIGNADO
event replay,Event Replay,Event Replay; event replay,2,4,ENG,3,ENG-022;ENG-024;ENG-031,CODIGO_INLINE;ENCABEZADO,0,CANDIDATO_ENG_REPETIDO,NO,NO_ASIGNADO
event schema,Event Schema,Event Schema,1,3,ENG,3,ENG-021;ENG-022;ENG-062,ENCABEZADO,0,CANDIDATO_ENG_REPETIDO,NO,NO_ASIGNADO
event spoofing,Event Spoofing,Event Spoofing,1,3,ENG,1,ENG-024,ENCABEZADO,0,CANDIDATO_ENG_REPETIDO,NO,NO_ASIGNADO
event subscriber,event subscribers,Event Subscribers; event subscribers,2,3,ENG,2,ENG-022;ENG-041,CODIGO_INLINE;ENCABEZADO,0,CANDIDATO_ENG_REPETIDO,NO,NO_ASIGNADO
event version,Event Version,Event Version,1,4,ENG,4,ENG-049;ENG-050;ENG-051;ENG-052,ENCABEZADO,0,CANDIDATO_ENG_REPETIDO,NO,NO_ASIGNADO
eventual consistency,Eventual Consistency,Eventual Consistency,1,7,ENG,7,ENG-022;ENG-030;ENG-037;ENG-042;ENG-049;ENG-053;ENG-078,ENCABEZADO,0,CANDIDATO_ENG_REPETIDO,NO,NO_ASIGNADO
evidence integrity,Evidence Integrity,Evidence Integrity,1,3,ENG,3,ENG-081;ENG-083;ENG-085,ENCABEZADO,0,CANDIDATO_ENG_REPETIDO,NO,NO_ASIGNADO
evidence retention,Evidence Retention,Evidence Retention,1,3,ENG,3,ENG-017;ENG-081;ENG-083,ENCABEZADO,0,CANDIDATO_ENG_REPETIDO,NO,NO_ASIGNADO
evolucion,Evolución,Evolución,1,4,ARQ;ENG,4,ARQ-004;ENG-000;ENG-002;ENG-004,ENCABEZADO,0,CANDIDATO_CON_AUTORIDAD,NO,NO_ASIGNADO
exactly once,Exactly Once,Exactly Once,1,3,ENG,3,ENG-022;ENG-030;ENG-040,ENCABEZADO,0,CANDIDATO_ENG_REPETIDO,NO,NO_ASIGNADO
exactly-once,Exactly-Once,Exactly-Once; exactly-once,2,5,ENG,5,ENG-030;ENG-032;ENG-041;ENG-064;ENG-087,CODIGO_INLINE;ENCABEZADO,0,CANDIDATO_ENG_REPETIDO,NO,NO_ASIGNADO
exampl,Examples,/examples; Examples,2,3,ENG,3,ENG-006;ENG-044;ENG-062,CODIGO_INLINE;ENCABEZADO,0,CANDIDATO_ENG_REPETIDO,NO,NO_ASIGNADO
example,Example,Example,1,21,ENG,12,ENG-018;ENG-025;ENG-026;ENG-028;ENG-032;ENG-035;ENG-036;ENG-037;ENG-039;ENG-041;ENG-080;ENG-085,ENCABEZADO,0,CANDIDATO_ENG_REPETIDO,NO,NO_ASIGNADO
excepcion,Excepciones,Excepciones,1,3,ENG,3,ENG-004;ENG-005;ENG-010,ENCABEZADO,0,CANDIDATO_ENG_REPETIDO,NO,NO_ASIGNADO
exception,Exception,Exception; Exceptions,2,6,ENG,3,ENG-023;ENG-025;ENG-042,CODIGO_INLINE;DEFINICION_EXPLICITA;ENCABEZADO,2,CANDIDATO_ENG_DEFINIDO,NO,NO_ASIGNADO
exception requirement,Exception Requirement,Exception Requirement,1,3,ENG,3,ENG-081;ENG-083;ENG-084,ENCABEZADO,0,CANDIDATO_ENG_REPETIDO,NO,NO_ASIGNADO
exchange integration,Exchange Integration,Exchange Integration,1,3,ENG,3,ENG-088;ENG-090;ENG-092,ENCABEZADO,0,CANDIDATO_ENG_REPETIDO,NO,NO_ASIGNADO
exchange package,Exchange Package,Exchange Package,1,2,ENG,1,ENG-087,CODIGO_INLINE;DEFINICION_EXPLICITA,1,CANDIDATO_ENG_DEFINIDO,NO,NO_ASIGNADO
exempted,EXEMPTED,EXEMPTED,1,4,ENG,3,ENG-081;ENG-083;ENG-084,CODIGO_INLINE;ENCABEZADO,0,CANDIDATO_ENG_REPETIDO,NO,NO_ASIGNADO
exit code,Exit Codes,Exit Codes,1,5,ENG,5,ENG-007;ENG-008;ENG-013;ENG-016;ENG-023,ENCABEZADO,0,CANDIDATO_ENG_REPETIDO,NO,NO_ASIGNADO
expiration policy,Expiration Policy,Expiration Policy,1,3,ENG,3,ENG-040;ENG-041;ENG-050,ENCABEZADO,0,CANDIDATO_ENG_REPETIDO,NO,NO_ASIGNADO
explain output,Explain Output,Explain Output,1,3,ENG,3,ENG-050;ENG-051;ENG-059,ENCABEZADO,0,CANDIDATO_ENG_REPETIDO,NO,NO_ASIGNADO
export,Export,Export,1,2,ENG,2,ENG-043;ENG-094,DEFINICION_EXPLICITA;ENCABEZADO,1,CANDIDATO_ENG_DEFINIDO,NO,NO_ASIGNADO
extension,Extension,/extensions; Extension; Extensiones; Extensions,4,7,ENG,5,ENG-001;ENG-003;ENG-006;ENG-029;ENG-060,CODIGO_INLINE;ENCABEZADO,0,CANDIDATO_ENG_REPETIDO,NO,NO_ASIGNADO
extension point,Extension Point,Extension Point; Extension Points; extension points,3,10,ENG,5,ENG-002;ENG-003;ENG-028;ENG-029;ENG-060,CODIGO_INLINE;DEFINICION_EXPLICITA;ENCABEZADO,1,CANDIDATO_ENG_DEFINIDO,NO,NO_ASIGNADO
extension registration,Extension Registration,Extension Registration,1,4,ENG,4,ENG-019;ENG-020;ENG-028;ENG-060,ENCABEZADO,0,CANDIDATO_ENG_REPETIDO,NO,NO_ASIGNADO
external sharing,External Sharing,External Sharing,1,2,ENG,2,ENG-081;ENG-087,DEFINICION_EXPLICITA;ENCABEZADO,1,CANDIDATO_ENG_DEFINIDO,NO,NO_ASIGNADO
external system,External Systems,External System; External Systems,2,3,ENG,3,ENG-009;ENG-061;ENG-092,ENCABEZADO,0,CANDIDATO_ENG_REPETIDO,NO,NO_ASIGNADO
factory,Factory,Factories; Factory,2,5,ENG,3,ENG-005;ENG-019;ENG-035,CODIGO_INLINE;ENCABEZADO,0,CANDIDATO_ENG_REPETIDO,NO,NO_ASIGNADO
fail closed,Fail Closed,Fail Closed,1,7,ENG,7,ENG-039;ENG-045;ENG-046;ENG-047;ENG-049;ENG-050;ENG-073,ENCABEZADO,0,CANDIDATO_ENG_REPETIDO,NO,NO_ASIGNADO
fail fast,Fail Fast,Fail Fast,1,9,ENG,9,ENG-011;ENG-012;ENG-017;ENG-018;ENG-027;ENG-029;ENG-054;ENG-063;ENG-074,ENCABEZADO,0,CANDIDATO_ENG_REPETIDO,NO,NO_ASIGNADO
fail open,Fail Open,Fail Open,1,8,ENG,7,ENG-024;ENG-039;ENG-045;ENG-049;ENG-050;ENG-073;ENG-074,ENCABEZADO,0,CANDIDATO_ENG_REPETIDO,NO,NO_ASIGNADO
failed,Failed,FAILED; Failed,2,18,ENG,6,ENG-015;ENG-017;ENG-027;ENG-040;ENG-055;ENG-092,CODIGO_INLINE;DEFINICION_EXPLICITA;ENCABEZADO,3,CANDIDATO_ENG_DEFINIDO,NO,NO_ASIGNADO
failure,Failure,Failure,1,7,ENG,4,ENG-023;ENG-039;ENG-073;ENG-074,CODIGO_INLINE;DEFINICION_EXPLICITA;ENCABEZADO,1,CANDIDATO_ENG_DEFINIDO,NO,NO_ASIGNADO
failure classification,Failure Classification,Failure Classification,1,3,ENG,3,ENG-025;ENG-039;ENG-074,ENCABEZADO,0,CANDIDATO_ENG_REPETIDO,NO,NO_ASIGNADO
failure domain,Failure Domain,Failure Domain,1,4,ENG,4,ENG-027;ENG-039;ENG-068;ENG-073,ENCABEZADO,0,CANDIDATO_ENG_REPETIDO,NO,NO_ASIGNADO
failure propagation,Failure Propagation,Failure Propagation,1,6,ENG,6,ENG-015;ENG-027;ENG-039;ENG-055;ENG-073;ENG-074,ENCABEZADO,0,CANDIDATO_ENG_REPETIDO,NO,NO_ASIGNADO
fallback,Fallback,FALLBACK; Fallback,2,6,ENG,5,ENG-010;ENG-039;ENG-059;ENG-061;ENG-073,CODIGO_INLINE;ENCABEZADO,0,CANDIDATO_ENG_REPETIDO,NO,NO_ASIGNADO
false negative,False Negative,False Negative,1,2,ENG,1,ENG-091,DEFINICION_EXPLICITA;ENCABEZADO,1,CANDIDATO_ENG_DEFINIDO,NO,NO_ASIGNADO
false positive,False Positive,False Positive,1,2,ENG,1,ENG-091,DEFINICION_EXPLICITA;ENCABEZADO,1,CANDIDATO_ENG_DEFINIDO,NO,NO_ASIGNADO
fatal,FATAL,FATAL; Fatal,2,3,ENG,2,ENG-010;ENG-023,ENCABEZADO;TABLA_COLUMNA_PRINCIPAL,0,CANDIDATO_ENG_REPETIDO,NO,NO_ASIGNADO
fatal failure,Fatal Failure,Fatal Failure,1,3,ENG,3,ENG-023;ENG-027;ENG-055,ENCABEZADO,0,CANDIDATO_ENG_REPETIDO,NO,NO_ASIGNADO
fault injection,Fault Injection,Fault Injection,1,10,ENG,10,ENG-023;ENG-039;ENG-040;ENG-041;ENG-042;ENG-043;ENG-044;ENG-045;ENG-047;ENG-074,ENCABEZADO,0,CANDIDATO_ENG_REPETIDO,NO,NO_ASIGNADO
feature configuration,Feature Configuration,Feature Configuration; Feature ≠ Configuration,2,3,ENG,2,ENG-049;ENG-050,ENCABEZADO,0,CANDIDATO_ENG_REPETIDO,NO,NO_ASIGNADO
feature flag,Feature Flags,Feature Flag; Feature Flags,2,3,ENG,3,ENG-011;ENG-034;ENG-050,ENCABEZADO,0,CANDIDATO_ENG_REPETIDO,NO,NO_ASIGNADO
feature integration,Feature Integration,Feature Integration,1,6,ENG,6,ENG-051;ENG-052;ENG-053;ENG-054;ENG-055;ENG-067,ENCABEZADO,0,CANDIDATO_ENG_REPETIDO,NO,NO_ASIGNADO
feature management engineering,Feature Management Engineering,Feature Management Engineering,1,3,ENG,2,ENG-049;ENG-050,ENCABEZADO;TERMINO_DESTACADO,0,CANDIDATO_ENG_REPETIDO,NO,NO_ASIGNADO
federated schema,Federated Schema,Federated Schema,1,2,ENG,1,ENG-088,DEFINICION_EXPLICITA;ENCABEZADO,1,CANDIDATO_ENG_DEFINIDO,NO,NO_ASIGNADO
federation domain,Federation Domain,Federation Domain,1,3,ENG,1,ENG-088,CODIGO_INLINE;DEFINICION_EXPLICITA;ENCABEZADO,1,CANDIDATO_ENG_DEFINIDO,NO,NO_ASIGNADO
fencing,Fencing,Fencing,1,5,ENG,5,ENG-040;ENG-065;ENG-066;ENG-067;ENG-078,ENCABEZADO,0,CANDIDATO_ENG_REPETIDO,NO,NO_ASIGNADO
fencing token,Fencing Token,Fencing Token,1,3,ENG,2,ENG-038;ENG-078,CODIGO_INLINE;ENCABEZADO,0,CANDIDATO_ENG_REPETIDO,NO,NO_ASIGNADO
fidelity,Fidelity,Fidelity,1,2,ENG,1,ENG-094,DEFINICION_EXPLICITA;ENCABEZADO,1,CANDIDATO_ENG_DEFINIDO,NO,NO_ASIGNADO
field removal,Field Removal,Field Removal,1,3,ENG,3,ENG-016;ENG-021;ENG-062,ENCABEZADO,0,CANDIDATO_ENG_REPETIDO,NO,NO_ASIGNADO
filosofia,Filosofía,Filosofía,1,7,ARQ;ENG,7,ARQ-010;ARQ-011;ARQ-012;ARQ-013;ARQ-017;ENG-007;ENG-008,ENCABEZADO,0,CANDIDATO_CON_AUTORIDAD,NO,NO_ASIGNADO
filter test,Filter Test,Filter Test,1,4,ENG,4,ENG-043;ENG-044;ENG-058;ENG-063,ENCABEZADO,0,CANDIDATO_ENG_REPETIDO,NO,NO_ASIGNADO
filtering,Filtering,Filtering,1,3,ENG,3,ENG-020;ENG-043;ENG-044,ENCABEZADO,0,CANDIDATO_ENG_REPETIDO,NO,NO_ASIGNADO
first implementation,First Implementation,First Implementation,1,8,ENG,8,ENG-022;ENG-026;ENG-027;ENG-028;ENG-029;ENG-030;ENG-031;ENG-032,ENCABEZADO,0,CANDIDATO_ENG_REPETIDO,NO,NO_ASIGNADO
first implementation component,First Implementation Components,First Implementation Components,1,62,ENG,62,ENG-032;ENG-034;ENG-035;ENG-036;ENG-037;ENG-038;ENG-039;ENG-040;ENG-041;ENG-042;ENG-043;ENG-044;ENG-045;ENG-046;ENG-047;ENG-048;ENG-049;ENG-050;ENG-051;ENG-052;ENG-053;ENG-054;ENG-055;ENG-056;ENG-057;ENG-058;ENG-059;ENG-060;ENG-061;ENG-062;ENG-063;ENG-064;ENG-065;ENG-066;ENG-067;ENG-068;ENG-069;ENG-070;ENG-071;ENG-072;ENG-073;ENG-074;ENG-075;ENG-076;ENG-077;ENG-078;ENG-079;ENG-080;ENG-081;ENG-082;ENG-083;ENG-084;ENG-085;ENG-086;ENG-087;ENG-088;ENG-089;ENG-090;ENG-091;ENG-092;ENG-093;ENG-094,ENCABEZADO,0,CANDIDATO_ENG_REPETIDO,NO,NO_ASIGNADO
first implementation constraint,First Implementation Constraints,First Implementation Constraints,1,65,ENG,65,ENG-028;ENG-029;ENG-030;ENG-031;ENG-032;ENG-034;ENG-035;ENG-036;ENG-037;ENG-038;ENG-039;ENG-040;ENG-041;ENG-042;ENG-043;ENG-044;ENG-045;ENG-046;ENG-047;ENG-048;ENG-049;ENG-050;ENG-051;ENG-052;ENG-053;ENG-054;ENG-055;ENG-056;ENG-057;ENG-058;ENG-059;ENG-060;ENG-061;ENG-062;ENG-063;ENG-064;ENG-065;ENG-066;ENG-067;ENG-068;ENG-069;ENG-070;ENG-071;ENG-072;ENG-073;ENG-074;ENG-075;ENG-076;ENG-077;ENG-078;ENG-079;ENG-080;ENG-081;ENG-083;ENG-084;ENG-085;ENG-086;ENG-087;ENG-088;ENG-089;ENG-090;ENG-091;ENG-092;ENG-093;ENG-094,ENCABEZADO,0,CANDIDATO_ENG_REPETIDO,NO,NO_ASIGNADO
first version non-goal,First Version Non-Goals,First Version Non-Goals,1,60,ENG,60,ENG-030;ENG-031;ENG-032;ENG-034;ENG-035;ENG-036;ENG-037;ENG-038;ENG-039;ENG-040;ENG-041;ENG-042;ENG-043;ENG-044;ENG-045;ENG-046;ENG-047;ENG-048;ENG-049;ENG-050;ENG-051;ENG-052;ENG-053;ENG-054;ENG-055;ENG-056;ENG-057;ENG-058;ENG-059;ENG-060;ENG-061;ENG-062;ENG-063;ENG-064;ENG-065;ENG-066;ENG-067;ENG-068;ENG-069;ENG-070;ENG-071;ENG-072;ENG-073;ENG-074;ENG-075;ENG-076;ENG-077;ENG-078;ENG-079;ENG-080;ENG-081;ENG-083;ENG-084;ENG-085;ENG-088;ENG-090;ENG-091;ENG-092;ENG-093;ENG-094,ENCABEZADO,0,CANDIDATO_ENG_REPETIDO,NO,NO_ASIGNADO
fixity,Fixity,Fixity,1,3,ENG,2,ENG-093;ENG-094,DEFINICION_EXPLICITA;ENCABEZADO,1,CANDIDATO_ENG_DEFINIDO,NO,NO_ASIGNADO
fixtur,Fixtures,Fixtures,1,3,ENG,3,ENG-005;ENG-009;ENG-030,ENCABEZADO,0,CANDIDATO_ENG_REPETIDO,NO,NO_ASIGNADO
flujo de generacion,Flujo de Generación,Flujo de Generación,1,1,ARQ,1,ARQ-010,ENCABEZADO,0,CANDIDATO_CON_AUTORIDAD,NO,NO_ASIGNADO
flush,Flush,Flush,1,3,ENG,3,ENG-010;ENG-043;ENG-077,ENCABEZADO,0,CANDIDATO_ENG_REPETIDO,NO,NO_ASIGNADO
fnd-000,FND-000,FND-000,1,1,FND,1,FND-000,ENCABEZADO,0,CANDIDATO_CON_AUTORIDAD,NO,NO_ASIGNADO
fnd-001,FND-001,FND-001,1,2,FND,2,FND-001;FND-002,ENCABEZADO;TERMINO_DESTACADO,0,CANDIDATO_CON_AUTORIDAD,NO,NO_ASIGNADO
fnd-002,FND-002,FND-002,1,1,FND,1,FND-002,ENCABEZADO,0,CANDIDATO_CON_AUTORIDAD,NO,NO_ASIGNADO
force,Force,Force; force,2,5,ENG,2,ENG-007;ENG-008,CODIGO_INLINE;ENCABEZADO,0,CANDIDATO_ENG_REPETIDO,NO,NO_ASIGNADO
forced shutdown,Forced Shutdown,Forced Shutdown,1,6,ENG,6,ENG-015;ENG-038;ENG-041;ENG-054;ENG-055;ENG-077,ENCABEZADO,0,CANDIDATO_ENG_REPETIDO,NO,NO_ASIGNADO
format,Format,Format; format,2,4,ENG,3,ENG-031;ENG-093;ENG-094,CODIGO_INLINE;ENCABEZADO,0,CANDIDATO_ENG_REPETIDO,NO,NO_ASIGNADO
forward compatibility,Forward Compatibility,Forward Compatibility; forward compatibility,2,6,ENG,5,ENG-014;ENG-016;ENG-031;ENG-057;ENG-062,CODIGO_INLINE;ENCABEZADO,0,CANDIDATO_ENG_REPETIDO,NO,NO_ASIGNADO
freshness,Freshness,Freshness,1,4,ENG,3,ENG-080;ENG-086;ENG-088,DEFINICION_EXPLICITA;ENCABEZADO,1,CANDIDATO_ENG_DEFINIDO,NO,NO_ASIGNADO
frontera conceptual,Fronteras conceptuales,Fronteras conceptuales,1,3,ENG,3,ENG-086;ENG-087;ENG-089,ENCABEZADO,0,CANDIDATO_ENG_REPETIDO,NO,NO_ASIGNADO
frozen registry,Frozen Registry,Frozen Registry,1,3,ENG,2,ENG-020;ENG-027,ENCABEZADO,0,CANDIDATO_ENG_REPETIDO,NO,NO_ASIGNADO
full compatibility,Full Compatibility,Full Compatibility,1,3,ENG,3,ENG-016;ENG-031;ENG-062,ENCABEZADO,0,CANDIDATO_ENG_REPETIDO,NO,NO_ASIGNADO
fuzz testing,Fuzz Testing,Fuzz Testing,1,5,ENG,5,ENG-009;ENG-031;ENG-036;ENG-037;ENG-044,ENCABEZADO,0,CANDIDATO_ENG_REPETIDO,NO,NO_ASIGNADO
gate failure,Gate Failure,Gate Failure,1,4,ENG,4,ENG-017;ENG-066;ENG-067;ENG-077,ENCABEZADO,0,CANDIDATO_ENG_REPETIDO,NO,NO_ASIGNADO
gate input,Gate Inputs,Gate Inputs,1,10,ENG,8,ENG-073;ENG-074;ENG-075;ENG-077;ENG-078;ENG-079;ENG-083;ENG-084,ENCABEZADO,0,CANDIDATO_ENG_REPETIDO,NO,NO_ASIGNADO
gate override,Gate Override,Gate Override,1,11,ENG,9,ENG-066;ENG-067;ENG-074;ENG-075;ENG-077;ENG-078;ENG-079;ENG-080;ENG-083,ENCABEZADO,0,CANDIDATO_ENG_REPETIDO,NO,NO_ASIGNADO
gate result,Gate Result,Gate Result,1,3,ENG,3,ENG-017;ENG-083;ENG-084,ENCABEZADO,0,CANDIDATO_ENG_REPETIDO,NO,NO_ASIGNADO
gate threshold,Gate Threshold,Gate Threshold; Gate Thresholds,2,3,ENG,3,ENG-066;ENG-067;ENG-069,ENCABEZADO,0,CANDIDATO_ENG_REPETIDO,NO,NO_ASIGNADO
generated artifact,Generated Artifacts,Generated Artifacts,1,3,ENG,3,ENG-005;ENG-012;ENG-031,ENCABEZADO,0,CANDIDATO_ENG_REPETIDO,NO,NO_ASIGNADO
generated code,Generated Code,Generated Code,1,3,ENG,3,ENG-021;ENG-031;ENG-062,ENCABEZADO,0,CANDIDATO_ENG_REPETIDO,NO,NO_ASIGNADO
generated documentation,Generated Documentation,Generated Documentation,1,4,ENG,4,ENG-018;ENG-028;ENG-036;ENG-075,ENCABEZADO,0,CANDIDATO_ENG_REPETIDO,NO,NO_ASIGNADO
generated index,Generated Index,Generated Index,1,3,ENG,2,ENG-057;ENG-058,ENCABEZADO,0,CANDIDATO_ENG_REPETIDO,NO,NO_ASIGNADO
generated metadata,Generated Metadata,Generated Metadata,1,4,ENG,4,ENG-008;ENG-019;ENG-020;ENG-057,ENCABEZADO,0,CANDIDATO_ENG_REPETIDO,NO,NO_ASIGNADO
get,get,GET; get,2,4,ENG,3,ENG-005;ENG-020;ENG-044,CODIGO_INLINE;ENCABEZADO,0,CANDIDATO_ENG_REPETIDO,NO,NO_ASIGNADO
global state,Global State,Global State,1,3,ENG,3,ENG-027;ENG-053;ENG-075,ENCABEZADO,0,CANDIDATO_ENG_REPETIDO,NO,NO_ASIGNADO
gobernanza,Gobernanza,Gobernanza,1,1,FND,1,FND-000,ENCABEZADO,0,CANDIDATO_CON_AUTORIDAD,NO,NO_ASIGNADO
god module,God Module,God Module,1,3,ENG,2,ENG-002;ENG-028,ENCABEZADO,0,CANDIDATO_ENG_REPETIDO,NO,NO_ASIGNADO
governance,Governance,Governance,1,7,ENG,7,ENG-021;ENG-084;ENG-085;ENG-088;ENG-092;ENG-093;ENG-094,DEFINICION_EXPLICITA;ENCABEZADO,2,CANDIDATO_ENG_DEFINIDO,NO,NO_ASIGNADO
governance exception,Governance Exception,Governance Exception; governance:exceptions,2,3,ENG,1,ENG-081,ENCABEZADO,0,CANDIDATO_ENG_REPETIDO,NO,NO_ASIGNADO
graceful degradation,Graceful Degradation,Graceful Degradation,1,5,ENG,5,ENG-023;ENG-025;ENG-026;ENG-039;ENG-073,ENCABEZADO,0,CANDIDATO_ENG_REPETIDO,NO,NO_ASIGNADO
graceful shutdown,Graceful Shutdown,Graceful Shutdown,1,6,ENG,6,ENG-015;ENG-022;ENG-027;ENG-032;ENG-039;ENG-055,ENCABEZADO,0,CANDIDATO_ENG_REPETIDO,NO,NO_ASIGNADO
graph validation,Graph Validation,Graph Validation,1,4,ENG,4,ENG-018;ENG-019;ENG-022;ENG-027,ENCABEZADO,0,CANDIDATO_ENG_REPETIDO,NO,NO_ASIGNADO
handle,Handle,Handle,1,2,ENG,2,ENG-023;ENG-054,DEFINICION_EXPLICITA;ENCABEZADO,1,CANDIDATO_ENG_DEFINIDO,NO,NO_ASIGNADO
handler,Handler,Handler,1,3,ENG,2,ENG-022;ENG-034,CODIGO_INLINE;ENCABEZADO,0,CANDIDATO_ENG_REPETIDO,NO,NO_ASIGNADO
handler resolution,Handler Resolution,Handler Resolution,1,3,ENG,3,ENG-022;ENG-034;ENG-040,ENCABEZADO,0,CANDIDATO_ENG_REPETIDO,NO,NO_ASIGNADO
handler unit test,Handler Unit Test,Handler Unit Test,1,3,ENG,3,ENG-022;ENG-034;ENG-040,ENCABEZADO,0,CANDIDATO_ENG_REPETIDO,NO,NO_ASIGNADO
headroom,Headroom,Headroom,1,3,ENG,3,ENG-026;ENG-070;ENG-071,ENCABEZADO,0,CANDIDATO_ENG_REPETIDO,NO,NO_ASIGNADO
health,Health,Health,1,16,ENG,13,ENG-002;ENG-015;ENG-025;ENG-039;ENG-049;ENG-050;ENG-051;ENG-052;ENG-054;ENG-061;ENG-069;ENG-073;ENG-074,CODIGO_INLINE;DEFINICION_EXPLICITA;ENCABEZADO,4,CANDIDATO_ENG_DEFINIDO,NO,NO_ASIGNADO
health aggregation,Health Aggregation,Health Aggregation,1,3,ENG,3,ENG-025;ENG-068;ENG-069,ENCABEZADO,0,CANDIDATO_ENG_REPETIDO,NO,NO_ASIGNADO
health check,Health Check,Health Check; health:check,2,3,ENG,2,ENG-025;ENG-069,ENCABEZADO,0,CANDIDATO_ENG_REPETIDO,NO,NO_ASIGNADO
health gate,Health Gate,Health Gate,1,3,ENG,3,ENG-066;ENG-067;ENG-069,ENCABEZADO,0,CANDIDATO_ENG_REPETIDO,NO,NO_ASIGNADO
health integration,Health Integration,Health Integration,1,4,ENG,4,ENG-018;ENG-055;ENG-071;ENG-073,ENCABEZADO,0,CANDIDATO_ENG_REPETIDO,NO,NO_ASIGNADO
health readiness engineering,Health & Readiness Engineering,Health & Readiness Engineering,1,3,ENG,1,ENG-069,ENCABEZADO;TERMINO_DESTACADO,0,CANDIDATO_ENG_REPETIDO,NO,NO_ASIGNADO
healthy,HEALTHY,HEALTHY; Healthy,2,6,ENG,4,ENG-016;ENG-025;ENG-069;ENG-075,CODIGO_INLINE;ENCABEZADO,0,CANDIDATO_ENG_REPETIDO,NO,NO_ASIGNADO
herramienta,Herramientas,Herramientas,1,1,FND,1,FND-002,ENCABEZADO,0,CANDIDATO_CON_AUTORIDAD,NO,NO_ASIGNADO
hidden dependency,Hidden Dependency,Hidden Dependency,1,3,ENG,3,ENG-018;ENG-060;ENG-075,ENCABEZADO,0,CANDIDATO_ENG_REPETIDO,NO,NO_ASIGNADO
hidden i o,Hidden I/O,Hidden I/O,1,3,ENG,2,ENG-035;ENG-037,ENCABEZADO,0,CANDIDATO_ENG_REPETIDO,NO,NO_ASIGNADO
high cardinality,High Cardinality,High Cardinality,1,9,ENG,8,ENG-025;ENG-030;ENG-040;ENG-042;ENG-055;ENG-057;ENG-058;ENG-059,ENCABEZADO,0,CANDIDATO_ENG_REPETIDO,NO,NO_ASIGNADO
horizonte,Horizonte,Horizonte,1,1,FND,1,FND-001,ENCABEZADO,0,CANDIDATO_CON_AUTORIDAD,NO,NO_ASIGNADO
host,Host,Host,1,3,ENG,1,ENG-029,CODIGO_INLINE;DEFINICION_EXPLICITA;ENCABEZADO,1,CANDIDATO_ENG_DEFINIDO,NO,NO_ASIGNADO
hot partition,Hot Partition,Hot Partition,1,4,ENG,3,ENG-041;ENG-064;ENG-072,ENCABEZADO,0,CANDIDATO_ENG_REPETIDO,NO,NO_ASIGNADO
hot path,Hot Path,Hot Path; Hot Paths,2,3,ENG,3,ENG-025;ENG-026;ENG-070,ENCABEZADO,0,CANDIDATO_ENG_REPETIDO,NO,NO_ASIGNADO
human readability,Human Readability,Human Readability,1,3,ENG,3,ENG-010;ENG-011;ENG-031,ENCABEZADO,0,CANDIDATO_ENG_REPETIDO,NO,NO_ASIGNADO
human review,Human Review,Human Review,1,3,ENG,3,ENG-009;ENG-017;ENG-021,ENCABEZADO,0,CANDIDATO_ENG_REPETIDO,NO,NO_ASIGNADO
iam integration,IAM Integration,IAM Integration,1,7,ENG,7,ENG-048;ENG-049;ENG-050;ENG-051;ENG-052;ENG-053;ENG-054,ENCABEZADO,0,CANDIDATO_ENG_REPETIDO,NO,NO_ASIGNADO
id,ID,ID; id,2,103,ARQ;ENG,96,ARQ-004;ARQ-010;ARQ-011;ARQ-012;ARQ-013;ARQ-017;ENG-000;ENG-001;ENG-002;ENG-003;ENG-004;ENG-005;ENG-006;ENG-007;ENG-008;ENG-009;ENG-010;ENG-011;ENG-012;ENG-013;ENG-014;ENG-015;ENG-016;ENG-017;ENG-018;ENG-019;ENG-020;ENG-021;ENG-022;ENG-023;ENG-024;ENG-025;ENG-027;ENG-028;ENG-029;ENG-030;ENG-031;ENG-032;ENG-034;ENG-035;ENG-036;ENG-037;ENG-038;ENG-039;ENG-040;ENG-041;ENG-042;ENG-043;ENG-044;ENG-045;ENG-046;ENG-047;ENG-048;ENG-049;ENG-050;ENG-051;ENG-052;ENG-053;ENG-054;ENG-055;ENG-056;ENG-057;ENG-061;ENG-062;ENG-063;ENG-064;ENG-065;ENG-066;ENG-067;ENG-068;ENG-069;ENG-070;ENG-071;ENG-072;ENG-073;ENG-074;ENG-075;ENG-076;ENG-077;ENG-078;ENG-079;ENG-080;ENG-081;ENG-082;ENG-083;ENG-084;ENG-085;ENG-086;ENG-087;ENG-088;ENG-089;ENG-090;ENG-091;ENG-092;ENG-093;ENG-094,TABLA_COLUMNA_PRINCIPAL,0,CANDIDATO_CON_AUTORIDAD,NO,NO_ASIGNADO
idempotency,Idempotency,Idempotency,1,13,ENG,11,ENG-013;ENG-021;ENG-022;ENG-032;ENG-034;ENG-038;ENG-039;ENG-040;ENG-041;ENG-044;ENG-061,CODIGO_INLINE;DEFINICION_EXPLICITA;ENCABEZADO,1,CANDIDATO_ENG_DEFINIDO,NO,NO_ASIGNADO
idempotency expiration,Idempotency Expiration,Idempotency Expiration,1,3,ENG,3,ENG-032;ENG-038;ENG-044,ENCABEZADO,0,CANDIDATO_ENG_REPETIDO,NO,NO_ASIGNADO
idempotency key,Idempotency Key,Idempotency Key,1,8,ENG,8,ENG-022;ENG-032;ENG-034;ENG-039;ENG-040;ENG-041;ENG-044;ENG-052,ENCABEZADO,0,CANDIDATO_ENG_REPETIDO,NO,NO_ASIGNADO
idempotency scope,Idempotency Scope,Idempotency Scope,1,3,ENG,3,ENG-032;ENG-040;ENG-044,ENCABEZADO,0,CANDIDATO_ENG_REPETIDO,NO,NO_ASIGNADO
idempotency store,Idempotency Store,Idempotency Store,1,4,ENG,4,ENG-034;ENG-037;ENG-038;ENG-040,ENCABEZADO,0,CANDIDATO_ENG_REPETIDO,NO,NO_ASIGNADO
idempotency test,Idempotency Test,Idempotency Test,1,8,ENG,8,ENG-022;ENG-032;ENG-034;ENG-040;ENG-041;ENG-044;ENG-052;ENG-065,ENCABEZADO,0,CANDIDATO_ENG_REPETIDO,NO,NO_ASIGNADO
identidad,Identidad,Identidad,1,3,ENG,2,ENG-002;ENG-003,ENCABEZADO;TABLA_COLUMNA_PRINCIPAL,0,CANDIDATO_ENG_REPETIDO,NO,NO_ASIGNADO
identity,Identity,Identity,1,6,ENG,3,ENG-024;ENG-045;ENG-047,CODIGO_INLINE;DEFINICION_EXPLICITA;ENCABEZADO,1,CANDIDATO_ENG_DEFINIDO,NO,NO_ASIGNADO
identity map,Identity Map,Identity Map,1,3,ENG,2,ENG-037;ENG-043,CODIGO_INLINE;ENCABEZADO,0,CANDIDATO_ENG_REPETIDO,NO,NO_ASIGNADO
identity type,Identity Types,Identity Types,1,3,ENG,3,ENG-024;ENG-045;ENG-047,ENCABEZADO,0,CANDIDATO_ENG_REPETIDO,NO,NO_ASIGNADO
immediate retry,Immediate Retry,Immediate Retry,1,3,ENG,3,ENG-038;ENG-039;ENG-041,ENCABEZADO,0,CANDIDATO_ENG_REPETIDO,NO,NO_ASIGNADO
impact analysis,Impact Analysis,Impact Analysis,1,3,ENG,3,ENG-020;ENG-021;ENG-028,ENCABEZADO,0,CANDIDATO_ENG_REPETIDO,NO,NO_ASIGNADO
impacto esperado,Impacto esperado,Impacto esperado,1,1,FND,1,FND-001,ENCABEZADO,0,CANDIDATO_CON_AUTORIDAD,NO,NO_ASIGNADO
impersonation,Impersonation,Impersonation,1,3,ENG,3,ENG-040;ENG-045;ENG-056,ENCABEZADO,0,CANDIDATO_ENG_REPETIDO,NO,NO_ASIGNADO
implementacion interna,Implementación interna,Implementación Interna; Implementación interna,2,2,ARQ;ENG,2,ARQ-004;ENG-002,ENCABEZADO,0,CANDIDATO_CON_AUTORIDAD,NO,NO_ASIGNADO
implementation,implementations,Implementation; implementations,2,3,ENG,2,ENG-020;ENG-021,CODIGO_INLINE;ENCABEZADO,0,CANDIDATO_ENG_REPETIDO,NO,NO_ASIGNADO
implementation independence,Implementation Independence,Implementation Independence,1,3,ENG,3,ENG-015;ENG-018;ENG-021,ENCABEZADO,0,CANDIDATO_ENG_REPETIDO,NO,NO_ASIGNADO
inbox pattern,Inbox Pattern,Inbox Pattern,1,3,ENG,3,ENG-022;ENG-030;ENG-041,ENCABEZADO,0,CANDIDATO_ENG_REPETIDO,NO,NO_ASIGNADO
indicador de exito,Indicadores de éxito,Indicadores de éxito,1,1,FND,1,FND-001,ENCABEZADO,0,CANDIDATO_CON_AUTORIDAD,NO,NO_ASIGNADO
infinite retry,Infinite Retry,Infinite Retry,1,5,ENG,5,ENG-022;ENG-030;ENG-032;ENG-039;ENG-040,ENCABEZADO,0,CANDIDATO_ENG_REPETIDO,NO,NO_ASIGNADO
instalacion,Instalación,Instalación,1,2,ARQ;ENG,2,ARQ-017;ENG-002,ENCABEZADO,0,CANDIDATO_CON_AUTORIDAD,NO,NO_ASIGNADO
instalacion y desinstalacion,Instalación y desinstalación,Instalación y desinstalación,1,1,ARQ,1,ARQ-004,ENCABEZADO,0,CANDIDATO_CON_AUTORIDAD,NO,NO_ASIGNADO
instrumentation,Instrumentation,Instrumentation,1,2,ENG,1,ENG-025,DEFINICION_EXPLICITA;ENCABEZADO,1,CANDIDATO_ENG_DEFINIDO,NO,NO_ASIGNADO
integration,Integration,Integration,1,2,ENG,1,ENG-061,CODIGO_INLINE;DEFINICION_EXPLICITA,1,CANDIDATO_ENG_DEFINIDO,NO,NO_ASIGNADO
integration event,Integration Event,Integration Event,1,3,ENG,3,ENG-022;ENG-035;ENG-041,ENCABEZADO,0,CANDIDATO_ENG_REPETIDO,NO,NO_ASIGNADO
integration test,Integration Test,Integration Test; Integration Tests,2,4,ENG,4,ENG-009;ENG-030;ENG-032;ENG-034,ENCABEZADO,0,CANDIDATO_ENG_REPETIDO,NO,NO_ASIGNADO
integridad,Integridad,Integridad,1,2,ARQ;ENG,2,ARQ-017;ENG-003,ENCABEZADO,0,CANDIDATO_CON_AUTORIDAD,NO,NO_ASIGNADO
integrity,Integrity,Integrity,1,5,ENG,5,ENG-024;ENG-084;ENG-085;ENG-092;ENG-094,DEFINICION_EXPLICITA;ENCABEZADO,2,CANDIDATO_ENG_DEFINIDO,NO,NO_ASIGNADO
integrity verification,Integrity Verification,Integrity Verification,1,3,ENG,3,ENG-013;ENG-079;ENG-093,ENCABEZADO,0,CANDIDATO_ENG_REPETIDO,NO,NO_ASIGNADO
interface,Interface,Interface,1,2,ENG,2,ENG-005;ENG-033,CODIGO_INLINE;DEFINICION_EXPLICITA,1,CANDIDATO_ENG_DEFINIDO,NO,NO_ASIGNADO
internal event,Internal Event,Internal Event; Internal Events,2,3,ENG,3,ENG-022;ENG-028;ENG-041,ENCABEZADO,0,CANDIDATO_ENG_REPETIDO,NO,NO_ASIGNADO
interoperability,Interoperability,Interoperability,1,8,ENG,3,ENG-031;ENG-061;ENG-094,CODIGO_INLINE;DEFINICION_EXPLICITA;ENCABEZADO,3,CANDIDATO_ENG_DEFINIDO,NO,NO_ASIGNADO
interoperability engineering,Interoperability Engineering,Interoperability Engineering,1,4,ENG,2,ENG-060;ENG-061,ENCABEZADO;TERMINO_DESTACADO,0,CANDIDATO_ENG_REPETIDO,NO,NO_ASIGNADO
invalid transition,Invalid Transition,Invalid Transition,1,13,ENG,13,ENG-015;ENG-020;ENG-027;ENG-035;ENG-040;ENG-047;ENG-048;ENG-050;ENG-051;ENG-052;ENG-053;ENG-055;ENG-079,ENCABEZADO,0,CANDIDATO_ENG_REPETIDO,NO,NO_ASIGNADO
invariant,Invariant,Invariant; Invariants,2,4,ENG,4,ENG-021;ENG-035;ENG-036;ENG-079,ENCABEZADO,0,CANDIDATO_ENG_REPETIDO,NO,NO_ASIGNADO
invariant arquitectonico,Invariantes Arquitectónicos,Invariantes Arquitectónicos; Invariantes arquitectónicos,2,6,ARQ,6,ARQ-004;ARQ-010;ARQ-011;ARQ-012;ARQ-013;ARQ-017,ENCABEZADO,0,CANDIDATO_CON_AUTORIDAD,NO,NO_ASIGNADO
invariant de ingenieria,Invariantes de Ingeniería,Invariantes de Ingeniería,1,94,ENG,94,ENG-000;ENG-001;ENG-002;ENG-003;ENG-004;ENG-005;ENG-006;ENG-007;ENG-008;ENG-009;ENG-010;ENG-011;ENG-012;ENG-013;ENG-014;ENG-015;ENG-016;ENG-017;ENG-018;ENG-019;ENG-020;ENG-021;ENG-022;ENG-023;ENG-024;ENG-025;ENG-026;ENG-027;ENG-028;ENG-029;ENG-030;ENG-031;ENG-032;ENG-034;ENG-035;ENG-036;ENG-037;ENG-038;ENG-039;ENG-040;ENG-041;ENG-042;ENG-043;ENG-044;ENG-045;ENG-046;ENG-047;ENG-048;ENG-049;ENG-050;ENG-051;ENG-052;ENG-053;ENG-054;ENG-055;ENG-056;ENG-057;ENG-058;ENG-059;ENG-060;ENG-061;ENG-062;ENG-063;ENG-064;ENG-065;ENG-066;ENG-067;ENG-068;ENG-069;ENG-070;ENG-071;ENG-072;ENG-073;ENG-074;ENG-075;ENG-076;ENG-077;ENG-078;ENG-079;ENG-080;ENG-081;ENG-082;ENG-083;ENG-084;ENG-085;ENG-086;ENG-087;ENG-088;ENG-089;ENG-090;ENG-091;ENG-092;ENG-093;ENG-094,ENCABEZADO,0,CANDIDATO_ENG_REPETIDO,NO,NO_ASIGNADO
inventory,Inventory,Inventory,1,1,ARQ,1,ARQ-004,CODIGO_INLINE,0,CANDIDATO_CON_AUTORIDAD,NO,NO_ASIGNADO
isolation,Isolation,Isolation,1,3,ENG,2,ENG-009;ENG-042,DEFINICION_EXPLICITA;ENCABEZADO,1,CANDIDATO_ENG_DEFINIDO,NO,NO_ASIGNADO
isolation level,Isolation Level,Isolation Level; Isolation Levels,2,5,ENG,5,ENG-030;ENG-038;ENG-042;ENG-060;ENG-068,ENCABEZADO,0,CANDIDATO_ENG_REPETIDO,NO,NO_ASIGNADO
isolation test,Isolation Test,Isolation Test,1,7,ENG,7,ENG-028;ENG-029;ENG-030;ENG-042;ENG-056;ENG-060;ENG-068,ENCABEZADO,0,CANDIDATO_ENG_REPETIDO,NO,NO_ASIGNADO
jerarquia,Jerarquía,Jerarquía,1,1,ARQ,1,ARQ-013,ENCABEZADO,0,CANDIDATO_CON_AUTORIDAD,NO,NO_ASIGNADO
jitter,Jitter,Jitter,1,6,ENG,5,ENG-022;ENG-032;ENG-038;ENG-039;ENG-069,CODIGO_INLINE;ENCABEZADO,0,CANDIDATO_ENG_REPETIDO,NO,NO_ASIGNADO
job,Job,Job,1,3,ENG,1,ENG-040,CODIGO_INLINE;ENCABEZADO,0,CANDIDATO_ENG_REPETIDO,NO,NO_ASIGNADO
json,JSON,JSON,1,3,ENG,3,ENG-003;ENG-011;ENG-044,ENCABEZADO;TERMINO_DESTACADO,0,CANDIDATO_ENG_REPETIDO,NO,NO_ASIGNADO
key rotation,Key Rotation,Key Rotation,1,3,ENG,3,ENG-017;ENG-024;ENG-045,ENCABEZADO,0,CANDIDATO_ENG_REPETIDO,NO,NO_ASIGNADO
kill switch,Kill Switch,Kill Switch; Kill Switches,2,3,ENG,2,ENG-011;ENG-050,ENCABEZADO,0,CANDIDATO_ENG_REPETIDO,NO,NO_ASIGNADO
la arquitectura del framework,La arquitectura del Framework,La arquitectura del Framework,1,1,FND,1,FND-000,DEFINICION_EXPLICITA,1,CANDIDATO_CON_AUTORIDAD,NO,NO_ASIGNADO
la carta del proyecto,La Carta del Proyecto,La Carta del Proyecto,1,1,FND,1,FND-000,DEFINICION_EXPLICITA,1,CANDIDATO_CON_AUTORIDAD,NO,NO_ASIGNADO
la configuration,La Configuration,La Configuration,1,3,ARQ,1,ARQ-013,DEFINICION_EXPLICITA,3,CANDIDATO_CON_AUTORIDAD,NO,NO_ASIGNADO
la dependency injection,La Dependency Injection,La Dependency Injection,1,3,ARQ,1,ARQ-012,DEFINICION_EXPLICITA,3,CANDIDATO_CON_AUTORIDAD,NO,NO_ASIGNADO
la ingenieria,La Ingeniería,La Ingeniería,1,2,ENG,1,ENG-000,DEFINICION_EXPLICITA,2,CANDIDATO_ENG_DEFINIDO,NO,NO_ASIGNADO
la mision,La misión,La misión,1,1,FND,1,FND-002,DEFINICION_EXPLICITA,1,CANDIDATO_CON_AUTORIDAD,NO,NO_ASIGNADO
la mision de mef,La misión de MEF,La misión de MEF,1,1,FND,1,FND-002,DEFINICION_EXPLICITA,1,CANDIDATO_CON_AUTORIDAD,NO,NO_ASIGNADO
la vision,La visión,La visión,1,1,FND,1,FND-002,DEFINICION_EXPLICITA,1,CANDIDATO_CON_AUTORIDAD,NO,NO_ASIGNADO
la vision de mef,La visión de MEF,La visión de MEF,1,1,FND,1,FND-001,DEFINICION_EXPLICITA,1,CANDIDATO_CON_AUTORIDAD,NO,NO_ASIGNADO
latency,Latency,Latency,1,3,ENG,2,ENG-026;ENG-070,DEFINICION_EXPLICITA;ENCABEZADO,1,CANDIDATO_ENG_DEFINIDO,NO,NO_ASIGNADO
later component,Later Components,Later Components,1,53,ENG,53,ENG-038;ENG-040;ENG-041;ENG-042;ENG-043;ENG-044;ENG-045;ENG-046;ENG-047;ENG-048;ENG-049;ENG-050;ENG-051;ENG-052;ENG-053;ENG-054;ENG-055;ENG-056;ENG-057;ENG-058;ENG-059;ENG-060;ENG-061;ENG-062;ENG-063;ENG-064;ENG-065;ENG-066;ENG-067;ENG-068;ENG-069;ENG-070;ENG-071;ENG-072;ENG-073;ENG-074;ENG-075;ENG-076;ENG-077;ENG-078;ENG-079;ENG-080;ENG-081;ENG-082;ENG-083;ENG-084;ENG-085;ENG-088;ENG-090;ENG-091;ENG-092;ENG-093;ENG-094,ENCABEZADO,0,CANDIDATO_ENG_REPETIDO,NO,NO_ASIGNADO
latest,latest,Latest; latest,2,10,ENG,7,ENG-014;ENG-017;ENG-052;ENG-062;ENG-066;ENG-067;ENG-078,CODIGO_INLINE;ENCABEZADO,0,CANDIDATO_ENG_REPETIDO,NO,NO_ASIGNADO
lazy loading,Lazy Loading,Lazy Loading,1,3,ENG,3,ENG-026;ENG-035;ENG-043,ENCABEZADO,0,CANDIDATO_ENG_REPETIDO,NO,NO_ASIGNADO
lease,Lease,Lease,1,4,ENG,3,ENG-037;ENG-038;ENG-040,CODIGO_INLINE;ENCABEZADO,0,CANDIDATO_ENG_REPETIDO,NO,NO_ASIGNADO
lease expiration,Lease Expiration,Lease Expiration,1,3,ENG,3,ENG-038;ENG-040;ENG-054,ENCABEZADO,0,CANDIDATO_ENG_REPETIDO,NO,NO_ASIGNADO
lease renewal,Lease Renewal,Lease Renewal,1,3,ENG,3,ENG-038;ENG-040;ENG-054,ENCABEZADO,0,CANDIDATO_ENG_REPETIDO,NO,NO_ASIGNADO
least privilege,Least Privilege,Least Privilege,1,13,ENG,13,ENG-017;ENG-024;ENG-029;ENG-041;ENG-046;ENG-049;ENG-050;ENG-051;ENG-060;ENG-065;ENG-067;ENG-081;ENG-082,ENCABEZADO,0,CANDIDATO_ENG_REPETIDO,NO,NO_ASIGNADO
lifecycle,Lifecycle,Lifecycle,1,3,ENG,2,ENG-051;ENG-055,CODIGO_INLINE;ENCABEZADO,0,CANDIDATO_ENG_REPETIDO,NO,NO_ASIGNADO
lifecycle context,Lifecycle Context,Lifecycle Context,1,3,ENG,3,ENG-028;ENG-055;ENG-056,ENCABEZADO,0,CANDIDATO_ENG_REPETIDO,NO,NO_ASIGNADO
lifecycle hook,Lifecycle Hooks,Lifecycle Hook; Lifecycle Hooks,2,3,ENG,3,ENG-003;ENG-005;ENG-055,ENCABEZADO,0,CANDIDATO_ENG_REPETIDO,NO,NO_ASIGNADO
lifecycle integration,Lifecycle Integration,Lifecycle Integration,1,5,ENG,5,ENG-056;ENG-065;ENG-067;ENG-068;ENG-073,ENCABEZADO,0,CANDIDATO_ENG_REPETIDO,NO,NO_ASIGNADO
lifecycle management engineering,Lifecycle Management Engineering,Lifecycle Management Engineering,1,5,ENG,2,ENG-054;ENG-055,CODIGO_INLINE;ENCABEZADO;TERMINO_DESTACADO,0,CANDIDATO_ENG_REPETIDO,NO,NO_ASIGNADO
lifecycle orchestration,Lifecycle Orchestration,Lifecycle Orchestration,1,3,ENG,3,ENG-090;ENG-091;ENG-094,ENCABEZADO,0,CANDIDATO_ENG_REPETIDO,NO,NO_ASIGNADO
lifecycle state,Lifecycle State,Lifecycle State,1,2,ENG,1,ENG-055,DEFINICION_EXPLICITA;ENCABEZADO,1,CANDIDATO_ENG_DEFINIDO,NO,NO_ASIGNADO
lifecycle test,Lifecycle Test,Lifecycle Test; Lifecycle Tests,2,5,ENG,5,ENG-009;ENG-028;ENG-029;ENG-053;ENG-060,ENCABEZADO,0,CANDIDATO_ENG_REPETIDO,NO,NO_ASIGNADO
lifecycle transition,Lifecycle Transition,Lifecycle Transition,1,3,ENG,3,ENG-044;ENG-055;ENG-100,ENCABEZADO,0,CANDIDATO_ENG_REPETIDO,NO,NO_ASIGNADO
lineage,Lineage,Lineage,1,3,ENG,3,ENG-079;ENG-092;ENG-094,ENCABEZADO,0,CANDIDATO_ENG_REPETIDO,NO,NO_ASIGNADO
lineage activity,Lineage Activity,Lineage Activity,1,2,ENG,1,ENG-089,CODIGO_INLINE;DEFINICION_EXPLICITA,1,CANDIDATO_ENG_DEFINIDO,NO,NO_ASIGNADO
lineage agent,Lineage Agent,Lineage Agent,1,2,ENG,1,ENG-089,CODIGO_INLINE;DEFINICION_EXPLICITA,1,CANDIDATO_ENG_DEFINIDO,NO,NO_ASIGNADO
lineage entity,Lineage Entity,Lineage Entity,1,2,ENG,1,ENG-089,CODIGO_INLINE;DEFINICION_EXPLICITA,1,CANDIDATO_ENG_DEFINIDO,NO,NO_ASIGNADO
lineage graph,Lineage Graph,Lineage Graph,1,2,ENG,1,ENG-089,CODIGO_INLINE;DEFINICION_EXPLICITA,1,CANDIDATO_ENG_DEFINIDO,NO,NO_ASIGNADO
lineage integration,Lineage Integration,Lineage Integration,1,3,ENG,3,ENG-088;ENG-090;ENG-091,ENCABEZADO,0,CANDIDATO_ENG_REPETIDO,NO,NO_ASIGNADO
lineage path,Lineage Path,Lineage Path,1,2,ENG,1,ENG-089,CODIGO_INLINE;DEFINICION_EXPLICITA,1,CANDIDATO_ENG_DEFINIDO,NO,NO_ASIGNADO
liveness,Liveness,Liveness,1,11,ENG,10,ENG-015;ENG-025;ENG-039;ENG-049;ENG-051;ENG-053;ENG-054;ENG-055;ENG-067;ENG-069,CODIGO_INLINE;ENCABEZADO,0,CANDIDATO_ENG_REPETIDO,NO,NO_ASIGNADO
load shedding,Load Shedding,Load Shedding,1,11,ENG,10,ENG-026;ENG-032;ENG-039;ENG-040;ENG-044;ENG-054;ENG-064;ENG-070;ENG-071;ENG-073,CODIGO_INLINE;ENCABEZADO,0,CANDIDATO_ENG_REPETIDO,NO,NO_ASIGNADO
load test,Load Test,Load Test,1,6,ENG,5,ENG-026;ENG-040;ENG-042;ENG-043;ENG-070,ENCABEZADO,0,CANDIDATO_ENG_REPETIDO,NO,NO_ASIGNADO
locale,Locale,Locale,1,4,ENG,4,ENG-034;ENG-037;ENG-056;ENG-061,ENCABEZADO;TABLA_COLUMNA_PRINCIPAL,0,CANDIDATO_ENG_REPETIDO,NO,NO_ASIGNADO
localization,Localization,Localization,1,5,ENG,5,ENG-010;ENG-023;ENG-035;ENG-036;ENG-075,ENCABEZADO,0,CANDIDATO_ENG_REPETIDO,NO,NO_ASIGNADO
localization residency,Localization & Residency,Localization & Residency,1,4,ENG,4,ENG-090;ENG-091;ENG-094;ENG-100,ENCABEZADO,0,CANDIDATO_ENG_REPETIDO,NO,NO_ASIGNADO
lock,Lock,Lock,1,3,ENG,2,ENG-038;ENG-042,CODIGO_INLINE;ENCABEZADO,0,CANDIDATO_ENG_REPETIDO,NO,NO_ASIGNADO
lock scope,Lock Scope,Lock Scope,1,6,ENG,6,ENG-030;ENG-037;ENG-038;ENG-053;ENG-067;ENG-078,ENCABEZADO,0,CANDIDATO_ENG_REPETIDO,NO,NO_ASIGNADO
lock timeout,Lock Timeout,Lock Timeout,1,8,ENG,7,ENG-030;ENG-037;ENG-038;ENG-042;ENG-065;ENG-066;ENG-067,ENCABEZADO,0,CANDIDATO_ENG_REPETIDO,NO,NO_ASIGNADO
logging,Logging,Logging,1,20,ENG,19,ENG-007;ENG-010;ENG-011;ENG-013;ENG-015;ENG-017;ENG-018;ENG-019;ENG-020;ENG-021;ENG-022;ENG-031;ENG-061;ENG-063;ENG-082;ENG-091;ENG-092;ENG-093;ENG-094,ENCABEZADO;TERMINO_DESTACADO,0,CANDIDATO_ENG_REPETIDO,NO,NO_ASIGNADO
logging integration,Logging Integration,Logging Integration,1,4,ENG,4,ENG-016;ENG-017;ENG-023;ENG-025,ENCABEZADO,0,CANDIDATO_ENG_REPETIDO,NO,NO_ASIGNADO
logical isolation,Logical Isolation,Logical Isolation,1,3,ENG,3,ENG-024;ENG-028;ENG-029,ENCABEZADO,0,CANDIDATO_ENG_REPETIDO,NO,NO_ASIGNADO
logs,Logs,Logs,1,13,ENG,13,ENG-006;ENG-025;ENG-037;ENG-039;ENG-040;ENG-044;ENG-049;ENG-050;ENG-051;ENG-052;ENG-053;ENG-054;ENG-055,ENCABEZADO,0,CANDIDATO_ENG_REPETIDO,NO,NO_ASIGNADO
long transaction,Long Transaction,Long Transaction,1,5,ENG,4,ENG-030;ENG-034;ENG-042;ENG-054,ENCABEZADO,0,CANDIDATO_ENG_REPETIDO,NO,NO_ASIGNADO
lost update,Lost Update,Lost Update,1,7,ENG,5,ENG-030;ENG-038;ENG-042;ENG-052;ENG-078,ENCABEZADO,0,CANDIDATO_ENG_REPETIDO,NO,NO_ASIGNADO
machine output,Machine Output,Machine Output,1,15,ENG,15,ENG-013;ENG-014;ENG-018;ENG-020;ENG-022;ENG-023;ENG-024;ENG-025;ENG-026;ENG-027;ENG-028;ENG-029;ENG-030;ENG-031;ENG-032,ENCABEZADO,0,CANDIDATO_ENG_REPETIDO,NO,NO_ASIGNADO
machine readability,Machine Readability,Machine Readability,1,4,ENG,4,ENG-005;ENG-010;ENG-011;ENG-015,ENCABEZADO,0,CANDIDATO_ENG_REPETIDO,NO,NO_ASIGNADO
maintainability,Maintainability,Maintainability,1,4,ENG,1,ENG-075,CODIGO_INLINE;DEFINICION_EXPLICITA;ENCABEZADO,2,CANDIDATO_ENG_DEFINIDO,NO,NO_ASIGNADO
maintainability engineering,Maintainability Engineering,Maintainability Engineering,1,3,ENG,1,ENG-075,ENCABEZADO;TERMINO_DESTACADO,0,CANDIDATO_ENG_REPETIDO,NO,NO_ASIGNADO
maintenance test,Maintenance Test,Maintenance Test,1,3,ENG,3,ENG-069;ENG-071;ENG-073,ENCABEZADO,0,CANDIDATO_ENG_REPETIDO,NO,NO_ASIGNADO
manifest,Manifest,Manifest,1,16,ARQ;ENG,7,ARQ-004;ARQ-017;ENG-002;ENG-003;ENG-005;ENG-011;ENG-020,CODIGO_INLINE;DEFINICION_EXPLICITA;ENCABEZADO;TABLA_COLUMNA_PRINCIPAL;TERMINO_DESTACADO,5,CANDIDATO_CON_AUTORIDAD,NO,NO_ASIGNADO
manifest integration,Manifest Integration,Manifest Integration,1,4,ENG,4,ENG-007;ENG-017;ENG-020;ENG-021,ENCABEZADO,0,CANDIDATO_ENG_REPETIDO,NO,NO_ASIGNADO
manifest schema,Manifest Schema,Manifest Schema,1,2,ENG,2,ENG-009;ENG-060,DEFINICION_EXPLICITA;ENCABEZADO,1,CANDIDATO_ENG_DEFINIDO,NO,NO_ASIGNADO
manifest test,Manifest Test,Manifest Test,1,3,ENG,3,ENG-028;ENG-060;ENG-067,ENCABEZADO,0,CANDIDATO_ENG_REPETIDO,NO,NO_ASIGNADO
manifest validation,Manifest Validation,Manifest Validation,1,5,ENG,5,ENG-008;ENG-017;ENG-027;ENG-060;ENG-067,ENCABEZADO,0,CANDIDATO_ENG_REPETIDO,NO,NO_ASIGNADO
mapping,Mapping,Mapping,1,3,ENG,3,ENG-031;ENG-034;ENG-094,ENCABEZADO,0,CANDIDATO_ENG_REPETIDO,NO,NO_ASIGNADO
mass assignment,Mass Assignment,Mass Assignment,1,3,ENG,2,ENG-044;ENG-046,ENCABEZADO,0,CANDIDATO_ENG_REPETIDO,NO,NO_ASIGNADO
mef,MEF,MEF; mef,2,4,ENG;FND,2,ENG-007;FND-000,CODIGO_INLINE;DEFINICION_EXPLICITA,2,CANDIDATO_CON_AUTORIDAD,NO,NO_ASIGNADO
mef health,mef health,mef health,1,4,ENG,2,ENG-025;ENG-069,CODIGO_INLINE;ENCABEZADO,0,CANDIDATO_ENG_REPETIDO,NO,NO_ASIGNADO
mef modular enterprise framework,MEF (Modular Enterprise Framework),MEF (Modular Enterprise Framework),1,102,ARQ;ENG;FND,102,ARQ-004;ARQ-010;ARQ-011;ARQ-012;ARQ-013;ARQ-017;ENG-002;ENG-004;ENG-005;ENG-006;ENG-007;ENG-008;ENG-009;ENG-010;ENG-011;ENG-012;ENG-013;ENG-014;ENG-015;ENG-016;ENG-017;ENG-018;ENG-019;ENG-020;ENG-021;ENG-022;ENG-023;ENG-024;ENG-025;ENG-027;ENG-028;ENG-029;ENG-030;ENG-031;ENG-032;ENG-034;ENG-035;ENG-036;ENG-037;ENG-038;ENG-039;ENG-040;ENG-041;ENG-042;ENG-043;ENG-044;ENG-045;ENG-046;ENG-047;ENG-048;ENG-049;ENG-050;ENG-051;ENG-052;ENG-053;ENG-054;ENG-055;ENG-056;ENG-057;ENG-061;ENG-062;ENG-063;ENG-064;ENG-065;ENG-066;ENG-067;ENG-068;ENG-069;ENG-070;ENG-071;ENG-072;ENG-073;ENG-074;ENG-075;ENG-076;ENG-077;ENG-078;ENG-079;ENG-080;ENG-081;ENG-082;ENG-083;ENG-084;ENG-085;ENG-086;ENG-087;ENG-088;ENG-089;ENG-090;ENG-091;ENG-092;ENG-093;ENG-094;ENG-095;ENG-096;ENG-097;ENG-098;ENG-099;ENG-100;FND-000;FND-001;FND-002,TERMINO_DESTACADO,0,CANDIDATO_CON_AUTORIDAD,NO,NO_ASIGNADO
mef no,MEF no,MEF no,1,1,FND,1,FND-000,DEFINICION_EXPLICITA,1,CANDIDATO_CON_AUTORIDAD,NO,NO_ASIGNADO
memory,Memory,Memory,1,4,ENG,4,ENG-019;ENG-020;ENG-036;ENG-070,ENCABEZADO,0,CANDIDATO_ENG_REPETIDO,NO,NO_ASIGNADO
message,Message,Message; message,2,5,ENG,3,ENG-023;ENG-036;ENG-041,CODIGO_INLINE;ENCABEZADO,0,CANDIDATO_ENG_REPETIDO,NO,NO_ASIGNADO
messaging,Messaging,Messaging,1,4,ENG,2,ENG-041;ENG-077,CODIGO_INLINE;DEFINICION_EXPLICITA;ENCABEZADO,2,CANDIDATO_ENG_DEFINIDO,NO,NO_ASIGNADO
messaging engineering,Messaging Engineering,Messaging Engineering,1,3,ENG,2,ENG-040;ENG-041,ENCABEZADO;TERMINO_DESTACADO,0,CANDIDATO_ENG_REPETIDO,NO,NO_ASIGNADO
messaging integration,Messaging Integration,Messaging Integration,1,13,ENG,13,ENG-032;ENG-042;ENG-045;ENG-046;ENG-047;ENG-048;ENG-049;ENG-050;ENG-051;ENG-052;ENG-054;ENG-055;ENG-064,ENCABEZADO,0,CANDIDATO_ENG_REPETIDO,NO,NO_ASIGNADO
metadata,Metadata,Metadata; metadata,2,13,ENG,9,ENG-003;ENG-020;ENG-022;ENG-023;ENG-032;ENG-057;ENG-082;ENG-086;ENG-092,CODIGO_INLINE;DEFINICION_EXPLICITA;ENCABEZADO,2,CANDIDATO_ENG_DEFINIDO,NO,NO_ASIGNADO
metadata conflict,Metadata Conflict,Metadata Conflict,1,3,ENG,2,ENG-016;ENG-020,ENCABEZADO,0,CANDIDATO_ENG_REPETIDO,NO,NO_ASIGNADO
metadata engineering,Metadata Engineering,Metadata Engineering,1,5,ENG,2,ENG-056;ENG-057,CODIGO_INLINE;ENCABEZADO;TERMINO_DESTACADO,0,CANDIDATO_ENG_REPETIDO,NO,NO_ASIGNADO
metadata integration,Metadata Integration,Metadata Integration,1,3,ENG,3,ENG-090;ENG-091;ENG-094,ENCABEZADO,0,CANDIDATO_ENG_REPETIDO,NO,NO_ASIGNADO
metadata query,Metadata Query,Metadata Query; metadata:query,2,3,ENG,1,ENG-057,ENCABEZADO,0,CANDIDATO_ENG_REPETIDO,NO,NO_ASIGNADO
metadata registry,Metadata Registry,Metadata Registry; Metadata ≠ Registry,2,3,ENG,1,ENG-057,ENCABEZADO,0,CANDIDATO_ENG_REPETIDO,NO,NO_ASIGNADO
metadata validation,Metadata Validation,Metadata Validation,1,3,ENG,3,ENG-016;ENG-020;ENG-057,ENCABEZADO,0,CANDIDATO_ENG_REPETIDO,NO,NO_ASIGNADO
metric,Metrics,Metrics,1,41,ENG,40,ENG-015;ENG-017;ENG-019;ENG-020;ENG-022;ENG-025;ENG-031;ENG-049;ENG-050;ENG-051;ENG-052;ENG-053;ENG-054;ENG-055;ENG-057;ENG-058;ENG-059;ENG-060;ENG-061;ENG-062;ENG-063;ENG-064;ENG-065;ENG-066;ENG-067;ENG-068;ENG-069;ENG-071;ENG-072;ENG-073;ENG-074;ENG-075;ENG-076;ENG-077;ENG-078;ENG-079;ENG-080;ENG-081;ENG-082;ENG-085,ENCABEZADO,0,CANDIDATO_ENG_REPETIDO,NO,NO_ASIGNADO
metric cardinality,Metric Cardinality,Metric Cardinality,1,4,ENG,4,ENG-047;ENG-050;ENG-051;ENG-053,ENCABEZADO,0,CANDIDATO_ENG_REPETIDO,NO,NO_ASIGNADO
metric dimension,Metric Dimensions,Metric Dimensions,1,4,ENG,4,ENG-031;ENG-044;ENG-045;ENG-046,ENCABEZADO,0,CANDIDATO_ENG_REPETIDO,NO,NO_ASIGNADO
metric label,Metric Labels,Metric Labels,1,28,ENG,28,ENG-025;ENG-041;ENG-049;ENG-052;ENG-054;ENG-055;ENG-057;ENG-058;ENG-059;ENG-060;ENG-061;ENG-062;ENG-063;ENG-064;ENG-065;ENG-066;ENG-067;ENG-068;ENG-069;ENG-070;ENG-071;ENG-082;ENG-088;ENG-090;ENG-091;ENG-092;ENG-093;ENG-094,ENCABEZADO,0,CANDIDATO_ENG_REPETIDO,NO,NO_ASIGNADO
mfa,MFA,MFA; mfa,2,3,ENG,3,ENG-016;ENG-024;ENG-045,CODIGO_INLINE;ENCABEZADO,0,CANDIDATO_ENG_REPETIDO,NO,NO_ASIGNADO
migration,Migration,Migration; Migrations,2,11,ENG,9,ENG-003;ENG-013;ENG-014;ENG-030;ENG-035;ENG-036;ENG-040;ENG-041;ENG-065,CODIGO_INLINE;ENCABEZADO,0,CANDIDATO_ENG_REPETIDO,NO,NO_ASIGNADO
migration checksum,Migration Checksum,Migration Checksum,1,3,ENG,2,ENG-030;ENG-065,ENCABEZADO,0,CANDIDATO_ENG_REPETIDO,NO,NO_ASIGNADO
migration compatibility,Migration Compatibility,Migration Compatibility; Migration ≠ Compatibility,2,6,ENG,6,ENG-014;ENG-016;ENG-030;ENG-053;ENG-062;ENG-066,ENCABEZADO,0,CANDIDATO_ENG_REPETIDO,NO,NO_ASIGNADO
migration engineering,Migration Engineering,Migration Engineering,1,4,ENG,2,ENG-064;ENG-065,ENCABEZADO;TERMINO_DESTACADO,0,CANDIDATO_ENG_REPETIDO,NO,NO_ASIGNADO
migration failure,Migration Failure,Migration Failure,1,3,ENG,3,ENG-030;ENG-060;ENG-065,ENCABEZADO,0,CANDIDATO_ENG_REPETIDO,NO,NO_ASIGNADO
migration integration,Migration Integration,Migration Integration,1,4,ENG,4,ENG-067;ENG-068;ENG-071;ENG-073,ENCABEZADO,0,CANDIDATO_ENG_REPETIDO,NO,NO_ASIGNADO
migration lock,Migration Lock,Migration Lock; migration:lock,2,3,ENG,2,ENG-030;ENG-065,ENCABEZADO,0,CANDIDATO_ENG_REPETIDO,NO,NO_ASIGNADO
migration ordering,Migration Ordering,Migration Ordering,1,4,ENG,4,ENG-030;ENG-060;ENG-065;ENG-066,ENCABEZADO,0,CANDIDATO_ENG_REPETIDO,NO,NO_ASIGNADO
migration ownership,Migration Ownership,Migration Ownership,1,4,ENG,4,ENG-028;ENG-030;ENG-060;ENG-065,ENCABEZADO,0,CANDIDATO_ENG_REPETIDO,NO,NO_ASIGNADO
migration plan,Migration Plan,Migration Plan; migration plan; migration:plan,3,5,ENG,3,ENG-030;ENG-052;ENG-065,CODIGO_INLINE;ENCABEZADO,0,CANDIDATO_ENG_REPETIDO,NO,NO_ASIGNADO
migration rollback,Migration Rollback,Migration Rollback; migration:rollback,2,3,ENG,2,ENG-062;ENG-065,ENCABEZADO,0,CANDIDATO_ENG_REPETIDO,NO,NO_ASIGNADO
migration status,migration status,Migration Status; migration status; migration:status,3,4,ENG,2,ENG-030;ENG-065,CODIGO_INLINE;ENCABEZADO,0,CANDIDATO_ENG_REPETIDO,NO,NO_ASIGNADO
migration test,Migration Test,Migration Test,1,5,ENG,5,ENG-030;ENG-048;ENG-052;ENG-057;ENG-062,ENCABEZADO,0,CANDIDATO_ENG_REPETIDO,NO,NO_ASIGNADO
migration validation,Migration Validation,Migration Validation,1,3,ENG,3,ENG-030;ENG-036;ENG-065,ENCABEZADO,0,CANDIDATO_ENG_REPETIDO,NO,NO_ASIGNADO
minimal implementation,Minimal Implementation,Minimal Implementation,1,3,ENG,3,ENG-015;ENG-018;ENG-020,ENCABEZADO,0,CANDIDATO_ENG_REPETIDO,NO,NO_ASIGNADO
misfire,Misfire,Misfire,1,3,ENG,1,ENG-040,CODIGO_INLINE;ENCABEZADO,0,CANDIDATO_ENG_REPETIDO,NO,NO_ASIGNADO
mision,Misión,Misión,1,1,FND,1,FND-002,ENCABEZADO,0,CANDIDATO_CON_AUTORIDAD,NO,NO_ASIGNADO
mision de mef,misión de MEF,misión de MEF,1,1,FND,1,FND-002,DEFINICION_EXPLICITA,1,CANDIDATO_CON_AUTORIDAD,NO,NO_ASIGNADO
missing dependency,Missing Dependency,Missing Dependency,1,5,ENG,5,ENG-013;ENG-018;ENG-027;ENG-028;ENG-060,ENCABEZADO,0,CANDIDATO_ENG_REPETIDO,NO,NO_ASIGNADO
modelo arquitectonico,Modelo Arquitectónico,Modelo Arquitectónico,1,4,ARQ,4,ARQ-011;ARQ-012;ARQ-013;ARQ-017,ENCABEZADO,0,CANDIDATO_CON_AUTORIDAD,NO,NO_ASIGNADO
modelo conceptual,Modelos Conceptuales,Modelo Conceptual; Modelos Conceptuales,2,11,ENG,11,ENG-010;ENG-011;ENG-086;ENG-087;ENG-088;ENG-089;ENG-090;ENG-091;ENG-092;ENG-093;ENG-094,ENCABEZADO,0,CANDIDATO_ENG_REPETIDO,NO,NO_ASIGNADO
modelo de generacion,Modelo de Generación,Modelo de Generación,1,1,ARQ,1,ARQ-010,ENCABEZADO,0,CANDIDATO_CON_AUTORIDAD,NO,NO_ASIGNADO
modelo general,Modelo General,Modelo General,1,4,ENG,4,ENG-012;ENG-016;ENG-017;ENG-019,ENCABEZADO,0,CANDIDATO_ENG_REPETIDO,NO,NO_ASIGNADO
modul,Modules,/modules; Modules,2,5,ARQ;ENG,3,ARQ-004;ENG-001;ENG-006,CODIGO_INLINE;DEFINICION_EXPLICITA;ENCABEZADO;TERMINO_DESTACADO,1,CANDIDATO_CON_AUTORIDAD,NO,NO_ASIGNADO
modul de dominio,Modules de dominio,Modules de dominio,1,1,ARQ,1,ARQ-004,ENCABEZADO,0,CANDIDATO_CON_AUTORIDAD,NO,NO_ASIGNADO
modul de integracion,Modules de integración,Modules de integración,1,1,ARQ,1,ARQ-004,ENCABEZADO,0,CANDIDATO_CON_AUTORIDAD,NO,NO_ASIGNADO
modul tecnico,Modules técnicos,Modules técnicos,1,1,ARQ,1,ARQ-004,ENCABEZADO,0,CANDIDATO_CON_AUTORIDAD,NO,NO_ASIGNADO
module,Module,Module,1,8,ARQ;ENG,5,ARQ-004;ENG-002;ENG-013;ENG-020;ENG-028,CODIGO_INLINE;ENCABEZADO;TERMINO_DESTACADO,0,CANDIDATO_CON_AUTORIDAD,NO,NO_ASIGNADO
module boundary,Module Boundary,Module Boundary,1,5,ENG,5,ENG-018;ENG-028;ENG-034;ENG-035;ENG-043,ENCABEZADO,0,CANDIDATO_ENG_REPETIDO,NO,NO_ASIGNADO
module capability,Module Capabilities,Module Capabilities; module capabilities,2,4,ENG,2,ENG-024;ENG-028,CODIGO_INLINE;ENCABEZADO,0,CANDIDATO_ENG_REPETIDO,NO,NO_ASIGNADO
module compatibility,Module Compatibility,Module Compatibility,1,4,ENG,3,ENG-014;ENG-016;ENG-028,ENCABEZADO,0,CANDIDATO_ENG_REPETIDO,NO,NO_ASIGNADO
module configuration,Module Configuration,Module Configuration,1,3,ENG,3,ENG-011;ENG-028;ENG-049,ENCABEZADO,0,CANDIDATO_ENG_REPETIDO,NO,NO_ASIGNADO
module contract,Module Contract,Module Contract; module contracts,2,6,ENG,4,ENG-002;ENG-021;ENG-027;ENG-028,CODIGO_INLINE;ENCABEZADO,0,CANDIDATO_ENG_REPETIDO,NO,NO_ASIGNADO
module engineering,Module Engineering,Module Engineering,1,3,ENG,3,ENG-028;ENG-029;ENG-030,DEFINICION_EXPLICITA;ENCABEZADO,2,CANDIDATO_ENG_DEFINIDO,NO,NO_ASIGNADO
module graph,Module Graph,Module Graph; module graph,2,4,ENG,2,ENG-027;ENG-028,CODIGO_INLINE;ENCABEZADO,0,CANDIDATO_ENG_REPETIDO,NO,NO_ASIGNADO
module identity,Module Identity,Module Identity,1,4,ENG,3,ENG-024;ENG-027;ENG-028,ENCABEZADO,0,CANDIDATO_ENG_REPETIDO,NO,NO_ASIGNADO
module inspect,module inspect,module inspect,1,4,ENG,2,ENG-007;ENG-028,CODIGO_INLINE;ENCABEZADO,0,CANDIDATO_ENG_REPETIDO,NO,NO_ASIGNADO
module integration,Module Integration,Module Integration,1,17,ENG,17,ENG-029;ENG-030;ENG-035;ENG-040;ENG-041;ENG-042;ENG-043;ENG-044;ENG-045;ENG-046;ENG-047;ENG-048;ENG-049;ENG-051;ENG-052;ENG-053;ENG-054,ENCABEZADO,0,CANDIDATO_ENG_REPETIDO,NO,NO_ASIGNADO
module isolation,Module Isolation,Module Isolation,1,7,ENG,7,ENG-019;ENG-024;ENG-028;ENG-044;ENG-048;ENG-053;ENG-074,ENCABEZADO,0,CANDIDATO_ENG_REPETIDO,NO,NO_ASIGNADO
module lifecycle,Module Lifecycle,Module Lifecycle,1,4,ENG,4,ENG-015;ENG-027;ENG-028;ENG-055,ENCABEZADO,0,CANDIDATO_ENG_REPETIDO,NO,NO_ASIGNADO
module manifest,Module Manifest,Module Manifest,1,3,ENG,3,ENG-025;ENG-028;ENG-030,ENCABEZADO,0,CANDIDATO_ENG_REPETIDO,NO,NO_ASIGNADO
module metadata,Module Metadata,Module Metadata,1,4,ENG,4,ENG-020;ENG-027;ENG-028;ENG-031,ENCABEZADO,0,CANDIDATO_ENG_REPETIDO,NO,NO_ASIGNADO
module monolitico,Module monolítico,Module monolítico,1,1,ARQ,1,ARQ-004,ENCABEZADO,0,CANDIDATO_CON_AUTORIDAD,NO,NO_ASIGNADO
module scope,Module Scope,Module Scope,1,3,ENG,3,ENG-019;ENG-028;ENG-049,ENCABEZADO,0,CANDIDATO_ENG_REPETIDO,NO,NO_ASIGNADO
module unload,Module Unload,Module Unload,1,3,ENG,3,ENG-049;ENG-054;ENG-055,ENCABEZADO,0,CANDIDATO_ENG_REPETIDO,NO,NO_ASIGNADO
module upgrade,Module Upgrade,Module Upgrade,1,3,ENG,2,ENG-028;ENG-066,ENCABEZADO,0,CANDIDATO_ENG_REPETIDO,NO,NO_ASIGNADO
module validate,module validate,module validate,1,4,ENG,2,ENG-007;ENG-028,CODIGO_INLINE;ENCABEZADO,0,CANDIDATO_ENG_REPETIDO,NO,NO_ASIGNADO
money,Money,Money,1,4,ENG,3,ENG-031;ENG-035;ENG-061,CODIGO_INLINE;ENCABEZADO,0,CANDIDATO_ENG_REPETIDO,NO,NO_ASIGNADO
motivacion,Motivación,Motivación,1,1,FND,1,FND-000,ENCABEZADO,0,CANDIDATO_CON_AUTORIDAD,NO,NO_ASIGNADO
mttr,MTTR,MTTR,1,3,ENG,2,ENG-074;ENG-075,CODIGO_INLINE;ENCABEZADO,0,CANDIDATO_ENG_REPETIDO,NO,NO_ASIGNADO
multi-tenancy,Multi-Tenancy,Multi-Tenancy,1,12,ENG,11,ENG-048;ENG-053;ENG-054;ENG-066;ENG-067;ENG-088;ENG-090;ENG-091;ENG-092;ENG-093;ENG-094,CODIGO_INLINE;DEFINICION_EXPLICITA;ENCABEZADO,2,CANDIDATO_ENG_DEFINIDO,NO,NO_ASIGNADO
multi-tenancy engineering,Multi-Tenancy Engineering,Multi-Tenancy Engineering,1,3,ENG,2,ENG-047;ENG-048,ENCABEZADO;TERMINO_DESTACADO,0,CANDIDATO_ENG_REPETIDO,NO,NO_ASIGNADO
multi-tenancy integration,Multi-Tenancy Integration,Multi-Tenancy Integration,1,10,ENG,10,ENG-049;ENG-050;ENG-051;ENG-052;ENG-053;ENG-054;ENG-055;ENG-065;ENG-068;ENG-073,ENCABEZADO,0,CANDIDATO_ENG_REPETIDO,NO,NO_ASIGNADO
multiple provider,Multiple Providers,Multiple Providers,1,3,ENG,3,ENG-027;ENG-028;ENG-073,ENCABEZADO,0,CANDIDATO_ENG_REPETIDO,NO,NO_ASIGNADO
multiple sourc of truth,Multiple Sources of Truth,Multiple Sources of Truth,1,3,ENG,2,ENG-053;ENG-079,ENCABEZADO,0,CANDIDATO_ENG_REPETIDO,NO,NO_ASIGNADO
mutation testing,Mutation Testing,Mutation Testing,1,4,ENG,4,ENG-009;ENG-035;ENG-036;ENG-046,ENCABEZADO,0,CANDIDATO_ENG_REPETIDO,NO,NO_ASIGNADO
n+1,N+1,N+1,1,4,ENG,3,ENG-026;ENG-043;ENG-073,ENCABEZADO,0,CANDIDATO_ENG_REPETIDO,NO,NO_ASIGNADO
n+1 query,N+1 Queries,N+1 Queries; N+1 Query,2,3,ENG,3,ENG-030;ENG-070;ENG-072,ENCABEZADO,0,CANDIDATO_ENG_REPETIDO,NO,NO_ASIGNADO
namespace collision,Namespace Collision,Namespace Collision,1,3,ENG,2,ENG-049;ENG-057,ENCABEZADO,0,CANDIDATO_ENG_REPETIDO,NO,NO_ASIGNADO
namespace ownership,Namespace Ownership,Namespace Ownership,1,4,ENG,4,ENG-013;ENG-020;ENG-037;ENG-049,ENCABEZADO,0,CANDIDATO_ENG_REPETIDO,NO,NO_ASIGNADO
negative cache,Negative Cache,Negative Cache,1,3,ENG,3,ENG-046;ENG-058;ENG-078,ENCABEZADO,0,CANDIDATO_ENG_REPETIDO,NO,NO_ASIGNADO
no,No,No,1,27,ARQ;ENG,24,ARQ-013;ARQ-017;ENG-000;ENG-003;ENG-007;ENG-010;ENG-011;ENG-018;ENG-019;ENG-022;ENG-028;ENG-029;ENG-035;ENG-037;ENG-044;ENG-064;ENG-073;ENG-075;ENG-076;ENG-077;ENG-078;ENG-080;ENG-085;ENG-086,DEFINICION_EXPLICITA,27,CANDIDATO_CON_AUTORIDAD,NO,NO_ASIGNADO
no responsabilidad,No responsabilidades,No Responsabilidades; No responsabilidades,2,5,ARQ;ENG,5,ARQ-004;ARQ-011;ARQ-012;ARQ-013;ENG-003,ENCABEZADO,0,CANDIDATO_CON_AUTORIDAD,NO,NO_ASIGNADO
no todo service,No todo Service,No todo Service,1,2,ENG,2,ENG-054;ENG-060,DEFINICION_EXPLICITA,2,CANDIDATO_ENG_DEFINIDO,NO,NO_ASIGNADO
noisy neighbor,Noisy Neighbor,Noisy Neighbor,1,7,ENG,5,ENG-048;ENG-054;ENG-070;ENG-071;ENG-073,ENCABEZADO,0,CANDIDATO_ENG_REPETIDO,NO,NO_ASIGNADO
non compliant,NON COMPLIANT,NON COMPLIANT,1,4,ENG,2,ENG-081;ENG-083,CODIGO_INLINE;ENCABEZADO,0,CANDIDATO_ENG_REPETIDO,NO,NO_ASIGNADO
non-repeatable read,Non-Repeatable Read,Non-Repeatable Read,1,3,ENG,3,ENG-038;ENG-042;ENG-078,ENCABEZADO,0,CANDIDATO_ENG_REPETIDO,NO,NO_ASIGNADO
none,none,NONE; none,2,3,ENG,2,ENG-038;ENG-045,CODIGO_INLINE;ENCABEZADO,0,CANDIDATO_ENG_REPETIDO,NO,NO_ASIGNADO
normalization,Normalization,Normalization,1,5,ENG,5,ENG-020;ENG-036;ENG-080;ENG-093;ENG-094,ENCABEZADO,0,CANDIDATO_ENG_REPETIDO,NO,NO_ASIGNADO
normalmente,Normalmente,Normalmente,1,5,ENG,4,ENG-031;ENG-036;ENG-044;ENG-079,DEFINICION_EXPLICITA,5,CANDIDATO_ENG_DEFINIDO,NO,NO_ASIGNADO
not applicable,NOT APPLICABLE,NOT APPLICABLE; Not Applicable,2,6,ENG,3,ENG-016;ENG-051;ENG-083,CODIGO_INLINE;ENCABEZADO,0,CANDIDATO_ENG_REPETIDO,NO,NO_ASIGNADO
nuestra mision,Nuestra misión,Nuestra misión,1,1,FND,1,FND-002,ENCABEZADO,0,CANDIDATO_CON_AUTORIDAD,NO,NO_ASIGNADO
objetivo,Objetivos,Objetivos,1,28,ARQ;ENG;FND,28,ARQ-004;ARQ-010;ARQ-011;ARQ-012;ARQ-013;ARQ-017;ENG-000;ENG-001;ENG-005;ENG-006;ENG-007;ENG-008;ENG-009;ENG-010;ENG-011;ENG-012;ENG-013;ENG-014;ENG-015;ENG-016;ENG-017;ENG-018;ENG-019;ENG-020;ENG-021;ENG-022;ENG-023;FND-000,ENCABEZADO,0,CANDIDATO_CON_AUTORIDAD,NO,NO_ASIGNADO
objetivo estrategico,Objetivos estratégicos,Objetivos estratégicos,1,1,FND,1,FND-001,ENCABEZADO,0,CANDIDATO_CON_AUTORIDAD,NO,NO_ASIGNADO
obligation,Obligation,Obligation; Obligations,2,3,ENG,3,ENG-046;ENG-051;ENG-083,CODIGO_INLINE;ENCABEZADO,0,CANDIDATO_ENG_REPETIDO,NO,NO_ASIGNADO
observabilidad,Observabilidad,Observabilidad,1,9,ARQ;ENG,9,ARQ-004;ARQ-010;ARQ-011;ARQ-012;ARQ-013;ARQ-017;ENG-000;ENG-002;ENG-008,ENCABEZADO,0,CANDIDATO_CON_AUTORIDAD,NO,NO_ASIGNADO
observability,Observability,Observability,1,33,ENG,32,ENG-015;ENG-022;ENG-023;ENG-025;ENG-028;ENG-029;ENG-030;ENG-031;ENG-032;ENG-034;ENG-035;ENG-036;ENG-037;ENG-038;ENG-039;ENG-040;ENG-041;ENG-042;ENG-044;ENG-045;ENG-046;ENG-047;ENG-049;ENG-050;ENG-051;ENG-052;ENG-054;ENG-056;ENG-089;ENG-090;ENG-092;ENG-093,DEFINICION_EXPLICITA;ENCABEZADO,1,CANDIDATO_ENG_DEFINIDO,NO,NO_ASIGNADO
observability integration,Observability Integration,Observability Integration,1,4,ENG,4,ENG-010;ENG-026;ENG-048;ENG-050,ENCABEZADO,0,CANDIDATO_ENG_REPETIDO,NO,NO_ASIGNADO
operation id,Operation ID,Operation ID,1,4,ENG,4,ENG-010;ENG-013;ENG-034;ENG-044,ENCABEZADO,0,CANDIDATO_ENG_REPETIDO,NO,NO_ASIGNADO
optimistic concurrency,Optimistic Concurrency,Optimistic Concurrency,1,6,ENG,6,ENG-030;ENG-038;ENG-042;ENG-052;ENG-053;ENG-078,ENCABEZADO,0,CANDIDATO_ENG_REPETIDO,NO,NO_ASIGNADO
optional capability,Optional Capability,Optional Capabilities; Optional Capability,2,4,ENG,4,ENG-019;ENG-039;ENG-061;ENG-068,ENCABEZADO,0,CANDIDATO_ENG_REPETIDO,NO,NO_ASIGNADO
optional component,Optional Component,Optional Component; Optional Components,2,3,ENG,3,ENG-025;ENG-036;ENG-055,ENCABEZADO,0,CANDIDATO_ENG_REPETIDO,NO,NO_ASIGNADO
optional dependency,Optional Dependency,Optional Dependencies; Optional Dependency,2,11,ENG,11,ENG-013;ENG-015;ENG-027;ENG-028;ENG-032;ENG-039;ENG-055;ENG-060;ENG-061;ENG-069;ENG-073,ENCABEZADO,0,CANDIDATO_ENG_REPETIDO,NO,NO_ASIGNADO
optional field,Optional Field,Optional Field,1,4,ENG,4,ENG-016;ENG-022;ENG-031;ENG-062,ENCABEZADO,0,CANDIDATO_ENG_REPETIDO,NO,NO_ASIGNADO
optional initial component,Optional Initial Components,Optional Initial Components,1,59,ENG,59,ENG-030;ENG-031;ENG-032;ENG-034;ENG-037;ENG-038;ENG-039;ENG-040;ENG-041;ENG-042;ENG-043;ENG-044;ENG-045;ENG-046;ENG-047;ENG-048;ENG-049;ENG-050;ENG-051;ENG-052;ENG-053;ENG-054;ENG-055;ENG-056;ENG-057;ENG-058;ENG-059;ENG-060;ENG-061;ENG-062;ENG-063;ENG-064;ENG-065;ENG-066;ENG-067;ENG-068;ENG-069;ENG-070;ENG-071;ENG-072;ENG-073;ENG-074;ENG-075;ENG-076;ENG-077;ENG-078;ENG-079;ENG-080;ENG-081;ENG-082;ENG-083;ENG-084;ENG-085;ENG-088;ENG-090;ENG-091;ENG-092;ENG-093;ENG-094,ENCABEZADO,0,CANDIDATO_ENG_REPETIDO,NO,NO_ASIGNADO
ordering,Ordering,Ordering,1,7,ENG,7,ENG-021;ENG-022;ENG-029;ENG-032;ENG-041;ENG-064;ENG-078,DEFINICION_EXPLICITA;ENCABEZADO,1,CANDIDATO_ENG_DEFINIDO,NO,NO_ASIGNADO
ordering test,Ordering Test,Ordering Test,1,4,ENG,4,ENG-022;ENG-041;ENG-061;ENG-064,ENCABEZADO,0,CANDIDATO_ENG_REPETIDO,NO,NO_ASIGNADO
origin,Origin,Origin,1,2,ENG,1,ENG-089,CODIGO_INLINE;DEFINICION_EXPLICITA,1,CANDIDATO_ENG_DEFINIDO,NO,NO_ASIGNADO
outbox,Outbox,Outbox,1,3,ENG,3,ENG-031;ENG-034;ENG-038,ENCABEZADO,0,CANDIDATO_ENG_REPETIDO,NO,NO_ASIGNADO
output,output,Outputs; output,2,2,ENG,2,ENG-008;ENG-021,DEFINICION_EXPLICITA;ENCABEZADO,1,CANDIDATO_ENG_DEFINIDO,NO,NO_ASIGNADO
override,Override,Override,1,4,ENG,4,ENG-018;ENG-019;ENG-029;ENG-084,ENCABEZADO,0,CANDIDATO_ENG_REPETIDO,NO,NO_ASIGNADO
owner responsibility,Owner Responsibility,Owner Responsibilities; Owner Responsibility,2,11,ENG,11,ENG-029;ENG-050;ENG-054;ENG-055;ENG-065;ENG-071;ENG-073;ENG-074;ENG-077;ENG-078;ENG-079,ENCABEZADO,0,CANDIDATO_ENG_REPETIDO,NO,NO_ASIGNADO
ownership,Ownership,Ownership,1,5,ENG,4,ENG-019;ENG-020;ENG-021;ENG-038,DEFINICION_EXPLICITA;ENCABEZADO,1,CANDIDATO_ENG_DEFINIDO,NO,NO_ASIGNADO
package,Package,Package,1,7,ARQ;ENG,5,ARQ-017;ENG-002;ENG-013;ENG-014;ENG-028,CODIGO_INLINE;DEFINICION_EXPLICITA;ENCABEZADO;TABLA_COLUMNA_PRINCIPAL,2,CANDIDATO_CON_AUTORIDAD,NO,NO_ASIGNADO
package discovery,Package Discovery,Package Discovery,1,4,ENG,4,ENG-013;ENG-020;ENG-027;ENG-058,ENCABEZADO,0,CANDIDATO_ENG_REPETIDO,NO,NO_ASIGNADO
package integration,Package Integration,Package Integration,1,5,ENG,5,ENG-018;ENG-021;ENG-028;ENG-029;ENG-031,ENCABEZADO,0,CANDIDATO_ENG_REPETIDO,NO,NO_ASIGNADO
package manager,Package Manager,Package Manager,1,4,ENG,1,ENG-013,CODIGO_INLINE;ENCABEZADO;TERMINO_DESTACADO,0,CANDIDATO_ENG_REPETIDO,NO,NO_ASIGNADO
package manager integration,Package Manager Integration,Package Manager Integration,1,5,ENG,5,ENG-012;ENG-016;ENG-017;ENG-020;ENG-027,ENCABEZADO,0,CANDIDATO_ENG_REPETIDO,NO,NO_ASIGNADO
package trust,Package Trust,Package Trust,1,4,ENG,4,ENG-024;ENG-027;ENG-031;ENG-058,ENCABEZADO,0,CANDIDATO_ENG_REPETIDO,NO,NO_ASIGNADO
packaging,Packaging,Packaging,1,3,ARQ;ENG,2,ARQ-017;ENG-006,DEFINICION_EXPLICITA;ENCABEZADO,1,CANDIDATO_CON_AUTORIDAD,NO,NO_ASIGNADO
pagination,Pagination,Pagination,1,6,ENG,6,ENG-020;ENG-030;ENG-037;ENG-043;ENG-044;ENG-061,ENCABEZADO,0,CANDIDATO_ENG_REPETIDO,NO,NO_ASIGNADO
paquete,paquete,paquete,1,1,ARQ,1,ARQ-017,DEFINICION_EXPLICITA,1,CANDIDATO_CON_AUTORIDAD,NO,NO_ASIGNADO
parallelism,Parallelism,Parallelism,1,5,ENG,3,ENG-026;ENG-038;ENG-064,CODIGO_INLINE;DEFINICION_EXPLICITA;ENCABEZADO,1,CANDIDATO_ENG_DEFINIDO,NO,NO_ASIGNADO
partial failure,Partial Failure,Partial Failure,1,3,ENG,3,ENG-023;ENG-032;ENG-039,ENCABEZADO,0,CANDIDATO_ENG_REPETIDO,NO,NO_ASIGNADO
partial success,Partial Success,Partial Success; Partial ≠ Success,2,5,ENG,5,ENG-023;ENG-036;ENG-044;ENG-061;ENG-063,ENCABEZADO,0,CANDIDATO_ENG_REPETIDO,NO,NO_ASIGNADO
partition key,Partition Key,Partition Key,1,4,ENG,4,ENG-040;ENG-041;ENG-064;ENG-072,ENCABEZADO,0,CANDIDATO_ENG_REPETIDO,NO,NO_ASIGNADO
partition ordering,Partition Ordering,Partition Ordering,1,3,ENG,3,ENG-038;ENG-041;ENG-064,ENCABEZADO,0,CANDIDATO_ENG_REPETIDO,NO,NO_ASIGNADO
partition test,Partition Test,Partition Test,1,3,ENG,3,ENG-041;ENG-064;ENG-072,ENCABEZADO,0,CANDIDATO_ENG_REPETIDO,NO,NO_ASIGNADO
partitioning,Partitioning,Partitioning,1,4,ENG,4,ENG-038;ENG-040;ENG-041;ENG-072,ENCABEZADO,0,CANDIDATO_ENG_REPETIDO,NO,NO_ASIGNADO
patch,PATCH,PATCH,1,3,ENG,2,ENG-014;ENG-044,CODIGO_INLINE;ENCABEZADO,0,CANDIDATO_ENG_REPETIDO,NO,NO_ASIGNADO
path traversal,Path Traversal,Path Traversal,1,3,ENG,3,ENG-024;ENG-048;ENG-058,ENCABEZADO,0,CANDIDATO_ENG_REPETIDO,NO,NO_ASIGNADO
pause,Pause,PAUSE; Pause,2,3,ENG,3,ENG-064;ENG-065;ENG-084,ENCABEZADO,0,CANDIDATO_ENG_REPETIDO,NO,NO_ASIGNADO
payload,Payload,Payload; payload,2,4,ENG,3,ENG-022;ENG-032;ENG-041,CODIGO_INLINE;ENCABEZADO,0,CANDIDATO_ENG_REPETIDO,NO,NO_ASIGNADO
payload logging,Payload Logging,Payload Logging,1,6,ENG,6,ENG-031;ENG-032;ENG-040;ENG-041;ENG-061;ENG-063,ENCABEZADO,0,CANDIDATO_ENG_REPETIDO,NO,NO_ASIGNADO
payload size,Payload Size,Payload Size,1,3,ENG,3,ENG-031;ENG-041;ENG-044,ENCABEZADO,0,CANDIDATO_ENG_REPETIDO,NO,NO_ASIGNADO
performance,Performance,Performance,1,25,ENG,21,ENG-007;ENG-010;ENG-019;ENG-020;ENG-026;ENG-028;ENG-029;ENG-030;ENG-031;ENG-032;ENG-034;ENG-035;ENG-036;ENG-037;ENG-038;ENG-039;ENG-041;ENG-043;ENG-044;ENG-045;ENG-070,CODIGO_INLINE;DEFINICION_EXPLICITA;ENCABEZADO,3,CANDIDATO_ENG_DEFINIDO,NO,NO_ASIGNADO
performance baseline,Performance Baseline,Performance Baseline; performance:baseline,2,5,ENG,3,ENG-009;ENG-043;ENG-070,ENCABEZADO,0,CANDIDATO_ENG_REPETIDO,NO,NO_ASIGNADO
performance budget,Performance Budget,Performance Budget; performance:budget,2,5,ENG,4,ENG-025;ENG-026;ENG-027;ENG-070,ENCABEZADO,0,CANDIDATO_ENG_REPETIDO,NO,NO_ASIGNADO
performance engineering,Performance Engineering,Performance Engineering,1,5,ENG,2,ENG-026;ENG-070,ENCABEZADO;TERMINO_DESTACADO,0,CANDIDATO_ENG_REPETIDO,NO,NO_ASIGNADO
performance gate,Performance Gate,Performance Gate,1,3,ENG,2,ENG-026;ENG-070,ENCABEZADO,0,CANDIDATO_ENG_REPETIDO,NO,NO_ASIGNADO
performance integration,Performance Integration,Performance Integration,1,3,ENG,3,ENG-027;ENG-071;ENG-073,ENCABEZADO,0,CANDIDATO_ENG_REPETIDO,NO,NO_ASIGNADO
performance optimization,Performance Optimization,Performance Optimization; Performance ≠ Optimization,2,3,ENG,2,ENG-070;ENG-077,ENCABEZADO,0,CANDIDATO_ENG_REPETIDO,NO,NO_ASIGNADO
performance profile,performance profile,Performance Profile; performance profile; performance:profile,3,4,ENG,2,ENG-026;ENG-070,CODIGO_INLINE;ENCABEZADO,0,CANDIDATO_ENG_REPETIDO,NO,NO_ASIGNADO
performance status,performance status,Performance Status; performance status,2,3,ENG,1,ENG-026,CODIGO_INLINE;ENCABEZADO,0,CANDIDATO_ENG_REPETIDO,NO,NO_ASIGNADO
performance test,Performance Test,Performance Test; Performance Tests,2,7,ENG,7,ENG-009;ENG-026;ENG-027;ENG-030;ENG-041;ENG-043;ENG-065,ENCABEZADO,0,CANDIDATO_ENG_REPETIDO,NO,NO_ASIGNADO
permanent failure,Permanent Failure,Permanent Failure,1,3,ENG,3,ENG-039;ENG-064;ENG-074,ENCABEZADO,0,CANDIDATO_ENG_REPETIDO,NO,NO_ASIGNADO
permission,Permission,Permission; Permissions,2,7,ENG,6,ENG-003;ENG-013;ENG-024;ENG-046;ENG-047;ENG-050,CODIGO_INLINE;DEFINICION_EXPLICITA;ENCABEZADO,1,CANDIDATO_ENG_DEFINIDO,NO,NO_ASIGNADO
persistence,Persistence,Persistence,1,6,ENG,5,ENG-030;ENG-039;ENG-040;ENG-041;ENG-053,DEFINICION_EXPLICITA;ENCABEZADO,2,CANDIDATO_ENG_DEFINIDO,NO,NO_ASIGNADO
persistence constraint,Persistence Constraint,Persistence Constraint,1,3,ENG,3,ENG-035;ENG-036;ENG-079,ENCABEZADO,0,CANDIDATO_ENG_REPETIDO,NO,NO_ASIGNADO
persistence engineering,Persistence Engineering,Persistence Engineering,1,3,ENG,2,ENG-030;ENG-077,DEFINICION_EXPLICITA;ENCABEZADO;TERMINO_DESTACADO,1,CANDIDATO_ENG_DEFINIDO,NO,NO_ASIGNADO
persistence integration,Persistence Integration,Persistence Integration,1,5,ENG,5,ENG-032;ENG-042;ENG-052;ENG-054;ENG-065,ENCABEZADO,0,CANDIDATO_ENG_REPETIDO,NO,NO_ASIGNADO
pessimistic concurrency,Pessimistic Concurrency,Pessimistic Concurrency,1,3,ENG,3,ENG-038;ENG-042;ENG-078,ENCABEZADO,0,CANDIDATO_ENG_REPETIDO,NO,NO_ASIGNADO
phantom read,Phantom Read,Phantom Read,1,3,ENG,3,ENG-038;ENG-042;ENG-078,ENCABEZADO,0,CANDIDATO_ENG_REPETIDO,NO,NO_ASIGNADO
pipeline,Pipeline,Pipeline,1,2,ENG,1,ENG-064,DEFINICION_EXPLICITA,2,CANDIDATO_ENG_DEFINIDO,NO,NO_ASIGNADO
plantilla,Plantillas,Plantillas,1,1,ARQ,1,ARQ-010,ENCABEZADO,0,CANDIDATO_CON_AUTORIDAD,NO,NO_ASIGNADO
plugin migration,Plugin Migration,Plugin Migration,1,3,ENG,2,ENG-060;ENG-065,ENCABEZADO,0,CANDIDATO_ENG_REPETIDO,NO,NO_ASIGNADO
plugin upgrade,Plugin Upgrade,Plugin Upgrade; plugin:upgrade,2,4,ENG,2,ENG-060;ENG-066,ENCABEZADO,0,CANDIDATO_ENG_REPETIDO,NO,NO_ASIGNADO
point of no return,Point of No Return,Point of No Return,1,3,ENG,3,ENG-065;ENG-066;ENG-067,ENCABEZADO,0,CANDIDATO_ENG_REPETIDO,NO,NO_ASIGNADO
poison message,Poison Message,Poison Message,1,4,ENG,2,ENG-032;ENG-041,CODIGO_INLINE;ENCABEZADO,0,CANDIDATO_ENG_REPETIDO,NO,NO_ASIGNADO
policy,Policy,Policies; Policy,2,8,ENG,5,ENG-005;ENG-015;ENG-035;ENG-046;ENG-051,CODIGO_INLINE;ENCABEZADO,0,CANDIDATO_ENG_REPETIDO,NO,NO_ASIGNADO
policy conflict,Policy Conflict,Policy Conflict,1,3,ENG,3,ENG-046;ENG-051;ENG-081,ENCABEZADO,0,CANDIDATO_ENG_REPETIDO,NO,NO_ASIGNADO
policy decision,Policy Decision,Policy Decision,1,3,ENG,3,ENG-013;ENG-051;ENG-081,ENCABEZADO,0,CANDIDATO_ENG_REPETIDO,NO,NO_ASIGNADO
policy decision point,Policy Decision Point,Policy Decision Point,1,3,ENG,3,ENG-024;ENG-046;ENG-051,ENCABEZADO,0,CANDIDATO_ENG_REPETIDO,NO,NO_ASIGNADO
policy enforcement point,Policy Enforcement Point,Policy Enforcement Point,1,3,ENG,3,ENG-024;ENG-046;ENG-051,ENCABEZADO,0,CANDIDATO_ENG_REPETIDO,NO,NO_ASIGNADO
policy engineering,Policy Engineering,Policy Engineering,1,6,ENG,3,ENG-050;ENG-051;ENG-081,CODIGO_INLINE;ENCABEZADO;TERMINO_DESTACADO,0,CANDIDATO_ENG_REPETIDO,NO,NO_ASIGNADO
policy integration,Policy Integration,Policy Integration,1,4,ENG,4,ENG-052;ENG-053;ENG-054;ENG-055,ENCABEZADO,0,CANDIDATO_ENG_REPETIDO,NO,NO_ASIGNADO
policy scope,Policy Scope,Policy Scope,1,3,ENG,3,ENG-046;ENG-069;ENG-081,ENCABEZADO,0,CANDIDATO_ENG_REPETIDO,NO,NO_ASIGNADO
policy tampering,Policy Tampering,Policy Tampering,1,3,ENG,2,ENG-046;ENG-051,ENCABEZADO,0,CANDIDATO_ENG_REPETIDO,NO,NO_ASIGNADO
policy versioning,Policy Versioning,Policy Versioning,1,4,ENG,4,ENG-017;ENG-024;ENG-046;ENG-081,ENCABEZADO,0,CANDIDATO_ENG_REPETIDO,NO,NO_ASIGNADO
politica de configuracion,Políticas de Configuración,Políticas de Configuración,1,1,ARQ,1,ARQ-013,ENCABEZADO,0,CANDIDATO_CON_AUTORIDAD,NO,NO_ASIGNADO
posicion arquitectonica,Posición Arquitectónica,Posición Arquitectónica,1,3,ENG,3,ENG-020;ENG-021;ENG-022,ENCABEZADO,0,CANDIDATO_ENG_REPETIDO,NO,NO_ASIGNADO
preflight,Preflight,Preflight,1,3,ENG,3,ENG-044;ENG-066;ENG-067,ENCABEZADO,0,CANDIDATO_ENG_REPETIDO,NO,NO_ASIGNADO
premature optimization,Premature Optimization,Premature Optimization,1,3,ENG,2,ENG-026;ENG-070,ENCABEZADO,0,CANDIDATO_ENG_REPETIDO,NO,NO_ASIGNADO
preservation object,Preservation Object,Preservation Object,1,2,ENG,1,ENG-093,DEFINICION_EXPLICITA;ENCABEZADO,1,CANDIDATO_ENG_DEFINIDO,NO,NO_ASIGNADO
primera implementacion recomendada,Primera Implementación Recomendada,Primera Implementación Recomendada,1,9,ENG,9,ENG-012;ENG-018;ENG-019;ENG-020;ENG-021;ENG-022;ENG-023;ENG-024;ENG-025,ENCABEZADO,0,CANDIDATO_ENG_REPETIDO,NO,NO_ASIGNADO
primitive obsession,Primitive Obsession,Primitive Obsession,1,3,ENG,2,ENG-021;ENG-035,ENCABEZADO,0,CANDIDATO_ENG_REPETIDO,NO,NO_ASIGNADO
principal,Principal,Principal,1,9,ENG,6,ENG-024;ENG-034;ENG-037;ENG-045;ENG-046;ENG-056,CODIGO_INLINE;DEFINICION_EXPLICITA;ENCABEZADO;TABLA_COLUMNA_PRINCIPAL,2,CANDIDATO_ENG_DEFINIDO,NO,NO_ASIGNADO
principio de actuacion,Principios de actuación,Principios de actuación,1,1,FND,1,FND-002,ENCABEZADO,0,CANDIDATO_CON_AUTORIDAD,NO,NO_ASIGNADO
principio de evolucion,Principios de evolución,Principios de evolución,1,1,FND,1,FND-001,ENCABEZADO,0,CANDIDATO_CON_AUTORIDAD,NO,NO_ASIGNADO
principio fundamental,Principios fundamentales,Principios fundamentales,1,1,FND,1,FND-000,ENCABEZADO,0,CANDIDATO_CON_AUTORIDAD,NO,NO_ASIGNADO
priority,Priority,Priority,1,9,ENG,9,ENG-018;ENG-019;ENG-022;ENG-029;ENG-036;ENG-039;ENG-040;ENG-054;ENG-071,ENCABEZADO,0,CANDIDATO_ENG_REPETIDO,NO,NO_ASIGNADO
privacy,Privacy,Privacy,1,5,ENG,5,ENG-024;ENG-045;ENG-088;ENG-093;ENG-094,ENCABEZADO,0,CANDIDATO_ENG_REPETIDO,NO,NO_ASIGNADO
process isolation,Process Isolation,Process Isolation,1,3,ENG,3,ENG-024;ENG-028;ENG-074,ENCABEZADO,0,CANDIDATO_ENG_REPETIDO,NO,NO_ASIGNADO
producer,producer,Producer; producer,2,4,ENG,2,ENG-022;ENG-041,CODIGO_INLINE;ENCABEZADO,0,CANDIDATO_ENG_REPETIDO,NO,NO_ASIGNADO
producer responsibility,Producer Responsibility,Producer Responsibility,1,3,ENG,3,ENG-062;ENG-080;ENG-081,ENCABEZADO,0,CANDIDATO_ENG_REPETIDO,NO,NO_ASIGNADO
production profiling,Production Profiling,Production Profiling,1,3,ENG,2,ENG-026;ENG-070,ENCABEZADO,0,CANDIDATO_ENG_REPETIDO,NO,NO_ASIGNADO
profiling,Profiling,Profiling,1,3,ENG,3,ENG-026;ENG-070;ENG-084,ENCABEZADO,0,CANDIDATO_ENG_REPETIDO,NO,NO_ASIGNADO
projection,Projection,Projection,1,4,ENG,3,ENG-043;ENG-063;ENG-079,CODIGO_INLINE;ENCABEZADO,0,CANDIDATO_ENG_REPETIDO,NO,NO_ASIGNADO
property-based testing,Property-Based Testing,Property-Based Testing,1,9,ENG,9,ENG-009;ENG-011;ENG-015;ENG-031;ENG-035;ENG-036;ENG-037;ENG-046;ENG-048,ENCABEZADO,0,CANDIDATO_ENG_REPETIDO,NO,NO_ASIGNADO
protocol,Protocol,Protocol,1,2,ENG,1,ENG-032,CODIGO_INLINE;DEFINICION_EXPLICITA,1,CANDIDATO_ENG_DEFINIDO,NO,NO_ASIGNADO
provenance,Provenance,Provenance,1,8,ENG,8,ENG-012;ENG-017;ENG-020;ENG-049;ENG-063;ENG-079;ENG-093;ENG-094,ENCABEZADO,0,CANDIDATO_ENG_REPETIDO,NO,NO_ASIGNADO
provider,Provider,/Providers; Provider; Providers; providers,4,10,ENG,6,ENG-002;ENG-003;ENG-005;ENG-006;ENG-019;ENG-020,CODIGO_INLINE;ENCABEZADO;TERMINO_DESTACADO,0,CANDIDATO_ENG_REPETIDO,NO,NO_ASIGNADO
provider registration,Provider Registration,Provider Registration,1,4,ENG,4,ENG-018;ENG-022;ENG-028;ENG-058,ENCABEZADO,0,CANDIDATO_ENG_REPETIDO,NO,NO_ASIGNADO
prueba,Pruebas,Pruebas,1,3,ARQ;ENG,3,ARQ-004;ENG-000;ENG-002,ENCABEZADO;TABLA_COLUMNA_PRINCIPAL,0,CANDIDATO_CON_AUTORIDAD,NO,NO_ASIGNADO
public,Public,PUBLIC; Public,2,4,ENG,4,ENG-001;ENG-020;ENG-081;ENG-091,CODIGO_INLINE;ENCABEZADO;TABLA_COLUMNA_PRINCIPAL,0,CANDIDATO_ENG_REPETIDO,NO,NO_ASIGNADO
public surface,Public Surface,Public Surface,1,3,ENG,2,ENG-014;ENG-028,CODIGO_INLINE;ENCABEZADO,0,CANDIDATO_ENG_REPETIDO,NO,NO_ASIGNADO
publication,Publication,Publication,1,4,ENG,2,ENG-017;ENG-086,DEFINICION_EXPLICITA;ENCABEZADO,2,CANDIDATO_ENG_DEFINIDO,NO,NO_ASIGNADO
published,Published,Published,1,6,ENG,3,ENG-015;ENG-017;ENG-049,CODIGO_INLINE;DEFINICION_EXPLICITA;ENCABEZADO;TABLA_COLUMNA_PRINCIPAL,1,CANDIDATO_ENG_DEFINIDO,NO,NO_ASIGNADO
punto de extension,Puntos de extensión,Puntos de extensión,1,1,ARQ,1,ARQ-004,ENCABEZADO,0,CANDIDATO_CON_AUTORIDAD,NO,NO_ASIGNADO
purpose limitation,Purpose Limitation,Purpose Limitation,1,3,ENG,3,ENG-081;ENG-082;ENG-092,ENCABEZADO,0,CANDIDATO_ENG_REPETIDO,NO,NO_ASIGNADO
quality drift,Quality Drift,Quality Drift; quality:drift,2,3,ENG,1,ENG-080,ENCABEZADO,0,CANDIDATO_ENG_REPETIDO,NO,NO_ASIGNADO
quality gate,Quality Gate,Quality Gate; Quality Gates; quality:gate,3,8,ENG,6,ENG-009;ENG-012;ENG-021;ENG-022;ENG-023;ENG-080,ENCABEZADO,0,CANDIDATO_ENG_REPETIDO,NO,NO_ASIGNADO
quality score,Quality Score,Quality Score; quality:score,2,3,ENG,1,ENG-080,ENCABEZADO,0,CANDIDATO_ENG_REPETIDO,NO,NO_ASIGNADO
quarantine,Quarantine,Quarantine,1,3,ENG,3,ENG-064;ENG-080;ENG-085,ENCABEZADO,0,CANDIDATO_ENG_REPETIDO,NO,NO_ASIGNADO
quarantine test,Quarantine Test,Quarantine Test,1,3,ENG,3,ENG-060;ENG-064;ENG-080,ENCABEZADO,0,CANDIDATO_ENG_REPETIDO,NO,NO_ASIGNADO
que,qué,qué,1,1,ARQ,1,ARQ-011,TERMINO_DESTACADO,0,CANDIDATO_CON_AUTORIDAD,NO,NO_ASIGNADO
que es mef,¿Qué es MEF?,¿Qué es MEF?,1,1,FND,1,FND-000,ENCABEZADO,0,CANDIDATO_CON_AUTORIDAD,NO,NO_ASIGNADO
que necesitan,qué necesitan,qué necesitan,1,1,ARQ,1,ARQ-012,TERMINO_DESTACADO,0,CANDIDATO_CON_AUTORIDAD,NO,NO_ASIGNADO
query,Queries,Queries; Query,2,7,ENG,5,ENG-002;ENG-005;ENG-018;ENG-034;ENG-043,CODIGO_INLINE;ENCABEZADO,0,CANDIDATO_ENG_REPETIDO,NO,NO_ASIGNADO
query side effect,Query Side Effects,Query Side Effects,1,3,ENG,3,ENG-020;ENG-034;ENG-043,ENCABEZADO,0,CANDIDATO_ENG_REPETIDO,NO,NO_ASIGNADO
queue,Queue,QUEUE; Queue,2,4,ENG,2,ENG-040;ENG-041,CODIGO_INLINE;ENCABEZADO,0,CANDIDATO_ENG_REPETIDO,NO,NO_ASIGNADO
queue capacity,Queue Capacity,Queue Capacity,1,3,ENG,3,ENG-022;ENG-040;ENG-071,ENCABEZADO,0,CANDIDATO_ENG_REPETIDO,NO,NO_ASIGNADO
quota,Quota,Quota; Quotas,2,4,ENG,2,ENG-044;ENG-061,CODIGO_INLINE;DEFINICION_EXPLICITA;ENCABEZADO,1,CANDIDATO_ENG_DEFINIDO,NO,NO_ASIGNADO
race condition,Race Condition,Race Condition; Race Conditions,2,6,ENG,5,ENG-023;ENG-024;ENG-026;ENG-036;ENG-038,CODIGO_INLINE;ENCABEZADO,0,CANDIDATO_ENG_REPETIDO,NO,NO_ASIGNADO
randomness,Randomness,Randomness,1,3,ENG,3,ENG-009;ENG-024;ENG-034,ENCABEZADO,0,CANDIDATO_ENG_REPETIDO,NO,NO_ASIGNADO
rate limiting,Rate Limiting,Rate Limiting,1,10,ENG,10,ENG-010;ENG-022;ENG-024;ENG-026;ENG-032;ENG-037;ENG-040;ENG-044;ENG-069;ENG-071,DEFINICION_EXPLICITA;ENCABEZADO,1,CANDIDATO_ENG_DEFINIDO,NO,NO_ASIGNADO
read model,Read Model,Read Model; Read Models,2,5,ENG,4,ENG-030;ENG-034;ENG-035;ENG-043,CODIGO_INLINE;ENCABEZADO,0,CANDIDATO_ENG_REPETIDO,NO,NO_ASIGNADO
readiness,Readiness,Readiness,1,15,ENG,14,ENG-015;ENG-025;ENG-027;ENG-039;ENG-049;ENG-050;ENG-051;ENG-052;ENG-053;ENG-054;ENG-055;ENG-061;ENG-067;ENG-069,DEFINICION_EXPLICITA;ENCABEZADO,1,CANDIDATO_ENG_DEFINIDO,NO,NO_ASIGNADO
readiness gate,Readiness Gate,Readiness Gate,1,4,ENG,4,ENG-066;ENG-067;ENG-068;ENG-069,ENCABEZADO,0,CANDIDATO_ENG_REPETIDO,NO,NO_ASIGNADO
readiness test,Readiness Test,Readiness Test,1,5,ENG,5,ENG-027;ENG-055;ENG-067;ENG-068;ENG-069,ENCABEZADO,0,CANDIDATO_ENG_REPETIDO,NO,NO_ASIGNADO
ready,Ready,Ready,1,4,ENG,4,ENG-027;ENG-055;ENG-068;ENG-069,ENCABEZADO,0,CANDIDATO_ENG_REPETIDO,NO,NO_ASIGNADO
recipient,Recipient,Recipient,1,3,ENG,2,ENG-082;ENG-087,CODIGO_INLINE;DEFINICION_EXPLICITA;ENCABEZADO,1,CANDIDATO_ENG_DEFINIDO,NO,NO_ASIGNADO
reconciliation,Reconciliation,Reconciliation,1,6,ENG,6,ENG-015;ENG-052;ENG-061;ENG-065;ENG-067;ENG-079,ENCABEZADO,0,CANDIDATO_ENG_REPETIDO,NO,NO_ASIGNADO
reconciliation test,Reconciliation Test,Reconciliation Test,1,4,ENG,4,ENG-047;ENG-053;ENG-067;ENG-079,ENCABEZADO,0,CANDIDATO_ENG_REPETIDO,NO,NO_ASIGNADO
recoverability,Recoverability,Recoverability,1,5,ENG,2,ENG-023;ENG-076,CODIGO_INLINE;DEFINICION_EXPLICITA;ENCABEZADO,2,CANDIDATO_ENG_DEFINIDO,NO,NO_ASIGNADO
recoverability engineering,Recoverability Engineering,Recoverability Engineering,1,3,ENG,1,ENG-076,ENCABEZADO;TERMINO_DESTACADO,0,CANDIDATO_ENG_REPETIDO,NO,NO_ASIGNADO
recovery,Recovery,Recovery,1,6,ENG,6,ENG-015;ENG-027;ENG-037;ENG-039;ENG-064;ENG-100,ENCABEZADO,0,CANDIDATO_ENG_REPETIDO,NO,NO_ASIGNADO
recovery idempotency,Recovery Idempotency,Recovery Idempotency,1,3,ENG,3,ENG-040;ENG-053;ENG-054,ENCABEZADO,0,CANDIDATO_ENG_REPETIDO,NO,NO_ASIGNADO
recovery strategy,Recovery Strategy,Recovery Strategies; Recovery Strategy,2,3,ENG,3,ENG-053;ENG-054;ENG-064,ENCABEZADO,0,CANDIDATO_ENG_REPETIDO,NO,NO_ASIGNADO
recovery test,Recovery Test,Recovery Test,1,9,ENG,9,ENG-039;ENG-045;ENG-052;ENG-053;ENG-054;ENG-064;ENG-065;ENG-066;ENG-067,ENCABEZADO,0,CANDIDATO_ENG_REPETIDO,NO,NO_ASIGNADO
redundancy,Redundancy,Redundancy,1,2,ENG,1,ENG-073,DEFINICION_EXPLICITA;ENCABEZADO,1,CANDIDATO_ENG_DEFINIDO,NO,NO_ASIGNADO
refactoring,Refactoring,Refactoring,1,3,ENG,2,ENG-035;ENG-075,DEFINICION_EXPLICITA;ENCABEZADO,1,CANDIDATO_ENG_DEFINIDO,NO,NO_ASIGNADO
referential integrity,Referential Integrity,Referential Integrity,1,3,ENG,3,ENG-020;ENG-030;ENG-079,ENCABEZADO,0,CANDIDATO_ENG_REPETIDO,NO,NO_ASIGNADO
registration,Registration,Registration,1,4,ENG,4,ENG-013;ENG-020;ENG-022;ENG-055,ENCABEZADO,0,CANDIDATO_ENG_REPETIDO,NO,NO_ASIGNADO
registration phase,Registration Phase,Registration Phase,1,3,ENG,3,ENG-018;ENG-019;ENG-020,ENCABEZADO,0,CANDIDATO_ENG_REPETIDO,NO,NO_ASIGNADO
registry,Registry,Registry,1,7,ENG,4,ENG-017;ENG-020;ENG-040;ENG-046,DEFINICION_EXPLICITA;ENCABEZADO;TERMINO_DESTACADO,3,CANDIDATO_ENG_DEFINIDO,NO,NO_ASIGNADO
registry entry,Registry Entry,Registry Entry,1,3,ENG,2,ENG-020;ENG-039,CODIGO_INLINE;ENCABEZADO,0,CANDIDATO_ENG_REPETIDO,NO,NO_ASIGNADO
registry freeze,Registry Freeze,Registry Freeze,1,3,ENG,3,ENG-024;ENG-025;ENG-027,ENCABEZADO,0,CANDIDATO_ENG_REPETIDO,NO,NO_ASIGNADO
registry graph,registry graph,Registry Graph; registry graph,2,3,ENG,1,ENG-020,CODIGO_INLINE;ENCABEZADO,0,CANDIDATO_ENG_REPETIDO,NO,NO_ASIGNADO
registry integration,Registry Integration,Registry Integration,1,58,ENG,55,ENG-019;ENG-021;ENG-022;ENG-025;ENG-028;ENG-029;ENG-030;ENG-031;ENG-032;ENG-042;ENG-043;ENG-045;ENG-046;ENG-047;ENG-048;ENG-049;ENG-050;ENG-051;ENG-052;ENG-053;ENG-054;ENG-055;ENG-056;ENG-057;ENG-058;ENG-059;ENG-060;ENG-061;ENG-062;ENG-063;ENG-064;ENG-065;ENG-066;ENG-067;ENG-069;ENG-070;ENG-071;ENG-072;ENG-073;ENG-074;ENG-075;ENG-076;ENG-077;ENG-078;ENG-079;ENG-080;ENG-081;ENG-082;ENG-083;ENG-088;ENG-090;ENG-091;ENG-092;ENG-093;ENG-094,ENCABEZADO,0,CANDIDATO_ENG_REPETIDO,NO,NO_ASIGNADO
regla de diseno,Reglas de Diseño,Reglas de Diseño,1,1,ARQ,1,ARQ-011,ENCABEZADO,0,CANDIDATO_CON_AUTORIDAD,NO,NO_ASIGNADO
regression exampl,Regression Examples,Regression Examples,1,3,ENG,3,ENG-075;ENG-078;ENG-080,ENCABEZADO,0,CANDIDATO_ENG_REPETIDO,NO,NO_ASIGNADO
regression test,Regression Test,Regression Test,1,3,ENG,3,ENG-036;ENG-070;ENG-083,ENCABEZADO,0,CANDIDATO_ENG_REPETIDO,NO,NO_ASIGNADO
rejected,Rejected,REJECTED; Rejected,2,3,ENG,2,ENG-017;ENG-084,CODIGO_INLINE;ENCABEZADO,0,CANDIDATO_ENG_REPETIDO,NO,NO_ASIGNADO
relacion con cli,Relación con CLI,Relación con CLI,1,3,ENG,3,ENG-005;ENG-006;ENG-008,ENCABEZADO,0,CANDIDATO_ENG_REPETIDO,NO,NO_ASIGNADO
relacion con eng-003,Relación con ENG-003,Relación con ENG-003,1,3,ENG,3,ENG-002;ENG-028;ENG-031,ENCABEZADO,0,CANDIDATO_ENG_REPETIDO,NO,NO_ASIGNADO
relacion con eng-011,Relación con ENG-011,Relación con ENG-011,1,3,ENG,3,ENG-031;ENG-036;ENG-049,ENCABEZADO,0,CANDIDATO_ENG_REPETIDO,NO,NO_ASIGNADO
relacion con eng-013,Relación con ENG-013,Relación con ENG-013,1,3,ENG,3,ENG-008;ENG-024;ENG-028,ENCABEZADO,0,CANDIDATO_ENG_REPETIDO,NO,NO_ASIGNADO
relacion con eng-015,Relación con ENG-015,Relación con ENG-015,1,8,ENG,8,ENG-024;ENG-025;ENG-027;ENG-028;ENG-035;ENG-052;ENG-053;ENG-055,ENCABEZADO,0,CANDIDATO_ENG_REPETIDO,NO,NO_ASIGNADO
relacion con eng-016,Relación con ENG-016,Relación con ENG-016,1,7,ENG,7,ENG-031;ENG-036;ENG-038;ENG-040;ENG-044;ENG-045;ENG-062,ENCABEZADO,0,CANDIDATO_ENG_REPETIDO,NO,NO_ASIGNADO
relacion con eng-017,Relación con ENG-017,Relación con ENG-017,1,5,ENG,5,ENG-024;ENG-044;ENG-045;ENG-066;ENG-067,ENCABEZADO,0,CANDIDATO_ENG_REPETIDO,NO,NO_ASIGNADO
relacion con eng-018,Relación con ENG-018,Relación con ENG-018,1,15,ENG,15,ENG-019;ENG-021;ENG-022;ENG-023;ENG-024;ENG-025;ENG-026;ENG-027;ENG-028;ENG-030;ENG-034;ENG-035;ENG-037;ENG-059;ENG-075,ENCABEZADO,0,CANDIDATO_ENG_REPETIDO,NO,NO_ASIGNADO
relacion con eng-019,Relación con ENG-019,Relación con ENG-019,1,18,ENG,18,ENG-018;ENG-020;ENG-021;ENG-022;ENG-023;ENG-024;ENG-025;ENG-026;ENG-027;ENG-028;ENG-029;ENG-030;ENG-032;ENG-034;ENG-035;ENG-037;ENG-059;ENG-075,ENCABEZADO,0,CANDIDATO_ENG_REPETIDO,NO,NO_ASIGNADO
relacion con eng-020,Relación con ENG-020,Relación con ENG-020,1,20,ENG,20,ENG-018;ENG-019;ENG-021;ENG-022;ENG-023;ENG-024;ENG-025;ENG-026;ENG-027;ENG-028;ENG-029;ENG-030;ENG-031;ENG-032;ENG-034;ENG-035;ENG-037;ENG-049;ENG-057;ENG-075,ENCABEZADO,0,CANDIDATO_ENG_REPETIDO,NO,NO_ASIGNADO
relacion con eng-021,Relación con ENG-021,Relación con ENG-021,1,22,ENG,22,ENG-018;ENG-019;ENG-020;ENG-022;ENG-023;ENG-024;ENG-025;ENG-026;ENG-027;ENG-028;ENG-029;ENG-030;ENG-031;ENG-032;ENG-034;ENG-035;ENG-036;ENG-037;ENG-038;ENG-040;ENG-057;ENG-062,ENCABEZADO,0,CANDIDATO_ENG_REPETIDO,NO,NO_ASIGNADO
relacion con eng-022,Relación con ENG-022,Relación con ENG-022,1,19,ENG,19,ENG-019;ENG-020;ENG-021;ENG-023;ENG-024;ENG-025;ENG-026;ENG-027;ENG-028;ENG-029;ENG-030;ENG-031;ENG-032;ENG-034;ENG-035;ENG-038;ENG-040;ENG-041;ENG-042,ENCABEZADO,0,CANDIDATO_ENG_REPETIDO,NO,NO_ASIGNADO
relacion con eng-023,Relación con ENG-023,Relación con ENG-023,1,17,ENG,17,ENG-021;ENG-022;ENG-024;ENG-025;ENG-026;ENG-027;ENG-030;ENG-031;ENG-032;ENG-034;ENG-035;ENG-036;ENG-037;ENG-038;ENG-039;ENG-040;ENG-075,ENCABEZADO,0,CANDIDATO_ENG_REPETIDO,NO,NO_ASIGNADO
relacion con eng-024,Relación con ENG-024,Relación con ENG-024,1,30,ENG,30,ENG-021;ENG-022;ENG-023;ENG-025;ENG-026;ENG-027;ENG-028;ENG-029;ENG-030;ENG-031;ENG-032;ENG-034;ENG-035;ENG-036;ENG-037;ENG-038;ENG-039;ENG-040;ENG-042;ENG-043;ENG-044;ENG-045;ENG-046;ENG-047;ENG-048;ENG-049;ENG-060;ENG-081;ENG-082;ENG-083,ENCABEZADO,0,CANDIDATO_ENG_REPETIDO,NO,NO_ASIGNADO
relacion con eng-025,Relación con ENG-025,Relación con ENG-025,1,23,ENG,23,ENG-026;ENG-027;ENG-028;ENG-030;ENG-031;ENG-032;ENG-034;ENG-035;ENG-037;ENG-038;ENG-039;ENG-040;ENG-042;ENG-043;ENG-044;ENG-046;ENG-048;ENG-050;ENG-056;ENG-057;ENG-069;ENG-070;ENG-075,ENCABEZADO,0,CANDIDATO_ENG_REPETIDO,NO,NO_ASIGNADO
relacion con eng-026,Relación con ENG-026,Relación con ENG-026,1,14,ENG,14,ENG-025;ENG-027;ENG-028;ENG-030;ENG-031;ENG-032;ENG-034;ENG-035;ENG-037;ENG-038;ENG-039;ENG-040;ENG-043;ENG-044,ENCABEZADO,0,CANDIDATO_ENG_REPETIDO,NO,NO_ASIGNADO
relacion con eng-027,Relación con ENG-027,Relación con ENG-027,1,23,ENG,23,ENG-019;ENG-020;ENG-021;ENG-022;ENG-023;ENG-024;ENG-025;ENG-026;ENG-028;ENG-029;ENG-030;ENG-031;ENG-032;ENG-034;ENG-035;ENG-037;ENG-038;ENG-039;ENG-040;ENG-042;ENG-049;ENG-055;ENG-056,ENCABEZADO,0,CANDIDATO_ENG_REPETIDO,NO,NO_ASIGNADO
relacion con eng-028,Relación con ENG-028,Relación con ENG-028,1,16,ENG,16,ENG-029;ENG-030;ENG-031;ENG-032;ENG-034;ENG-035;ENG-036;ENG-037;ENG-038;ENG-040;ENG-043;ENG-049;ENG-055;ENG-057;ENG-066;ENG-075,ENCABEZADO,0,CANDIDATO_ENG_REPETIDO,NO,NO_ASIGNADO
relacion con eng-029,Relación con ENG-029,Relación con ENG-029,1,3,ENG,3,ENG-030;ENG-031;ENG-032,ENCABEZADO,0,CANDIDATO_ENG_REPETIDO,NO,NO_ASIGNADO
relacion con eng-030,Relación con ENG-030,Relación con ENG-030,1,13,ENG,13,ENG-031;ENG-032;ENG-034;ENG-035;ENG-036;ENG-037;ENG-038;ENG-039;ENG-040;ENG-041;ENG-042;ENG-043;ENG-077,ENCABEZADO,0,CANDIDATO_ENG_REPETIDO,NO,NO_ASIGNADO
relacion con eng-031,Relación con ENG-031,Relación con ENG-031,1,12,ENG,12,ENG-032;ENG-035;ENG-036;ENG-037;ENG-040;ENG-041;ENG-044;ENG-045;ENG-057;ENG-061;ENG-062;ENG-063,ENCABEZADO,0,CANDIDATO_ENG_REPETIDO,NO,NO_ASIGNADO
relacion con eng-032,Relación con ENG-032,Relación con ENG-032,1,10,ENG,10,ENG-034;ENG-035;ENG-036;ENG-038;ENG-039;ENG-040;ENG-041;ENG-044;ENG-045;ENG-061,ENCABEZADO,0,CANDIDATO_ENG_REPETIDO,NO,NO_ASIGNADO
relacion con eng-033,Relación con ENG-033,Relación con ENG-033,1,4,ENG,4,ENG-034;ENG-035;ENG-036;ENG-044,ENCABEZADO,0,CANDIDATO_ENG_REPETIDO,NO,NO_ASIGNADO
relacion con eng-034,Relación con ENG-034,Relación con ENG-034,1,14,ENG,14,ENG-035;ENG-036;ENG-037;ENG-038;ENG-039;ENG-040;ENG-041;ENG-042;ENG-043;ENG-044;ENG-045;ENG-046;ENG-047;ENG-049,ENCABEZADO,0,CANDIDATO_ENG_REPETIDO,NO,NO_ASIGNADO
relacion con eng-035,Relación con ENG-035,Relación con ENG-035,1,15,ENG,15,ENG-034;ENG-036;ENG-037;ENG-038;ENG-039;ENG-040;ENG-041;ENG-042;ENG-043;ENG-044;ENG-045;ENG-046;ENG-049;ENG-051;ENG-079,ENCABEZADO,0,CANDIDATO_ENG_REPETIDO,NO,NO_ASIGNADO
relacion con eng-036,Relación con ENG-036,Relación con ENG-036,1,13,ENG,13,ENG-035;ENG-037;ENG-038;ENG-040;ENG-043;ENG-044;ENG-045;ENG-049;ENG-057;ENG-062;ENG-063;ENG-079;ENG-080,ENCABEZADO,0,CANDIDATO_ENG_REPETIDO,NO,NO_ASIGNADO
relacion con eng-037,Relación con ENG-037,Relación con ENG-037,1,13,ENG,13,ENG-036;ENG-038;ENG-039;ENG-040;ENG-043;ENG-044;ENG-045;ENG-046;ENG-047;ENG-048;ENG-049;ENG-053;ENG-070,ENCABEZADO,0,CANDIDATO_ENG_REPETIDO,NO,NO_ASIGNADO
relacion con eng-038,Relación con ENG-038,Relación con ENG-038,1,18,ENG,18,ENG-037;ENG-039;ENG-040;ENG-041;ENG-042;ENG-043;ENG-044;ENG-045;ENG-046;ENG-047;ENG-048;ENG-049;ENG-053;ENG-054;ENG-056;ENG-070;ENG-072;ENG-078,ENCABEZADO,0,CANDIDATO_ENG_REPETIDO,NO,NO_ASIGNADO
relacion con eng-039,Relación con ENG-039,Relación con ENG-039,1,17,ENG,17,ENG-038;ENG-040;ENG-041;ENG-042;ENG-043;ENG-044;ENG-045;ENG-046;ENG-047;ENG-049;ENG-052;ENG-054;ENG-061;ENG-069;ENG-070;ENG-073;ENG-074,ENCABEZADO,0,CANDIDATO_ENG_REPETIDO,NO,NO_ASIGNADO
relacion con eng-040,Relación con ENG-040,Relación con ENG-040,1,13,ENG,13,ENG-039;ENG-041;ENG-042;ENG-043;ENG-044;ENG-045;ENG-047;ENG-048;ENG-049;ENG-052;ENG-054;ENG-056;ENG-064,ENCABEZADO,0,CANDIDATO_ENG_REPETIDO,NO,NO_ASIGNADO
relacion con eng-041,Relación con ENG-041,Relación con ENG-041,1,15,ENG,15,ENG-040;ENG-042;ENG-043;ENG-044;ENG-045;ENG-046;ENG-047;ENG-048;ENG-049;ENG-052;ENG-056;ENG-062;ENG-064;ENG-077;ENG-078,ENCABEZADO,0,CANDIDATO_ENG_REPETIDO,NO,NO_ASIGNADO
relacion con eng-042,Relación con ENG-042,Relación con ENG-042,1,15,ENG,15,ENG-041;ENG-043;ENG-044;ENG-045;ENG-046;ENG-047;ENG-048;ENG-049;ENG-052;ENG-054;ENG-064;ENG-065;ENG-077;ENG-078;ENG-079,ENCABEZADO,0,CANDIDATO_ENG_REPETIDO,NO,NO_ASIGNADO
relacion con eng-043,Relación con ENG-043,Relación con ENG-043,1,12,ENG,12,ENG-042;ENG-044;ENG-045;ENG-046;ENG-047;ENG-048;ENG-049;ENG-063;ENG-070;ENG-077;ENG-078;ENG-079,ENCABEZADO,0,CANDIDATO_ENG_REPETIDO,NO,NO_ASIGNADO
relacion con eng-044,Relación con ENG-044,Relación con ENG-044,1,8,ENG,8,ENG-043;ENG-045;ENG-046;ENG-048;ENG-049;ENG-061;ENG-062;ENG-063,ENCABEZADO,0,CANDIDATO_ENG_REPETIDO,NO,NO_ASIGNADO
relacion con eng-045,Relación con ENG-045,Relación con ENG-045,1,6,ENG,6,ENG-044;ENG-046;ENG-047;ENG-048;ENG-049;ENG-056,ENCABEZADO,0,CANDIDATO_ENG_REPETIDO,NO,NO_ASIGNADO
relacion con eng-046,Relación con ENG-046,Relación con ENG-046,1,7,ENG,7,ENG-045;ENG-047;ENG-048;ENG-049;ENG-050;ENG-051;ENG-056,ENCABEZADO,0,CANDIDATO_ENG_REPETIDO,NO,NO_ASIGNADO
relacion con eng-047,Relación con ENG-047,Relación con ENG-047,1,5,ENG,5,ENG-046;ENG-048;ENG-049;ENG-056;ENG-061,ENCABEZADO,0,CANDIDATO_ENG_REPETIDO,NO,NO_ASIGNADO
relacion con eng-048,Relación con ENG-048,Relación con ENG-048,1,13,ENG,13,ENG-047;ENG-049;ENG-050;ENG-051;ENG-052;ENG-053;ENG-054;ENG-056;ENG-059;ENG-061;ENG-072;ENG-081;ENG-082,ENCABEZADO,0,CANDIDATO_ENG_REPETIDO,NO,NO_ASIGNADO
relacion con eng-049,Relación con ENG-049,Relación con ENG-049,1,7,ENG,7,ENG-048;ENG-050;ENG-051;ENG-057;ENG-062;ENG-068;ENG-075,ENCABEZADO,0,CANDIDATO_ENG_REPETIDO,NO,NO_ASIGNADO
relacion con eng-050,Relación con ENG-050,Relación con ENG-050,1,6,ENG,6,ENG-049;ENG-051;ENG-057;ENG-059;ENG-065;ENG-066,ENCABEZADO,0,CANDIDATO_ENG_REPETIDO,NO,NO_ASIGNADO
relacion con eng-051,Relación con ENG-051,Relación con ENG-051,1,7,ENG,7,ENG-050;ENG-052;ENG-057;ENG-059;ENG-081;ENG-082;ENG-083,ENCABEZADO,0,CANDIDATO_ENG_REPETIDO,NO,NO_ASIGNADO
relacion con eng-052,Relación con ENG-052,Relación con ENG-052,1,4,ENG,4,ENG-051;ENG-053;ENG-054;ENG-056,ENCABEZADO,0,CANDIDATO_ENG_REPETIDO,NO,NO_ASIGNADO
relacion con eng-053,Relación con ENG-053,Relación con ENG-053,1,9,ENG,9,ENG-052;ENG-054;ENG-055;ENG-056;ENG-057;ENG-064;ENG-072;ENG-077;ENG-078,ENCABEZADO,0,CANDIDATO_ENG_REPETIDO,NO,NO_ASIGNADO
relacion con eng-054,Relación con ENG-054,Relación con ENG-054,1,9,ENG,9,ENG-053;ENG-055;ENG-056;ENG-064;ENG-068;ENG-069;ENG-070;ENG-071;ENG-072,ENCABEZADO,0,CANDIDATO_ENG_REPETIDO,NO,NO_ASIGNADO
relacion con eng-055,Relación con ENG-055,Relación con ENG-055,1,10,ENG,10,ENG-054;ENG-056;ENG-060;ENG-064;ENG-065;ENG-066;ENG-067;ENG-068;ENG-069;ENG-100,ENCABEZADO,0,CANDIDATO_ENG_REPETIDO,NO,NO_ASIGNADO
relacion con eng-056,Relación con ENG-056,Relación con ENG-056,1,5,ENG,5,ENG-055;ENG-057;ENG-059;ENG-061;ENG-064,ENCABEZADO,0,CANDIDATO_ENG_REPETIDO,NO,NO_ASIGNADO
relacion con eng-057,Relación con ENG-057,Relación con ENG-057,1,10,ENG,10,ENG-056;ENG-058;ENG-059;ENG-061;ENG-062;ENG-063;ENG-075;ENG-080;ENG-081;ENG-083,ENCABEZADO,0,CANDIDATO_ENG_REPETIDO,NO,NO_ASIGNADO
relacion con eng-058,Relación con ENG-058,Relación con ENG-058,1,5,ENG,5,ENG-057;ENG-059;ENG-060;ENG-062;ENG-081,ENCABEZADO,0,CANDIDATO_ENG_REPETIDO,NO,NO_ASIGNADO
relacion con eng-059,Relación con ENG-059,Relación con ENG-059,1,3,ENG,3,ENG-058;ENG-060;ENG-062,ENCABEZADO,0,CANDIDATO_ENG_REPETIDO,NO,NO_ASIGNADO
relacion con eng-060,Relación con ENG-060,Relación con ENG-060,1,6,ENG,6,ENG-059;ENG-061;ENG-062;ENG-063;ENG-065;ENG-066,ENCABEZADO,0,CANDIDATO_ENG_REPETIDO,NO,NO_ASIGNADO
relacion con eng-061,Relación con ENG-061,Relación con ENG-061,1,3,ENG,3,ENG-060;ENG-062;ENG-063,ENCABEZADO,0,CANDIDATO_ENG_REPETIDO,NO,NO_ASIGNADO
relacion con eng-062,Relación con ENG-062,Relación con ENG-062,1,7,ENG,7,ENG-061;ENG-063;ENG-064;ENG-065;ENG-079;ENG-080;ENG-082,ENCABEZADO,0,CANDIDATO_ENG_REPETIDO,NO,NO_ASIGNADO
relacion con eng-063,Relación con ENG-063,Relación con ENG-063,1,7,ENG,7,ENG-062;ENG-064;ENG-065;ENG-079;ENG-080;ENG-081;ENG-082,ENCABEZADO,0,CANDIDATO_ENG_REPETIDO,NO,NO_ASIGNADO
relacion con eng-064,Relación con ENG-064,Relación con ENG-064,1,9,ENG,9,ENG-063;ENG-065;ENG-071;ENG-072;ENG-077;ENG-078;ENG-080;ENG-081;ENG-082,ENCABEZADO,0,CANDIDATO_ENG_REPETIDO,NO,NO_ASIGNADO
relacion con eng-065,Relación con ENG-065,Relación con ENG-065,1,11,ENG,11,ENG-064;ENG-066;ENG-067;ENG-068;ENG-071;ENG-076;ENG-078;ENG-079;ENG-080;ENG-081;ENG-082,ENCABEZADO,0,CANDIDATO_ENG_REPETIDO,NO,NO_ASIGNADO
relacion con eng-066,Relación con ENG-066,Relación con ENG-066,1,5,ENG,5,ENG-065;ENG-067;ENG-068;ENG-071;ENG-076,ENCABEZADO,0,CANDIDATO_ENG_REPETIDO,NO,NO_ASIGNADO
relacion con eng-067,Relación con ENG-067,Relación con ENG-067,1,7,ENG,7,ENG-066;ENG-068;ENG-069;ENG-071;ENG-073;ENG-076;ENG-083,ENCABEZADO,0,CANDIDATO_ENG_REPETIDO,NO,NO_ASIGNADO
relacion con eng-068,Relación con ENG-068,Relación con ENG-068,1,4,ENG,4,ENG-067;ENG-069;ENG-073;ENG-076,ENCABEZADO,0,CANDIDATO_ENG_REPETIDO,NO,NO_ASIGNADO
relacion con eng-069,Relación con ENG-069,Relación con ENG-069,1,6,ENG,6,ENG-068;ENG-070;ENG-071;ENG-073;ENG-074;ENG-076,ENCABEZADO,0,CANDIDATO_ENG_REPETIDO,NO,NO_ASIGNADO
relacion con eng-070,Relación con ENG-070,Relación con ENG-070,1,6,ENG,6,ENG-026;ENG-069;ENG-071;ENG-072;ENG-074;ENG-077,ENCABEZADO,0,CANDIDATO_ENG_REPETIDO,NO,NO_ASIGNADO
relacion con eng-071,Relación con ENG-071,Relación con ENG-071,1,5,ENG,5,ENG-070;ENG-072;ENG-073;ENG-074;ENG-076,ENCABEZADO,0,CANDIDATO_ENG_REPETIDO,NO,NO_ASIGNADO
relacion con eng-072,Relación con ENG-072,Relación con ENG-072,1,3,ENG,3,ENG-071;ENG-073;ENG-074,ENCABEZADO,0,CANDIDATO_ENG_REPETIDO,NO,NO_ASIGNADO
relacion con eng-073,Relación con ENG-073,Relación con ENG-073,1,6,ENG,6,ENG-072;ENG-074;ENG-075;ENG-076;ENG-077;ENG-078,ENCABEZADO,0,CANDIDATO_ENG_REPETIDO,NO,NO_ASIGNADO
relacion con eng-074,Relación con ENG-074,Relación con ENG-074,1,4,ENG,4,ENG-073;ENG-075;ENG-076;ENG-077,ENCABEZADO,0,CANDIDATO_ENG_REPETIDO,NO,NO_ASIGNADO
relacion con eng-076,Relación con ENG-076,Relación con ENG-076,1,4,ENG,4,ENG-075;ENG-077;ENG-079;ENG-080,ENCABEZADO,0,CANDIDATO_ENG_REPETIDO,NO,NO_ASIGNADO
relacion con eng-077,Relación con ENG-077,Relación con ENG-077,1,3,ENG,3,ENG-076;ENG-078;ENG-079,ENCABEZADO,0,CANDIDATO_ENG_REPETIDO,NO,NO_ASIGNADO
relacion con eng-078,Relación con ENG-078,Relación con ENG-078,1,3,ENG,3,ENG-077;ENG-079;ENG-080,ENCABEZADO,0,CANDIDATO_ENG_REPETIDO,NO,NO_ASIGNADO
relacion con eng-079,Relación con ENG-079,Relación con ENG-079,1,5,ENG,5,ENG-078;ENG-080;ENG-081;ENG-082;ENG-085,ENCABEZADO,0,CANDIDATO_ENG_REPETIDO,NO,NO_ASIGNADO
relacion con eng-080,Relación con ENG-080,Relación con ENG-080,1,6,ENG,6,ENG-079;ENG-081;ENG-082;ENG-084;ENG-085;ENG-086,ENCABEZADO,0,CANDIDATO_ENG_REPETIDO,NO,NO_ASIGNADO
relacion con eng-081,Relación con ENG-081,Relación con ENG-081,1,5,ENG,5,ENG-080;ENG-082;ENG-083;ENG-084;ENG-085,ENCABEZADO,0,CANDIDATO_ENG_REPETIDO,NO,NO_ASIGNADO
relacion con eng-082,Relación con ENG-082,Relación con ENG-082,1,4,ENG,4,ENG-081;ENG-083;ENG-084;ENG-085,ENCABEZADO,0,CANDIDATO_ENG_REPETIDO,NO,NO_ASIGNADO
relacion con eng-086,Relación con ENG-086,Relación con ENG-086,1,3,ENG,3,ENG-085;ENG-087;ENG-088,ENCABEZADO,0,CANDIDATO_ENG_REPETIDO,NO,NO_ASIGNADO
relacion con la vision,Relación con la Visión,Relación con la Visión,1,1,FND,1,FND-002,ENCABEZADO,0,CANDIDATO_CON_AUTORIDAD,NO,NO_ASIGNADO
relacion con otro component,Relación con otros componentes,Relación con otros Componentes; Relación con otros componentes,2,6,ARQ,6,ARQ-004;ARQ-010;ARQ-011;ARQ-012;ARQ-013;ARQ-017,ENCABEZADO,0,CANDIDATO_CON_AUTORIDAD,NO,NO_ASIGNADO
release,Release,Release,1,4,ENG,3,ENG-017;ENG-035;ENG-036,CODIGO_INLINE;ENCABEZADO,0,CANDIDATO_ENG_REPETIDO,NO,NO_ASIGNADO
release artifact,Release Artifact,Release Artifact,1,3,ENG,3,ENG-017;ENG-024;ENG-030,ENCABEZADO,0,CANDIDATO_ENG_REPETIDO,NO,NO_ASIGNADO
release candidate,Release Candidate,Release Candidate,1,4,ENG,3,ENG-012;ENG-014;ENG-017,CODIGO_INLINE;ENCABEZADO,0,CANDIDATO_ENG_REPETIDO,NO,NO_ASIGNADO
release gate,Release Gate,Release Gate; Release Gates,2,4,ENG,4,ENG-016;ENG-017;ENG-026;ENG-027,ENCABEZADO,0,CANDIDATO_ENG_REPETIDO,NO,NO_ASIGNADO
release integration,Release Integration,Release Integration,1,16,ENG,16,ENG-013;ENG-014;ENG-016;ENG-018;ENG-019;ENG-020;ENG-021;ENG-022;ENG-024;ENG-028;ENG-029;ENG-030;ENG-031;ENG-032;ENG-034;ENG-044,ENCABEZADO,0,CANDIDATO_ENG_REPETIDO,NO,NO_ASIGNADO
release note,Release Notes,Release Notes,1,7,ENG,7,ENG-017;ENG-021;ENG-022;ENG-028;ENG-029;ENG-030;ENG-031,ENCABEZADO,0,CANDIDATO_ENG_REPETIDO,NO,NO_ASIGNADO
reliability,Reliability,Reliability,1,5,ENG,2,ENG-074;ENG-088,CODIGO_INLINE;DEFINICION_EXPLICITA;ENCABEZADO,2,CANDIDATO_ENG_DEFINIDO,NO,NO_ASIGNADO
reliability engineering,Reliability Engineering,Reliability Engineering,1,3,ENG,1,ENG-074,ENCABEZADO;TERMINO_DESTACADO,0,CANDIDATO_ENG_REPETIDO,NO,NO_ASIGNADO
remote failure,Remote Failure,Remote Failure,1,3,ENG,3,ENG-011;ENG-032;ENG-034,ENCABEZADO,0,CANDIDATO_ENG_REPETIDO,NO,NO_ASIGNADO
repair,Repair,Repair,1,3,ENG,3,ENG-013;ENG-015;ENG-075,ENCABEZADO,0,CANDIDATO_ENG_REPETIDO,NO,NO_ASIGNADO
replay test,Replay Test,Replay Test,1,4,ENG,4,ENG-022;ENG-040;ENG-041;ENG-064,ENCABEZADO,0,CANDIDATO_ENG_REPETIDO,NO,NO_ASIGNADO
replication,Replication,Replication,1,4,ENG,3,ENG-072;ENG-077;ENG-094,DEFINICION_EXPLICITA;ENCABEZADO,1,CANDIDATO_ENG_DEFINIDO,NO,NO_ASIGNADO
repository,Repository,Repositories; Repository,2,8,ENG,5,ENG-005;ENG-030;ENG-034;ENG-035;ENG-043,CODIGO_INLINE;DEFINICION_EXPLICITA;ENCABEZADO,2,CANDIDATO_ENG_DEFINIDO,NO,NO_ASIGNADO
repository contract,Repository Contract,Repository Contract,1,3,ENG,3,ENG-030;ENG-035;ENG-043,ENCABEZADO,0,CANDIDATO_ENG_REPETIDO,NO,NO_ASIGNADO
repository language,Repository Language,Repository Language,1,3,ENG,3,ENG-030;ENG-035;ENG-043,ENCABEZADO,0,CANDIDATO_ENG_REPETIDO,NO,NO_ASIGNADO
reproducibility,Reproducibility,Reproducibility,1,5,ENG,5,ENG-008;ENG-009;ENG-011;ENG-025;ENG-026,ENCABEZADO,0,CANDIDATO_ENG_REPETIDO,NO,NO_ASIGNADO
request,Request,Request,1,4,ENG,2,ENG-032;ENG-044,CODIGO_INLINE;ENCABEZADO,0,CANDIDATO_ENG_REPETIDO,NO,NO_ASIGNADO
required capability,Required Capability,Required Capability,1,3,ENG,3,ENG-028;ENG-061;ENG-068,ENCABEZADO,0,CANDIDATO_ENG_REPETIDO,NO,NO_ASIGNADO
required dependency,Required Dependency,Required Dependency,1,4,ENG,4,ENG-025;ENG-028;ENG-032;ENG-069,ENCABEZADO,0,CANDIDATO_ENG_REPETIDO,NO,NO_ASIGNADO
required field,Required Field,Required Field,1,5,ENG,5,ENG-016;ENG-022;ENG-031;ENG-044;ENG-062,ENCABEZADO,0,CANDIDATO_ENG_REPETIDO,NO,NO_ASIGNADO
required field addition,Required Field Addition,Required Field Addition,1,3,ENG,3,ENG-021;ENG-036;ENG-062,ENCABEZADO,0,CANDIDATO_ENG_REPETIDO,NO,NO_ASIGNADO
reserved namespace,Reserved Namespace,Reserved Namespace,1,5,ENG,5,ENG-011;ENG-025;ENG-057;ENG-060;ENG-062,ENCABEZADO,0,CANDIDATO_ENG_REPETIDO,NO,NO_ASIGNADO
resilience,Resilience,Resilience,1,7,ENG,4,ENG-039;ENG-040;ENG-041;ENG-069,CODIGO_INLINE;DEFINICION_EXPLICITA;ENCABEZADO,1,CANDIDATO_ENG_DEFINIDO,NO,NO_ASIGNADO
resilience engineering,Resilience Engineering,Resilience Engineering,1,3,ENG,2,ENG-038;ENG-039,ENCABEZADO;TERMINO_DESTACADO,0,CANDIDATO_ENG_REPETIDO,NO,NO_ASIGNADO
resilience integration,Resilience Integration,Resilience Integration,1,12,ENG,12,ENG-042;ENG-045;ENG-046;ENG-047;ENG-048;ENG-049;ENG-050;ENG-051;ENG-052;ENG-053;ENG-054;ENG-073,ENCABEZADO,0,CANDIDATO_ENG_REPETIDO,NO,NO_ASIGNADO
resolucion,Resolución,Resolución,1,2,ARQ,2,ARQ-011;ARQ-012,ENCABEZADO,0,CANDIDATO_CON_AUTORIDAD,NO,NO_ASIGNADO
resolution,Resolution,Resolution,1,5,ENG,3,ENG-018;ENG-019;ENG-059,CODIGO_INLINE;DEFINICION_EXPLICITA;ENCABEZADO,1,CANDIDATO_ENG_DEFINIDO,NO,NO_ASIGNADO
resolution context,Resolution Context,Resolution Context,1,3,ENG,2,ENG-018;ENG-059,ENCABEZADO,0,CANDIDATO_ENG_REPETIDO,NO,NO_ASIGNADO
resolution determinism,Resolution Determinism,Resolution Determinism,1,5,ENG,5,ENG-057;ENG-059;ENG-060;ENG-062;ENG-063,ENCABEZADO,0,CANDIDATO_ENG_REPETIDO,NO,NO_ASIGNADO
resolution engineering,Resolution Engineering,Resolution Engineering,1,4,ENG,2,ENG-058;ENG-059,ENCABEZADO;TERMINO_DESTACADO,0,CANDIDATO_ENG_REPETIDO,NO,NO_ASIGNADO
resolution input,Resolution Inputs,Resolution Input; Resolution Inputs,2,3,ENG,3,ENG-049;ENG-062;ENG-063,ENCABEZADO,0,CANDIDATO_ENG_REPETIDO,NO,NO_ASIGNADO
resolution path,Resolution Path,Resolution Path,1,3,ENG,3,ENG-018;ENG-019;ENG-026,ENCABEZADO,0,CANDIDATO_ENG_REPETIDO,NO,NO_ASIGNADO
resolution policy,Resolution Policy,Resolution Policy; Resolution ≠ Policy,2,3,ENG,2,ENG-059;ENG-078,ENCABEZADO,0,CANDIDATO_ENG_REPETIDO,NO,NO_ASIGNADO
resolution result,Resolution Result,Resolution Result,1,3,ENG,3,ENG-049;ENG-059;ENG-085,ENCABEZADO,0,CANDIDATO_ENG_REPETIDO,NO,NO_ASIGNADO
resolution test,Resolution Test,Resolution Test,1,3,ENG,3,ENG-057;ENG-060;ENG-062,ENCABEZADO,0,CANDIDATO_ENG_REPETIDO,NO,NO_ASIGNADO
resource,Resource,Resource,1,5,ENG,3,ENG-044;ENG-046;ENG-054,CODIGO_INLINE;ENCABEZADO,0,CANDIDATO_ENG_REPETIDO,NO,NO_ASIGNADO
resource capacity,Resource Capacity,Resource Capacity,1,3,ENG,3,ENG-054;ENG-068;ENG-071,ENCABEZADO,0,CANDIDATO_ENG_REPETIDO,NO,NO_ASIGNADO
resource cleanup,Resource Cleanup,Resource Cleanup,1,4,ENG,4,ENG-015;ENG-023;ENG-027;ENG-054,ENCABEZADO,0,CANDIDATO_ENG_REPETIDO,NO,NO_ASIGNADO
resource exhaustion,Resource Exhaustion,Resource Exhaustion,1,8,ENG,8,ENG-023;ENG-027;ENG-030;ENG-031;ENG-054;ENG-060;ENG-063;ENG-067,ENCABEZADO,0,CANDIDATO_ENG_REPETIDO,NO,NO_ASIGNADO
resource exhaustion attack,Resource Exhaustion Attack,Resource Exhaustion Attack,1,3,ENG,3,ENG-054;ENG-064;ENG-071,ENCABEZADO,0,CANDIDATO_ENG_REPETIDO,NO,NO_ASIGNADO
resource integration,Resource Integration,Resource Integration,1,3,ENG,3,ENG-055;ENG-065;ENG-068,ENCABEZADO,0,CANDIDATO_ENG_REPETIDO,NO,NO_ASIGNADO
resource limit,Resource Limits,Resource Limit; Resource Limits,2,3,ENG,3,ENG-024;ENG-054;ENG-067,ENCABEZADO,0,CANDIDATO_ENG_REPETIDO,NO,NO_ASIGNADO
resource management engineering,Resource Management Engineering,Resource Management Engineering,1,5,ENG,2,ENG-053;ENG-054,CODIGO_INLINE;ENCABEZADO;TERMINO_DESTACADO,0,CANDIDATO_ENG_REPETIDO,NO,NO_ASIGNADO
resource quota,Resource Quota,Resource Quota; resource:quota,2,3,ENG,2,ENG-054;ENG-068,ENCABEZADO,0,CANDIDATO_ENG_REPETIDO,NO,NO_ASIGNADO
resource usage,Resource Usage,Resource Usage; resource:usage,2,3,ENG,2,ENG-054;ENG-060,ENCABEZADO,0,CANDIDATO_ENG_REPETIDO,NO,NO_ASIGNADO
response,Response,Response,1,4,ENG,2,ENG-032;ENG-044,CODIGO_INLINE;ENCABEZADO,0,CANDIDATO_ENG_REPETIDO,NO,NO_ASIGNADO
restart required,Restart Required,Restart Required,1,3,ENG,3,ENG-011;ENG-013;ENG-049,ENCABEZADO,0,CANDIDATO_ENG_REPETIDO,NO,NO_ASIGNADO
restore,Restore,Restore,1,4,ENG,4,ENG-030;ENG-043;ENG-076;ENG-093,ENCABEZADO,0,CANDIDATO_ENG_REPETIDO,NO,NO_ASIGNADO
result,Result,Result; result,2,2,ENG,2,ENG-023;ENG-093,CODIGO_INLINE;DEFINICION_EXPLICITA,1,CANDIDATO_ENG_DEFINIDO,NO,NO_ASIGNADO
resume,Resume,Resume,1,5,ENG,5,ENG-040;ENG-055;ENG-064;ENG-065;ENG-094,ENCABEZADO,0,CANDIDATO_ENG_REPETIDO,NO,NO_ASIGNADO
resume test,Resume Test,Resume Test,1,3,ENG,3,ENG-052;ENG-064;ENG-065,ENCABEZADO,0,CANDIDATO_ENG_REPETIDO,NO,NO_ASIGNADO
resume validation,Resume Validation,Resume Validation,1,5,ENG,5,ENG-052;ENG-055;ENG-064;ENG-065;ENG-067,ENCABEZADO,0,CANDIDATO_ENG_REPETIDO,NO,NO_ASIGNADO
retention,Retention,Retention,1,6,ENG,6,ENG-010;ENG-030;ENG-053;ENG-077;ENG-090;ENG-094,ENCABEZADO,0,CANDIDATO_ENG_REPETIDO,NO,NO_ASIGNADO
retention test,Retention Test,Retention Test,1,3,ENG,3,ENG-077;ENG-081;ENG-082,ENCABEZADO,0,CANDIDATO_ENG_REPETIDO,NO,NO_ASIGNADO
retry,Retry,Retry,1,19,ENG,16,ENG-015;ENG-022;ENG-030;ENG-032;ENG-034;ENG-036;ENG-038;ENG-039;ENG-040;ENG-041;ENG-042;ENG-044;ENG-064;ENG-067;ENG-088;ENG-094,CODIGO_INLINE;DEFINICION_EXPLICITA;ENCABEZADO,2,CANDIDATO_ENG_DEFINIDO,NO,NO_ASIGNADO
retry amplification,Retry Amplification,Retry Amplification,1,5,ENG,4,ENG-032;ENG-039;ENG-070;ENG-074,ENCABEZADO,0,CANDIDATO_ENG_REPETIDO,NO,NO_ASIGNADO
retry backoff,Retry Backoff,Retry Backoff,1,3,ENG,3,ENG-026;ENG-042;ENG-064,ENCABEZADO,0,CANDIDATO_ENG_REPETIDO,NO,NO_ASIGNADO
retry budget,Retry Budget,Retry Budget,1,6,ENG,5,ENG-027;ENG-032;ENG-038;ENG-039;ENG-071,CODIGO_INLINE;ENCABEZADO,0,CANDIDATO_ENG_REPETIDO,NO,NO_ASIGNADO
retry classification,Retry Classification,Retry Classification,1,3,ENG,3,ENG-040;ENG-041;ENG-061,ENCABEZADO,0,CANDIDATO_ENG_REPETIDO,NO,NO_ASIGNADO
retry everything,Retry Everything,Retry Everything,1,3,ENG,3,ENG-015;ENG-023;ENG-039,ENCABEZADO,0,CANDIDATO_ENG_REPETIDO,NO,NO_ASIGNADO
retry exhausted,Retry Exhausted,Retry Exhausted,1,4,ENG,4,ENG-022;ENG-032;ENG-039;ENG-040,ENCABEZADO,0,CANDIDATO_ENG_REPETIDO,NO,NO_ASIGNADO
retry limit,Retry Limit,Retry Limit,1,5,ENG,5,ENG-022;ENG-032;ENG-039;ENG-042;ENG-064,ENCABEZADO,0,CANDIDATO_ENG_REPETIDO,NO,NO_ASIGNADO
retry metric,Retry Metrics,Retry Metrics,1,4,ENG,4,ENG-039;ENG-040;ENG-041;ENG-042,ENCABEZADO,0,CANDIDATO_ENG_REPETIDO,NO,NO_ASIGNADO
retry ownership,Retry Ownership,Retry Ownership,1,3,ENG,3,ENG-032;ENG-034;ENG-039,ENCABEZADO,0,CANDIDATO_ENG_REPETIDO,NO,NO_ASIGNADO
retry policy,Retry Policy,Retry Policy,1,5,ENG,5,ENG-015;ENG-022;ENG-027;ENG-039;ENG-052,ENCABEZADO,0,CANDIDATO_ENG_REPETIDO,NO,NO_ASIGNADO
retry safety,Retry Safety,Retry Safety,1,6,ENG,6,ENG-022;ENG-023;ENG-027;ENG-030;ENG-038;ENG-052,ENCABEZADO,0,CANDIDATO_ENG_REPETIDO,NO,NO_ASIGNADO
retry storm,Retry Storm,Retry Storm,1,10,ENG,7,ENG-026;ENG-030;ENG-032;ENG-038;ENG-039;ENG-041;ENG-054,ENCABEZADO,0,CANDIDATO_ENG_REPETIDO,NO,NO_ASIGNADO
retry test,Retry Test,Retry Test,1,8,ENG,8,ENG-022;ENG-032;ENG-039;ENG-040;ENG-042;ENG-052;ENG-061;ENG-064,ENCABEZADO,0,CANDIDATO_ENG_REPETIDO,NO,NO_ASIGNADO
retry-after,Retry-After,Retry-After,1,3,ENG,3,ENG-032;ENG-039;ENG-044,ENCABEZADO,0,CANDIDATO_ENG_REPETIDO,NO,NO_ASIGNADO
revocation,Revocation,Revocation,1,3,ENG,3,ENG-017;ENG-045;ENG-046,ENCABEZADO,0,CANDIDATO_ENG_REPETIDO,NO,NO_ASIGNADO
riesgo,Riesgos,Riesgos,1,93,ENG,93,ENG-001;ENG-002;ENG-003;ENG-004;ENG-005;ENG-006;ENG-007;ENG-008;ENG-009;ENG-010;ENG-011;ENG-012;ENG-013;ENG-014;ENG-015;ENG-016;ENG-017;ENG-018;ENG-019;ENG-020;ENG-021;ENG-022;ENG-023;ENG-024;ENG-025;ENG-026;ENG-027;ENG-028;ENG-029;ENG-030;ENG-031;ENG-032;ENG-034;ENG-035;ENG-036;ENG-037;ENG-038;ENG-039;ENG-040;ENG-041;ENG-042;ENG-043;ENG-044;ENG-045;ENG-046;ENG-047;ENG-048;ENG-049;ENG-050;ENG-051;ENG-052;ENG-053;ENG-054;ENG-055;ENG-056;ENG-057;ENG-058;ENG-059;ENG-060;ENG-061;ENG-062;ENG-063;ENG-064;ENG-065;ENG-066;ENG-067;ENG-068;ENG-069;ENG-070;ENG-071;ENG-072;ENG-073;ENG-074;ENG-075;ENG-076;ENG-077;ENG-078;ENG-079;ENG-080;ENG-081;ENG-082;ENG-083;ENG-084;ENG-085;ENG-086;ENG-087;ENG-088;ENG-090;ENG-091;ENG-092;ENG-093;ENG-094;ENG-100,ENCABEZADO,0,CANDIDATO_ENG_REPETIDO,NO,NO_ASIGNADO
riesgo arquitectonico,Riesgos Arquitectónicos,Riesgos Arquitectónicos; Riesgos arquitectónicos,2,6,ARQ,6,ARQ-004;ARQ-010;ARQ-011;ARQ-012;ARQ-013;ARQ-017,ENCABEZADO,0,CANDIDATO_CON_AUTORIDAD,NO,NO_ASIGNADO
role,Role,Role; Roles,2,3,ENG,2,ENG-024;ENG-046,CODIGO_INLINE;ENCABEZADO,0,CANDIDATO_ENG_REPETIDO,NO,NO_ASIGNADO
rollback,Rollback,Rollback,1,7,ENG,7,ENG-013;ENG-017;ENG-030;ENG-037;ENG-042;ENG-075;ENG-076,ENCABEZADO,0,CANDIDATO_ENG_REPETIDO,NO,NO_ASIGNADO
rollback compatibility,Rollback Compatibility,Rollback Compatibility,1,3,ENG,3,ENG-017;ENG-060;ENG-066,ENCABEZADO,0,CANDIDATO_ENG_REPETIDO,NO,NO_ASIGNADO
rollback test,Rollback Test,Rollback Test,1,7,ENG,7,ENG-027;ENG-029;ENG-042;ENG-055;ENG-065;ENG-066;ENG-067,ENCABEZADO,0,CANDIDATO_ENG_REPETIDO,NO,NO_ASIGNADO
rollforward,Rollforward,Rollforward,1,4,ENG,4,ENG-066;ENG-067;ENG-075;ENG-076,ENCABEZADO,0,CANDIDATO_ENG_REPETIDO,NO,NO_ASIGNADO
rolling deployment,Rolling Deployment,Rolling Deployment,1,5,ENG,5,ENG-037;ENG-040;ENG-041;ENG-067;ENG-073,ENCABEZADO,0,CANDIDATO_ENG_REPETIDO,NO,NO_ASIGNADO
root cause,Root Cause,Root Cause,1,4,ENG,4,ENG-023;ENG-075;ENG-080;ENG-083,ENCABEZADO,0,CANDIDATO_ENG_REPETIDO,NO,NO_ASIGNADO
round-trip test,Round-Trip Test,Round-Trip Test,1,4,ENG,3,ENG-031;ENG-061;ENG-063,ENCABEZADO,0,CANDIDATO_ENG_REPETIDO,NO,NO_ASIGNADO
row-level security,Row-Level Security,Row-Level Security,1,4,ENG,4,ENG-042;ENG-043;ENG-046;ENG-048,ENCABEZADO,0,CANDIDATO_ENG_REPETIDO,NO,NO_ASIGNADO
rule ordering,Rule Ordering,Rule Ordering,1,3,ENG,3,ENG-016;ENG-036;ENG-050,ENCABEZADO,0,CANDIDATO_ENG_REPETIDO,NO,NO_ASIGNADO
running,Running,RUNNING; Running,2,6,ENG,3,ENG-015;ENG-040;ENG-055,CODIGO_INLINE;DEFINICION_EXPLICITA;ENCABEZADO;TABLA_COLUMNA_PRINCIPAL,1,CANDIDATO_ENG_DEFINIDO,NO,NO_ASIGNADO
runtime,Runtime,Runtime,1,3,ENG,2,ENG-003;ENG-027,DEFINICION_EXPLICITA;ENCABEZADO,1,CANDIDATO_ENG_DEFINIDO,NO,NO_ASIGNADO
runtime compatibility,Runtime Compatibility,Runtime Compatibility,1,4,ENG,3,ENG-014;ENG-016;ENG-066,ENCABEZADO,0,CANDIDATO_ENG_REPETIDO,NO,NO_ASIGNADO
runtime diagnostic,Runtime Diagnostics,Runtime Diagnostics; runtime diagnostics,2,4,ENG,2,ENG-027;ENG-049,CODIGO_INLINE;ENCABEZADO,0,CANDIDATO_ENG_REPETIDO,NO,NO_ASIGNADO
runtime health,Runtime Health,Runtime Health; runtime health,2,4,ENG,2,ENG-019;ENG-027,CODIGO_INLINE;ENCABEZADO,0,CANDIDATO_ENG_REPETIDO,NO,NO_ASIGNADO
runtime integration,Runtime Integration,Runtime Integration,1,20,ENG,20,ENG-019;ENG-020;ENG-022;ENG-025;ENG-030;ENG-032;ENG-034;ENG-037;ENG-039;ENG-040;ENG-042;ENG-048;ENG-049;ENG-050;ENG-051;ENG-052;ENG-053;ENG-054;ENG-067;ENG-068,ENCABEZADO,0,CANDIDATO_ENG_REPETIDO,NO,NO_ASIGNADO
runtime lifecycle,Runtime Lifecycle,Runtime Lifecycle,1,3,ENG,3,ENG-027;ENG-029;ENG-055,ENCABEZADO,0,CANDIDATO_ENG_REPETIDO,NO,NO_ASIGNADO
runtime readiness,Runtime Readiness,Runtime Readiness,1,3,ENG,3,ENG-030;ENG-034;ENG-073,ENCABEZADO,0,CANDIDATO_ENG_REPETIDO,NO,NO_ASIGNADO
runtime shutdown,Runtime Shutdown,Runtime Shutdown,1,4,ENG,4,ENG-025;ENG-030;ENG-034;ENG-055,ENCABEZADO,0,CANDIDATO_ENG_REPETIDO,NO,NO_ASIGNADO
runtime state,Runtime State,Runtime State,1,2,ENG,2,ENG-027;ENG-049,DEFINICION_EXPLICITA;ENCABEZADO,1,CANDIDATO_ENG_DEFINIDO,NO,NO_ASIGNADO
runtime upgrade,Runtime Upgrade,Runtime Upgrade,1,3,ENG,2,ENG-027;ENG-066,ENCABEZADO,0,CANDIDATO_ENG_REPETIDO,NO,NO_ASIGNADO
saga,Saga,Saga,1,3,ENG,3,ENG-041;ENG-042;ENG-052,ENCABEZADO,0,CANDIDATO_ENG_REPETIDO,NO,NO_ASIGNADO
sale,Sales,Sales,1,1,ARQ,1,ARQ-004,CODIGO_INLINE,0,CANDIDATO_CON_AUTORIDAD,NO,NO_ASIGNADO
sampling,Sampling,Sampling,1,3,ENG,3,ENG-010;ENG-025;ENG-079,ENCABEZADO,0,CANDIDATO_ENG_REPETIDO,NO,NO_ASIGNADO
saturation,Saturation,Saturation,1,5,ENG,4,ENG-026;ENG-039;ENG-069;ENG-070,ENCABEZADO,0,CANDIDATO_ENG_REPETIDO,NO,NO_ASIGNADO
savepoint,Savepoint,Savepoint; Savepoints,2,3,ENG,2,ENG-030;ENG-042,CODIGO_INLINE;ENCABEZADO,0,CANDIDATO_ENG_REPETIDO,NO,NO_ASIGNADO
sbom,SBOM,SBOM,1,3,ENG,3,ENG-012;ENG-017;ENG-024,ENCABEZADO,0,CANDIDATO_ENG_REPETIDO,NO,NO_ASIGNADO
scalability,Scalability,Scalability,1,6,ENG,3,ENG-026;ENG-071;ENG-072,CODIGO_INLINE;DEFINICION_EXPLICITA;ENCABEZADO,3,CANDIDATO_ENG_DEFINIDO,NO,NO_ASIGNADO
scalability engineering,Scalability Engineering,Scalability Engineering,1,3,ENG,1,ENG-072,ENCABEZADO;TERMINO_DESTACADO,0,CANDIDATO_ENG_REPETIDO,NO,NO_ASIGNADO
scalability test,Scalability Test,Scalability Test; scalability:test,2,4,ENG,3,ENG-026;ENG-070;ENG-072,ENCABEZADO,0,CANDIDATO_ENG_REPETIDO,NO,NO_ASIGNADO
scaling efficiency,Scaling Efficiency,Scaling Efficiency,1,3,ENG,3,ENG-070;ENG-071;ENG-072,ENCABEZADO,0,CANDIDATO_ENG_REPETIDO,NO,NO_ASIGNADO
scheduling background jobs engineering,Scheduling & Background Jobs Engineering,Scheduling & Background Jobs Engineering,1,3,ENG,2,ENG-039;ENG-040,ENCABEZADO;TERMINO_DESTACADO,0,CANDIDATO_ENG_REPETIDO,NO,NO_ASIGNADO
scheduling integration,Scheduling Integration,Scheduling Integration,1,10,ENG,10,ENG-046;ENG-047;ENG-048;ENG-049;ENG-050;ENG-051;ENG-052;ENG-054;ENG-055;ENG-071,ENCABEZADO,0,CANDIDATO_ENG_REPETIDO,NO,NO_ASIGNADO
schema,Schema,Schema; schema,2,12,ENG,6,ENG-003;ENG-030;ENG-031;ENG-041;ENG-062;ENG-063,CODIGO_INLINE;DEFINICION_EXPLICITA;ENCABEZADO;TABLA_COLUMNA_PRINCIPAL,3,CANDIDATO_ENG_DEFINIDO,NO,NO_ASIGNADO
schema compatibility,Schema Compatibility,Schema Compatibility; schema compatibility; schema:compatibility,3,7,ENG,5,ENG-016;ENG-030;ENG-031;ENG-062;ENG-076,CODIGO_INLINE;ENCABEZADO,0,CANDIDATO_ENG_REPETIDO,NO,NO_ASIGNADO
schema diff,Schema Diff,Schema Diff; schema:diff,2,4,ENG,3,ENG-014;ENG-017;ENG-062,ENCABEZADO,0,CANDIDATO_ENG_REPETIDO,NO,NO_ASIGNADO
schema drift,Schema Drift,Schema Drift,1,3,ENG,2,ENG-031;ENG-079,ENCABEZADO,0,CANDIDATO_ENG_REPETIDO,NO,NO_ASIGNADO
schema engineering,Schema Engineering,Schema Engineering,1,6,ENG,3,ENG-061;ENG-062;ENG-080,DEFINICION_EXPLICITA;ENCABEZADO;TERMINO_DESTACADO,2,CANDIDATO_ENG_DEFINIDO,NO,NO_ASIGNADO
schema evolution,Schema Evolution,Schema Evolution,1,7,ENG,7,ENG-021;ENG-022;ENG-025;ENG-041;ENG-062;ENG-082;ENG-088,ENCABEZADO,0,CANDIDATO_ENG_REPETIDO,NO,NO_ASIGNADO
schema integration,Schema Integration,Schema Integration,1,5,ENG,5,ENG-064;ENG-065;ENG-090;ENG-091;ENG-094,ENCABEZADO,0,CANDIDATO_ENG_REPETIDO,NO,NO_ASIGNADO
schema list,schema list,schema list; schema:list,2,3,ENG,2,ENG-031;ENG-062,CODIGO_INLINE;ENCABEZADO,0,CANDIDATO_ENG_REPETIDO,NO,NO_ASIGNADO
schema ownership,Schema Ownership,Schema Ownership,1,4,ENG,4,ENG-028;ENG-030;ENG-031;ENG-062,ENCABEZADO,0,CANDIDATO_ENG_REPETIDO,NO,NO_ASIGNADO
schema registry,Schema Registry,Schema Registry,1,4,ENG,4,ENG-031;ENG-041;ENG-049;ENG-062,ENCABEZADO,0,CANDIDATO_ENG_REPETIDO,NO,NO_ASIGNADO
schema test,Schema Test,Schema Test,1,4,ENG,4,ENG-031;ENG-036;ENG-049;ENG-057,ENCABEZADO,0,CANDIDATO_ENG_REPETIDO,NO,NO_ASIGNADO
schema validate,schema validate,schema validate; schema:validate,2,3,ENG,2,ENG-031;ENG-062,CODIGO_INLINE;ENCABEZADO,0,CANDIDATO_ENG_REPETIDO,NO,NO_ASIGNADO
schema validation,Schema Validation,Schema Validation,1,6,ENG,6,ENG-022;ENG-031;ENG-036;ENG-044;ENG-057;ENG-062,ENCABEZADO,0,CANDIDATO_ENG_REPETIDO,NO,NO_ASIGNADO
schema version,Schema Version,Schema Version; schema:versions,2,11,ENG,10,ENG-003;ENG-010;ENG-011;ENG-020;ENG-030;ENG-031;ENG-036;ENG-041;ENG-057;ENG-062,ENCABEZADO,0,CANDIDATO_ENG_REPETIDO,NO,NO_ASIGNADO
scope leakage,Scope Leakage,Scope Leakage,1,3,ENG,2,ENG-053;ENG-054,ENCABEZADO,0,CANDIDATO_ENG_REPETIDO,NO,NO_ASIGNADO
scope lifetime,Scope ≠ Lifetime,Scope ≠ Lifetime,1,3,ENG,3,ENG-053;ENG-054;ENG-056,ENCABEZADO,0,CANDIDATO_ENG_REPETIDO,NO,NO_ASIGNADO
scope test,Scope Test,Scope Test; Scope Tests,2,4,ENG,4,ENG-019;ENG-053;ENG-056;ENG-059,ENCABEZADO,0,CANDIDATO_ENG_REPETIDO,NO,NO_ASIGNADO
second phase,Second Phase,Second Phase,1,57,ENG,57,ENG-026;ENG-028;ENG-029;ENG-030;ENG-031;ENG-032;ENG-034;ENG-035;ENG-036;ENG-037;ENG-038;ENG-039;ENG-040;ENG-041;ENG-042;ENG-043;ENG-044;ENG-045;ENG-046;ENG-047;ENG-048;ENG-049;ENG-050;ENG-051;ENG-052;ENG-053;ENG-054;ENG-055;ENG-056;ENG-057;ENG-058;ENG-059;ENG-060;ENG-061;ENG-062;ENG-063;ENG-064;ENG-065;ENG-066;ENG-067;ENG-068;ENG-069;ENG-070;ENG-071;ENG-072;ENG-073;ENG-074;ENG-075;ENG-076;ENG-077;ENG-078;ENG-079;ENG-080;ENG-081;ENG-083;ENG-084;ENG-085,ENCABEZADO,0,CANDIDATO_ENG_REPETIDO,NO,NO_ASIGNADO
secret,Secrets,Secrets,1,7,ENG,7,ENG-007;ENG-011;ENG-017;ENG-024;ENG-030;ENG-032;ENG-037,ENCABEZADO,0,CANDIDATO_ENG_REPETIDO,NO,NO_ASIGNADO
secret access,Secret Access,Secret Access,1,4,ENG,4,ENG-029;ENG-045;ENG-048;ENG-060,ENCABEZADO,0,CANDIDATO_ENG_REPETIDO,NO,NO_ASIGNADO
secret leakage,Secret Leakage,Secret Leakage,1,7,ENG,7,ENG-007;ENG-010;ENG-011;ENG-012;ENG-013;ENG-017;ENG-048,ENCABEZADO,0,CANDIDATO_ENG_REPETIDO,NO,NO_ASIGNADO
secret lifetime,Secret Lifetime,Secret Lifetime,1,3,ENG,3,ENG-011;ENG-024;ENG-027,ENCABEZADO,0,CANDIDATO_ENG_REPETIDO,NO,NO_ASIGNADO
secret logging,Secret Logging,Secret Logging,1,3,ENG,3,ENG-024;ENG-048;ENG-049,ENCABEZADO,0,CANDIDATO_ENG_REPETIDO,NO,NO_ASIGNADO
secret provider,Secret Provider,Secret Provider,1,3,ENG,3,ENG-011;ENG-024;ENG-049,ENCABEZADO,0,CANDIDATO_ENG_REPETIDO,NO,NO_ASIGNADO
secret resolution,Secret Resolution,Secret Resolution,1,3,ENG,3,ENG-011;ENG-027;ENG-049,ENCABEZADO,0,CANDIDATO_ENG_REPETIDO,NO,NO_ASIGNADO
secret rotation,Secret Rotation,Secret Rotation,1,3,ENG,3,ENG-024;ENG-049;ENG-061,ENCABEZADO,0,CANDIDATO_ENG_REPETIDO,NO,NO_ASIGNADO
secure default,Secure Defaults,Secure Defaults,1,3,ENG,3,ENG-008;ENG-011;ENG-024,ENCABEZADO,0,CANDIDATO_ENG_REPETIDO,NO,NO_ASIGNADO
security,Security,SECURITY; Security,2,23,ENG,23,ENG-007;ENG-008;ENG-014;ENG-018;ENG-020;ENG-022;ENG-031;ENG-034;ENG-035;ENG-039;ENG-040;ENG-041;ENG-042;ENG-043;ENG-045;ENG-047;ENG-054;ENG-086;ENG-088;ENG-091;ENG-092;ENG-093;ENG-094,ENCABEZADO;TABLA_COLUMNA_PRINCIPAL,0,CANDIDATO_ENG_REPETIDO,NO,NO_ASIGNADO
security architecture,Security Architecture,Security Architecture,1,3,ENG,3,ENG-029;ENG-031;ENG-032,ENCABEZADO,0,CANDIDATO_ENG_REPETIDO,NO,NO_ASIGNADO
security boundary,Security Boundary,Security Boundaries; Security Boundary,2,3,ENG,3,ENG-006;ENG-015;ENG-060,ENCABEZADO,0,CANDIDATO_ENG_REPETIDO,NO,NO_ASIGNADO
security capability,security capabilities,Security Capability; security capabilities,2,3,ENG,2,ENG-024;ENG-028,CODIGO_INLINE;ENCABEZADO,0,CANDIDATO_ENG_REPETIDO,NO,NO_ASIGNADO
security context,Security Context,Security Context,1,5,ENG,5,ENG-024;ENG-028;ENG-037;ENG-038;ENG-056,ENCABEZADO,0,CANDIDATO_ENG_REPETIDO,NO,NO_ASIGNADO
security exception,Security Exception,Security Exception,1,3,ENG,3,ENG-014;ENG-017;ENG-024,ENCABEZADO,0,CANDIDATO_ENG_REPETIDO,NO,NO_ASIGNADO
security failure,Security Failure,Security Failure,1,3,ENG,2,ENG-027;ENG-039,ENCABEZADO,0,CANDIDATO_ENG_REPETIDO,NO,NO_ASIGNADO
security gate,Security Gate,Security Gate,1,3,ENG,3,ENG-012;ENG-017;ENG-066,ENCABEZADO,0,CANDIDATO_ENG_REPETIDO,NO,NO_ASIGNADO
security integration,Security Integration,Security Integration,1,6,ENG,6,ENG-019;ENG-023;ENG-025;ENG-026;ENG-028;ENG-048,ENCABEZADO,0,CANDIDATO_ENG_REPETIDO,NO,NO_ASIGNADO
security review,Security Review,Security Review,1,3,ENG,3,ENG-021;ENG-024;ENG-045,ENCABEZADO,0,CANDIDATO_ENG_REPETIDO,NO,NO_ASIGNADO
security test,Security Test,Security Test; Security Tests,2,41,ENG,41,ENG-009;ENG-011;ENG-013;ENG-020;ENG-022;ENG-027;ENG-028;ENG-029;ENG-030;ENG-032;ENG-041;ENG-050;ENG-051;ENG-052;ENG-053;ENG-054;ENG-055;ENG-056;ENG-057;ENG-058;ENG-059;ENG-060;ENG-061;ENG-062;ENG-063;ENG-064;ENG-065;ENG-066;ENG-067;ENG-068;ENG-069;ENG-071;ENG-072;ENG-075;ENG-076;ENG-077;ENG-078;ENG-079;ENG-080;ENG-081;ENG-085,ENCABEZADO,0,CANDIDATO_ENG_REPETIDO,NO,NO_ASIGNADO
security validation,Security Validation,Security Validation,1,5,ENG,5,ENG-027;ENG-028;ENG-036;ENG-049;ENG-051,ENCABEZADO,0,CANDIDATO_ENG_REPETIDO,NO,NO_ASIGNADO
segunda fase,Segunda Fase,Segunda Fase,1,9,ENG,9,ENG-017;ENG-018;ENG-019;ENG-020;ENG-021;ENG-022;ENG-023;ENG-024;ENG-025,ENCABEZADO,0,CANDIDATO_ENG_REPETIDO,NO,NO_ASIGNADO
seguridad,Seguridad,Seguridad,1,3,ARQ;ENG,3,ARQ-004;ENG-002;ENG-003,ENCABEZADO,0,CANDIDATO_CON_AUTORIDAD,NO,NO_ASIGNADO
self-approval,Self-Approval,Self-Approval,1,3,ENG,2,ENG-046;ENG-047,ENCABEZADO,0,CANDIDATO_ENG_REPETIDO,NO,NO_ASIGNADO
semantic compatibility,Semantic Compatibility,Semantic Compatibility,1,4,ENG,4,ENG-016;ENG-021;ENG-031;ENG-061,ENCABEZADO,0,CANDIDATO_ENG_REPETIDO,NO,NO_ASIGNADO
sender,Sender,Sender,1,2,ENG,1,ENG-087,CODIGO_INLINE;DEFINICION_EXPLICITA,1,CANDIDATO_ENG_DEFINIDO,NO,NO_ASIGNADO
sensitive audit,Sensitive Audit,Sensitive Audit,1,5,ENG,5,ENG-030;ENG-051;ENG-052;ENG-053;ENG-059,ENCABEZADO,0,CANDIDATO_ENG_REPETIDO,NO,NO_ASIGNADO
sensitive configuration,Sensitive Configuration,Sensitive Configuration,1,3,ENG,3,ENG-019;ENG-049;ENG-066,ENCABEZADO,0,CANDIDATO_ENG_REPETIDO,NO,NO_ASIGNADO
sensitive context,Sensitive Context,Sensitive Context,1,3,ENG,3,ENG-015;ENG-050;ENG-052,ENCABEZADO,0,CANDIDATO_ENG_REPETIDO,NO,NO_ASIGNADO
sensitive data,Sensitive Data,Sensitive Data,1,9,ENG,8,ENG-018;ENG-021;ENG-023;ENG-030;ENG-036;ENG-039;ENG-064;ENG-065,ENCABEZADO,0,CANDIDATO_ENG_REPETIDO,NO,NO_ASIGNADO
sensitive explain,Sensitive Explain,Sensitive Explain,1,3,ENG,3,ENG-050;ENG-051;ENG-059,ENCABEZADO,0,CANDIDATO_ENG_REPETIDO,NO,NO_ASIGNADO
sensitive metadata,Sensitive Metadata,Sensitive Metadata,1,5,ENG,5,ENG-011;ENG-020;ENG-032;ENG-057;ENG-062,ENCABEZADO,0,CANDIDATO_ENG_REPETIDO,NO,NO_ASIGNADO
separation of duty,Separation of Duties,Separation of Duties,1,6,ENG,6,ENG-017;ENG-046;ENG-076;ENG-081;ENG-083;ENG-084,ENCABEZADO,0,CANDIDATO_ENG_REPETIDO,NO,NO_ASIGNADO
serialization,Serialization,Serialization,1,9,ENG,6,ENG-019;ENG-020;ENG-026;ENG-030;ENG-031;ENG-041,CODIGO_INLINE;DEFINICION_EXPLICITA;ENCABEZADO,2,CANDIDATO_ENG_DEFINIDO,NO,NO_ASIGNADO
serialization test,Serialization Test,Serialization Test; Serialization Tests,2,4,ENG,4,ENG-020;ENG-053;ENG-056;ENG-057,ENCABEZADO,0,CANDIDATO_ENG_REPETIDO,NO,NO_ASIGNADO
serializer,Serializer,Serializer; Serializers,2,3,ENG,2,ENG-005;ENG-031,CODIGO_INLINE;ENCABEZADO,0,CANDIDATO_ENG_REPETIDO,NO,NO_ASIGNADO
service container,Service Container,Service Container,1,8,ENG,6,ENG-018;ENG-019;ENG-038;ENG-039;ENG-040;ENG-041,DEFINICION_EXPLICITA;ENCABEZADO;TERMINO_DESTACADO,1,CANDIDATO_ENG_DEFINIDO,NO,NO_ASIGNADO
service container integration,Service Container Integration,Service Container Integration,1,3,ENG,3,ENG-020;ENG-042;ENG-054,ENCABEZADO,0,CANDIDATO_ENG_REPETIDO,NO,NO_ASIGNADO
session fixation,Session Fixation,Session Fixation,1,4,ENG,3,ENG-024;ENG-045;ENG-053,ENCABEZADO,0,CANDIDATO_ENG_REPETIDO,NO,NO_ASIGNADO
severity,Severity,Severity; severity,2,5,ENG,4,ENG-009;ENG-023;ENG-036;ENG-083,CODIGO_INLINE;ENCABEZADO,0,CANDIDATO_ENG_REPETIDO,NO,NO_ASIGNADO
shared credential,Shared Credential,Shared Credential,1,3,ENG,3,ENG-030;ENG-045;ENG-068,ENCABEZADO,0,CANDIDATO_ENG_REPETIDO,NO,NO_ASIGNADO
shared database,Shared Database,Shared Database,1,4,ENG,4,ENG-028;ENG-043;ENG-048;ENG-072,ENCABEZADO,0,CANDIDATO_ENG_REPETIDO,NO,NO_ASIGNADO
shared kernel,Shared Kernel,Shared Kernel,1,3,ENG,2,ENG-001;ENG-035,ENCABEZADO;TERMINO_DESTACADO,0,CANDIDATO_ENG_REPETIDO,NO,NO_ASIGNADO
shared state,Shared State,Shared State,1,5,ENG,5,ENG-009;ENG-026;ENG-038;ENG-053;ENG-072,ENCABEZADO,0,CANDIDATO_ENG_REPETIDO,NO,NO_ASIGNADO
shutdown,Shutdown,Shutdown,1,12,ENG,11,ENG-022;ENG-027;ENG-032;ENG-037;ENG-040;ENG-054;ENG-055;ENG-056;ENG-060;ENG-061;ENG-069,DEFINICION_EXPLICITA;ENCABEZADO,1,CANDIDATO_ENG_DEFINIDO,NO,NO_ASIGNADO
shutdown deadline,Shutdown Deadline,Shutdown Deadline,1,3,ENG,3,ENG-027;ENG-040;ENG-055,ENCABEZADO,0,CANDIDATO_ENG_REPETIDO,NO,NO_ASIGNADO
shutdown ordering,Shutdown Ordering,Shutdown Ordering,1,3,ENG,3,ENG-015;ENG-055;ENG-060,ENCABEZADO,0,CANDIDATO_ENG_REPETIDO,NO,NO_ASIGNADO
shutdown test,Shutdown Test,Shutdown Test,1,3,ENG,3,ENG-027;ENG-040;ENG-077,ENCABEZADO,0,CANDIDATO_ENG_REPETIDO,NO,NO_ASIGNADO
shutdown timeout,Shutdown Timeout,Shutdown Timeout,1,5,ENG,5,ENG-015;ENG-022;ENG-027;ENG-039;ENG-054,ENCABEZADO,0,CANDIDATO_ENG_REPETIDO,NO,NO_ASIGNADO
si,Si,Si,1,2,ENG,2,ENG-035;ENG-036,DEFINICION_EXPLICITA,2,CANDIDATO_ENG_DEFINIDO,NO,NO_ASIGNADO
side effect,Side Effects,Side Effects,1,3,ENG,3,ENG-021;ENG-035;ENG-063,ENCABEZADO,0,CANDIDATO_ENG_REPETIDO,NO,NO_ASIGNADO
silent breaking change,Silent Breaking Change,Silent Breaking Change,1,3,ENG,3,ENG-014;ENG-021;ENG-044,ENCABEZADO,0,CANDIDATO_ENG_REPETIDO,NO,NO_ASIGNADO
silent corruption,Silent Corruption,Silent Corruption,1,3,ENG,3,ENG-076;ENG-077;ENG-079,ENCABEZADO,0,CANDIDATO_ENG_REPETIDO,NO,NO_ASIGNADO
silent override,Silent Override,Silent Override,1,3,ENG,3,ENG-016;ENG-017;ENG-057,ENCABEZADO,0,CANDIDATO_ENG_REPETIDO,NO,NO_ASIGNADO
singleton,Singleton,SINGLETON; Singleton,2,3,ENG,3,ENG-019;ENG-026;ENG-040,CODIGO_INLINE;ENCABEZADO,0,CANDIDATO_ENG_REPETIDO,NO,NO_ASIGNADO
sli,SLI,SLI,1,3,ENG,3,ENG-025;ENG-044;ENG-086,DEFINICION_EXPLICITA;ENCABEZADO,1,CANDIDATO_ENG_DEFINIDO,NO,NO_ASIGNADO
slo,SLO,SLO,1,4,ENG,4,ENG-025;ENG-040;ENG-041;ENG-086,DEFINICION_EXPLICITA;ENCABEZADO,1,CANDIDATO_ENG_DEFINIDO,NO,NO_ASIGNADO
snapshot,Snapshot,Snapshot; snapshot,2,3,ENG,2,ENG-031;ENG-076,CODIGO_INLINE;ENCABEZADO,0,CANDIDATO_ENG_REPETIDO,NO,NO_ASIGNADO
snapshot consistency,Snapshot Consistency,Snapshot Consistency,1,8,ENG,8,ENG-025;ENG-027;ENG-049;ENG-053;ENG-057;ENG-059;ENG-069;ENG-076,ENCABEZADO,0,CANDIDATO_ENG_REPETIDO,NO,NO_ASIGNADO
snapshot identity,Snapshot Identity,Snapshot Identity,1,3,ENG,3,ENG-020;ENG-049;ENG-051,ENCABEZADO,0,CANDIDATO_ENG_REPETIDO,NO,NO_ASIGNADO
snapshot immutability,Snapshot Immutability,Snapshot Immutability,1,3,ENG,3,ENG-049;ENG-051;ENG-053,ENCABEZADO,0,CANDIDATO_ENG_REPETIDO,NO,NO_ASIGNADO
snapshot test,Snapshot Test,Snapshot Test; Snapshot Tests,2,5,ENG,5,ENG-009;ENG-020;ENG-049;ENG-050;ENG-051,ENCABEZADO,0,CANDIDATO_ENG_REPETIDO,NO,NO_ASIGNADO
soak test,Soak Test,Soak Test,1,6,ENG,5,ENG-026;ENG-038;ENG-040;ENG-041;ENG-070,ENCABEZADO,0,CANDIDATO_ENG_REPETIDO,NO,NO_ASIGNADO
source,Source,Source,1,3,ENG,2,ENG-082;ENG-089,CODIGO_INLINE;DEFINICION_EXPLICITA;ENCABEZADO,1,CANDIDATO_ENG_DEFINIDO,NO,NO_ASIGNADO
source adapter,Source Adapter,Source Adapter,1,3,ENG,1,ENG-088,CODIGO_INLINE;DEFINICION_EXPLICITA;ENCABEZADO,1,CANDIDATO_ENG_DEFINIDO,NO,NO_ASIGNADO
source identity,Source Identity,Source Identity,1,3,ENG,3,ENG-049;ENG-080;ENG-088,ENCABEZADO,0,CANDIDATO_ENG_REPETIDO,NO,NO_ASIGNADO
source of truth,Source of Truth,Source of Truth,1,11,ENG,11,ENG-008;ENG-016;ENG-020;ENG-021;ENG-028;ENG-030;ENG-036;ENG-037;ENG-053;ENG-077;ENG-079,ENCABEZADO,0,CANDIDATO_ENG_REPETIDO,NO,NO_ASIGNADO
specification,Specification,Specification,1,4,ENG,2,ENG-035;ENG-043,CODIGO_INLINE;ENCABEZADO,0,CANDIDATO_ENG_REPETIDO,NO,NO_ASIGNADO
split brain,Split Brain,Split Brain,1,3,ENG,3,ENG-038;ENG-073;ENG-078,ENCABEZADO,0,CANDIDATO_ENG_REPETIDO,NO,NO_ASIGNADO
sql injection,SQL Injection,SQL Injection,1,3,ENG,3,ENG-024;ENG-030;ENG-043,ENCABEZADO,0,CANDIDATO_ENG_REPETIDO,NO,NO_ASIGNADO
stable,Stable,Stable; stable,2,5,ENG,3,ENG-017;ENG-021;ENG-067,CODIGO_INLINE;ENCABEZADO,0,CANDIDATO_ENG_REPETIDO,NO,NO_ASIGNADO
stable identity,Stable Identity,Stable Identity,1,3,ENG,3,ENG-021;ENG-028;ENG-035,ENCABEZADO,0,CANDIDATO_ENG_REPETIDO,NO,NO_ASIGNADO
stack trace,Stack Trace,Stack Trace,1,3,ENG,3,ENG-023;ENG-025;ENG-044,ENCABEZADO,0,CANDIDATO_ENG_REPETIDO,NO,NO_ASIGNADO
stage,Stage,Stage,1,2,ENG,1,ENG-100,DEFINICION_EXPLICITA;TERMINO_DESTACADO,1,CANDIDATO_ENG_DEFINIDO,NO,NO_ASIGNADO
startup,Startup,Startup,1,4,ENG,3,ENG-039;ENG-055;ENG-069,DEFINICION_EXPLICITA;ENCABEZADO,1,CANDIDATO_ENG_DEFINIDO,NO,NO_ASIGNADO
startup failure,Startup Failure,Startup Failure,1,3,ENG,3,ENG-015;ENG-055;ENG-069,ENCABEZADO,0,CANDIDATO_ENG_REPETIDO,NO,NO_ASIGNADO
starvation,Starvation,Starvation,1,3,ENG,3,ENG-026;ENG-038;ENG-054,ENCABEZADO,0,CANDIDATO_ENG_REPETIDO,NO,NO_ASIGNADO
state,State,State; state,2,13,ENG,6,ENG-015;ENG-053;ENG-056;ENG-057;ENG-093;ENG-100,CODIGO_INLINE;DEFINICION_EXPLICITA;ENCABEZADO;TERMINO_DESTACADO,7,CANDIDATO_ENG_DEFINIDO,NO,NO_ASIGNADO
state integration,State Integration,State Integration,1,3,ENG,3,ENG-054;ENG-055;ENG-065,ENCABEZADO,0,CANDIDATO_ENG_REPETIDO,NO,NO_ASIGNADO
state machine,State Machine,State Machine,1,4,ENG,4,ENG-015;ENG-035;ENG-040;ENG-042,ENCABEZADO,0,CANDIDATO_ENG_REPETIDO,NO,NO_ASIGNADO
state machine integration,State Machine Integration,State Machine Integration,1,6,ENG,6,ENG-016;ENG-017;ENG-018;ENG-019;ENG-023;ENG-053,ENCABEZADO,0,CANDIDATO_ENG_REPETIDO,NO,NO_ASIGNADO
state management engineering,State Management Engineering,State Management Engineering,1,5,ENG,2,ENG-052;ENG-053,CODIGO_INLINE;ENCABEZADO;TERMINO_DESTACADO,0,CANDIDATO_ENG_REPETIDO,NO,NO_ASIGNADO
state migration,State Migration,State Migration,1,3,ENG,3,ENG-015;ENG-053;ENG-065,ENCABEZADO,0,CANDIDATO_ENG_REPETIDO,NO,NO_ASIGNADO
state persistence,State Persistence,State Persistence; State ≠ Persistence,2,3,ENG,2,ENG-015;ENG-053,ENCABEZADO,0,CANDIDATO_ENG_REPETIDO,NO,NO_ASIGNADO
state recovery,State Recovery,State Recovery,1,3,ENG,3,ENG-053;ENG-065;ENG-076,ENCABEZADO,0,CANDIDATO_ENG_REPETIDO,NO,NO_ASIGNADO
state snapshot,State Snapshot,State Snapshot; state:snapshot,2,3,ENG,2,ENG-015;ENG-053,ENCABEZADO,0,CANDIDATO_ENG_REPETIDO,NO,NO_ASIGNADO
state transition,State Transition,State Transition,1,5,ENG,5,ENG-027;ENG-035;ENG-040;ENG-047;ENG-053,ENCABEZADO,0,CANDIDATO_ENG_REPETIDO,NO,NO_ASIGNADO
state version,State Version,State Version,1,3,ENG,3,ENG-015;ENG-053;ENG-065,ENCABEZADO,0,CANDIDATO_ENG_REPETIDO,NO,NO_ASIGNADO
static analysis,Static Analysis,Static Analysis,1,10,ENG,10,ENG-010;ENG-012;ENG-023;ENG-024;ENG-028;ENG-035;ENG-038;ENG-046;ENG-048;ENG-075,ENCABEZADO,0,CANDIDATO_ENG_REPETIDO,NO,NO_ASIGNADO
static validation,Static Validation,Static Validation,1,3,ENG,3,ENG-012;ENG-021;ENG-039,ENCABEZADO,0,CANDIDATO_ENG_REPETIDO,NO,NO_ASIGNADO
step ordering,Step Ordering,Step Ordering,1,4,ENG,4,ENG-065;ENG-066;ENG-067;ENG-076,ENCABEZADO,0,CANDIDATO_ENG_REPETIDO,NO,NO_ASIGNADO
stopped,Stopped,STOPPED; Stopped,2,4,ENG,2,ENG-015;ENG-027,CODIGO_INLINE;DEFINICION_EXPLICITA;ENCABEZADO,1,CANDIDATO_ENG_DEFINIDO,NO,NO_ASIGNADO
stopping,Stopping,STOPPING; Stopping,2,7,ENG,2,ENG-015;ENG-027,CODIGO_INLINE;DEFINICION_EXPLICITA;ENCABEZADO;TABLA_COLUMNA_PRINCIPAL,1,CANDIDATO_ENG_DEFINIDO,NO,NO_ASIGNADO
streaming,Streaming,Streaming,1,6,ENG,6,ENG-007;ENG-030;ENG-031;ENG-032;ENG-044;ENG-061,ENCABEZADO,0,CANDIDATO_ENG_REPETIDO,NO,NO_ASIGNADO
stress test,Stress Test,Stress Test,1,4,ENG,3,ENG-026;ENG-038;ENG-070,ENCABEZADO,0,CANDIDATO_ENG_REPETIDO,NO,NO_ASIGNADO
strict mode,Strict Mode,Strict Mode,1,3,ENG,3,ENG-011;ENG-016;ENG-031,ENCABEZADO,0,CANDIDATO_ENG_REPETIDO,NO,NO_ASIGNADO
strong consistency,Strong Consistency,Strong Consistency,1,4,ENG,4,ENG-037;ENG-049;ENG-053;ENG-078,ENCABEZADO,0,CANDIDATO_ENG_REPETIDO,NO,NO_ASIGNADO
structural validation,Structural Validation,Structural Validation,1,3,ENG,3,ENG-028;ENG-035;ENG-036,ENCABEZADO,0,CANDIDATO_ENG_REPETIDO,NO,NO_ASIGNADO
structured logging,Structured Logging,Structured Logging,1,3,ENG,2,ENG-010;ENG-082,ENCABEZADO;TERMINO_DESTACADO,0,CANDIDATO_ENG_REPETIDO,NO,NO_ASIGNADO
su objetivo,Su objetivo,Su objetivo,1,4,ENG,4,ENG-005;ENG-007;ENG-011;ENG-018,DEFINICION_EXPLICITA,4,CANDIDATO_ENG_DEFINIDO,NO,NO_ASIGNADO
su proposito,Su propósito,Su propósito,1,9,ARQ;ENG;FND,9,ARQ-010;ARQ-011;ARQ-012;ARQ-013;ARQ-017;ENG-003;ENG-006;FND-000;FND-001,DEFINICION_EXPLICITA,9,CANDIDATO_CON_AUTORIDAD,NO,NO_ASIGNADO
su responsabilidad,Su responsabilidad,Su responsabilidad,1,1,ARQ,1,ARQ-010,DEFINICION_EXPLICITA,1,CANDIDATO_CON_AUTORIDAD,NO,NO_ASIGNADO
subject,Subject,Subject,1,7,ENG,3,ENG-024;ENG-045;ENG-046,CODIGO_INLINE;DEFINICION_EXPLICITA;ENCABEZADO,2,CANDIDATO_ENG_DEFINIDO,NO,NO_ASIGNADO
subscriber,Subscriber,Subscriber; Subscribers,2,3,ENG,3,ENG-005;ENG-022;ENG-041,ENCABEZADO,0,CANDIDATO_ENG_REPETIDO,NO,NO_ASIGNADO
subscription,Subscription,Subscription,1,2,ENG,2,ENG-041;ENG-086,DEFINICION_EXPLICITA;ENCABEZADO,1,CANDIDATO_ENG_DEFINIDO,NO,NO_ASIGNADO
supply chain security,Supply Chain Security,Supply Chain Security,1,3,ENG,3,ENG-017;ENG-060;ENG-067,ENCABEZADO,0,CANDIDATO_ENG_REPETIDO,NO,NO_ASIGNADO
sustitucion,Sustitución,Sustitución,1,1,ARQ,1,ARQ-012,ENCABEZADO,0,CANDIDATO_CON_AUTORIDAD,NO,NO_ASIGNADO
synchronization,Synchronization,Synchronization,1,4,ENG,3,ENG-038;ENG-061;ENG-094,CODIGO_INLINE;ENCABEZADO,0,CANDIDATO_ENG_REPETIDO,NO,NO_ASIGNADO
syntax validation,Syntax Validation,Syntax Validation,1,3,ENG,3,ENG-044;ENG-049;ENG-051,ENCABEZADO,0,CANDIDATO_ENG_REPETIDO,NO,NO_ASIGNADO
tail latency,Tail Latency,Tail Latency,1,4,ENG,4,ENG-026;ENG-032;ENG-039;ENG-070,ENCABEZADO,0,CANDIDATO_ENG_REPETIDO,NO,NO_ASIGNADO
taxonomia de error,Taxonomía de Errores,Taxonomía de Errores,1,4,ENG,4,ENG-082;ENG-083;ENG-084;ENG-085,ENCABEZADO,0,CANDIDATO_ENG_REPETIDO,NO,NO_ASIGNADO
technology independence,Technology Independence,Technology Independence,1,3,ENG,3,ENG-022;ENG-025;ENG-035,ENCABEZADO,0,CANDIDATO_ENG_REPETIDO,NO,NO_ASIGNADO
technology neutrality,Technology Neutrality,Technology Neutrality,1,4,ENG,4,ENG-020;ENG-021;ENG-023;ENG-030,ENCABEZADO,0,CANDIDATO_ENG_REPETIDO,NO,NO_ASIGNADO
telemetry,Telemetry,Telemetry,1,4,ENG,2,ENG-025;ENG-082,DEFINICION_EXPLICITA;ENCABEZADO,2,CANDIDATO_ENG_DEFINIDO,NO,NO_ASIGNADO
template engine,Template Engine,Template Engine,1,4,ARQ,1,ARQ-010,DEFINICION_EXPLICITA;ENCABEZADO;TERMINO_DESTACADO,2,CANDIDATO_CON_AUTORIDAD,NO,NO_ASIGNADO
tenant,Tenant,Tenant,1,8,ENG,6,ENG-034;ENG-035;ENG-037;ENG-048;ENG-056;ENG-068,CODIGO_INLINE;DEFINICION_EXPLICITA;ENCABEZADO;TABLA_COLUMNA_PRINCIPAL,2,CANDIDATO_ENG_DEFINIDO,NO,NO_ASIGNADO
tenant context,Tenant Context,Tenant Context,1,6,ENG,6,ENG-038;ENG-043;ENG-044;ENG-046;ENG-048;ENG-056,ENCABEZADO,0,CANDIDATO_ENG_REPETIDO,NO,NO_ASIGNADO
tenant isolation,Tenant Isolation,Tenant Isolation,1,13,ENG,13,ENG-024;ENG-037;ENG-040;ENG-041;ENG-042;ENG-043;ENG-048;ENG-052;ENG-053;ENG-054;ENG-056;ENG-063;ENG-074,ENCABEZADO,0,CANDIDATO_ENG_REPETIDO,NO,NO_ASIGNADO
tenant isolation test,Tenant Isolation Test,Tenant Isolation Test,1,11,ENG,11,ENG-037;ENG-043;ENG-044;ENG-046;ENG-050;ENG-051;ENG-052;ENG-053;ENG-054;ENG-060;ENG-065,ENCABEZADO,0,CANDIDATO_ENG_REPETIDO,NO,NO_ASIGNADO
tenant membership,Tenant Membership,Tenant Membership,1,3,ENG,3,ENG-046;ENG-047;ENG-048,ENCABEZADO,0,CANDIDATO_ENG_REPETIDO,NO,NO_ASIGNADO
tenant override,Tenant Override,Tenant Override,1,3,ENG,3,ENG-048;ENG-049;ENG-081,ENCABEZADO,0,CANDIDATO_ENG_REPETIDO,NO,NO_ASIGNADO
tenant spoofing,Tenant Spoofing,Tenant Spoofing,1,3,ENG,2,ENG-048;ENG-056,ENCABEZADO,0,CANDIDATO_ENG_REPETIDO,NO,NO_ASIGNADO
tenant test,Tenant Test,Tenant Test,1,3,ENG,3,ENG-042;ENG-056;ENG-059,ENCABEZADO,0,CANDIDATO_ENG_REPETIDO,NO,NO_ASIGNADO
tenantcontext,TenantContext,TenantContext,1,2,ENG,1,ENG-048,CODIGO_INLINE;DEFINICION_EXPLICITA,1,CANDIDATO_ENG_DEFINIDO,NO,NO_ASIGNADO
tercera fase,Tercera Fase,Tercera Fase,1,9,ENG,9,ENG-017;ENG-018;ENG-019;ENG-020;ENG-021;ENG-022;ENG-023;ENG-024;ENG-025,ENCABEZADO,0,CANDIDATO_ENG_REPETIDO,NO,NO_ASIGNADO
test data,Test Data,Test Data,1,3,ENG,3,ENG-009;ENG-024;ENG-030,ENCABEZADO,0,CANDIDATO_ENG_REPETIDO,NO,NO_ASIGNADO
test isolation,Test Isolation,Test Isolation,1,3,ENG,3,ENG-027;ENG-034;ENG-068,ENCABEZADO,0,CANDIDATO_ENG_REPETIDO,NO,NO_ASIGNADO
testing,Testing,Testing,1,73,ENG,72,ENG-002;ENG-009;ENG-010;ENG-011;ENG-012;ENG-013;ENG-015;ENG-018;ENG-019;ENG-020;ENG-022;ENG-023;ENG-025;ENG-028;ENG-029;ENG-030;ENG-031;ENG-032;ENG-034;ENG-035;ENG-037;ENG-038;ENG-039;ENG-040;ENG-041;ENG-042;ENG-043;ENG-044;ENG-045;ENG-046;ENG-047;ENG-048;ENG-049;ENG-050;ENG-051;ENG-052;ENG-053;ENG-054;ENG-055;ENG-056;ENG-058;ENG-059;ENG-060;ENG-061;ENG-062;ENG-063;ENG-064;ENG-065;ENG-066;ENG-067;ENG-068;ENG-069;ENG-070;ENG-071;ENG-072;ENG-073;ENG-075;ENG-076;ENG-077;ENG-078;ENG-079;ENG-080;ENG-081;ENG-087;ENG-088;ENG-089;ENG-090;ENG-091;ENG-092;ENG-093;ENG-094;ENG-100,ENCABEZADO;TERMINO_DESTACADO,0,CANDIDATO_ENG_REPETIDO,NO,NO_ASIGNADO
testing integration,Testing Integration,Testing Integration,1,5,ENG,4,ENG-016;ENG-017;ENG-024;ENG-026,ENCABEZADO,0,CANDIDATO_ENG_REPETIDO,NO,NO_ASIGNADO
third phase,Third Phase,Third Phase,1,57,ENG,57,ENG-026;ENG-028;ENG-029;ENG-030;ENG-031;ENG-032;ENG-034;ENG-035;ENG-036;ENG-037;ENG-038;ENG-039;ENG-040;ENG-041;ENG-042;ENG-043;ENG-044;ENG-045;ENG-046;ENG-047;ENG-048;ENG-049;ENG-050;ENG-051;ENG-052;ENG-053;ENG-054;ENG-055;ENG-056;ENG-057;ENG-058;ENG-059;ENG-060;ENG-061;ENG-062;ENG-063;ENG-064;ENG-065;ENG-066;ENG-067;ENG-068;ENG-069;ENG-070;ENG-071;ENG-072;ENG-073;ENG-074;ENG-075;ENG-076;ENG-077;ENG-078;ENG-079;ENG-080;ENG-081;ENG-083;ENG-084;ENG-085,ENCABEZADO,0,CANDIDATO_ENG_REPETIDO,NO,NO_ASIGNADO
thread safety,Thread Safety,Thread Safety,1,3,ENG,3,ENG-019;ENG-022;ENG-038,ENCABEZADO,0,CANDIDATO_ENG_REPETIDO,NO,NO_ASIGNADO
throughput,Throughput,Throughput,1,3,ENG,2,ENG-026;ENG-070,DEFINICION_EXPLICITA;ENCABEZADO,1,CANDIDATO_ENG_DEFINIDO,NO,NO_ASIGNADO
time to live,Time To Live,Time To Live,1,2,ENG,1,ENG-037,CODIGO_INLINE;DEFINICION_EXPLICITA,1,CANDIDATO_ENG_DEFINIDO,NO,NO_ASIGNADO
timeout,Timeout,Timeout; Timeouts,2,10,ENG,8,ENG-022;ENG-023;ENG-024;ENG-026;ENG-032;ENG-034;ENG-039;ENG-044,CODIGO_INLINE;DEFINICION_EXPLICITA;ENCABEZADO,1,CANDIDATO_ENG_DEFINIDO,NO,NO_ASIGNADO
timeout budget,Timeout Budget,Timeout Budget,1,4,ENG,4,ENG-026;ENG-032;ENG-054;ENG-070,ENCABEZADO,0,CANDIDATO_ENG_REPETIDO,NO,NO_ASIGNADO
timeout test,Timeout Test,Timeout Test,1,9,ENG,9,ENG-032;ENG-034;ENG-039;ENG-042;ENG-044;ENG-052;ENG-055;ENG-061;ENG-069,ENCABEZADO,0,CANDIDATO_ENG_REPETIDO,NO,NO_ASIGNADO
timezone,Timezone,Timezone,1,4,ENG,4,ENG-030;ENG-031;ENG-044;ENG-061,ENCABEZADO,0,CANDIDATO_ENG_REPETIDO,NO,NO_ASIGNADO
tipo,Tipo,Tipo,1,3,ENG,2,ENG-002;ENG-003,ENCABEZADO;TABLA_COLUMNA_PRINCIPAL,0,CANDIDATO_ENG_REPETIDO,NO,NO_ASIGNADO
tipo de configuracion,Tipos de Configuración,Tipos de Configuración,1,1,ARQ,1,ARQ-013,ENCABEZADO,0,CANDIDATO_CON_AUTORIDAD,NO,NO_ASIGNADO
tipologia oficial,Tipología Oficial,Tipología Oficial,1,1,ARQ,1,ARQ-011,ENCABEZADO,0,CANDIDATO_CON_AUTORIDAD,NO,NO_ASIGNADO
toctou,TOCTOU,TOCTOU,1,3,ENG,3,ENG-024;ENG-038;ENG-042,CODIGO_INLINE;ENCABEZADO,0,CANDIDATO_ENG_REPETIDO,NO,NO_ASIGNADO
tombstone,Tombstone,Tombstone,1,3,ENG,3,ENG-041;ENG-047;ENG-077,ENCABEZADO,0,CANDIDATO_ENG_REPETIDO,NO,NO_ASIGNADO
trace,Trace,TRACE; Trace,2,9,ENG,6,ENG-010;ENG-025;ENG-038;ENG-039;ENG-040;ENG-056,CODIGO_INLINE;DEFINICION_EXPLICITA;ENCABEZADO;TABLA_COLUMNA_PRINCIPAL,1,CANDIDATO_ENG_DEFINIDO,NO,NO_ASIGNADO
trace context,Trace Context,Trace Context,1,8,ENG,7,ENG-010;ENG-022;ENG-025;ENG-032;ENG-041;ENG-044;ENG-056,ENCABEZADO,0,CANDIDATO_ENG_REPETIDO,NO,NO_ASIGNADO
tracing,Tracing,Tracing,1,8,ENG,8,ENG-022;ENG-023;ENG-031;ENG-041;ENG-042;ENG-052;ENG-064;ENG-082,ENCABEZADO,0,CANDIDATO_ENG_REPETIDO,NO,NO_ASIGNADO
transaction,Transaction,Transaction; transaction,2,4,ENG,3,ENG-018;ENG-030;ENG-042,CODIGO_INLINE;ENCABEZADO,0,CANDIDATO_ENG_REPETIDO,NO,NO_ASIGNADO
transaction boundary,Transaction Boundary,Transaction Boundary,1,7,ENG,6,ENG-022;ENG-030;ENG-034;ENG-038;ENG-041;ENG-042,CODIGO_INLINE;ENCABEZADO,0,CANDIDATO_ENG_REPETIDO,NO,NO_ASIGNADO
transaction engineering,Transaction Engineering,Transaction Engineering,1,3,ENG,2,ENG-041;ENG-042,ENCABEZADO;TERMINO_DESTACADO,0,CANDIDATO_ENG_REPETIDO,NO,NO_ASIGNADO
transaction integration,Transaction Integration,Transaction Integration,1,13,ENG,13,ENG-044;ENG-045;ENG-046;ENG-047;ENG-048;ENG-049;ENG-051;ENG-052;ENG-053;ENG-054;ENG-055;ENG-064;ENG-065,ENCABEZADO,0,CANDIDATO_ENG_REPETIDO,NO,NO_ASIGNADO
transaction scope,Transaction Scope,Transaction Scope,1,6,ENG,6,ENG-022;ENG-030;ENG-034;ENG-037;ENG-038;ENG-042,ENCABEZADO,0,CANDIDATO_ENG_REPETIDO,NO,NO_ASIGNADO
transactional outbox,Transactional Outbox,Transactional Outbox,1,7,ENG,7,ENG-022;ENG-030;ENG-034;ENG-040;ENG-041;ENG-042;ENG-052,CODIGO_INLINE;ENCABEZADO,0,CANDIDATO_ENG_REPETIDO,NO,NO_ASIGNADO
transfer,Transfer,Transfer,1,3,ENG,2,ENG-087;ENG-094,CODIGO_INLINE;DEFINICION_EXPLICITA,2,CANDIDATO_ENG_DEFINIDO,NO,NO_ASIGNADO
transformation,Transformation,Transformation,1,5,ENG,4,ENG-061;ENG-063;ENG-093;ENG-094,CODIGO_INLINE;ENCABEZADO,0,CANDIDATO_ENG_REPETIDO,NO,NO_ASIGNADO
transformation integration,Transformation Integration,Transformation Integration,1,3,ENG,3,ENG-064;ENG-065;ENG-088,ENCABEZADO,0,CANDIDATO_ENG_REPETIDO,NO,NO_ASIGNADO
transition atomicity,Transition Atomicity,Transition Atomicity,1,3,ENG,3,ENG-015;ENG-052;ENG-055,ENCABEZADO,0,CANDIDATO_ENG_REPETIDO,NO,NO_ASIGNADO
transition validation,Transition Validation,Transition Validation,1,3,ENG,3,ENG-015;ENG-052;ENG-053,ENCABEZADO,0,CANDIDATO_ENG_REPETIDO,NO,NO_ASIGNADO
transitive dependency,Transitive Dependency,Transitive Dependencies; Transitive Dependency,2,4,ENG,4,ENG-013;ENG-024;ENG-050;ENG-060,ENCABEZADO,0,CANDIDATO_ENG_REPETIDO,NO,NO_ASIGNADO
transport,Transport,Transport,1,8,ENG,4,ENG-032;ENG-039;ENG-040;ENG-041,CODIGO_INLINE;DEFINICION_EXPLICITA;ENCABEZADO,2,CANDIDATO_ENG_DEFINIDO,NO,NO_ASIGNADO
trust,Trust,Trust,1,5,ENG,5,ENG-024;ENG-085;ENG-092;ENG-093;ENG-094,DEFINICION_EXPLICITA;ENCABEZADO,1,CANDIDATO_ENG_DEFINIDO,NO,NO_ASIGNADO
trust boundary,Trust Boundary,Trust Boundary,1,6,ENG,6,ENG-021;ENG-024;ENG-036;ENG-056;ENG-079;ENG-085,ENCABEZADO,0,CANDIDATO_ENG_REPETIDO,NO,NO_ASIGNADO
trust gate,Trust Gate,Trust Gate; trust:gates,2,3,ENG,1,ENG-085,ENCABEZADO,0,CANDIDATO_ENG_REPETIDO,NO,NO_ASIGNADO
trust level,Trust Levels,Trust Level; Trust Levels,2,3,ENG,3,ENG-058;ENG-060;ENG-085,ENCABEZADO,0,CANDIDATO_ENG_REPETIDO,NO,NO_ASIGNADO
trust metadata,Trust Metadata,Trust Metadata,1,4,ENG,4,ENG-020;ENG-022;ENG-028;ENG-090,ENCABEZADO,0,CANDIDATO_ENG_REPETIDO,NO,NO_ASIGNADO
ttl,TTL,TTL,1,3,ENG,3,ENG-037;ENG-041;ENG-077,ENCABEZADO,0,CANDIDATO_ENG_REPETIDO,NO,NO_ASIGNADO
typed configuration,Typed Configuration,Typed Configuration,1,3,ENG,3,ENG-011;ENG-019;ENG-049,ENCABEZADO,0,CANDIDATO_ENG_REPETIDO,NO,NO_ASIGNADO
un command,Un Command,Un Command,1,3,ENG,2,ENG-004;ENG-034,DEFINICION_EXPLICITA,3,CANDIDATO_ENG_DEFINIDO,NO,NO_ASIGNADO
un contract,Un Contract,Un Contract,1,3,ARQ;ENG,2,ARQ-011;ENG-021,DEFINICION_EXPLICITA,3,CANDIDATO_CON_AUTORIDAD,NO,NO_ASIGNADO
un deadline,Un Deadline,Un Deadline,1,3,ENG,3,ENG-026;ENG-032;ENG-039,DEFINICION_EXPLICITA,3,CANDIDATO_ENG_DEFINIDO,NO,NO_ASIGNADO
un domain event,Un Domain Event,Un Domain Event,1,2,ENG,2,ENG-022;ENG-035,DEFINICION_EXPLICITA,2,CANDIDATO_ENG_DEFINIDO,NO,NO_ASIGNADO
un dto,Un DTO,Un DTO,1,3,ENG,2,ENG-034;ENG-062,DEFINICION_EXPLICITA,3,CANDIDATO_ENG_DEFINIDO,NO,NO_ASIGNADO
un endpoint,Un Endpoint,Un Endpoint,1,2,ENG,2,ENG-032;ENG-044,DEFINICION_EXPLICITA,2,CANDIDATO_ENG_DEFINIDO,NO,NO_ASIGNADO
un event,Un Event,Un Event,1,5,ENG,4,ENG-004;ENG-022;ENG-035;ENG-053,DEFINICION_EXPLICITA,5,CANDIDATO_ENG_DEFINIDO,NO,NO_ASIGNADO
un extension point,Un Extension Point,Un Extension Point,1,2,ENG,2,ENG-029;ENG-060,DEFINICION_EXPLICITA,2,CANDIDATO_ENG_DEFINIDO,NO,NO_ASIGNADO
un job,Un Job,Un Job,1,2,ENG,2,ENG-040;ENG-054,DEFINICION_EXPLICITA,2,CANDIDATO_ENG_DEFINIDO,NO,NO_ASIGNADO
un module,Un Module,Un Module,1,7,ARQ;ENG,4,ARQ-004;ENG-002;ENG-013;ENG-028,DEFINICION_EXPLICITA,7,CANDIDATO_CON_AUTORIDAD,NO,NO_ASIGNADO
un package,Un Package,Un Package,1,3,ENG,3,ENG-013;ENG-028;ENG-060,DEFINICION_EXPLICITA,3,CANDIDATO_ENG_DEFINIDO,NO,NO_ASIGNADO
un plugin,Un Plugin,Un Plugin,1,3,ENG,1,ENG-060,DEFINICION_EXPLICITA,3,CANDIDATO_ENG_DEFINIDO,NO,NO_ASIGNADO
un resource,Un Resource,Un Resource,1,3,ENG,2,ENG-046;ENG-054,DEFINICION_EXPLICITA,3,CANDIDATO_ENG_DEFINIDO,NO,NO_ASIGNADO
un schema,Un Schema,Un Schema,1,2,ENG,1,ENG-062,DEFINICION_EXPLICITA,2,CANDIDATO_ENG_DEFINIDO,NO,NO_ASIGNADO
un snapshot,Un Snapshot,Un Snapshot,1,2,ENG,2,ENG-020;ENG-025,DEFINICION_EXPLICITA,2,CANDIDATO_ENG_DEFINIDO,NO,NO_ASIGNADO
una action,Una Action,Una Action,1,2,ENG,2,ENG-015;ENG-046,DEFINICION_EXPLICITA,2,CANDIDATO_ENG_DEFINIDO,NO,NO_ASIGNADO
una capability,Una Capability,Una Capability,1,3,ENG,3,ENG-020;ENG-024;ENG-046,DEFINICION_EXPLICITA,3,CANDIDATO_ENG_DEFINIDO,NO,NO_ASIGNADO
una extension,Una Extension,Una Extension,1,2,ENG,2,ENG-029;ENG-060,DEFINICION_EXPLICITA,2,CANDIDATO_ENG_DEFINIDO,NO,NO_ASIGNADO
una identity,Una Identity,Una Identity,1,2,ENG,2,ENG-045;ENG-047,DEFINICION_EXPLICITA,2,CANDIDATO_ENG_DEFINIDO,NO,NO_ASIGNADO
una interface,Una Interface,Una Interface,1,2,ENG,1,ENG-033,DEFINICION_EXPLICITA,2,CANDIDATO_ENG_DEFINIDO,NO,NO_ASIGNADO
una migration,Una Migration,Una Migration,1,2,ENG,2,ENG-030;ENG-065,DEFINICION_EXPLICITA,2,CANDIDATO_ENG_DEFINIDO,NO,NO_ASIGNADO
una permission,Una Permission,Una Permission,1,2,ENG,2,ENG-024;ENG-046,DEFINICION_EXPLICITA,2,CANDIDATO_ENG_DEFINIDO,NO,NO_ASIGNADO
una policy,Una Policy,Una Policy,1,3,ENG,3,ENG-035;ENG-046;ENG-051,DEFINICION_EXPLICITA,3,CANDIDATO_ENG_DEFINIDO,NO,NO_ASIGNADO
una query,Una Query,Una Query,1,4,ENG,3,ENG-004;ENG-034;ENG-043,DEFINICION_EXPLICITA,4,CANDIDATO_ENG_DEFINIDO,NO,NO_ASIGNADO
una specification,Una Specification,Una Specification,1,2,ENG,2,ENG-035;ENG-043,DEFINICION_EXPLICITA,2,CANDIDATO_ENG_DEFINIDO,NO,NO_ASIGNADO
una transaction,Una Transaction,Una Transaction,1,2,ENG,2,ENG-030;ENG-042,DEFINICION_EXPLICITA,2,CANDIDATO_ENG_DEFINIDO,NO,NO_ASIGNADO
unbounded buffer,Unbounded Buffer,Unbounded Buffer; Unbounded Buffers,2,4,ENG,3,ENG-025;ENG-054;ENG-064,ENCABEZADO,0,CANDIDATO_ENG_REPETIDO,NO,NO_ASIGNADO
unbounded pool,Unbounded Pool,Unbounded Pool,1,3,ENG,2,ENG-030;ENG-054,ENCABEZADO,0,CANDIDATO_ENG_REPETIDO,NO,NO_ASIGNADO
unbounded queue,Unbounded Queue,Unbounded Queue,1,3,ENG,3,ENG-026;ENG-032;ENG-038,ENCABEZADO,0,CANDIDATO_ENG_REPETIDO,NO,NO_ASIGNADO
unhealthy,UNHEALTHY,UNHEALTHY; Unhealthy,2,3,ENG,2,ENG-025;ENG-069,CODIGO_INLINE;ENCABEZADO,0,CANDIDATO_ENG_REPETIDO,NO,NO_ASIGNADO
unique constraint,Unique Constraint,Unique Constraint,1,4,ENG,4,ENG-030;ENG-036;ENG-038;ENG-079,ENCABEZADO,0,CANDIDATO_ENG_REPETIDO,NO,NO_ASIGNADO
unit,Units,Units,1,3,ENG,3,ENG-011;ENG-061;ENG-094,ENCABEZADO,0,CANDIDATO_ENG_REPETIDO,NO,NO_ASIGNADO
unit of work,Unit of Work,Unit of Work,1,3,ENG,2,ENG-030;ENG-042,CODIGO_INLINE;ENCABEZADO,0,CANDIDATO_ENG_REPETIDO,NO,NO_ASIGNADO
unit test,Unit Tests,Unit Test; Unit Tests,2,3,ENG,3,ENG-009;ENG-020;ENG-061,ENCABEZADO,0,CANDIDATO_ENG_REPETIDO,NO,NO_ASIGNADO
unknown,UNKNOWN,UNKNOWN; Unknown,2,34,ENG,19,ENG-016;ENG-021;ENG-025;ENG-026;ENG-069;ENG-071;ENG-072;ENG-073;ENG-074;ENG-075;ENG-077;ENG-078;ENG-079;ENG-080;ENG-081;ENG-083;ENG-084;ENG-085;ENG-091,CODIGO_INLINE;ENCABEZADO,0,CANDIDATO_ENG_REPETIDO,NO,NO_ASIGNADO
unknown compliant,UNKNOWN ≠ COMPLIANT,UNKNOWN ≠ COMPLIANT,1,3,ENG,3,ENG-081;ENG-082;ENG-083,ENCABEZADO,0,CANDIDATO_ENG_REPETIDO,NO,NO_ASIGNADO
unknown field,Unknown Fields,Unknown Field; Unknown Fields,2,8,ENG,7,ENG-022;ENG-023;ENG-031;ENG-036;ENG-044;ENG-061;ENG-062,ENCABEZADO,0,CANDIDATO_ENG_REPETIDO,NO,NO_ASIGNADO
unknown outcome,Unknown Outcome,Unknown Outcome,1,3,ENG,3,ENG-061;ENG-065;ENG-077,ENCABEZADO,0,CANDIDATO_ENG_REPETIDO,NO,NO_ASIGNADO
unsafe deserialization,Unsafe Deserialization,Unsafe Deserialization,1,3,ENG,2,ENG-024;ENG-031,ENCABEZADO,0,CANDIDATO_ENG_REPETIDO,NO,NO_ASIGNADO
upcaster,Upcaster,Upcaster,1,3,ENG,2,ENG-031;ENG-041,CODIGO_INLINE;ENCABEZADO,0,CANDIDATO_ENG_REPETIDO,NO,NO_ASIGNADO
upgrade,Upgrade,Upgrade,1,3,ENG,1,ENG-066,CODIGO_INLINE;DEFINICION_EXPLICITA;ENCABEZADO,1,CANDIDATO_ENG_DEFINIDO,NO,NO_ASIGNADO
upgrade engineering,Upgrade Engineering,Upgrade Engineering,1,3,ENG,1,ENG-066,ENCABEZADO;TERMINO_DESTACADO,0,CANDIDATO_ENG_REPETIDO,NO,NO_ASIGNADO
upgrade integration,Upgrade Integration,Upgrade Integration,1,4,ENG,4,ENG-067;ENG-068;ENG-071;ENG-073,ENCABEZADO,0,CANDIDATO_ENG_REPETIDO,NO,NO_ASIGNADO
use case,Use Case,Use Case,1,3,ENG,2,ENG-034;ENG-080,CODIGO_INLINE;ENCABEZADO,0,CANDIDATO_ENG_REPETIDO,NO,NO_ASIGNADO
vague requirement,Vague Requirement,Vague Requirement,1,4,ENG,4,ENG-070;ENG-073;ENG-074;ENG-075,ENCABEZADO,0,CANDIDATO_ENG_REPETIDO,NO,NO_ASIGNADO
validacion,Validación,Validación,1,7,ARQ;ENG,7,ARQ-010;ARQ-013;ENG-000;ENG-001;ENG-002;ENG-005;ENG-011,ENCABEZADO,0,CANDIDATO_CON_AUTORIDAD,NO,NO_ASIGNADO
validate,Validate,Validate; validate,2,4,ENG,3,ENG-007;ENG-017;ENG-068,CODIGO_INLINE;ENCABEZADO,0,CANDIDATO_ENG_REPETIDO,NO,NO_ASIGNADO
validated,Validated,Validated,1,6,ENG,3,ENG-017;ENG-020;ENG-049,CODIGO_INLINE;ENCABEZADO;TABLA_COLUMNA_PRINCIPAL,0,CANDIDATO_ENG_REPETIDO,NO,NO_ASIGNADO
validation,Validation,Validation,1,13,ENG,11,ENG-020;ENG-028;ENG-035;ENG-036;ENG-040;ENG-041;ENG-044;ENG-055;ENG-079;ENG-080;ENG-090,CODIGO_INLINE;DEFINICION_EXPLICITA;ENCABEZADO,3,CANDIDATO_ENG_DEFINIDO,NO,NO_ASIGNADO
validation error,Validation Error,Validation Error; Validation Errors,2,4,ENG,4,ENG-023;ENG-039;ENG-044;ENG-049,ENCABEZADO,0,CANDIDATO_ENG_REPETIDO,NO,NO_ASIGNADO
validation failure,Validation Failure,Validation Failure,1,4,ENG,4,ENG-031;ENG-039;ENG-040;ENG-057,ENCABEZADO,0,CANDIDATO_ENG_REPETIDO,NO,NO_ASIGNADO
validation integration,Validation Integration,Validation Integration,1,11,ENG,11,ENG-042;ENG-046;ENG-049;ENG-051;ENG-052;ENG-053;ENG-088;ENG-091;ENG-092;ENG-093;ENG-094,ENCABEZADO,0,CANDIDATO_ENG_REPETIDO,NO,NO_ASIGNADO
validation layer,Validation Layers,Validation Layer; Validation Layers,2,7,ENG,7,ENG-021;ENG-028;ENG-036;ENG-049;ENG-051;ENG-061;ENG-079,ENCABEZADO,0,CANDIDATO_ENG_REPETIDO,NO,NO_ASIGNADO
validator,Validator,Validator; Validators,2,5,ENG,3,ENG-005;ENG-006;ENG-036,CODIGO_INLINE;ENCABEZADO,0,CANDIDATO_ENG_REPETIDO,NO,NO_ASIGNADO
value object,Value Objects,Value Object; Value Objects,2,4,ENG,3,ENG-005;ENG-018;ENG-035,CODIGO_INLINE;ENCABEZADO,0,CANDIDATO_ENG_REPETIDO,NO,NO_ASIGNADO
variabl,Variables,Variables,1,2,ARQ;ENG,2,ARQ-010;ENG-005,ENCABEZADO;TABLA_COLUMNA_PRINCIPAL,0,CANDIDATO_CON_AUTORIDAD,NO,NO_ASIGNADO
vendor leakage,Vendor Leakage,Vendor Leakage,1,3,ENG,3,ENG-006;ENG-021;ENG-023,ENCABEZADO,0,CANDIDATO_ENG_REPETIDO,NO,NO_ASIGNADO
vendor lock-in,Vendor Lock-in,Vendor Lock-In; Vendor Lock-in,2,4,ENG,4,ENG-010;ENG-012;ENG-013;ENG-025,ENCABEZADO,0,CANDIDATO_ENG_REPETIDO,NO,NO_ASIGNADO
versionado,Versionado,Versionado,1,6,ARQ;ENG,5,ARQ-004;ARQ-011;ARQ-013;ARQ-017;ENG-014,ENCABEZADO;TERMINO_DESTACADO,0,CANDIDATO_CON_AUTORIDAD,NO,NO_ASIGNADO
versioning integration,Versioning Integration,Versioning Integration,1,4,ENG,4,ENG-011;ENG-013;ENG-016;ENG-017,ENCABEZADO,0,CANDIDATO_ENG_REPETIDO,NO,NO_ASIGNADO
violated,VIOLATED,VIOLATED,1,3,ENG,3,ENG-077;ENG-078;ENG-079,ENCABEZADO,0,CANDIDATO_ENG_REPETIDO,NO,NO_ASIGNADO
visibility,Visibility,Visibility,1,3,ENG,3,ENG-019;ENG-020;ENG-090,DEFINICION_EXPLICITA;ENCABEZADO,1,CANDIDATO_ENG_DEFINIDO,NO,NO_ASIGNADO
vision,Visión,Visión,1,1,FND,1,FND-001,ENCABEZADO,0,CANDIDATO_CON_AUTORIDAD,NO,NO_ASIGNADO
vision de mef,visión de MEF,visión de MEF,1,1,FND,1,FND-001,DEFINICION_EXPLICITA,1,CANDIDATO_CON_AUTORIDAD,NO,NO_ASIGNADO
warm-up,Warm-Up,Warm-Up,1,4,ENG,4,ENG-037;ENG-039;ENG-067;ENG-069,ENCABEZADO,0,CANDIDATO_ENG_REPETIDO,NO,NO_ASIGNADO
warn,WARN,WARN,1,4,ENG,2,ENG-010;ENG-026,CODIGO_INLINE;ENCABEZADO;TABLA_COLUMNA_PRINCIPAL,0,CANDIDATO_ENG_REPETIDO,NO,NO_ASIGNADO
warning,Warning,WARNING; Warning; Warnings,3,5,ENG,5,ENG-007;ENG-016;ENG-017;ENG-027;ENG-036,CODIGO_INLINE;ENCABEZADO,0,CANDIDATO_ENG_REPETIDO,NO,NO_ASIGNADO
why,Why,Why; why,2,8,ENG,5,ENG-019;ENG-020;ENG-030;ENG-031;ENG-034,CODIGO_INLINE;ENCABEZADO,0,CANDIDATO_ENG_REPETIDO,NO,NO_ASIGNADO
wire model,Wire Model,Wire Model,1,3,ENG,1,ENG-031,CODIGO_INLINE;DEFINICION_EXPLICITA;ENCABEZADO,1,CANDIDATO_ENG_DEFINIDO,NO,NO_ASIGNADO
worker pool,Worker Pool,Worker Pool,1,3,ENG,3,ENG-026;ENG-038;ENG-040,ENCABEZADO,0,CANDIDATO_ENG_REPETIDO,NO,NO_ASIGNADO
workflow,Workflow,Workflow,1,4,ENG,3,ENG-034;ENG-040;ENG-052,CODIGO_INLINE;ENCABEZADO,0,CANDIDATO_ENG_REPETIDO,NO,NO_ASIGNADO
workflow engineering,Workflow Engineering,Workflow Engineering,1,5,ENG,2,ENG-051;ENG-052,CODIGO_INLINE;ENCABEZADO;TERMINO_DESTACADO,0,CANDIDATO_ENG_REPETIDO,NO,NO_ASIGNADO
workflow state,Workflow State,Workflow State,1,2,ENG,2,ENG-052;ENG-053,DEFINICION_EXPLICITA;ENCABEZADO,1,CANDIDATO_ENG_DEFINIDO,NO,NO_ASIGNADO
write skew,Write Skew,Write Skew,1,3,ENG,3,ENG-038;ENG-042;ENG-078,ENCABEZADO,0,CANDIDATO_ENG_REPETIDO,NO,NO_ASIGNADO
