termino_extraido,variante_original,capa,fuente_id,archivo,linea,tipo_evidencia,contexto,estado_10_2,clave_lexica_provisional,apariciones,termino_original,clave_normalizada,clave_conceptual,es_ruido
Ejemplo permitido,Ejemplo permitido,ARQ,ARQ-004,ARQ-004-MODULES.md,305,ENCABEZADO,Ejemplo permitido,CANDIDATO_BRUTO_NO_CANONIZADO,ejemplo permitido,1,Ejemplo permitido,ejemplo permitido,ejemplo permitido,True
Ejemplo prohibido,Ejemplo prohibido,ARQ,ARQ-004,ARQ-004-MODULES.md,316,ENCABEZADO,Ejemplo prohibido,CANDIDATO_BRUTO_NO_CANONIZADO,ejemplo prohibido,1,Ejemplo prohibido,ejemplo prohibido,ejemplo prohibido,True
Principio Rector,Principio Rector,ARQ,ARQ-004,ARQ-004-MODULES.md,688,ENCABEZADO,30. Principio Rector,CANDIDATO_BRUTO_NO_CANONIZADO,principio rector,102,Principio Rector,principio rector,principio rector,True
Principio Rector,Principio Rector,ARQ,ARQ-010,ARQ-010-TEMPLATE_ENGINE.md,266,ENCABEZADO,16. Principio Rector,CANDIDATO_BRUTO_NO_CANONIZADO,principio rector,102,Principio Rector,principio rector,principio rector,True
Principio Rector,Principio Rector,ARQ,ARQ-011,ARQ-011-CONTRACTS.md,264,ENCABEZADO,17. Principio Rector,CANDIDATO_BRUTO_NO_CANONIZADO,principio rector,102,Principio Rector,principio rector,principio rector,True
Principio Rector,Principio Rector,ARQ,ARQ-012,ARQ-012-DEPENDENCY_INJECTION.md,248,ENCABEZADO,16. Principio Rector,CANDIDATO_BRUTO_NO_CANONIZADO,principio rector,102,Principio Rector,principio rector,principio rector,True
Principio Rector,Principio Rector,ARQ,ARQ-013,ARQ-013-CONFIGURATION.md,296,ENCABEZADO,18. Principio Rector,CANDIDATO_BRUTO_NO_CANONIZADO,principio rector,102,Principio Rector,principio rector,principio rector,True
Dependencias,Dependencias,ARQ,ARQ-017,ARQ-017-PACKAGING.md,167,ENCABEZADO,10. Dependencias,CANDIDATO_BRUTO_NO_CANONIZADO,dependencias,2,Dependencias,dependencias,dependencia,True
Principio Rector,Principio Rector,ARQ,ARQ-017,ARQ-017-PACKAGING.md,284,ENCABEZADO,18. Principio Rector,CANDIDATO_BRUTO_NO_CANONIZADO,principio rector,102,Principio Rector,principio rector,principio rector,True
Principio de Conformidad Arquitectónica,Principio de Conformidad Arquitectónica,ENG,ENG-000,ENG-000-INGENIERIA_GENERAL.md,135,ENCABEZADO,5. Principio de Conformidad Arquitectónica,CANDIDATO_BRUTO_NO_CANONIZADO,principio de conformidad arquitectónica,1,Principio de Conformidad Arquitectónica,principio de conformidad arquitectonica,principio de conformidad arquitectonica,True
Principio Rector,Principio Rector,ENG,ENG-000,ENG-000-INGENIERIA_GENERAL.md,809,ENCABEZADO,34. Principio Rector,CANDIDATO_BRUTO_NO_CANONIZADO,principio rector,102,Principio Rector,principio rector,principio rector,True
Principio de Organización,Principio de Organización,ENG,ENG-001,ENG-001-ORGANIZACION_DEL_CODIGO.md,134,ENCABEZADO,6. Principio de Organización,CANDIDATO_BRUTO_NO_CANONIZADO,principio de organización,1,Principio de Organización,principio de organizacion,principio de organizacion,True
Regla de Dependencia,Regla de Dependencia,ENG,ENG-001,ENG-001-ORGANIZACION_DEL_CODIGO.md,240,ENCABEZADO,11. Regla de Dependencia,CANDIDATO_BRUTO_NO_CANONIZADO,regla de dependencia,1,Regla de Dependencia,regla de dependencia,regla de dependencia,True
Principio Rector,Principio Rector,ENG,ENG-001,ENG-001-ORGANIZACION_DEL_CODIGO.md,1033,ENCABEZADO,47. Principio Rector,CANDIDATO_BRUTO_NO_CANONIZADO,principio rector,102,Principio Rector,principio rector,principio rector,True
Versión,Versión,ENG,ENG-002,ENG-002-ESPECIFICACION_DE_MODULES.md,178,ENCABEZADO,8. Versión,CANDIDATO_BRUTO_NO_CANONIZADO,versión,3,Versión,version,version,True
Dependencias,Dependencias,ENG,ENG-002,ENG-002-ESPECIFICACION_DE_MODULES.md,357,ENCABEZADO,16. Dependencias,CANDIDATO_BRUTO_NO_CANONIZADO,dependencias,2,Dependencias,dependencias,dependencia,True
Versión,Versión,ENG,ENG-002,ENG-002-ESPECIFICACION_DE_MODULES.md,905,TABLA_COLUMNA_PRINCIPAL,Versión Sí,CANDIDATO_BRUTO_NO_CANONIZADO,versión,3,Versión,version,version,True
Principio Rector,Principio Rector,ENG,ENG-002,ENG-002-ESPECIFICACION_DE_MODULES.md,1114,ENCABEZADO,55. Principio Rector,CANDIDATO_BRUTO_NO_CANONIZADO,principio rector,102,Principio Rector,principio rector,principio rector,True
Principio Declarativo,Principio Declarativo,ENG,ENG-003,ENG-003-MANIFEST.md,100,ENCABEZADO,3. Principio Declarativo,CANDIDATO_BRUTO_NO_CANONIZADO,principio declarativo,1,Principio Declarativo,principio declarativo,principio declarativo,True
Versión,Versión,ENG,ENG-003,ENG-003-MANIFEST.md,306,ENCABEZADO,14. Versión,CANDIDATO_BRUTO_NO_CANONIZADO,versión,3,Versión,version,version,True
Estado de Madurez,Estado de Madurez,ENG,ENG-003,ENG-003-MANIFEST.md,349,ENCABEZADO,16. Estado de Madurez,CANDIDATO_BRUTO_NO_CANONIZADO,estado de madurez,1,Estado de Madurez,estado de madurez,estado de madurez,True
Dependencies,Dependencies,ENG,ENG-003,ENG-003-MANIFEST.md,484,ENCABEZADO,23. Dependencies,CANDIDATO_BRUTO_NO_CANONIZADO,dependencies,2,Dependencies,dependencies,dependency,True
version,version,ENG,ENG-003,ENG-003-MANIFEST.md,797,TABLA_COLUMNA_PRINCIPAL,version Sí,CANDIDATO_BRUTO_NO_CANONIZADO,version,4,version,version,version,True
dependencies,dependencies,ENG,ENG-003,ENG-003-MANIFEST.md,801,TABLA_COLUMNA_PRINCIPAL,dependencies Sí,CANDIDATO_BRUTO_NO_CANONIZADO,dependencies,2,dependencies,dependencies,dependency,True
Ejemplo Mínimo,Ejemplo Mínimo,ENG,ENG-003,ENG-003-MANIFEST.md,808,ENCABEZADO,41. Ejemplo Mínimo,CANDIDATO_BRUTO_NO_CANONIZADO,ejemplo mínimo,1,Ejemplo Mínimo,ejemplo minimo,ejemplo minimo,True
Ejemplo Extendido,Ejemplo Extendido,ENG,ENG-003,ENG-003-MANIFEST.md,834,ENCABEZADO,42. Ejemplo Extendido,CANDIDATO_BRUTO_NO_CANONIZADO,ejemplo extendido,1,Ejemplo Extendido,ejemplo extendido,ejemplo extendido,True
Principio Rector,Principio Rector,ENG,ENG-003,ENG-003-MANIFEST.md,1375,ENCABEZADO,65. Principio Rector,CANDIDATO_BRUTO_NO_CANONIZADO,principio rector,102,Principio Rector,principio rector,principio rector,True
Principio de Explicitud,Principio de Explicitud,ENG,ENG-004,ENG-004-CONVENCIONES.md,147,ENCABEZADO,6. Principio de Explicitud,CANDIDATO_BRUTO_NO_CANONIZADO,principio de explicitud,1,Principio de Explicitud,principio de explicitud,principio de explicitud,True
Principio de Consistencia,Principio de Consistencia,ENG,ENG-004,ENG-004-CONVENCIONES.md,175,ENCABEZADO,7. Principio de Consistencia,CANDIDATO_BRUTO_NO_CANONIZADO,principio de consistencia,1,Principio de Consistencia,principio de consistencia,principio de consistencia,True
Principio de Intención,Principio de Intención,ENG,ENG-004,ENG-004-CONVENCIONES.md,185,ENCABEZADO,8. Principio de Intención,CANDIDATO_BRUTO_NO_CANONIZADO,principio de intención,1,Principio de Intención,principio de intencion,principio de intencion,True
Principio de Menor Sorpresa,Principio de Menor Sorpresa,ENG,ENG-004,ENG-004-CONVENCIONES.md,201,ENCABEZADO,9. Principio de Menor Sorpresa,CANDIDATO_BRUTO_NO_CANONIZADO,principio de menor sorpresa,1,Principio de Menor Sorpresa,principio de menor sorpresa,principio de menor sorpresa,True
Principio de Simplicidad,Principio de Simplicidad,ENG,ENG-004,ENG-004-CONVENCIONES.md,215,ENCABEZADO,10. Principio de Simplicidad,CANDIDATO_BRUTO_NO_CANONIZADO,principio de simplicidad,1,Principio de Simplicidad,principio de simplicidad,principio de simplicidad,True
Principio Rector,Principio Rector,ENG,ENG-004,ENG-004-CONVENCIONES.md,1525,ENCABEZADO,85. Principio Rector,CANDIDATO_BRUTO_NO_CANONIZADO,principio rector,102,Principio Rector,principio rector,principio rector,True
Principio Rector,Principio Rector,ENG,ENG-005,ENG-005-NOMENCLATURA.md,2490,ENCABEZADO,119. Principio Rector,CANDIDATO_BRUTO_NO_CANONIZADO,principio rector,102,Principio Rector,principio rector,principio rector,True
Principio de Estructura Universal y Perfil,Principio de Estructura Universal y Perfil,ENG,ENG-006,ENG-006-ESTRUCTURA_DE_DIRECTORIOS.md,124,ENCABEZADO,5. Principio de Estructura Universal y Perfil,CANDIDATO_BRUTO_NO_CANONIZADO,principio de estructura universal y perfil,1,Principio de Estructura Universal y Perfil,principio de estructura universal y perfil,principio de estructura universal y perfil,True
README.md,README.md,ENG,ENG-006,ENG-006-ESTRUCTURA_DE_DIRECTORIOS.md,777,CODIGO_INLINE,El README.md de raíz deberá explicar al menos,CANDIDATO_BRUTO_NO_CANONIZADO,readme.md,1,README.md,readme.md,readme.md,True
Ejemplo de Perfil PHP,Ejemplo de Perfil PHP,ENG,ENG-006,ENG-006-ESTRUCTURA_DE_DIRECTORIOS.md,1155,ENCABEZADO,61. Ejemplo de Perfil PHP,CANDIDATO_BRUTO_NO_CANONIZADO,ejemplo de perfil php,1,Ejemplo de Perfil PHP,ejemplo de perfil php,ejemplo de perfil php,True
Ejemplo de Perfil Java,Ejemplo de Perfil Java,ENG,ENG-006,ENG-006-ESTRUCTURA_DE_DIRECTORIOS.md,1172,ENCABEZADO,62. Ejemplo de Perfil Java,CANDIDATO_BRUTO_NO_CANONIZADO,ejemplo de perfil java,1,Ejemplo de Perfil Java,ejemplo de perfil java,ejemplo de perfil java,True
Principio Rector,Principio Rector,ENG,ENG-006,ENG-006-ESTRUCTURA_DE_DIRECTORIOS.md,1618,ENCABEZADO,89. Principio Rector,CANDIDATO_BRUTO_NO_CANONIZADO,principio rector,102,Principio Rector,principio rector,principio rector,True
Regla de Mutación Explícita,Regla de Mutación Explícita,ENG,ENG-007,ENG-007-CLI.md,537,ENCABEZADO,24. Regla de Mutación Explícita,CANDIDATO_BRUTO_NO_CANONIZADO,regla de mutación explícita,1,Regla de Mutación Explícita,regla de mutacion explicita,regla de mutacion explicita,True
Version,Version,ENG,ENG-007,ENG-007-CLI.md,936,ENCABEZADO,47. Version,CANDIDATO_BRUTO_NO_CANONIZADO,version,4,Version,version,version,True
Principio Rector,Principio Rector,ENG,ENG-007,ENG-007-CLI.md,1540,ENCABEZADO,83. Principio Rector,CANDIDATO_BRUTO_NO_CANONIZADO,principio rector,102,Principio Rector,principio rector,principio rector,True
Ejemplo de Module Generation,Ejemplo de Module Generation,ENG,ENG-008,ENG-008-GENERADORES.md,1347,ENCABEZADO,85. Ejemplo de Module Generation,CANDIDATO_BRUTO_NO_CANONIZADO,ejemplo de module generation,1,Ejemplo de Module Generation,ejemplo de module generation,ejemplo de module generation,True
Ejemplo de Event Generation,Ejemplo de Event Generation,ENG,ENG-008,ENG-008-GENERADORES.md,1381,ENCABEZADO,86. Ejemplo de Event Generation,CANDIDATO_BRUTO_NO_CANONIZADO,ejemplo de event generation,1,Ejemplo de Event Generation,ejemplo de event generation,ejemplo de event generation,True
Principio Rector,Principio Rector,ENG,ENG-008,ENG-008-GENERADORES.md,1436,ENCABEZADO,90. Principio Rector,CANDIDATO_BRUTO_NO_CANONIZADO,principio rector,102,Principio Rector,principio rector,principio rector,True
Principio de Evidencia,Principio de Evidencia,ENG,ENG-009,ENG-009-TESTING.md,105,ENCABEZADO,4. Principio de Evidencia,CANDIDATO_BRUTO_NO_CANONIZADO,principio de evidencia,1,Principio de Evidencia,principio de evidencia,principio de evidencia,True
Principio Rector,Principio Rector,ENG,ENG-009,ENG-009-TESTING.md,1724,ENCABEZADO,115. Principio Rector,CANDIDATO_BRUTO_NO_CANONIZADO,principio rector,102,Principio Rector,principio rector,principio rector,True
Principio Rector,Principio Rector,ENG,ENG-010,ENG-010-LOGGING.md,1767,ENCABEZADO,116. Principio Rector,CANDIDATO_BRUTO_NO_CANONIZADO,principio rector,102,Principio Rector,principio rector,principio rector,True
Ejemplo Conceptual de Schema,Ejemplo Conceptual de Schema,ENG,ENG-011,ENG-011-CONFIGURATION_FILES.md,421,ENCABEZADO,18. Ejemplo Conceptual de Schema,CANDIDATO_BRUTO_NO_CANONIZADO,ejemplo conceptual de schema,1,Ejemplo Conceptual de Schema,ejemplo conceptual de schema,ejemplo conceptual de schema,True
.env,.env,ENG,ENG-011,ENG-011-CONFIGURATION_FILES.md,1202,ENCABEZADO,75. .env,CANDIDATO_BRUTO_NO_CANONIZADO,.env,5,.env,.env,.env,True
.env,.env,ENG,ENG-011,ENG-011-CONFIGURATION_FILES.md,1202,CODIGO_INLINE,75. .env,CANDIDATO_BRUTO_NO_CANONIZADO,.env,5,.env,.env,.env,True
.env,.env,ENG,ENG-011,ENG-011-CONFIGURATION_FILES.md,1204,CODIGO_INLINE,Un archivo .env podrá utilizarse en determinados Implementation Profiles.,CANDIDATO_BRUTO_NO_CANONIZADO,.env,5,.env,.env,.env,True
.env,.env,ENG,ENG-011,ENG-011-CONFIGURATION_FILES.md,2286,CODIGO_INLINE,"EI-175 MEF no deberá depender universalmente de .env , YAML, JSON u otro formato físico específico.",CANDIDATO_BRUTO_NO_CANONIZADO,.env,5,.env,.env,.env,True
.env,.env,ENG,ENG-011,ENG-011-CONFIGURATION_FILES.md,2365,CODIGO_INLINE,"Confundir el modelo de Configuration de MEF con YAML, JSON o .env .",CANDIDATO_BRUTO_NO_CANONIZADO,.env,5,.env,.env,.env,True
Principio Rector,Principio Rector,ENG,ENG-011,ENG-011-CONFIGURATION_FILES.md,2456,ENCABEZADO,158. Principio Rector,CANDIDATO_BRUTO_NO_CANONIZADO,principio rector,102,Principio Rector,principio rector,principio rector,True
mef.manifest.json,mef.manifest.json,ENG,ENG-012,ENG-012-BUILD_SYSTEM.md,669,CODIGO_INLINE,Este documento no sustituirá mef.manifest.json .,CANDIDATO_BRUTO_NO_CANONIZADO,mef.manifest.json,1,mef.manifest.json,mef.manifest.json,mef.manifest.json,True
Principio Rector,Principio Rector,ENG,ENG-012,ENG-012-BUILD_SYSTEM.md,1803,ENCABEZADO,121. Principio Rector,CANDIDATO_BRUTO_NO_CANONIZADO,principio rector,102,Principio Rector,principio rector,principio rector,True
El Installed State y el Dependency Lock no,El Installed State y el Dependency Lock no,ENG,ENG-013,ENG-013-PACKAGE_MANAGER.md,1409,DEFINICION_EXPLICITA,El Installed State y el Dependency Lock no son necesariamente lo mismo.,CANDIDATO_BRUTO_NO_CANONIZADO,el installed state y el dependency lock no,1,El Installed State y el Dependency Lock no,el installed state y el dependency lock no,el installed state y el dependency lock no,True
Principio Rector,Principio Rector,ENG,ENG-013,ENG-013-PACKAGE_MANAGER.md,2943,ENCABEZADO,200. Principio Rector,CANDIDATO_BRUTO_NO_CANONIZADO,principio rector,102,Principio Rector,principio rector,principio rector,True
tabla anterior,tabla anterior,ENG,ENG-014,ENG-014-VERSIONADO.md,1304,DEFINICION_EXPLICITA,La tabla anterior representa impacto mínimo.,CANDIDATO_BRUTO_NO_CANONIZADO,tabla anterior,1,tabla anterior,tabla anterior,tabla anterior,True
Ejemplo Completo,Ejemplo Completo,ENG,ENG-014,ENG-014-VERSIONADO.md,2613,ENCABEZADO,186. Ejemplo Completo,CANDIDATO_BRUTO_NO_CANONIZADO,ejemplo completo,2,Ejemplo Completo,ejemplo completo,ejemplo completo,True
Principio Rector,Principio Rector,ENG,ENG-014,ENG-014-VERSIONADO.md,2660,ENCABEZADO,187. Principio Rector,CANDIDATO_BRUTO_NO_CANONIZADO,principio rector,102,Principio Rector,principio rector,principio rector,True
Regla de Activación,Regla de Activación,ENG,ENG-015,ENG-015-ARCHITECTURAL_STATE_MACHINE.md,2991,ENCABEZADO,204. Regla de Activación,CANDIDATO_BRUTO_NO_CANONIZADO,regla de activación,1,Regla de Activación,regla de activacion,regla de activacion,True
Regla de Package,Regla de Package,ENG,ENG-015,ENG-015-ARCHITECTURAL_STATE_MACHINE.md,3017,ENCABEZADO,205. Regla de Package,CANDIDATO_BRUTO_NO_CANONIZADO,regla de package,1,Regla de Package,regla de package,regla de package,True
Regla de Configuration,Regla de Configuration,ENG,ENG-015,ENG-015-ARCHITECTURAL_STATE_MACHINE.md,3033,ENCABEZADO,206. Regla de Configuration,CANDIDATO_BRUTO_NO_CANONIZADO,regla de configuration,1,Regla de Configuration,regla de configuration,regla de configuration,True
Regla de Build,Regla de Build,ENG,ENG-015,ENG-015-ARCHITECTURAL_STATE_MACHINE.md,3049,ENCABEZADO,207. Regla de Build,CANDIDATO_BRUTO_NO_CANONIZADO,regla de build,1,Regla de Build,regla de build,regla de build,True
Principio Rector,Principio Rector,ENG,ENG-015,ENG-015-ARCHITECTURAL_STATE_MACHINE.md,3075,ENCABEZADO,208. Principio Rector,CANDIDATO_BRUTO_NO_CANONIZADO,principio rector,102,Principio Rector,principio rector,principio rector,True
Resolver/Compatibility Coupling,Resolver/Compatibility Coupling,ENG,ENG-016,ENG-016-COMPATIBILITY.md,2968,ENCABEZADO,Resolver/Compatibility Coupling,CANDIDATO_BRUTO_NO_CANONIZADO,resolver/compatibility coupling,1,Resolver/Compatibility Coupling,resolver/compatibility coupling,resolver compatibility coupling,True
Ejemplo Completo,Ejemplo Completo,ENG,ENG-016,ENG-016-COMPATIBILITY.md,2990,ENCABEZADO,210. Ejemplo Completo,CANDIDATO_BRUTO_NO_CANONIZADO,ejemplo completo,2,Ejemplo Completo,ejemplo completo,ejemplo completo,True
Ejemplo de Incompatibilidad,Ejemplo de Incompatibilidad,ENG,ENG-016,ENG-016-COMPATIBILITY.md,3055,ENCABEZADO,211. Ejemplo de Incompatibilidad,CANDIDATO_BRUTO_NO_CANONIZADO,ejemplo de incompatibilidad,1,Ejemplo de Incompatibilidad,ejemplo de incompatibilidad,ejemplo de incompatibilidad,True
Ejemplo de Conflicto entre Packages,Ejemplo de Conflicto entre Packages,ENG,ENG-016,ENG-016-COMPATIBILITY.md,3110,ENCABEZADO,212. Ejemplo de Conflicto entre Packages,CANDIDATO_BRUTO_NO_CANONIZADO,ejemplo de conflicto entre packages,1,Ejemplo de Conflicto entre Packages,ejemplo de conflicto entre packages,ejemplo de conflicto entre packag,True
Principio Rector,Principio Rector,ENG,ENG-016,ENG-016-COMPATIBILITY.md,3186,ENCABEZADO,214. Principio Rector,CANDIDATO_BRUTO_NO_CANONIZADO,principio rector,102,Principio Rector,principio rector,principio rector,True
Rollback de Deployment y Rollback de Release no,Rollback de Deployment y Rollback de Release no,ENG,ENG-017,ENG-017-RELEASE_PROCESS.md,1911,DEFINICION_EXPLICITA,Rollback de Deployment y Rollback de Release no son equivalentes.,CANDIDATO_BRUTO_NO_CANONIZADO,rollback de deployment y rollback de release no,1,Rollback de Deployment y Rollback de Release no,rollback de deployment y rollback de release no,rollback de deployment y rollback de release no,True
Principio Rector,Principio Rector,ENG,ENG-017,ENG-017-RELEASE_PROCESS.md,3146,ENCABEZADO,269. Principio Rector,CANDIDATO_BRUTO_NO_CANONIZADO,principio rector,102,Principio Rector,principio rector,principio rector,True
Resolution Must Not Become Global Context,Resolution Must Not Become Global Context,ENG,ENG-018,ENG-018-DEPENDENCY_INJECTION.md,2028,ENCABEZADO,157. Resolution Must Not Become Global Context,CANDIDATO_BRUTO_NO_CANONIZADO,resolution must not become global context,1,Resolution Must Not Become Global Context,resolution must not become global context,resolution must not become global context,True
Principio Rector,Principio Rector,ENG,ENG-018,ENG-018-DEPENDENCY_INJECTION.md,2921,ENCABEZADO,227. Principio Rector,CANDIDATO_BRUTO_NO_CANONIZADO,principio rector,102,Principio Rector,principio rector,principio rector,True
Scope,Scope,ENG,ENG-019,ENG-019-SERVICE_CONTAINER.md,751,ENCABEZADO,54. Scope,CANDIDATO_BRUTO_NO_CANONIZADO,scope,2,Scope,scope,scope,True
Scope,Scope,ENG,ENG-019,ENG-019-SERVICE_CONTAINER.md,753,CODIGO_INLINE,Un Scope define cuánto tiempo vive una Instance y dentro de qué frontera puede reutilizarse.,CANDIDATO_BRUTO_NO_CANONIZADO,scope,2,Scope,scope,scope,True
política deberá definir si un fallo de construcción,política deberá definir si un fallo de construcción,ENG,ENG-019,ENG-019-SERVICE_CONTAINER.md,1052,DEFINICION_EXPLICITA,La política deberá definir si un fallo de construcción es retryable.,CANDIDATO_BRUTO_NO_CANONIZADO,política deberá definir si un fallo de construcción,1,política deberá definir si un fallo de construcción,politica debera definir si un fallo de construccion,politica debera definir si un fallo de construccion,True
Principio Rector,Principio Rector,ENG,ENG-019,ENG-019-SERVICE_CONTAINER.md,2695,ENCABEZADO,231. Principio Rector,CANDIDATO_BRUTO_NO_CANONIZADO,principio rector,102,Principio Rector,principio rector,principio rector,True
Principio Rector,Principio Rector,ENG,ENG-020,ENG-020-REGISTRY_ENGINNEERING.md,3104,ENCABEZADO,271. Principio Rector,CANDIDATO_BRUTO_NO_CANONIZADO,principio rector,102,Principio Rector,principio rector,principio rector,True
Los defaults forman parte de la semántica cuando,Los defaults forman parte de la semántica cuando,ENG,ENG-021,ENG-021-CONTRACTS_ENGINNEERING.md,1677,DEFINICION_EXPLICITA,Los defaults forman parte de la semántica cuando son observables.,CANDIDATO_BRUTO_NO_CANONIZADO,los defaults forman parte de la semántica cuando,1,Los defaults forman parte de la semántica cuando,los defaults forman parte de la semantica cuando,los default forman parte de la semantica cuando,True
Un Provider no deberá asumir que todo Consumer,Un Provider no deberá asumir que todo Consumer,ENG,ENG-021,ENG-021-CONTRACTS_ENGINNEERING.md,1917,DEFINICION_EXPLICITA,Un Provider no deberá asumir que todo Consumer es confiable cuando atraviesa una frontera de seguridad.,CANDIDATO_BRUTO_NO_CANONIZADO,un provider no deberá asumir que todo consumer,1,Un Provider no deberá asumir que todo Consumer,un provider no debera asumir que todo consumer,un provider no debera asumir que todo consumer,True
MEF no deberá asumir que una llamada remota,MEF no deberá asumir que una llamada remota,ENG,ENG-021,ENG-021-CONTRACTS_ENGINNEERING.md,2393,DEFINICION_EXPLICITA,MEF no deberá asumir que una llamada remota es idéntica a una llamada local.,CANDIDATO_BRUTO_NO_CANONIZADO,mef no deberá asumir que una llamada remota,1,MEF no deberá asumir que una llamada remota,mef no debera asumir que una llamada remota,mef no debera asumir que una llamada remota,True
No deberá asumirse automáticamente que Split/Merge,No deberá asumirse automáticamente que Split/Merge,ENG,ENG-021,ENG-021-CONTRACTS_ENGINNEERING.md,2829,DEFINICION_EXPLICITA,No deberá asumirse automáticamente que Split/Merge es compatible.,CANDIDATO_BRUTO_NO_CANONIZADO,no deberá asumirse automáticamente que split/merge,1,No deberá asumirse automáticamente que Split/Merge,no debera asumirse automaticamente que split/merge,no debera asumirse automaticamente que split merge,True
Una Implementation declara cumplimiento sin evidencia cuando ésta,Una Implementation declara cumplimiento sin evidencia cuando ésta,ENG,ENG-021,ENG-021-CONTRACTS_ENGINNEERING.md,2940,DEFINICION_EXPLICITA,Una Implementation declara cumplimiento sin evidencia cuando ésta es requerida.,CANDIDATO_BRUTO_NO_CANONIZADO,una implementation declara cumplimiento sin evidencia cuando ésta,1,Una Implementation declara cumplimiento sin evidencia cuando ésta,una implementation declara cumplimiento sin evidencia cuando esta,una implementation declara cumplimiento sin evidencia cuando esta,True
Principio Rector,Principio Rector,ENG,ENG-021,ENG-021-CONTRACTS_ENGINNEERING.md,3163,ENCABEZADO,295. Principio Rector,CANDIDATO_BRUTO_NO_CANONIZADO,principio rector,102,Principio Rector,principio rector,principio rector,True
Los Events pendientes pueden perderse si la infraestructura,Los Events pendientes pueden perderse si la infraestructura,ENG,ENG-022,ENG-022-EVENT_BUS_ENGINNEERING.md,2943,DEFINICION_EXPLICITA,Los Events pendientes pueden perderse si la infraestructura es explícitamente ephemeral.,CANDIDATO_BRUTO_NO_CANONIZADO,los events pendientes pueden perderse si la infraestructura,1,Los Events pendientes pueden perderse si la infraestructura,los events pendientes pueden perderse si la infraestructura,los event pendient pueden perderse si la infraestructura,True
Principio Rector,Principio Rector,ENG,ENG-022,ENG-022-EVENT_BUS_ENGINNEERING.md,3374,ENCABEZADO,317. Principio Rector,CANDIDATO_BRUTO_NO_CANONIZADO,principio rector,102,Principio Rector,principio rector,principio rector,True
Cambiar radicalmente el significado de un Error Code,Cambiar radicalmente el significado de un Error Code,ENG,ENG-023,ENG-023-ERROR_HANDLING.md,1303,DEFINICION_EXPLICITA,Cambiar radicalmente el significado de un Error Code constituye incompatibilidad.,CANDIDATO_BRUTO_NO_CANONIZADO,cambiar radicalmente el significado de un error code,1,Cambiar radicalmente el significado de un Error Code,cambiar radicalmente el significado de un error code,cambiar radicalmente el significado de un error code,True
Principio Rector,Principio Rector,ENG,ENG-023,ENG-023-ERROR_HANDLING.md,3253,ENCABEZADO,302. Principio Rector,CANDIDATO_BRUTO_NO_CANONIZADO,principio rector,102,Principio Rector,principio rector,principio rector,True
Principio Rector,Principio Rector,ENG,ENG-024,ENG-024-SECURITY_ENGINEERING.md,3992,ENCABEZADO,384. Principio Rector,CANDIDATO_BRUTO_NO_CANONIZADO,principio rector,102,Principio Rector,principio rector,principio rector,True
Principio Rector,Principio Rector,ENG,ENG-025,ENG-025-OBSERVABILITY_ENGINEERING.md,3144,ENCABEZADO,307. Principio Rector,CANDIDATO_BRUTO_NO_CANONIZADO,principio rector,102,Principio Rector,principio rector,principio rector,True
Principio Rector,Principio Rector,ENG,ENG-026,ENG-026-RUNTIME_PERFORMANCE_ENGINEERING.md,3496,ENCABEZADO,333. Principio Rector,CANDIDATO_BRUTO_NO_CANONIZADO,principio rector,102,Principio Rector,principio rector,principio rector,True
Principio Rector,Principio Rector,ENG,ENG-027,ENG-027-RUNTIME_ENGINEERING.md,3631,ENCABEZADO,329. Principio Rector,CANDIDATO_BRUTO_NO_CANONIZADO,principio rector,102,Principio Rector,principio rector,principio rector,True
Principio Rector,Principio Rector,ENG,ENG-028,ENG-028-MODULE_ENGINEERING.md,3317,ENCABEZADO,327. Principio Rector,CANDIDATO_BRUTO_NO_CANONIZADO,principio rector,102,Principio Rector,principio rector,principio rector,True
Principio Rector,Principio Rector,ENG,ENG-029,ENG-029-EXTENSION_ENGINEERING.md,2518,ENCABEZADO,228. Principio Rector,CANDIDATO_BRUTO_NO_CANONIZADO,principio rector,102,Principio Rector,principio rector,principio rector,True
Principio Rector,Principio Rector,ENG,ENG-030,ENG-030-PERSISTENCE_ENGINEERING.md,2937,ENCABEZADO,305. Principio Rector,CANDIDATO_BRUTO_NO_CANONIZADO,principio rector,102,Principio Rector,principio rector,principio rector,True
Encryption Before/After Serialization,Encryption Before/After Serialization,ENG,ENG-031,ENG-031-SERIALIZATION_ENGINEERING.md,1628,ENCABEZADO,181. Encryption Before/After Serialization,CANDIDATO_BRUTO_NO_CANONIZADO,encryption before/after serialization,1,Encryption Before/After Serialization,encryption before/after serialization,encryption before after serialization,True
Principio Rector,Principio Rector,ENG,ENG-031,ENG-031-SERIALIZATION_ENGINEERING.md,3116,ENCABEZADO,312. Principio Rector,CANDIDATO_BRUTO_NO_CANONIZADO,principio rector,102,Principio Rector,principio rector,principio rector,True
Request/Response ≠ Command/Event,Request/Response ≠ Command/Event,ENG,ENG-032,ENG-032-TRANSPORT_ENGINEERING.md,438,ENCABEZADO,31. Request/Response ≠ Command/Event,CANDIDATO_BRUTO_NO_CANONIZADO,request/response ≠ command/event,1,Request/Response ≠ Command/Event,request/response = command/event,request response command event,True
Principio Rector,Principio Rector,ENG,ENG-032,ENG-032-TRANSPORT_ENGINEERING.md,3127,ENCABEZADO,307. Principio Rector,CANDIDATO_BRUTO_NO_CANONIZADO,principio rector,102,Principio Rector,principio rector,principio rector,True
Principio Rector,Principio Rector,ENG,ENG-034,ENG-034-APPLICATION_ENGINEERING.md,2895,ENCABEZADO,295. Principio Rector,CANDIDATO_BRUTO_NO_CANONIZADO,principio rector,102,Principio Rector,principio rector,principio rector,True
Application/Domain Architecture,Application/Domain Architecture,ENG,ENG-035,ENG-035-DOMAIN_ENGINEERING.md,2695,ENCABEZADO,304. Application/Domain Architecture,CANDIDATO_BRUTO_NO_CANONIZADO,application/domain architecture,1,Application/Domain Architecture,application/domain architecture,application domain architecture,True
Principio Rector,Principio Rector,ENG,ENG-035,ENG-035-DOMAIN_ENGINEERING.md,3342,ENCABEZADO,347. Principio Rector,CANDIDATO_BRUTO_NO_CANONIZADO,principio rector,102,Principio Rector,principio rector,principio rector,True
Principio Rector,Principio Rector,ENG,ENG-036,ENG-036-VALIDATION_ENGINEERING.md,2870,ENCABEZADO,278. Principio Rector,CANDIDATO_BRUTO_NO_CANONIZADO,principio rector,102,Principio Rector,principio rector,principio rector,True
Version,Version,ENG,ENG-037,ENG-037-CACHING_ENGINEERING.md,1427,ENCABEZADO,147. Version,CANDIDATO_BRUTO_NO_CANONIZADO,version,4,Version,version,version,True
Principio Rector,Principio Rector,ENG,ENG-037,ENG-037-CACHING_ENGINEERING.md,3143,ENCABEZADO,321. Principio Rector,CANDIDATO_BRUTO_NO_CANONIZADO,principio rector,102,Principio Rector,principio rector,principio rector,True
Principio Rector,Principio Rector,ENG,ENG-038,ENG-038-CONCURRENCY_ENGINEERING.md,3146,ENCABEZADO,322. Principio Rector,CANDIDATO_BRUTO_NO_CANONIZADO,principio rector,102,Principio Rector,principio rector,principio rector,True
Principio Rector,Principio Rector,ENG,ENG-039,ENG-039-RESILIENCE_ENGINEERING.md,3043,ENCABEZADO,301. Principio Rector,CANDIDATO_BRUTO_NO_CANONIZADO,principio rector,102,Principio Rector,principio rector,principio rector,True
Principio Rector,Principio Rector,ENG,ENG-040,ENG-040-SCHEDULING_BACKGROUND_JOBS_ENGINEERING.md,3972,ENCABEZADO,412. Principio Rector,CANDIDATO_BRUTO_NO_CANONIZADO,principio rector,102,Principio Rector,principio rector,principio rector,True
Principio Rector,Principio Rector,ENG,ENG-041,ENG-041-MESSAGING_ENGINEERING.md,3914,ENCABEZADO,379. Principio Rector,CANDIDATO_BRUTO_NO_CANONIZADO,principio rector,102,Principio Rector,principio rector,principio rector,True
Version,Version,ENG,ENG-042,ENG-042-TRANSACTION_ENGINEERING.md,849,ENCABEZADO,87. Version,CANDIDATO_BRUTO_NO_CANONIZADO,version,4,Version,version,version,True
Principio Rector,Principio Rector,ENG,ENG-042,ENG-042-TRANSACTION_ENGINEERING.md,3177,ENCABEZADO,320. Principio Rector,CANDIDATO_BRUTO_NO_CANONIZADO,principio rector,102,Principio Rector,principio rector,principio rector,True
Principio Rector,Principio Rector,ENG,ENG-043,ENG-043-DATA_ACCESS_ENGINEERING.md,3358,ENCABEZADO,336. Principio Rector,CANDIDATO_BRUTO_NO_CANONIZADO,principio rector,102,Principio Rector,principio rector,principio rector,True
Principio Rector,Principio Rector,ENG,ENG-044,ENG-044-API_ENGINEERING.md,3969,ENCABEZADO,401. Principio Rector,CANDIDATO_BRUTO_NO_CANONIZADO,principio rector,102,Principio Rector,principio rector,principio rector,True
Principio Rector,Principio Rector,ENG,ENG-045,ENG-045-AUTHENTICATION_ENGINEERING.md,3600,ENCABEZADO,362. Principio Rector,CANDIDATO_BRUTO_NO_CANONIZADO,principio rector,102,Principio Rector,principio rector,principio rector,True
authz:check,authz:check,ENG,ENG-046,ENG-046-AUTHORIZATION_ENGINEERING.md,2598,CODIGO_INLINE,274. authz:check,CANDIDATO_BRUTO_NO_CANONIZADO,authz:check,2,authz:check,authz:check,authz check,True
authz:explain,authz:explain,ENG,ENG-046,ENG-046-AUTHORIZATION_ENGINEERING.md,2611,CODIGO_INLINE,275. authz:explain,CANDIDATO_BRUTO_NO_CANONIZADO,authz:explain,2,authz:explain,authz:explain,authz explain,True
Principio Rector,Principio Rector,ENG,ENG-046,ENG-046-AUTHORIZATION_ENGINEERING.md,3690,ENCABEZADO,336. Principio Rector,CANDIDATO_BRUTO_NO_CANONIZADO,principio rector,102,Principio Rector,principio rector,principio rector,True
iam:reconcile,iam:reconcile,ENG,ENG-047,ENG-047-IDENTITY_ACCESS_MANAGEMENT_ENGINEERING.md,2702,CODIGO_INLINE,293. iam:reconcile,CANDIDATO_BRUTO_NO_CANONIZADO,iam:reconcile,2,iam:reconcile,iam:reconcile,iam reconcile,True
Principio Rector,Principio Rector,ENG,ENG-047,ENG-047-IDENTITY_ACCESS_MANAGEMENT_ENGINEERING.md,3763,ENCABEZADO,353. Principio Rector,CANDIDATO_BRUTO_NO_CANONIZADO,principio rector,102,Principio Rector,principio rector,principio rector,True
tenant:diagnose,tenant:diagnose,ENG,ENG-048,ENG-048-MULTI_TENANCY_ENGINEERING.md,2308,CODIGO_INLINE,256. tenant:diagnose,CANDIDATO_BRUTO_NO_CANONIZADO,tenant:diagnose,2,tenant:diagnose,tenant:diagnose,tenant diagnose,True
Principio Rector,Principio Rector,ENG,ENG-048,ENG-048-MULTI_TENANCY_ENGINEERING.md,3245,ENCABEZADO,318. Principio Rector,CANDIDATO_BRUTO_NO_CANONIZADO,principio rector,102,Principio Rector,principio rector,principio rector,True
config:get,config:get,ENG,ENG-049,ENG-049-CONFIGURATION_MANAGEMENT_ENGINEERING.md,2106,CODIGO_INLINE,218. config:get,CANDIDATO_BRUTO_NO_CANONIZADO,config:get,2,config:get,config:get,config get,True
config:explain,config:explain,ENG,ENG-049,ENG-049-CONFIGURATION_MANAGEMENT_ENGINEERING.md,2112,CODIGO_INLINE,219. config:explain,CANDIDATO_BRUTO_NO_CANONIZADO,config:explain,2,config:explain,config:explain,config explain,True
config:validate,config:validate,ENG,ENG-049,ENG-049-CONFIGURATION_MANAGEMENT_ENGINEERING.md,2118,CODIGO_INLINE,220. config:validate,CANDIDATO_BRUTO_NO_CANONIZADO,config:validate,2,config:validate,config:validate,config validate,True
config:diff,config:diff,ENG,ENG-049,ENG-049-CONFIGURATION_MANAGEMENT_ENGINEERING.md,2124,CODIGO_INLINE,221. config:diff,CANDIDATO_BRUTO_NO_CANONIZADO,config:diff,2,config:diff,config:diff,config diff,True
config:reload,config:reload,ENG,ENG-049,ENG-049-CONFIGURATION_MANAGEMENT_ENGINEERING.md,2130,CODIGO_INLINE,222. config:reload,CANDIDATO_BRUTO_NO_CANONIZADO,config:reload,2,config:reload,config:reload,config reload,True
config:rollback,config:rollback,ENG,ENG-049,ENG-049-CONFIGURATION_MANAGEMENT_ENGINEERING.md,2144,CODIGO_INLINE,223. config:rollback,CANDIDATO_BRUTO_NO_CANONIZADO,config:rollback,2,config:rollback,config:rollback,config rollback,True
config:drift,config:drift,ENG,ENG-049,ENG-049-CONFIGURATION_MANAGEMENT_ENGINEERING.md,2150,CODIGO_INLINE,224. config:drift,CANDIDATO_BRUTO_NO_CANONIZADO,config:drift,2,config:drift,config:drift,config drift,True
config:diagnose,config:diagnose,ENG,ENG-049,ENG-049-CONFIGURATION_MANAGEMENT_ENGINEERING.md,2164,CODIGO_INLINE,225. config:diagnose,CANDIDATO_BRUTO_NO_CANONIZADO,config:diagnose,2,config:diagnose,config:diagnose,config diagnose,True
Principio Rector,Principio Rector,ENG,ENG-049,ENG-049-CONFIGURATION_MANAGEMENT_ENGINEERING.md,3224,ENCABEZADO,303. Principio Rector,CANDIDATO_BRUTO_NO_CANONIZADO,principio rector,102,Principio Rector,principio rector,principio rector,True
feature:list,feature:list,ENG,ENG-050,ENG-050-FEATURE_MANAGEMENT_ENGINEERING.md,1760,CODIGO_INLINE,171. feature:list,CANDIDATO_BRUTO_NO_CANONIZADO,feature:list,2,feature:list,feature:list,feature list,True
feature:show,feature:show,ENG,ENG-050,ENG-050-FEATURE_MANAGEMENT_ENGINEERING.md,1775,CODIGO_INLINE,172. feature:show,CANDIDATO_BRUTO_NO_CANONIZADO,feature:show,2,feature:show,feature:show,feature show,True
feature:explain,feature:explain,ENG,ENG-050,ENG-050-FEATURE_MANAGEMENT_ENGINEERING.md,1781,CODIGO_INLINE,173. feature:explain,CANDIDATO_BRUTO_NO_CANONIZADO,feature:explain,2,feature:explain,feature:explain,feature explain,True
feature:enable,feature:enable,ENG,ENG-050,ENG-050-FEATURE_MANAGEMENT_ENGINEERING.md,1787,CODIGO_INLINE,174. feature:enable,CANDIDATO_BRUTO_NO_CANONIZADO,feature:enable,2,feature:enable,feature:enable,feature enable,True
feature:disable,feature:disable,ENG,ENG-050,ENG-050-FEATURE_MANAGEMENT_ENGINEERING.md,1793,CODIGO_INLINE,175. feature:disable,CANDIDATO_BRUTO_NO_CANONIZADO,feature:disable,2,feature:disable,feature:disable,feature disable,True
feature:rollout,feature:rollout,ENG,ENG-050,ENG-050-FEATURE_MANAGEMENT_ENGINEERING.md,1799,CODIGO_INLINE,176. feature:rollout,CANDIDATO_BRUTO_NO_CANONIZADO,feature:rollout,2,feature:rollout,feature:rollout,feature rollout,True
feature:pause,feature:pause,ENG,ENG-050,ENG-050-FEATURE_MANAGEMENT_ENGINEERING.md,1812,CODIGO_INLINE,177. feature:pause,CANDIDATO_BRUTO_NO_CANONIZADO,feature:pause,2,feature:pause,feature:pause,feature pause,True
feature:kill,feature:kill,ENG,ENG-050,ENG-050-FEATURE_MANAGEMENT_ENGINEERING.md,1818,CODIGO_INLINE,178. feature:kill,CANDIDATO_BRUTO_NO_CANONIZADO,feature:kill,2,feature:kill,feature:kill,feature kill,True
feature:history,feature:history,ENG,ENG-050,ENG-050-FEATURE_MANAGEMENT_ENGINEERING.md,1824,CODIGO_INLINE,179. feature:history,CANDIDATO_BRUTO_NO_CANONIZADO,feature:history,2,feature:history,feature:history,feature history,True
feature:validate,feature:validate,ENG,ENG-050,ENG-050-FEATURE_MANAGEMENT_ENGINEERING.md,1830,CODIGO_INLINE,180. feature:validate,CANDIDATO_BRUTO_NO_CANONIZADO,feature:validate,2,feature:validate,feature:validate,feature validate,True
feature:stale,feature:stale,ENG,ENG-050,ENG-050-FEATURE_MANAGEMENT_ENGINEERING.md,1836,CODIGO_INLINE,181. feature:stale,CANDIDATO_BRUTO_NO_CANONIZADO,feature:stale,2,feature:stale,feature:stale,feature stale,True
feature:archive,feature:archive,ENG,ENG-050,ENG-050-FEATURE_MANAGEMENT_ENGINEERING.md,1849,CODIGO_INLINE,182. feature:archive,CANDIDATO_BRUTO_NO_CANONIZADO,feature:archive,2,feature:archive,feature:archive,feature archive,True
feature:diagnose,feature:diagnose,ENG,ENG-050,ENG-050-FEATURE_MANAGEMENT_ENGINEERING.md,1855,CODIGO_INLINE,183. feature:diagnose,CANDIDATO_BRUTO_NO_CANONIZADO,feature:diagnose,2,feature:diagnose,feature:diagnose,feature diagnose,True
Principio Rector,Principio Rector,ENG,ENG-050,ENG-050-FEATURE_MANAGEMENT_ENGINEERING.md,2750,ENCABEZADO,236. Principio Rector,CANDIDATO_BRUTO_NO_CANONIZADO,principio rector,102,Principio Rector,principio rector,principio rector,True
policy:list,policy:list,ENG,ENG-051,ENG-051-POLICY_ENGINEERING.md,1777,CODIGO_INLINE,168. policy:list,CANDIDATO_BRUTO_NO_CANONIZADO,policy:list,2,policy:list,policy:list,policy list,True
policy:show,policy:show,ENG,ENG-051,ENG-051-POLICY_ENGINEERING.md,1791,CODIGO_INLINE,169. policy:show,CANDIDATO_BRUTO_NO_CANONIZADO,policy:show,2,policy:show,policy:show,policy show,True
policy:validate,policy:validate,ENG,ENG-051,ENG-051-POLICY_ENGINEERING.md,1797,CODIGO_INLINE,170. policy:validate,CANDIDATO_BRUTO_NO_CANONIZADO,policy:validate,2,policy:validate,policy:validate,policy validate,True
policy:compile,policy:compile,ENG,ENG-051,ENG-051-POLICY_ENGINEERING.md,1803,CODIGO_INLINE,171. policy:compile,CANDIDATO_BRUTO_NO_CANONIZADO,policy:compile,2,policy:compile,policy:compile,policy compile,True
policy:evaluate,policy:evaluate,ENG,ENG-051,ENG-051-POLICY_ENGINEERING.md,1809,CODIGO_INLINE,172. policy:evaluate,CANDIDATO_BRUTO_NO_CANONIZADO,policy:evaluate,2,policy:evaluate,policy:evaluate,policy evaluate,True
policy:explain,policy:explain,ENG,ENG-051,ENG-051-POLICY_ENGINEERING.md,1815,CODIGO_INLINE,173. policy:explain,CANDIDATO_BRUTO_NO_CANONIZADO,policy:explain,2,policy:explain,policy:explain,policy explain,True
policy:diff,policy:diff,ENG,ENG-051,ENG-051-POLICY_ENGINEERING.md,1830,CODIGO_INLINE,174. policy:diff,CANDIDATO_BRUTO_NO_CANONIZADO,policy:diff,2,policy:diff,policy:diff,policy diff,True
policy:history,policy:history,ENG,ENG-051,ENG-051-POLICY_ENGINEERING.md,1836,CODIGO_INLINE,175. policy:history,CANDIDATO_BRUTO_NO_CANONIZADO,policy:history,2,policy:history,policy:history,policy history,True
policy:activate,policy:activate,ENG,ENG-051,ENG-051-POLICY_ENGINEERING.md,1842,CODIGO_INLINE,176. policy:activate,CANDIDATO_BRUTO_NO_CANONIZADO,policy:activate,2,policy:activate,policy:activate,policy activate,True
policy:rollback,policy:rollback,ENG,ENG-051,ENG-051-POLICY_ENGINEERING.md,1848,CODIGO_INLINE,177. policy:rollback,CANDIDATO_BRUTO_NO_CANONIZADO,policy:rollback,2,policy:rollback,policy:rollback,policy rollback,True
policy:drift,policy:drift,ENG,ENG-051,ENG-051-POLICY_ENGINEERING.md,1854,CODIGO_INLINE,178. policy:drift,CANDIDATO_BRUTO_NO_CANONIZADO,policy:drift,2,policy:drift,policy:drift,policy drift,True
policy:diagnose,policy:diagnose,ENG,ENG-051,ENG-051-POLICY_ENGINEERING.md,1866,CODIGO_INLINE,179. policy:diagnose,CANDIDATO_BRUTO_NO_CANONIZADO,policy:diagnose,2,policy:diagnose,policy:diagnose,policy diagnose,True
Principio Rector,Principio Rector,ENG,ENG-051,ENG-051-POLICY_ENGINEERING.md,2884,ENCABEZADO,241. Principio Rector,CANDIDATO_BRUTO_NO_CANONIZADO,principio rector,102,Principio Rector,principio rector,principio rector,True
workflow:list,workflow:list,ENG,ENG-052,ENG-052-WORKFLOW_ENGINEERING.md,2224,CODIGO_INLINE,224. workflow:list,CANDIDATO_BRUTO_NO_CANONIZADO,workflow:list,2,workflow:list,workflow:list,workflow list,True
workflow:show,workflow:show,ENG,ENG-052,ENG-052-WORKFLOW_ENGINEERING.md,2237,CODIGO_INLINE,225. workflow:show,CANDIDATO_BRUTO_NO_CANONIZADO,workflow:show,2,workflow:show,workflow:show,workflow show,True
workflow:validate,workflow:validate,ENG,ENG-052,ENG-052-WORKFLOW_ENGINEERING.md,2243,CODIGO_INLINE,226. workflow:validate,CANDIDATO_BRUTO_NO_CANONIZADO,workflow:validate,2,workflow:validate,workflow:validate,workflow validate,True
workflow:start,workflow:start,ENG,ENG-052,ENG-052-WORKFLOW_ENGINEERING.md,2249,CODIGO_INLINE,227. workflow:start,CANDIDATO_BRUTO_NO_CANONIZADO,workflow:start,2,workflow:start,workflow:start,workflow start,True
workflow:status,workflow:status,ENG,ENG-052,ENG-052-WORKFLOW_ENGINEERING.md,2255,CODIGO_INLINE,228. workflow:status,CANDIDATO_BRUTO_NO_CANONIZADO,workflow:status,2,workflow:status,workflow:status,workflow status,True
workflow:history,workflow:history,ENG,ENG-052,ENG-052-WORKFLOW_ENGINEERING.md,2272,CODIGO_INLINE,229. workflow:history,CANDIDATO_BRUTO_NO_CANONIZADO,workflow:history,2,workflow:history,workflow:history,workflow history,True
workflow:signal,workflow:signal,ENG,ENG-052,ENG-052-WORKFLOW_ENGINEERING.md,2278,CODIGO_INLINE,230. workflow:signal,CANDIDATO_BRUTO_NO_CANONIZADO,workflow:signal,2,workflow:signal,workflow:signal,workflow signal,True
workflow:suspend,workflow:suspend,ENG,ENG-052,ENG-052-WORKFLOW_ENGINEERING.md,2284,CODIGO_INLINE,231. workflow:suspend,CANDIDATO_BRUTO_NO_CANONIZADO,workflow:suspend,2,workflow:suspend,workflow:suspend,workflow suspend,True
workflow:resume,workflow:resume,ENG,ENG-052,ENG-052-WORKFLOW_ENGINEERING.md,2290,CODIGO_INLINE,232. workflow:resume,CANDIDATO_BRUTO_NO_CANONIZADO,workflow:resume,2,workflow:resume,workflow:resume,workflow resume,True
workflow:cancel,workflow:cancel,ENG,ENG-052,ENG-052-WORKFLOW_ENGINEERING.md,2296,CODIGO_INLINE,233. workflow:cancel,CANDIDATO_BRUTO_NO_CANONIZADO,workflow:cancel,2,workflow:cancel,workflow:cancel,workflow cancel,True
workflow:retry,workflow:retry,ENG,ENG-052,ENG-052-WORKFLOW_ENGINEERING.md,2302,CODIGO_INLINE,234. workflow:retry,CANDIDATO_BRUTO_NO_CANONIZADO,workflow:retry,2,workflow:retry,workflow:retry,workflow retry,True
workflow:migrate,workflow:migrate,ENG,ENG-052,ENG-052-WORKFLOW_ENGINEERING.md,2308,CODIGO_INLINE,235. workflow:migrate,CANDIDATO_BRUTO_NO_CANONIZADO,workflow:migrate,2,workflow:migrate,workflow:migrate,workflow migrate,True
workflow:diagnose,workflow:diagnose,ENG,ENG-052,ENG-052-WORKFLOW_ENGINEERING.md,2314,CODIGO_INLINE,236. workflow:diagnose,CANDIDATO_BRUTO_NO_CANONIZADO,workflow:diagnose,2,workflow:diagnose,workflow:diagnose,workflow diagnose,True
Principio Rector,Principio Rector,ENG,ENG-052,ENG-052-WORKFLOW_ENGINEERING.md,3291,ENCABEZADO,294. Principio Rector,CANDIDATO_BRUTO_NO_CANONIZADO,principio rector,102,Principio Rector,principio rector,principio rector,True
state:list,state:list,ENG,ENG-053,ENG-053-STATE_MANAGEMENT_ENGINEERING.md,1876,CODIGO_INLINE,183. state:list,CANDIDATO_BRUTO_NO_CANONIZADO,state:list,2,state:list,state:list,state list,True
state:show,state:show,ENG,ENG-053,ENG-053-STATE_MANAGEMENT_ENGINEERING.md,1890,CODIGO_INLINE,184. state:show,CANDIDATO_BRUTO_NO_CANONIZADO,state:show,2,state:show,state:show,state show,True
state:inspect,state:inspect,ENG,ENG-053,ENG-053-STATE_MANAGEMENT_ENGINEERING.md,1896,CODIGO_INLINE,185. state:inspect,CANDIDATO_BRUTO_NO_CANONIZADO,state:inspect,2,state:inspect,state:inspect,state inspect,True
state:snapshot,state:snapshot,ENG,ENG-053,ENG-053-STATE_MANAGEMENT_ENGINEERING.md,1902,CODIGO_INLINE,186. state:snapshot,CANDIDATO_BRUTO_NO_CANONIZADO,state:snapshot,2,state:snapshot,state:snapshot,state snapshot,True
state:validate,state:validate,ENG,ENG-053,ENG-053-STATE_MANAGEMENT_ENGINEERING.md,1908,CODIGO_INLINE,187. state:validate,CANDIDATO_BRUTO_NO_CANONIZADO,state:validate,2,state:validate,state:validate,state validate,True
state:diff,state:diff,ENG,ENG-053,ENG-053-STATE_MANAGEMENT_ENGINEERING.md,1914,CODIGO_INLINE,188. state:diff,CANDIDATO_BRUTO_NO_CANONIZADO,state:diff,2,state:diff,state:diff,state diff,True
state:history,state:history,ENG,ENG-053,ENG-053-STATE_MANAGEMENT_ENGINEERING.md,1926,CODIGO_INLINE,189. state:history,CANDIDATO_BRUTO_NO_CANONIZADO,state:history,2,state:history,state:history,state history,True
state:recover,state:recover,ENG,ENG-053,ENG-053-STATE_MANAGEMENT_ENGINEERING.md,1932,CODIGO_INLINE,190. state:recover,CANDIDATO_BRUTO_NO_CANONIZADO,state:recover,2,state:recover,state:recover,state recover,True
state:reconcile,state:reconcile,ENG,ENG-053,ENG-053-STATE_MANAGEMENT_ENGINEERING.md,1938,CODIGO_INLINE,191. state:reconcile,CANDIDATO_BRUTO_NO_CANONIZADO,state:reconcile,2,state:reconcile,state:reconcile,state reconcile,True
state:invalidate,state:invalidate,ENG,ENG-053,ENG-053-STATE_MANAGEMENT_ENGINEERING.md,1944,CODIGO_INLINE,192. state:invalidate,CANDIDATO_BRUTO_NO_CANONIZADO,state:invalidate,2,state:invalidate,state:invalidate,state invalidate,True
state:diagnose,state:diagnose,ENG,ENG-053,ENG-053-STATE_MANAGEMENT_ENGINEERING.md,1950,CODIGO_INLINE,193. state:diagnose,CANDIDATO_BRUTO_NO_CANONIZADO,state:diagnose,2,state:diagnose,state:diagnose,state diagnose,True
Principio Rector,Principio Rector,ENG,ENG-053,ENG-053-STATE_MANAGEMENT_ENGINEERING.md,2878,ENCABEZADO,255. Principio Rector,CANDIDATO_BRUTO_NO_CANONIZADO,principio rector,102,Principio Rector,principio rector,principio rector,True
El componente que utiliza un Resource no necesariamente,El componente que utiliza un Resource no necesariamente,ENG,ENG-054,ENG-054-RESOURCE_MANAGEMENT_ENGINEERING.md,370,DEFINICION_EXPLICITA,El componente que utiliza un Resource no necesariamente es su Owner.,CANDIDATO_BRUTO_NO_CANONIZADO,el componente que utiliza un resource no necesariamente,1,El componente que utiliza un Resource no necesariamente,el componente que utiliza un resource no necesariamente,el componente que utiliza un resource no necesariamente,True
Cuando exista Resource Manager externo deberá conocerse quién,Cuando exista Resource Manager externo deberá conocerse quién,ENG,ENG-054,ENG-054-RESOURCE_MANAGEMENT_ENGINEERING.md,396,DEFINICION_EXPLICITA,Cuando exista Resource Manager externo deberá conocerse quién es Authority.,CANDIDATO_BRUTO_NO_CANONIZADO,cuando exista resource manager externo deberá conocerse quién,1,Cuando exista Resource Manager externo deberá conocerse quién,cuando exista resource manager externo debera conocerse quien,cuando exista resource manager externo debera conocerse quien,True
resource:list,resource:list,ENG,ENG-054,ENG-054-RESOURCE_MANAGEMENT_ENGINEERING.md,1974,CODIGO_INLINE,189. resource:list,CANDIDATO_BRUTO_NO_CANONIZADO,resource:list,2,resource:list,resource:list,resource list,True
resource:show,resource:show,ENG,ENG-054,ENG-054-RESOURCE_MANAGEMENT_ENGINEERING.md,1989,CODIGO_INLINE,190. resource:show,CANDIDATO_BRUTO_NO_CANONIZADO,resource:show,2,resource:show,resource:show,resource show,True
resource:status,resource:status,ENG,ENG-054,ENG-054-RESOURCE_MANAGEMENT_ENGINEERING.md,1995,CODIGO_INLINE,191. resource:status,CANDIDATO_BRUTO_NO_CANONIZADO,resource:status,2,resource:status,resource:status,resource status,True
resource:pool,resource:pool,ENG,ENG-054,ENG-054-RESOURCE_MANAGEMENT_ENGINEERING.md,2001,CODIGO_INLINE,192. resource:pool,CANDIDATO_BRUTO_NO_CANONIZADO,resource:pool,2,resource:pool,resource:pool,resource pool,True
resource:leases,resource:leases,ENG,ENG-054,ENG-054-RESOURCE_MANAGEMENT_ENGINEERING.md,2015,CODIGO_INLINE,193. resource:leases,CANDIDATO_BRUTO_NO_CANONIZADO,resource:leases,2,resource:leases,resource:leases,resource lease,True
resource:quota,resource:quota,ENG,ENG-054,ENG-054-RESOURCE_MANAGEMENT_ENGINEERING.md,2021,CODIGO_INLINE,194. resource:quota,CANDIDATO_BRUTO_NO_CANONIZADO,resource:quota,2,resource:quota,resource:quota,resource quota,True
resource:usage,resource:usage,ENG,ENG-054,ENG-054-RESOURCE_MANAGEMENT_ENGINEERING.md,2027,CODIGO_INLINE,195. resource:usage,CANDIDATO_BRUTO_NO_CANONIZADO,resource:usage,2,resource:usage,resource:usage,resource usage,True
resource:pressure,resource:pressure,ENG,ENG-054,ENG-054-RESOURCE_MANAGEMENT_ENGINEERING.md,2033,CODIGO_INLINE,196. resource:pressure,CANDIDATO_BRUTO_NO_CANONIZADO,resource:pressure,2,resource:pressure,resource:pressure,resource pressure,True
resource:reclaim,resource:reclaim,ENG,ENG-054,ENG-054-RESOURCE_MANAGEMENT_ENGINEERING.md,2039,CODIGO_INLINE,197. resource:reclaim,CANDIDATO_BRUTO_NO_CANONIZADO,resource:reclaim,2,resource:reclaim,resource:reclaim,resource reclaim,True
resource:diagnose,resource:diagnose,ENG,ENG-054,ENG-054-RESOURCE_MANAGEMENT_ENGINEERING.md,2045,CODIGO_INLINE,198. resource:diagnose,CANDIDATO_BRUTO_NO_CANONIZADO,resource:diagnose,2,resource:diagnose,resource:diagnose,resource diagnose,True
Principio Rector,Principio Rector,ENG,ENG-054,ENG-054-RESOURCE_MANAGEMENT_ENGINEERING.md,3108,ENCABEZADO,263. Principio Rector,CANDIDATO_BRUTO_NO_CANONIZADO,principio rector,102,Principio Rector,principio rector,principio rector,True
La existencia de un objeto en memoria no,La existencia de un objeto en memoria no,ENG,ENG-055,ENG-055-LIFECYCLE_MANAGEMENT_ENGINEERING.md,241,DEFINICION_EXPLICITA,La existencia de un objeto en memoria no constituye necesariamente Lifecycle administrado.,CANDIDATO_BRUTO_NO_CANONIZADO,la existencia de un objeto en memoria no,1,La existencia de un objeto en memoria no,la existencia de un objeto en memoria no,la existencia de un objeto en memoria no,True
lifecycle:list,lifecycle:list,ENG,ENG-055,ENG-055-LIFECYCLE_MANAGEMENT_ENGINEERING.md,2233,CODIGO_INLINE,215. lifecycle:list,CANDIDATO_BRUTO_NO_CANONIZADO,lifecycle:list,2,lifecycle:list,lifecycle:list,lifecycle list,True
lifecycle:show,lifecycle:show,ENG,ENG-055,ENG-055-LIFECYCLE_MANAGEMENT_ENGINEERING.md,2247,CODIGO_INLINE,216. lifecycle:show,CANDIDATO_BRUTO_NO_CANONIZADO,lifecycle:show,2,lifecycle:show,lifecycle:show,lifecycle show,True
lifecycle:graph,lifecycle:graph,ENG,ENG-055,ENG-055-LIFECYCLE_MANAGEMENT_ENGINEERING.md,2262,CODIGO_INLINE,217. lifecycle:graph,CANDIDATO_BRUTO_NO_CANONIZADO,lifecycle:graph,2,lifecycle:graph,lifecycle:graph,lifecycle graph,True
lifecycle:status,lifecycle:status,ENG,ENG-055,ENG-055-LIFECYCLE_MANAGEMENT_ENGINEERING.md,2268,CODIGO_INLINE,218. lifecycle:status,CANDIDATO_BRUTO_NO_CANONIZADO,lifecycle:status,2,lifecycle:status,lifecycle:status,lifecycle status,True
lifecycle:start,lifecycle:start,ENG,ENG-055,ENG-055-LIFECYCLE_MANAGEMENT_ENGINEERING.md,2274,CODIGO_INLINE,219. lifecycle:start,CANDIDATO_BRUTO_NO_CANONIZADO,lifecycle:start,2,lifecycle:start,lifecycle:start,lifecycle start,True
lifecycle:suspend,lifecycle:suspend,ENG,ENG-055,ENG-055-LIFECYCLE_MANAGEMENT_ENGINEERING.md,2280,CODIGO_INLINE,220. lifecycle:suspend,CANDIDATO_BRUTO_NO_CANONIZADO,lifecycle:suspend,2,lifecycle:suspend,lifecycle:suspend,lifecycle suspend,True
lifecycle:resume,lifecycle:resume,ENG,ENG-055,ENG-055-LIFECYCLE_MANAGEMENT_ENGINEERING.md,2286,CODIGO_INLINE,221. lifecycle:resume,CANDIDATO_BRUTO_NO_CANONIZADO,lifecycle:resume,2,lifecycle:resume,lifecycle:resume,lifecycle resume,True
lifecycle:drain,lifecycle:drain,ENG,ENG-055,ENG-055-LIFECYCLE_MANAGEMENT_ENGINEERING.md,2292,CODIGO_INLINE,222. lifecycle:drain,CANDIDATO_BRUTO_NO_CANONIZADO,lifecycle:drain,2,lifecycle:drain,lifecycle:drain,lifecycle drain,True
lifecycle:stop,lifecycle:stop,ENG,ENG-055,ENG-055-LIFECYCLE_MANAGEMENT_ENGINEERING.md,2298,CODIGO_INLINE,223. lifecycle:stop,CANDIDATO_BRUTO_NO_CANONIZADO,lifecycle:stop,2,lifecycle:stop,lifecycle:stop,lifecycle stop,True
lifecycle:restart,lifecycle:restart,ENG,ENG-055,ENG-055-LIFECYCLE_MANAGEMENT_ENGINEERING.md,2304,CODIGO_INLINE,224. lifecycle:restart,CANDIDATO_BRUTO_NO_CANONIZADO,lifecycle:restart,2,lifecycle:restart,lifecycle:restart,lifecycle restart,True
lifecycle:diagnose,lifecycle:diagnose,ENG,ENG-055,ENG-055-LIFECYCLE_MANAGEMENT_ENGINEERING.md,2310,CODIGO_INLINE,225. lifecycle:diagnose,CANDIDATO_BRUTO_NO_CANONIZADO,lifecycle:diagnose,2,lifecycle:diagnose,lifecycle:diagnose,lifecycle diagnose,True
Lifecycle / Deployment Confusion,Lifecycle / Deployment Confusion,ENG,ENG-055,ENG-055-LIFECYCLE_MANAGEMENT_ENGINEERING.md,2914,ENCABEZADO,Lifecycle / Deployment Confusion,CANDIDATO_BRUTO_NO_CANONIZADO,lifecycle / deployment confusion,1,Lifecycle / Deployment Confusion,lifecycle / deployment confusion,lifecycle deployment confusion,True
Principio Rector,Principio Rector,ENG,ENG-055,ENG-055-LIFECYCLE_MANAGEMENT_ENGINEERING.md,3083,ENCABEZADO,262. Principio Rector,CANDIDATO_BRUTO_NO_CANONIZADO,principio rector,102,Principio Rector,principio rector,principio rector,True
context:list,context:list,ENG,ENG-056,ENG-056-CONTEXT_MANAGEMENT_ENGINEERING.md,1879,CODIGO_INLINE,194. context:list,CANDIDATO_BRUTO_NO_CANONIZADO,context:list,2,context:list,context:list,context list,True
context:show,context:show,ENG,ENG-056,ENG-056-CONTEXT_MANAGEMENT_ENGINEERING.md,1885,CODIGO_INLINE,195. context:show,CANDIDATO_BRUTO_NO_CANONIZADO,context:show,2,context:show,context:show,context show,True
context:keys,context:keys,ENG,ENG-056,ENG-056-CONTEXT_MANAGEMENT_ENGINEERING.md,1900,CODIGO_INLINE,196. context:keys,CANDIDATO_BRUTO_NO_CANONIZADO,context:keys,2,context:keys,context:keys,context keys,True
context:policy,context:policy,ENG,ENG-056,ENG-056-CONTEXT_MANAGEMENT_ENGINEERING.md,1906,CODIGO_INLINE,197. context:policy,CANDIDATO_BRUTO_NO_CANONIZADO,context:policy,2,context:policy,context:policy,context policy,True
context:validate,context:validate,ENG,ENG-056,ENG-056-CONTEXT_MANAGEMENT_ENGINEERING.md,1912,CODIGO_INLINE,198. context:validate,CANDIDATO_BRUTO_NO_CANONIZADO,context:validate,2,context:validate,context:validate,context validate,True
context:diagnose,context:diagnose,ENG,ENG-056,ENG-056-CONTEXT_MANAGEMENT_ENGINEERING.md,1918,CODIGO_INLINE,199. context:diagnose,CANDIDATO_BRUTO_NO_CANONIZADO,context:diagnose,2,context:diagnose,context:diagnose,context diagnose,True
Principio Rector,Principio Rector,ENG,ENG-056,ENG-056-CONTEXT_MANAGEMENT_ENGINEERING.md,2875,ENCABEZADO,249. Principio Rector,CANDIDATO_BRUTO_NO_CANONIZADO,principio rector,102,Principio Rector,principio rector,principio rector,True
metadata:list,metadata:list,ENG,ENG-057,ENG-057-METADATA_ENGINEERING.md,1899,CODIGO_INLINE,178. metadata:list,CANDIDATO_BRUTO_NO_CANONIZADO,metadata:list,2,metadata:list,metadata:list,metadata list,True
metadata:show,metadata:show,ENG,ENG-057,ENG-057-METADATA_ENGINEERING.md,1905,CODIGO_INLINE,179. metadata:show,CANDIDATO_BRUTO_NO_CANONIZADO,metadata:show,2,metadata:show,metadata:show,metadata show,True
metadata:schema,metadata:schema,ENG,ENG-057,ENG-057-METADATA_ENGINEERING.md,1911,CODIGO_INLINE,180. metadata:schema,CANDIDATO_BRUTO_NO_CANONIZADO,metadata:schema,2,metadata:schema,metadata:schema,metadata schema,True
metadata:validate,metadata:validate,ENG,ENG-057,ENG-057-METADATA_ENGINEERING.md,1925,CODIGO_INLINE,181. metadata:validate,CANDIDATO_BRUTO_NO_CANONIZADO,metadata:validate,2,metadata:validate,metadata:validate,metadata validate,True
metadata:resolve,metadata:resolve,ENG,ENG-057,ENG-057-METADATA_ENGINEERING.md,1931,CODIGO_INLINE,182. metadata:resolve,CANDIDATO_BRUTO_NO_CANONIZADO,metadata:resolve,2,metadata:resolve,metadata:resolve,metadata resolve,True
metadata:query,metadata:query,ENG,ENG-057,ENG-057-METADATA_ENGINEERING.md,1937,CODIGO_INLINE,183. metadata:query,CANDIDATO_BRUTO_NO_CANONIZADO,metadata:query,2,metadata:query,metadata:query,metadata query,True
metadata:provenance,metadata:provenance,ENG,ENG-057,ENG-057-METADATA_ENGINEERING.md,1943,CODIGO_INLINE,184. metadata:provenance,CANDIDATO_BRUTO_NO_CANONIZADO,metadata:provenance,2,metadata:provenance,metadata:provenance,metadata provenance,True
metadata:diagnose,metadata:diagnose,ENG,ENG-057,ENG-057-METADATA_ENGINEERING.md,1949,CODIGO_INLINE,185. metadata:diagnose,CANDIDATO_BRUTO_NO_CANONIZADO,metadata:diagnose,2,metadata:diagnose,metadata:diagnose,metadata diagnose,True
Principio Rector,Principio Rector,ENG,ENG-057,ENG-057-METADATA_ENGINEERING.md,2879,ENCABEZADO,244. Principio Rector,CANDIDATO_BRUTO_NO_CANONIZADO,principio rector,102,Principio Rector,principio rector,principio rector,True
discovery:list,discovery:list,ENG,ENG-058,ENG-058-DISCOVERY_ENGINEERING.md,1533,CODIGO_INLINE,148. discovery:list,CANDIDATO_BRUTO_NO_CANONIZADO,discovery:list,2,discovery:list,discovery:list,discovery list,True
discovery:find,discovery:find,ENG,ENG-058,ENG-058-DISCOVERY_ENGINEERING.md,1539,CODIGO_INLINE,149. discovery:find,CANDIDATO_BRUTO_NO_CANONIZADO,discovery:find,2,discovery:find,discovery:find,discovery find,True
discovery:providers,discovery:providers,ENG,ENG-058,ENG-058-DISCOVERY_ENGINEERING.md,1545,CODIGO_INLINE,150. discovery:providers,CANDIDATO_BRUTO_NO_CANONIZADO,discovery:providers,2,discovery:providers,discovery:providers,discovery provider,True
discovery:sources,discovery:sources,ENG,ENG-058,ENG-058-DISCOVERY_ENGINEERING.md,1551,CODIGO_INLINE,151. discovery:sources,CANDIDATO_BRUTO_NO_CANONIZADO,discovery:sources,2,discovery:sources,discovery:sources,discovery sourc,True
discovery:index,discovery:index,ENG,ENG-058,ENG-058-DISCOVERY_ENGINEERING.md,1557,CODIGO_INLINE,152. discovery:index,CANDIDATO_BRUTO_NO_CANONIZADO,discovery:index,2,discovery:index,discovery:index,discovery index,True
discovery:refresh,discovery:refresh,ENG,ENG-058,ENG-058-DISCOVERY_ENGINEERING.md,1563,CODIGO_INLINE,153. discovery:refresh,CANDIDATO_BRUTO_NO_CANONIZADO,discovery:refresh,2,discovery:refresh,discovery:refresh,discovery refresh,True
discovery:validate,discovery:validate,ENG,ENG-058,ENG-058-DISCOVERY_ENGINEERING.md,1569,CODIGO_INLINE,154. discovery:validate,CANDIDATO_BRUTO_NO_CANONIZADO,discovery:validate,2,discovery:validate,discovery:validate,discovery validate,True
discovery:diagnose,discovery:diagnose,ENG,ENG-058,ENG-058-DISCOVERY_ENGINEERING.md,1575,CODIGO_INLINE,155. discovery:diagnose,CANDIDATO_BRUTO_NO_CANONIZADO,discovery:diagnose,2,discovery:diagnose,discovery:diagnose,discovery diagnose,True
Principio Rector,Principio Rector,ENG,ENG-058,ENG-058-DISCOVERY_ENGINEERING.md,2397,ENCABEZADO,198. Principio Rector,CANDIDATO_BRUTO_NO_CANONIZADO,principio rector,102,Principio Rector,principio rector,principio rector,True
resolution:resolve,resolution:resolve,ENG,ENG-059,ENG-059-RESOLUTION_ENGINEERING.md,1593,CODIGO_INLINE,155. resolution:resolve,CANDIDATO_BRUTO_NO_CANONIZADO,resolution:resolve,2,resolution:resolve,resolution:resolve,resolution resolve,True
resolution:explain,resolution:explain,ENG,ENG-059,ENG-059-RESOLUTION_ENGINEERING.md,1599,CODIGO_INLINE,156. resolution:explain,CANDIDATO_BRUTO_NO_CANONIZADO,resolution:explain,2,resolution:explain,resolution:explain,resolution explain,True
resolution:list,resolution:list,ENG,ENG-059,ENG-059-RESOLUTION_ENGINEERING.md,1605,CODIGO_INLINE,157. resolution:list,CANDIDATO_BRUTO_NO_CANONIZADO,resolution:list,2,resolution:list,resolution:list,resolution list,True
resolution:strategies,resolution:strategies,ENG,ENG-059,ENG-059-RESOLUTION_ENGINEERING.md,1611,CODIGO_INLINE,158. resolution:strategies,CANDIDATO_BRUTO_NO_CANONIZADO,resolution:strategies,2,resolution:strategies,resolution:strategies,resolution strategy,True
resolution:cache,resolution:cache,ENG,ENG-059,ENG-059-RESOLUTION_ENGINEERING.md,1617,CODIGO_INLINE,159. resolution:cache,CANDIDATO_BRUTO_NO_CANONIZADO,resolution:cache,2,resolution:cache,resolution:cache,resolution cache,True
resolution:validate,resolution:validate,ENG,ENG-059,ENG-059-RESOLUTION_ENGINEERING.md,1623,CODIGO_INLINE,160. resolution:validate,CANDIDATO_BRUTO_NO_CANONIZADO,resolution:validate,2,resolution:validate,resolution:validate,resolution validate,True
resolution:diagnose,resolution:diagnose,ENG,ENG-059,ENG-059-RESOLUTION_ENGINEERING.md,1629,CODIGO_INLINE,161. resolution:diagnose,CANDIDATO_BRUTO_NO_CANONIZADO,resolution:diagnose,2,resolution:diagnose,resolution:diagnose,resolution diagnose,True
Principio Rector,Principio Rector,ENG,ENG-059,ENG-059-RESOLUTION_ENGINEERING.md,2532,ENCABEZADO,210. Principio Rector,CANDIDATO_BRUTO_NO_CANONIZADO,principio rector,102,Principio Rector,principio rector,principio rector,True
plugin:list,plugin:list,ENG,ENG-060,ENG-060-PLUGIN_ENGINEERING.md,1996,CODIGO_INLINE,198. plugin:list,CANDIDATO_BRUTO_NO_CANONIZADO,plugin:list,2,plugin:list,plugin:list,plugin list,True
plugin:show,plugin:show,ENG,ENG-060,ENG-060-PLUGIN_ENGINEERING.md,2010,CODIGO_INLINE,199. plugin:show,CANDIDATO_BRUTO_NO_CANONIZADO,plugin:show,2,plugin:show,plugin:show,plugin show,True
plugin:validate,plugin:validate,ENG,ENG-060,ENG-060-PLUGIN_ENGINEERING.md,2016,CODIGO_INLINE,200. plugin:validate,CANDIDATO_BRUTO_NO_CANONIZADO,plugin:validate,2,plugin:validate,plugin:validate,plugin validate,True
plugin:install,plugin:install,ENG,ENG-060,ENG-060-PLUGIN_ENGINEERING.md,2022,CODIGO_INLINE,201. plugin:install,CANDIDATO_BRUTO_NO_CANONIZADO,plugin:install,2,plugin:install,plugin:install,plugin install,True
plugin:activate,plugin:activate,ENG,ENG-060,ENG-060-PLUGIN_ENGINEERING.md,2028,CODIGO_INLINE,202. plugin:activate,CANDIDATO_BRUTO_NO_CANONIZADO,plugin:activate,2,plugin:activate,plugin:activate,plugin activate,True
plugin:deactivate,plugin:deactivate,ENG,ENG-060,ENG-060-PLUGIN_ENGINEERING.md,2034,CODIGO_INLINE,203. plugin:deactivate,CANDIDATO_BRUTO_NO_CANONIZADO,plugin:deactivate,2,plugin:deactivate,plugin:deactivate,plugin deactivate,True
plugin:remove,plugin:remove,ENG,ENG-060,ENG-060-PLUGIN_ENGINEERING.md,2040,CODIGO_INLINE,204. plugin:remove,CANDIDATO_BRUTO_NO_CANONIZADO,plugin:remove,2,plugin:remove,plugin:remove,plugin remove,True
plugin:upgrade,plugin:upgrade,ENG,ENG-060,ENG-060-PLUGIN_ENGINEERING.md,2046,CODIGO_INLINE,205. plugin:upgrade,CANDIDATO_BRUTO_NO_CANONIZADO,plugin:upgrade,2,plugin:upgrade,plugin:upgrade,plugin upgrade,True
plugin:permissions,plugin:permissions,ENG,ENG-060,ENG-060-PLUGIN_ENGINEERING.md,2052,CODIGO_INLINE,206. plugin:permissions,CANDIDATO_BRUTO_NO_CANONIZADO,plugin:permissions,2,plugin:permissions,plugin:permissions,plugin permission,True
plugin:dependencies,plugin:dependencies,ENG,ENG-060,ENG-060-PLUGIN_ENGINEERING.md,2064,CODIGO_INLINE,207. plugin:dependencies,CANDIDATO_BRUTO_NO_CANONIZADO,plugin:dependencies,2,plugin:dependencies,plugin:dependencies,plugin dependency,True
plugin:quarantine,plugin:quarantine,ENG,ENG-060,ENG-060-PLUGIN_ENGINEERING.md,2070,CODIGO_INLINE,208. plugin:quarantine,CANDIDATO_BRUTO_NO_CANONIZADO,plugin:quarantine,2,plugin:quarantine,plugin:quarantine,plugin quarantine,True
plugin:diagnose,plugin:diagnose,ENG,ENG-060,ENG-060-PLUGIN_ENGINEERING.md,2076,CODIGO_INLINE,209. plugin:diagnose,CANDIDATO_BRUTO_NO_CANONIZADO,plugin:diagnose,2,plugin:diagnose,plugin:diagnose,plugin diagnose,True
Principio Rector,Principio Rector,ENG,ENG-060,ENG-060-PLUGIN_ENGINEERING.md,3098,ENCABEZADO,261. Principio Rector,CANDIDATO_BRUTO_NO_CANONIZADO,principio rector,102,Principio Rector,principio rector,principio rector,True
interop:list,interop:list,ENG,ENG-061,ENG-061-INTEROPERABILITY_ENGINEERING.md,1903,CODIGO_INLINE,208. interop:list,CANDIDATO_BRUTO_NO_CANONIZADO,interop:list,2,interop:list,interop:list,interop list,True
interop:show,interop:show,ENG,ENG-061,ENG-061-INTEROPERABILITY_ENGINEERING.md,1909,CODIGO_INLINE,209. interop:show,CANDIDATO_BRUTO_NO_CANONIZADO,interop:show,2,interop:show,interop:show,interop show,True
interop:validate,interop:validate,ENG,ENG-061,ENG-061-INTEROPERABILITY_ENGINEERING.md,1925,CODIGO_INLINE,210. interop:validate,CANDIDATO_BRUTO_NO_CANONIZADO,interop:validate,2,interop:validate,interop:validate,interop validate,True
interop:test,interop:test,ENG,ENG-061,ENG-061-INTEROPERABILITY_ENGINEERING.md,1931,CODIGO_INLINE,211. interop:test,CANDIDATO_BRUTO_NO_CANONIZADO,interop:test,2,interop:test,interop:test,interop test,True
interop:negotiate,interop:negotiate,ENG,ENG-061,ENG-061-INTEROPERABILITY_ENGINEERING.md,1937,CODIGO_INLINE,212. interop:negotiate,CANDIDATO_BRUTO_NO_CANONIZADO,interop:negotiate,2,interop:negotiate,interop:negotiate,interop negotiate,True
interop:mapping,interop:mapping,ENG,ENG-061,ENG-061-INTEROPERABILITY_ENGINEERING.md,1943,CODIGO_INLINE,213. interop:mapping,CANDIDATO_BRUTO_NO_CANONIZADO,interop:mapping,2,interop:mapping,interop:mapping,interop mapping,True
interop:diagnose,interop:diagnose,ENG,ENG-061,ENG-061-INTEROPERABILITY_ENGINEERING.md,1949,CODIGO_INLINE,214. interop:diagnose,CANDIDATO_BRUTO_NO_CANONIZADO,interop:diagnose,2,interop:diagnose,interop:diagnose,interop diagnose,True
Principio Rector,Principio Rector,ENG,ENG-061,ENG-061-INTEROPERABILITY_ENGINEERING.md,2687,ENCABEZADO,253. Principio Rector,CANDIDATO_BRUTO_NO_CANONIZADO,principio rector,102,Principio Rector,principio rector,principio rector,True
schema:list,schema:list,ENG,ENG-062,ENG-062-SCHEMA_ENGINEERING.md,1929,CODIGO_INLINE,196. schema:list,CANDIDATO_BRUTO_NO_CANONIZADO,schema:list,2,schema:list,schema:list,schema list,True
schema:show,schema:show,ENG,ENG-062,ENG-062-SCHEMA_ENGINEERING.md,1943,CODIGO_INLINE,197. schema:show,CANDIDATO_BRUTO_NO_CANONIZADO,schema:show,2,schema:show,schema:show,schema show,True
schema:validate,schema:validate,ENG,ENG-062,ENG-062-SCHEMA_ENGINEERING.md,1949,CODIGO_INLINE,198. schema:validate,CANDIDATO_BRUTO_NO_CANONIZADO,schema:validate,2,schema:validate,schema:validate,schema validate,True
schema:diff,schema:diff,ENG,ENG-062,ENG-062-SCHEMA_ENGINEERING.md,1960,CODIGO_INLINE,199. schema:diff,CANDIDATO_BRUTO_NO_CANONIZADO,schema:diff,2,schema:diff,schema:diff,schema diff,True
schema:compatibility,schema:compatibility,ENG,ENG-062,ENG-062-SCHEMA_ENGINEERING.md,1966,CODIGO_INLINE,200. schema:compatibility,CANDIDATO_BRUTO_NO_CANONIZADO,schema:compatibility,2,schema:compatibility,schema:compatibility,schema compatibility,True
schema:migrate,schema:migrate,ENG,ENG-062,ENG-062-SCHEMA_ENGINEERING.md,1972,CODIGO_INLINE,201. schema:migrate,CANDIDATO_BRUTO_NO_CANONIZADO,schema:migrate,2,schema:migrate,schema:migrate,schema migrate,True
schema:versions,schema:versions,ENG,ENG-062,ENG-062-SCHEMA_ENGINEERING.md,1978,CODIGO_INLINE,202. schema:versions,CANDIDATO_BRUTO_NO_CANONIZADO,schema:versions,2,schema:versions,schema:versions,schema version,True
schema:references,schema:references,ENG,ENG-062,ENG-062-SCHEMA_ENGINEERING.md,1984,CODIGO_INLINE,203. schema:references,CANDIDATO_BRUTO_NO_CANONIZADO,schema:references,2,schema:references,schema:references,schema referenc,True
schema:diagnose,schema:diagnose,ENG,ENG-062,ENG-062-SCHEMA_ENGINEERING.md,1990,CODIGO_INLINE,204. schema:diagnose,CANDIDATO_BRUTO_NO_CANONIZADO,schema:diagnose,2,schema:diagnose,schema:diagnose,schema diagnose,True
Principio Rector,Principio Rector,ENG,ENG-062,ENG-062-SCHEMA_ENGINEERING.md,2786,ENCABEZADO,249. Principio Rector,CANDIDATO_BRUTO_NO_CANONIZADO,principio rector,102,Principio Rector,principio rector,principio rector,True
transform:list,transform:list,ENG,ENG-063,ENG-063-DATA_TRANSFORMATION_ENGINEERING.md,1915,CODIGO_INLINE,187. transform:list,CANDIDATO_BRUTO_NO_CANONIZADO,transform:list,2,transform:list,transform:list,transform list,True
transform:show,transform:show,ENG,ENG-063,ENG-063-DATA_TRANSFORMATION_ENGINEERING.md,1930,CODIGO_INLINE,188. transform:show,CANDIDATO_BRUTO_NO_CANONIZADO,transform:show,2,transform:show,transform:show,transform show,True
transform:validate,transform:validate,ENG,ENG-063,ENG-063-DATA_TRANSFORMATION_ENGINEERING.md,1936,CODIGO_INLINE,189. transform:validate,CANDIDATO_BRUTO_NO_CANONIZADO,transform:validate,2,transform:validate,transform:validate,transform validate,True
transform:run,transform:run,ENG,ENG-063,ENG-063-DATA_TRANSFORMATION_ENGINEERING.md,1942,CODIGO_INLINE,190. transform:run,CANDIDATO_BRUTO_NO_CANONIZADO,transform:run,2,transform:run,transform:run,transform run,True
transform:diff,transform:diff,ENG,ENG-063,ENG-063-DATA_TRANSFORMATION_ENGINEERING.md,1954,CODIGO_INLINE,192. transform:diff,CANDIDATO_BRUTO_NO_CANONIZADO,transform:diff,2,transform:diff,transform:diff,transform diff,True
transform:pipeline,transform:pipeline,ENG,ENG-063,ENG-063-DATA_TRANSFORMATION_ENGINEERING.md,1960,CODIGO_INLINE,193. transform:pipeline,CANDIDATO_BRUTO_NO_CANONIZADO,transform:pipeline,2,transform:pipeline,transform:pipeline,transform pipeline,True
transform:resolve,transform:resolve,ENG,ENG-063,ENG-063-DATA_TRANSFORMATION_ENGINEERING.md,1978,CODIGO_INLINE,194. transform:resolve,CANDIDATO_BRUTO_NO_CANONIZADO,transform:resolve,2,transform:resolve,transform:resolve,transform resolve,True
transform:diagnose,transform:diagnose,ENG,ENG-063,ENG-063-DATA_TRANSFORMATION_ENGINEERING.md,1984,CODIGO_INLINE,195. transform:diagnose,CANDIDATO_BRUTO_NO_CANONIZADO,transform:diagnose,2,transform:diagnose,transform:diagnose,transform diagnose,True
Principio Rector,Principio Rector,ENG,ENG-063,ENG-063-DATA_TRANSFORMATION_ENGINEERING.md,2730,ENCABEZADO,229. Principio Rector,CANDIDATO_BRUTO_NO_CANONIZADO,principio rector,102,Principio Rector,principio rector,principio rector,True
pipeline:list,pipeline:list,ENG,ENG-064,ENG-064-DATA_PIPELINE_ENGINEERING.md,2203,CODIGO_INLINE,224. pipeline:list,CANDIDATO_BRUTO_NO_CANONIZADO,pipeline:list,2,pipeline:list,pipeline:list,pipeline list,True
pipeline:show,pipeline:show,ENG,ENG-064,ENG-064-DATA_PIPELINE_ENGINEERING.md,2218,CODIGO_INLINE,225. pipeline:show,CANDIDATO_BRUTO_NO_CANONIZADO,pipeline:show,2,pipeline:show,pipeline:show,pipeline show,True
pipeline:validate,pipeline:validate,ENG,ENG-064,ENG-064-DATA_PIPELINE_ENGINEERING.md,2224,CODIGO_INLINE,226. pipeline:validate,CANDIDATO_BRUTO_NO_CANONIZADO,pipeline:validate,2,pipeline:validate,pipeline:validate,pipeline validate,True
pipeline:run,pipeline:run,ENG,ENG-064,ENG-064-DATA_PIPELINE_ENGINEERING.md,2240,CODIGO_INLINE,227. pipeline:run,CANDIDATO_BRUTO_NO_CANONIZADO,pipeline:run,2,pipeline:run,pipeline:run,pipeline run,True
pipeline:status,pipeline:status,ENG,ENG-064,ENG-064-DATA_PIPELINE_ENGINEERING.md,2246,CODIGO_INLINE,228. pipeline:status,CANDIDATO_BRUTO_NO_CANONIZADO,pipeline:status,2,pipeline:status,pipeline:status,pipeline status,True
pipeline:pause,pipeline:pause,ENG,ENG-064,ENG-064-DATA_PIPELINE_ENGINEERING.md,2261,CODIGO_INLINE,229. pipeline:pause,CANDIDATO_BRUTO_NO_CANONIZADO,pipeline:pause,2,pipeline:pause,pipeline:pause,pipeline pause,True
pipeline:resume,pipeline:resume,ENG,ENG-064,ENG-064-DATA_PIPELINE_ENGINEERING.md,2267,CODIGO_INLINE,230. pipeline:resume,CANDIDATO_BRUTO_NO_CANONIZADO,pipeline:resume,2,pipeline:resume,pipeline:resume,pipeline resume,True
pipeline:stop,pipeline:stop,ENG,ENG-064,ENG-064-DATA_PIPELINE_ENGINEERING.md,2273,CODIGO_INLINE,231. pipeline:stop,CANDIDATO_BRUTO_NO_CANONIZADO,pipeline:stop,2,pipeline:stop,pipeline:stop,pipeline stop,True
pipeline:checkpoint,pipeline:checkpoint,ENG,ENG-064,ENG-064-DATA_PIPELINE_ENGINEERING.md,2279,CODIGO_INLINE,232. pipeline:checkpoint,CANDIDATO_BRUTO_NO_CANONIZADO,pipeline:checkpoint,2,pipeline:checkpoint,pipeline:checkpoint,pipeline checkpoint,True
pipeline:replay,pipeline:replay,ENG,ENG-064,ENG-064-DATA_PIPELINE_ENGINEERING.md,2285,CODIGO_INLINE,233. pipeline:replay,CANDIDATO_BRUTO_NO_CANONIZADO,pipeline:replay,2,pipeline:replay,pipeline:replay,pipeline replay,True
pipeline:reprocess,pipeline:reprocess,ENG,ENG-064,ENG-064-DATA_PIPELINE_ENGINEERING.md,2291,CODIGO_INLINE,234. pipeline:reprocess,CANDIDATO_BRUTO_NO_CANONIZADO,pipeline:reprocess,2,pipeline:reprocess,pipeline:reprocess,pipeline reprocess,True
pipeline:dead-letter,pipeline:dead-letter,ENG,ENG-064,ENG-064-DATA_PIPELINE_ENGINEERING.md,2297,CODIGO_INLINE,235. pipeline:dead-letter,CANDIDATO_BRUTO_NO_CANONIZADO,pipeline:dead-letter,2,pipeline:dead-letter,pipeline:dead-letter,pipeline dead-letter,True
pipeline:diagnose,pipeline:diagnose,ENG,ENG-064,ENG-064-DATA_PIPELINE_ENGINEERING.md,2303,CODIGO_INLINE,236. pipeline:diagnose,CANDIDATO_BRUTO_NO_CANONIZADO,pipeline:diagnose,2,pipeline:diagnose,pipeline:diagnose,pipeline diagnose,True
Principio Rector,Principio Rector,ENG,ENG-064,ENG-064-DATA_PIPELINE_ENGINEERING.md,3047,ENCABEZADO,271. Principio Rector,CANDIDATO_BRUTO_NO_CANONIZADO,principio rector,102,Principio Rector,principio rector,principio rector,True
migration:list,migration:list,ENG,ENG-065,ENG-065-MIGRATION_ENGINEERING.md,2156,CODIGO_INLINE,231. migration:list,CANDIDATO_BRUTO_NO_CANONIZADO,migration:list,2,migration:list,migration:list,migration list,True
migration:show,migration:show,ENG,ENG-065,ENG-065-MIGRATION_ENGINEERING.md,2171,CODIGO_INLINE,232. migration:show,CANDIDATO_BRUTO_NO_CANONIZADO,migration:show,2,migration:show,migration:show,migration show,True
migration:plan,migration:plan,ENG,ENG-065,ENG-065-MIGRATION_ENGINEERING.md,2177,CODIGO_INLINE,233. migration:plan,CANDIDATO_BRUTO_NO_CANONIZADO,migration:plan,2,migration:plan,migration:plan,migration plan,True
migration:validate,migration:validate,ENG,ENG-065,ENG-065-MIGRATION_ENGINEERING.md,2194,CODIGO_INLINE,234. migration:validate,CANDIDATO_BRUTO_NO_CANONIZADO,migration:validate,2,migration:validate,migration:validate,migration validate,True
migration:status,migration:status,ENG,ENG-065,ENG-065-MIGRATION_ENGINEERING.md,2200,CODIGO_INLINE,235. migration:status,CANDIDATO_BRUTO_NO_CANONIZADO,migration:status,2,migration:status,migration:status,migration status,True
migration:run,migration:run,ENG,ENG-065,ENG-065-MIGRATION_ENGINEERING.md,2215,CODIGO_INLINE,236. migration:run,CANDIDATO_BRUTO_NO_CANONIZADO,migration:run,2,migration:run,migration:run,migration run,True
migration:pause,migration:pause,ENG,ENG-065,ENG-065-MIGRATION_ENGINEERING.md,2227,CODIGO_INLINE,238. migration:pause,CANDIDATO_BRUTO_NO_CANONIZADO,migration:pause,2,migration:pause,migration:pause,migration pause,True
migration:resume,migration:resume,ENG,ENG-065,ENG-065-MIGRATION_ENGINEERING.md,2233,CODIGO_INLINE,239. migration:resume,CANDIDATO_BRUTO_NO_CANONIZADO,migration:resume,2,migration:resume,migration:resume,migration resume,True
migration:verify,migration:verify,ENG,ENG-065,ENG-065-MIGRATION_ENGINEERING.md,2239,CODIGO_INLINE,240. migration:verify,CANDIDATO_BRUTO_NO_CANONIZADO,migration:verify,2,migration:verify,migration:verify,migration verify,True
migration:rollback,migration:rollback,ENG,ENG-065,ENG-065-MIGRATION_ENGINEERING.md,2245,CODIGO_INLINE,241. migration:rollback,CANDIDATO_BRUTO_NO_CANONIZADO,migration:rollback,2,migration:rollback,migration:rollback,migration rollback,True
migration:lock,migration:lock,ENG,ENG-065,ENG-065-MIGRATION_ENGINEERING.md,2251,CODIGO_INLINE,242. migration:lock,CANDIDATO_BRUTO_NO_CANONIZADO,migration:lock,2,migration:lock,migration:lock,migration lock,True
migration:history,migration:history,ENG,ENG-065,ENG-065-MIGRATION_ENGINEERING.md,2257,CODIGO_INLINE,243. migration:history,CANDIDATO_BRUTO_NO_CANONIZADO,migration:history,2,migration:history,migration:history,migration history,True
migration:diagnose,migration:diagnose,ENG,ENG-065,ENG-065-MIGRATION_ENGINEERING.md,2263,CODIGO_INLINE,244. migration:diagnose,CANDIDATO_BRUTO_NO_CANONIZADO,migration:diagnose,2,migration:diagnose,migration:diagnose,migration diagnose,True
Principio Rector,Principio Rector,ENG,ENG-065,ENG-065-MIGRATION_ENGINEERING.md,3065,ENCABEZADO,281. Principio Rector,CANDIDATO_BRUTO_NO_CANONIZADO,principio rector,102,Principio Rector,principio rector,principio rector,True
upgrade:list,upgrade:list,ENG,ENG-066,ENG-066-UPGRADE_ENGINEERING.md,1865,CODIGO_INLINE,194. upgrade:list,CANDIDATO_BRUTO_NO_CANONIZADO,upgrade:list,2,upgrade:list,upgrade:list,upgrade list,True
upgrade:show,upgrade:show,ENG,ENG-066,ENG-066-UPGRADE_ENGINEERING.md,1871,CODIGO_INLINE,195. upgrade:show,CANDIDATO_BRUTO_NO_CANONIZADO,upgrade:show,2,upgrade:show,upgrade:show,upgrade show,True
upgrade:plan,upgrade:plan,ENG,ENG-066,ENG-066-UPGRADE_ENGINEERING.md,1886,CODIGO_INLINE,196. upgrade:plan,CANDIDATO_BRUTO_NO_CANONIZADO,upgrade:plan,2,upgrade:plan,upgrade:plan,upgrade plan,True
upgrade:preflight,upgrade:preflight,ENG,ENG-066,ENG-066-UPGRADE_ENGINEERING.md,1892,CODIGO_INLINE,197. upgrade:preflight,CANDIDATO_BRUTO_NO_CANONIZADO,upgrade:preflight,2,upgrade:preflight,upgrade:preflight,upgrade preflight,True
upgrade:validate,upgrade:validate,ENG,ENG-066,ENG-066-UPGRADE_ENGINEERING.md,1898,CODIGO_INLINE,198. upgrade:validate,CANDIDATO_BRUTO_NO_CANONIZADO,upgrade:validate,2,upgrade:validate,upgrade:validate,upgrade validate,True
upgrade:run,upgrade:run,ENG,ENG-066,ENG-066-UPGRADE_ENGINEERING.md,1904,CODIGO_INLINE,199. upgrade:run,CANDIDATO_BRUTO_NO_CANONIZADO,upgrade:run,2,upgrade:run,upgrade:run,upgrade run,True
upgrade:status,upgrade:status,ENG,ENG-066,ENG-066-UPGRADE_ENGINEERING.md,1910,CODIGO_INLINE,200. upgrade:status,CANDIDATO_BRUTO_NO_CANONIZADO,upgrade:status,2,upgrade:status,upgrade:status,upgrade status,True
upgrade:pause,upgrade:pause,ENG,ENG-066,ENG-066-UPGRADE_ENGINEERING.md,1926,CODIGO_INLINE,201. upgrade:pause,CANDIDATO_BRUTO_NO_CANONIZADO,upgrade:pause,2,upgrade:pause,upgrade:pause,upgrade pause,True
upgrade:resume,upgrade:resume,ENG,ENG-066,ENG-066-UPGRADE_ENGINEERING.md,1932,CODIGO_INLINE,202. upgrade:resume,CANDIDATO_BRUTO_NO_CANONIZADO,upgrade:resume,2,upgrade:resume,upgrade:resume,upgrade resume,True
upgrade:abort,upgrade:abort,ENG,ENG-066,ENG-066-UPGRADE_ENGINEERING.md,1938,CODIGO_INLINE,203. upgrade:abort,CANDIDATO_BRUTO_NO_CANONIZADO,upgrade:abort,2,upgrade:abort,upgrade:abort,upgrade abort,True
upgrade:rollback,upgrade:rollback,ENG,ENG-066,ENG-066-UPGRADE_ENGINEERING.md,1944,CODIGO_INLINE,204. upgrade:rollback,CANDIDATO_BRUTO_NO_CANONIZADO,upgrade:rollback,2,upgrade:rollback,upgrade:rollback,upgrade rollback,True
upgrade:verify,upgrade:verify,ENG,ENG-066,ENG-066-UPGRADE_ENGINEERING.md,1950,CODIGO_INLINE,205. upgrade:verify,CANDIDATO_BRUTO_NO_CANONIZADO,upgrade:verify,2,upgrade:verify,upgrade:verify,upgrade verify,True
upgrade:diagnose,upgrade:diagnose,ENG,ENG-066,ENG-066-UPGRADE_ENGINEERING.md,1956,CODIGO_INLINE,206. upgrade:diagnose,CANDIDATO_BRUTO_NO_CANONIZADO,upgrade:diagnose,2,upgrade:diagnose,upgrade:diagnose,upgrade diagnose,True
Principio Rector,Principio Rector,ENG,ENG-066,ENG-066-UPGRADE_ENGINEERING.md,2750,ENCABEZADO,250. Principio Rector,CANDIDATO_BRUTO_NO_CANONIZADO,principio rector,102,Principio Rector,principio rector,principio rector,True
deploy:list,deploy:list,ENG,ENG-067,ENG-067-DEPLOYMENT_ENGINEERING.md,2174,CODIGO_INLINE,216. deploy:list,CANDIDATO_BRUTO_NO_CANONIZADO,deploy:list,2,deploy:list,deploy:list,deploy list,True
deploy:show,deploy:show,ENG,ENG-067,ENG-067-DEPLOYMENT_ENGINEERING.md,2180,CODIGO_INLINE,217. deploy:show,CANDIDATO_BRUTO_NO_CANONIZADO,deploy:show,2,deploy:show,deploy:show,deploy show,True
deploy:plan,deploy:plan,ENG,ENG-067,ENG-067-DEPLOYMENT_ENGINEERING.md,2195,CODIGO_INLINE,218. deploy:plan,CANDIDATO_BRUTO_NO_CANONIZADO,deploy:plan,2,deploy:plan,deploy:plan,deploy plan,True
deploy:preflight,deploy:preflight,ENG,ENG-067,ENG-067-DEPLOYMENT_ENGINEERING.md,2201,CODIGO_INLINE,219. deploy:preflight,CANDIDATO_BRUTO_NO_CANONIZADO,deploy:preflight,2,deploy:preflight,deploy:preflight,deploy preflight,True
deploy:validate,deploy:validate,ENG,ENG-067,ENG-067-DEPLOYMENT_ENGINEERING.md,2207,CODIGO_INLINE,220. deploy:validate,CANDIDATO_BRUTO_NO_CANONIZADO,deploy:validate,2,deploy:validate,deploy:validate,deploy validate,True
deploy:run,deploy:run,ENG,ENG-067,ENG-067-DEPLOYMENT_ENGINEERING.md,2213,CODIGO_INLINE,221. deploy:run,CANDIDATO_BRUTO_NO_CANONIZADO,deploy:run,2,deploy:run,deploy:run,deploy run,True
deploy:status,deploy:status,ENG,ENG-067,ENG-067-DEPLOYMENT_ENGINEERING.md,2219,CODIGO_INLINE,222. deploy:status,CANDIDATO_BRUTO_NO_CANONIZADO,deploy:status,2,deploy:status,deploy:status,deploy status,True
deploy:pause,deploy:pause,ENG,ENG-067,ENG-067-DEPLOYMENT_ENGINEERING.md,2234,CODIGO_INLINE,223. deploy:pause,CANDIDATO_BRUTO_NO_CANONIZADO,deploy:pause,2,deploy:pause,deploy:pause,deploy pause,True
deploy:resume,deploy:resume,ENG,ENG-067,ENG-067-DEPLOYMENT_ENGINEERING.md,2240,CODIGO_INLINE,224. deploy:resume,CANDIDATO_BRUTO_NO_CANONIZADO,deploy:resume,2,deploy:resume,deploy:resume,deploy resume,True
deploy:abort,deploy:abort,ENG,ENG-067,ENG-067-DEPLOYMENT_ENGINEERING.md,2246,CODIGO_INLINE,225. deploy:abort,CANDIDATO_BRUTO_NO_CANONIZADO,deploy:abort,2,deploy:abort,deploy:abort,deploy abort,True
deploy:rollback,deploy:rollback,ENG,ENG-067,ENG-067-DEPLOYMENT_ENGINEERING.md,2252,CODIGO_INLINE,226. deploy:rollback,CANDIDATO_BRUTO_NO_CANONIZADO,deploy:rollback,2,deploy:rollback,deploy:rollback,deploy rollback,True
deploy:verify,deploy:verify,ENG,ENG-067,ENG-067-DEPLOYMENT_ENGINEERING.md,2258,CODIGO_INLINE,227. deploy:verify,CANDIDATO_BRUTO_NO_CANONIZADO,deploy:verify,2,deploy:verify,deploy:verify,deploy verify,True
deploy:history,deploy:history,ENG,ENG-067,ENG-067-DEPLOYMENT_ENGINEERING.md,2264,CODIGO_INLINE,228. deploy:history,CANDIDATO_BRUTO_NO_CANONIZADO,deploy:history,2,deploy:history,deploy:history,deploy history,True
deploy:diagnose,deploy:diagnose,ENG,ENG-067,ENG-067-DEPLOYMENT_ENGINEERING.md,2270,CODIGO_INLINE,229. deploy:diagnose,CANDIDATO_BRUTO_NO_CANONIZADO,deploy:diagnose,2,deploy:diagnose,deploy:diagnose,deploy diagnose,True
Principio Rector,Principio Rector,ENG,ENG-067,ENG-067-DEPLOYMENT_ENGINEERING.md,2977,ENCABEZADO,259. Principio Rector,CANDIDATO_BRUTO_NO_CANONIZADO,principio rector,102,Principio Rector,principio rector,principio rector,True
env:list,env:list,ENG,ENG-068,ENG-068-ENVIRONMENT_ENGINEERING.md,1935,CODIGO_INLINE,194. env:list,CANDIDATO_BRUTO_NO_CANONIZADO,env:list,2,env:list,env:list,env list,True
env:show,env:show,ENG,ENG-068,ENG-068-ENVIRONMENT_ENGINEERING.md,1949,CODIGO_INLINE,195. env:show,CANDIDATO_BRUTO_NO_CANONIZADO,env:show,2,env:show,env:show,env show,True
env:validate,env:validate,ENG,ENG-068,ENG-068-ENVIRONMENT_ENGINEERING.md,1955,CODIGO_INLINE,196. env:validate,CANDIDATO_BRUTO_NO_CANONIZADO,env:validate,2,env:validate,env:validate,env validate,True
env:capabilities,env:capabilities,ENG,ENG-068,ENG-068-ENVIRONMENT_ENGINEERING.md,1961,CODIGO_INLINE,197. env:capabilities,CANDIDATO_BRUTO_NO_CANONIZADO,env:capabilities,2,env:capabilities,env:capabilities,env capability,True
env:dependencies,env:dependencies,ENG,ENG-068,ENG-068-ENVIRONMENT_ENGINEERING.md,1973,CODIGO_INLINE,198. env:dependencies,CANDIDATO_BRUTO_NO_CANONIZADO,env:dependencies,2,env:dependencies,env:dependencies,env dependency,True
env:resources,env:resources,ENG,ENG-068,ENG-068-ENVIRONMENT_ENGINEERING.md,1979,CODIGO_INLINE,199. env:resources,CANDIDATO_BRUTO_NO_CANONIZADO,env:resources,2,env:resources,env:resources,env resourc,True
env:parity,env:parity,ENG,ENG-068,ENG-068-ENVIRONMENT_ENGINEERING.md,1992,CODIGO_INLINE,200. env:parity,CANDIDATO_BRUTO_NO_CANONIZADO,env:parity,2,env:parity,env:parity,env parity,True
env:drift,env:drift,ENG,ENG-068,ENG-068-ENVIRONMENT_ENGINEERING.md,2004,CODIGO_INLINE,201. env:drift,CANDIDATO_BRUTO_NO_CANONIZADO,env:drift,2,env:drift,env:drift,env drift,True
env:ready,env:ready,ENG,ENG-068,ENG-068-ENVIRONMENT_ENGINEERING.md,2010,CODIGO_INLINE,202. env:ready,CANDIDATO_BRUTO_NO_CANONIZADO,env:ready,2,env:ready,env:ready,env ready,True
env:provision,env:provision,ENG,ENG-068,ENG-068-ENVIRONMENT_ENGINEERING.md,2016,CODIGO_INLINE,203. env:provision,CANDIDATO_BRUTO_NO_CANONIZADO,env:provision,2,env:provision,env:provision,env provision,True
env:decommission,env:decommission,ENG,ENG-068,ENG-068-ENVIRONMENT_ENGINEERING.md,2022,CODIGO_INLINE,204. env:decommission,CANDIDATO_BRUTO_NO_CANONIZADO,env:decommission,2,env:decommission,env:decommission,env decommission,True
env:diagnose,env:diagnose,ENG,ENG-068,ENG-068-ENVIRONMENT_ENGINEERING.md,2028,CODIGO_INLINE,205. env:diagnose,CANDIDATO_BRUTO_NO_CANONIZADO,env:diagnose,2,env:diagnose,env:diagnose,env diagnose,True
Principio Rector,Principio Rector,ENG,ENG-068,ENG-068-ENVIRONMENT_ENGINEERING.md,2852,ENCABEZADO,245. Principio Rector,CANDIDATO_BRUTO_NO_CANONIZADO,principio rector,102,Principio Rector,principio rector,principio rector,True
Production no se identifica únicamente por el nombre,Production no se identifica únicamente por el nombre,ENG,ENG-068,ENG-068-ENVIRONMENT_ENGINEERING.md,2980,TERMINO_DESTACADO,pero Production no se identifica únicamente por el nombre .,CANDIDATO_BRUTO_NO_CANONIZADO,production no se identifica únicamente por el nombre,1,Production no se identifica únicamente por el nombre,production no se identifica unicamente por el nombre,production no se identifica unicamente por el nombre,True
Probe Must Not Require Fragile Dependency,Probe Must Not Require Fragile Dependency,ENG,ENG-069,ENG-069-HEALTH_READINESS_ENGINEERING.md,1295,ENCABEZADO,135. Probe Must Not Require Fragile Dependency,CANDIDATO_BRUTO_NO_CANONIZADO,probe must not require fragile dependency,1,Probe Must Not Require Fragile Dependency,probe must not require fragile dependency,probe must not require fragile dependency,True
health:list,health:list,ENG,ENG-069,ENG-069-HEALTH_READINESS_ENGINEERING.md,1987,CODIGO_INLINE,216. health:list,CANDIDATO_BRUTO_NO_CANONIZADO,health:list,2,health:list,health:list,health list,True
health:check,health:check,ENG,ENG-069,ENG-069-HEALTH_READINESS_ENGINEERING.md,2001,CODIGO_INLINE,217. health:check,CANDIDATO_BRUTO_NO_CANONIZADO,health:check,2,health:check,health:check,health check,True
health:live,health:live,ENG,ENG-069,ENG-069-HEALTH_READINESS_ENGINEERING.md,2007,CODIGO_INLINE,218. health:live,CANDIDATO_BRUTO_NO_CANONIZADO,health:live,2,health:live,health:live,health live,True
health:ready,health:ready,ENG,ENG-069,ENG-069-HEALTH_READINESS_ENGINEERING.md,2013,CODIGO_INLINE,219. health:ready,CANDIDATO_BRUTO_NO_CANONIZADO,health:ready,2,health:ready,health:ready,health ready,True
health:startup,health:startup,ENG,ENG-069,ENG-069-HEALTH_READINESS_ENGINEERING.md,2019,CODIGO_INLINE,220. health:startup,CANDIDATO_BRUTO_NO_CANONIZADO,health:startup,2,health:startup,health:startup,health startup,True
health:dependencies,health:dependencies,ENG,ENG-069,ENG-069-HEALTH_READINESS_ENGINEERING.md,2025,CODIGO_INLINE,221. health:dependencies,CANDIDATO_BRUTO_NO_CANONIZADO,health:dependencies,2,health:dependencies,health:dependencies,health dependency,True
health:policy,health:policy,ENG,ENG-069,ENG-069-HEALTH_READINESS_ENGINEERING.md,2038,CODIGO_INLINE,222. health:policy,CANDIDATO_BRUTO_NO_CANONIZADO,health:policy,2,health:policy,health:policy,health policy,True
health:diagnose,health:diagnose,ENG,ENG-069,ENG-069-HEALTH_READINESS_ENGINEERING.md,2044,CODIGO_INLINE,223. health:diagnose,CANDIDATO_BRUTO_NO_CANONIZADO,health:diagnose,2,health:diagnose,health:diagnose,health diagnose,True
Principio Rector,Principio Rector,ENG,ENG-069,ENG-069-HEALTH_READINESS_ENGINEERING.md,2816,ENCABEZADO,258. Principio Rector,CANDIDATO_BRUTO_NO_CANONIZADO,principio rector,102,Principio Rector,principio rector,principio rector,True
performance:baseline,performance:baseline,ENG,ENG-070,ENG-070-PERFORMANCE_ENGINEERING.md,2171,CODIGO_INLINE,217. performance:baseline,CANDIDATO_BRUTO_NO_CANONIZADO,performance:baseline,2,performance:baseline,performance:baseline,performance baseline,True
performance:benchmark,performance:benchmark,ENG,ENG-070,ENG-070-PERFORMANCE_ENGINEERING.md,2177,CODIGO_INLINE,218. performance:benchmark,CANDIDATO_BRUTO_NO_CANONIZADO,performance:benchmark,2,performance:benchmark,performance:benchmark,performance benchmark,True
performance:compare,performance:compare,ENG,ENG-070,ENG-070-PERFORMANCE_ENGINEERING.md,2183,CODIGO_INLINE,219. performance:compare,CANDIDATO_BRUTO_NO_CANONIZADO,performance:compare,2,performance:compare,performance:compare,performance compare,True
performance:budget,performance:budget,ENG,ENG-070,ENG-070-PERFORMANCE_ENGINEERING.md,2194,CODIGO_INLINE,220. performance:budget,CANDIDATO_BRUTO_NO_CANONIZADO,performance:budget,2,performance:budget,performance:budget,performance budget,True
performance:profile,performance:profile,ENG,ENG-070,ENG-070-PERFORMANCE_ENGINEERING.md,2200,CODIGO_INLINE,221. performance:profile,CANDIDATO_BRUTO_NO_CANONIZADO,performance:profile,2,performance:profile,performance:profile,performance profile,True
performance:diagnose,performance:diagnose,ENG,ENG-070,ENG-070-PERFORMANCE_ENGINEERING.md,2206,CODIGO_INLINE,222. performance:diagnose,CANDIDATO_BRUTO_NO_CANONIZADO,performance:diagnose,2,performance:diagnose,performance:diagnose,performance diagnose,True
Principio Rector,Principio Rector,ENG,ENG-070,ENG-070-PERFORMANCE_ENGINEERING.md,2935,ENCABEZADO,256. Principio Rector,CANDIDATO_BRUTO_NO_CANONIZADO,principio rector,102,Principio Rector,principio rector,principio rector,True
Puede agravar Failure si Bottleneck no,Puede agravar Failure si Bottleneck no,ENG,ENG-071,ENG-071-CAPACITY_ENGINEERING.md,1249,DEFINICION_EXPLICITA,Puede agravar Failure si Bottleneck no es Compute.,CANDIDATO_BRUTO_NO_CANONIZADO,puede agravar failure si bottleneck no,1,Puede agravar Failure si Bottleneck no,puede agravar failure si bottleneck no,puede agravar failure si bottleneck no,True
capacity:requirements,capacity:requirements,ENG,ENG-071,ENG-071-CAPACITY_ENGINEERING.md,2482,CODIGO_INLINE,256. capacity:requirements,CANDIDATO_BRUTO_NO_CANONIZADO,capacity:requirements,2,capacity:requirements,capacity:requirements,capacity requirement,True
capacity:baseline,capacity:baseline,ENG,ENG-071,ENG-071-CAPACITY_ENGINEERING.md,2496,CODIGO_INLINE,257. capacity:baseline,CANDIDATO_BRUTO_NO_CANONIZADO,capacity:baseline,2,capacity:baseline,capacity:baseline,capacity baseline,True
capacity:headroom,capacity:headroom,ENG,ENG-071,ENG-071-CAPACITY_ENGINEERING.md,2502,CODIGO_INLINE,258. capacity:headroom,CANDIDATO_BRUTO_NO_CANONIZADO,capacity:headroom,2,capacity:headroom,capacity:headroom,capacity headroom,True
capacity:forecast,capacity:forecast,ENG,ENG-071,ENG-071-CAPACITY_ENGINEERING.md,2515,CODIGO_INLINE,259. capacity:forecast,CANDIDATO_BRUTO_NO_CANONIZADO,capacity:forecast,2,capacity:forecast,capacity:forecast,capacity forecast,True
capacity:plan,capacity:plan,ENG,ENG-071,ENG-071-CAPACITY_ENGINEERING.md,2528,CODIGO_INLINE,260. capacity:plan,CANDIDATO_BRUTO_NO_CANONIZADO,capacity:plan,2,capacity:plan,capacity:plan,capacity plan,True
capacity:test,capacity:test,ENG,ENG-071,ENG-071-CAPACITY_ENGINEERING.md,2534,CODIGO_INLINE,261. capacity:test,CANDIDATO_BRUTO_NO_CANONIZADO,capacity:test,2,capacity:test,capacity:test,capacity test,True
capacity:scaling,capacity:scaling,ENG,ENG-071,ENG-071-CAPACITY_ENGINEERING.md,2540,CODIGO_INLINE,262. capacity:scaling,CANDIDATO_BRUTO_NO_CANONIZADO,capacity:scaling,2,capacity:scaling,capacity:scaling,capacity scaling,True
capacity:diagnose,capacity:diagnose,ENG,ENG-071,ENG-071-CAPACITY_ENGINEERING.md,2555,CODIGO_INLINE,263. capacity:diagnose,CANDIDATO_BRUTO_NO_CANONIZADO,capacity:diagnose,2,capacity:diagnose,capacity:diagnose,capacity diagnose,True
Principio Rector,Principio Rector,ENG,ENG-071,ENG-071-CAPACITY_ENGINEERING.md,3530,ENCABEZADO,320. Principio Rector,CANDIDATO_BRUTO_NO_CANONIZADO,principio rector,102,Principio Rector,principio rector,principio rector,True
Puede reducir riesgo cuando Workload,Puede reducir riesgo cuando Workload,ENG,ENG-072,ENG-072-SCALABILITY_ENGINEERING.md,1299,DEFINICION_EXPLICITA,Puede reducir riesgo cuando Workload es predecible.,CANDIDATO_BRUTO_NO_CANONIZADO,puede reducir riesgo cuando workload,1,Puede reducir riesgo cuando Workload,puede reducir riesgo cuando workload,puede reducir riesgo cuando workload,True
scalability:requirements,scalability:requirements,ENG,ENG-072,ENG-072-SCALABILITY_ENGINEERING.md,2217,CODIGO_INLINE,227. scalability:requirements,CANDIDATO_BRUTO_NO_CANONIZADO,scalability:requirements,2,scalability:requirements,scalability:requirements,scalability requirement,True
scalability:test,scalability:test,ENG,ENG-072,ENG-072-SCALABILITY_ENGINEERING.md,2232,CODIGO_INLINE,228. scalability:test,CANDIDATO_BRUTO_NO_CANONIZADO,scalability:test,2,scalability:test,scalability:test,scalability test,True
scalability:curve,scalability:curve,ENG,ENG-072,ENG-072-SCALABILITY_ENGINEERING.md,2238,CODIGO_INLINE,229. scalability:curve,CANDIDATO_BRUTO_NO_CANONIZADO,scalability:curve,2,scalability:curve,scalability:curve,scalability curve,True
scalability:efficiency,scalability:efficiency,ENG,ENG-072,ENG-072-SCALABILITY_ENGINEERING.md,2252,CODIGO_INLINE,230. scalability:efficiency,CANDIDATO_BRUTO_NO_CANONIZADO,scalability:efficiency,2,scalability:efficiency,scalability:efficiency,scalability efficiency,True
scalability:partitions,scalability:partitions,ENG,ENG-072,ENG-072-SCALABILITY_ENGINEERING.md,2258,CODIGO_INLINE,231. scalability:partitions,CANDIDATO_BRUTO_NO_CANONIZADO,scalability:partitions,2,scalability:partitions,scalability:partitions,scalability partition,True
scalability:skew,scalability:skew,ENG,ENG-072,ENG-072-SCALABILITY_ENGINEERING.md,2271,CODIGO_INLINE,232. scalability:skew,CANDIDATO_BRUTO_NO_CANONIZADO,scalability:skew,2,scalability:skew,scalability:skew,scalability skew,True
scalability:rebalance,scalability:rebalance,ENG,ENG-072,ENG-072-SCALABILITY_ENGINEERING.md,2284,CODIGO_INLINE,233. scalability:rebalance,CANDIDATO_BRUTO_NO_CANONIZADO,scalability:rebalance,2,scalability:rebalance,scalability:rebalance,scalability rebalance,True
scalability:limit,scalability:limit,ENG,ENG-072,ENG-072-SCALABILITY_ENGINEERING.md,2298,CODIGO_INLINE,234. scalability:limit,CANDIDATO_BRUTO_NO_CANONIZADO,scalability:limit,2,scalability:limit,scalability:limit,scalability limit,True
scalability:compare,scalability:compare,ENG,ENG-072,ENG-072-SCALABILITY_ENGINEERING.md,2304,CODIGO_INLINE,235. scalability:compare,CANDIDATO_BRUTO_NO_CANONIZADO,scalability:compare,2,scalability:compare,scalability:compare,scalability compare,True
scalability:diagnose,scalability:diagnose,ENG,ENG-072,ENG-072-SCALABILITY_ENGINEERING.md,2310,CODIGO_INLINE,236. scalability:diagnose,CANDIDATO_BRUTO_NO_CANONIZADO,scalability:diagnose,2,scalability:diagnose,scalability:diagnose,scalability diagnose,True
Principio Rector,Principio Rector,ENG,ENG-072,ENG-072-SCALABILITY_ENGINEERING.md,3142,ENCABEZADO,280. Principio Rector,CANDIDATO_BRUTO_NO_CANONIZADO,principio rector,102,Principio Rector,principio rector,principio rector,True
No deberá reportarse como disponibilidad total si Writes,No deberá reportarse como disponibilidad total si Writes,ENG,ENG-073,ENG-073-AVAILABILITY_ENGINEERING.md,1277,DEFINICION_EXPLICITA,No deberá reportarse como disponibilidad total si Writes son Capability contractual.,CANDIDATO_BRUTO_NO_CANONIZADO,no deberá reportarse como disponibilidad total si writes,1,No deberá reportarse como disponibilidad total si Writes,no debera reportarse como disponibilidad total si writes,no debera reportarse como disponibilidad total si writ,True
availability:requirements,availability:requirements,ENG,ENG-073,ENG-073-AVAILABILITY_ENGINEERING.md,2209,CODIGO_INLINE,233. availability:requirements,CANDIDATO_BRUTO_NO_CANONIZADO,availability:requirements,2,availability:requirements,availability:requirements,availability requirement,True
availability:budget,availability:budget,ENG,ENG-073,ENG-073-AVAILABILITY_ENGINEERING.md,2223,CODIGO_INLINE,234. availability:budget,CANDIDATO_BRUTO_NO_CANONIZADO,availability:budget,2,availability:budget,availability:budget,availability budget,True
availability:dependencies,availability:dependencies,ENG,ENG-073,ENG-073-AVAILABILITY_ENGINEERING.md,2236,CODIGO_INLINE,235. availability:dependencies,CANDIDATO_BRUTO_NO_CANONIZADO,availability:dependencies,2,availability:dependencies,availability:dependencies,availability dependency,True
availability:spof,availability:spof,ENG,ENG-073,ENG-073-AVAILABILITY_ENGINEERING.md,2250,CODIGO_INLINE,236. availability:spof,CANDIDATO_BRUTO_NO_CANONIZADO,availability:spof,2,availability:spof,availability:spof,availability spof,True
availability:failover,availability:failover,ENG,ENG-073,ENG-073-AVAILABILITY_ENGINEERING.md,2256,CODIGO_INLINE,237. availability:failover,CANDIDATO_BRUTO_NO_CANONIZADO,availability:failover,2,availability:failover,availability:failover,availability failover,True
availability:history,availability:history,ENG,ENG-073,ENG-073-AVAILABILITY_ENGINEERING.md,2270,CODIGO_INLINE,238. availability:history,CANDIDATO_BRUTO_NO_CANONIZADO,availability:history,2,availability:history,availability:history,availability history,True
availability:test,availability:test,ENG,ENG-073,ENG-073-AVAILABILITY_ENGINEERING.md,2276,CODIGO_INLINE,239. availability:test,CANDIDATO_BRUTO_NO_CANONIZADO,availability:test,2,availability:test,availability:test,availability test,True
availability:diagnose,availability:diagnose,ENG,ENG-073,ENG-073-AVAILABILITY_ENGINEERING.md,2282,CODIGO_INLINE,240. availability:diagnose,CANDIDATO_BRUTO_NO_CANONIZADO,availability:diagnose,2,availability:diagnose,availability:diagnose,availability diagnose,True
Principio Rector,Principio Rector,ENG,ENG-073,ENG-073-AVAILABILITY_ENGINEERING.md,3175,ENCABEZADO,290. Principio Rector,CANDIDATO_BRUTO_NO_CANONIZADO,principio rector,102,Principio Rector,principio rector,principio rector,True
reliability:requirements,reliability:requirements,ENG,ENG-074,ENG-074-RELIABILITY_ENGINEERING.md,2223,CODIGO_INLINE,227. reliability:requirements,CANDIDATO_BRUTO_NO_CANONIZADO,reliability:requirements,2,reliability:requirements,reliability:requirements,reliability requirement,True
reliability:failures,reliability:failures,ENG,ENG-074,ENG-074-RELIABILITY_ENGINEERING.md,2236,CODIGO_INLINE,228. reliability:failures,CANDIDATO_BRUTO_NO_CANONIZADO,reliability:failures,2,reliability:failures,reliability:failures,reliability failur,True
reliability:rate,reliability:rate,ENG,ENG-074,ENG-074-RELIABILITY_ENGINEERING.md,2242,CODIGO_INLINE,229. reliability:rate,CANDIDATO_BRUTO_NO_CANONIZADO,reliability:rate,2,reliability:rate,reliability:rate,reliability rate,True
reliability:baseline,reliability:baseline,ENG,ENG-074,ENG-074-RELIABILITY_ENGINEERING.md,2254,CODIGO_INLINE,230. reliability:baseline,CANDIDATO_BRUTO_NO_CANONIZADO,reliability:baseline,2,reliability:baseline,reliability:baseline,reliability baseline,True
reliability:compare,reliability:compare,ENG,ENG-074,ENG-074-RELIABILITY_ENGINEERING.md,2260,CODIGO_INLINE,231. reliability:compare,CANDIDATO_BRUTO_NO_CANONIZADO,reliability:compare,2,reliability:compare,reliability:compare,reliability compare,True
reliability:recurrence,reliability:recurrence,ENG,ENG-074,ENG-074-RELIABILITY_ENGINEERING.md,2271,CODIGO_INLINE,232. reliability:recurrence,CANDIDATO_BRUTO_NO_CANONIZADO,reliability:recurrence,2,reliability:recurrence,reliability:recurrence,reliability recurrence,True
reliability:inject,reliability:inject,ENG,ENG-074,ENG-074-RELIABILITY_ENGINEERING.md,2277,CODIGO_INLINE,233. reliability:inject,CANDIDATO_BRUTO_NO_CANONIZADO,reliability:inject,2,reliability:inject,reliability:inject,reliability inject,True
reliability:test,reliability:test,ENG,ENG-074,ENG-074-RELIABILITY_ENGINEERING.md,2283,CODIGO_INLINE,234. reliability:test,CANDIDATO_BRUTO_NO_CANONIZADO,reliability:test,2,reliability:test,reliability:test,reliability test,True
reliability:diagnose,reliability:diagnose,ENG,ENG-074,ENG-074-RELIABILITY_ENGINEERING.md,2289,CODIGO_INLINE,235. reliability:diagnose,CANDIDATO_BRUTO_NO_CANONIZADO,reliability:diagnose,2,reliability:diagnose,reliability:diagnose,reliability diagnose,True
Principio Rector,Principio Rector,ENG,ENG-074,ENG-074-RELIABILITY_ENGINEERING.md,3103,ENCABEZADO,273. Principio Rector,CANDIDATO_BRUTO_NO_CANONIZADO,principio rector,102,Principio Rector,principio rector,principio rector,True
maintainability:diagnose,maintainability:diagnose,ENG,ENG-075,ENG-075-MAINTAINABILITY_ENGINEERING.md,2417,CODIGO_INLINE,258. maintainability:diagnose,CANDIDATO_BRUTO_NO_CANONIZADO,maintainability:diagnose,2,maintainability:diagnose,maintainability:diagnose,maintainability diagnose,True
maintainability:impact,maintainability:impact,ENG,ENG-075,ENG-075-MAINTAINABILITY_ENGINEERING.md,2430,CODIGO_INLINE,259. maintainability:impact,CANDIDATO_BRUTO_NO_CANONIZADO,maintainability:impact,2,maintainability:impact,maintainability:impact,maintainability impact,True
maintainability:dependencies,maintainability:dependencies,ENG,ENG-075,ENG-075-MAINTAINABILITY_ENGINEERING.md,2436,CODIGO_INLINE,260. maintainability:dependencies,CANDIDATO_BRUTO_NO_CANONIZADO,maintainability:dependencies,2,maintainability:dependencies,maintainability:dependencies,maintainability dependency,True
maintainability:complexity,maintainability:complexity,ENG,ENG-075,ENG-075-MAINTAINABILITY_ENGINEERING.md,2442,CODIGO_INLINE,261. maintainability:complexity,CANDIDATO_BRUTO_NO_CANONIZADO,maintainability:complexity,2,maintainability:complexity,maintainability:complexity,maintainability complexity,True
maintainability:debt,maintainability:debt,ENG,ENG-075,ENG-075-MAINTAINABILITY_ENGINEERING.md,2455,CODIGO_INLINE,262. maintainability:debt,CANDIDATO_BRUTO_NO_CANONIZADO,maintainability:debt,2,maintainability:debt,maintainability:debt,maintainability debt,True
maintainability:deprecated,maintainability:deprecated,ENG,ENG-075,ENG-075-MAINTAINABILITY_ENGINEERING.md,2461,CODIGO_INLINE,263. maintainability:deprecated,CANDIDATO_BRUTO_NO_CANONIZADO,maintainability:deprecated,2,maintainability:deprecated,maintainability:deprecated,maintainability deprecated,True
maintainability:dead-code,maintainability:dead-code,ENG,ENG-075,ENG-075-MAINTAINABILITY_ENGINEERING.md,2475,CODIGO_INLINE,264. maintainability:dead-code,CANDIDATO_BRUTO_NO_CANONIZADO,maintainability:dead-code,2,maintainability:dead-code,maintainability:dead-code,maintainability dead-code,True
maintainability:runbook,maintainability:runbook,ENG,ENG-075,ENG-075-MAINTAINABILITY_ENGINEERING.md,2481,CODIGO_INLINE,265. maintainability:runbook,CANDIDATO_BRUTO_NO_CANONIZADO,maintainability:runbook,2,maintainability:runbook,maintainability:runbook,maintainability runbook,True
maintainability:compare,maintainability:compare,ENG,ENG-075,ENG-075-MAINTAINABILITY_ENGINEERING.md,2487,CODIGO_INLINE,266. maintainability:compare,CANDIDATO_BRUTO_NO_CANONIZADO,maintainability:compare,2,maintainability:compare,maintainability:compare,maintainability compare,True
Principio Rector,Principio Rector,ENG,ENG-075,ENG-075-MAINTAINABILITY_ENGINEERING.md,3310,ENCABEZADO,305. Principio Rector,CANDIDATO_BRUTO_NO_CANONIZADO,principio rector,102,Principio Rector,principio rector,principio rector,True
Saga/Distributed State Recovery,Saga/Distributed State Recovery,ENG,ENG-076,ENG-076-RECOVERABILITY_ENGINEERING.md,1431,ENCABEZADO,131. Saga/Distributed State Recovery,CANDIDATO_BRUTO_NO_CANONIZADO,saga/distributed state recovery,1,Saga/Distributed State Recovery,saga/distributed state recovery,saga distributed state recovery,True
recovery:requirements,recovery:requirements,ENG,ENG-076,ENG-076-RECOVERABILITY_ENGINEERING.md,2533,CODIGO_INLINE,267. recovery:requirements,CANDIDATO_BRUTO_NO_CANONIZADO,recovery:requirements,2,recovery:requirements,recovery:requirements,recovery requirement,True
recovery:points,recovery:points,ENG,ENG-076,ENG-076-RECOVERABILITY_ENGINEERING.md,2547,CODIGO_INLINE,268. recovery:points,CANDIDATO_BRUTO_NO_CANONIZADO,recovery:points,2,recovery:points,recovery:points,recovery point,True
recovery:backups,recovery:backups,ENG,ENG-076,ENG-076-RECOVERABILITY_ENGINEERING.md,2561,CODIGO_INLINE,269. recovery:backups,CANDIDATO_BRUTO_NO_CANONIZADO,recovery:backups,2,recovery:backups,recovery:backups,recovery backup,True
recovery:validate,recovery:validate,ENG,ENG-076,ENG-076-RECOVERABILITY_ENGINEERING.md,2567,CODIGO_INLINE,270. recovery:validate,CANDIDATO_BRUTO_NO_CANONIZADO,recovery:validate,2,recovery:validate,recovery:validate,recovery validate,True
recovery:plan,recovery:plan,ENG,ENG-076,ENG-076-RECOVERABILITY_ENGINEERING.md,2582,CODIGO_INLINE,271. recovery:plan,CANDIDATO_BRUTO_NO_CANONIZADO,recovery:plan,2,recovery:plan,recovery:plan,recovery plan,True
recovery:run,recovery:run,ENG,ENG-076,ENG-076-RECOVERABILITY_ENGINEERING.md,2588,CODIGO_INLINE,272. recovery:run,CANDIDATO_BRUTO_NO_CANONIZADO,recovery:run,2,recovery:run,recovery:run,recovery run,True
recovery:status,recovery:status,ENG,ENG-076,ENG-076-RECOVERABILITY_ENGINEERING.md,2594,CODIGO_INLINE,273. recovery:status,CANDIDATO_BRUTO_NO_CANONIZADO,recovery:status,2,recovery:status,recovery:status,recovery status,True
recovery:verify,recovery:verify,ENG,ENG-076,ENG-076-RECOVERABILITY_ENGINEERING.md,2609,CODIGO_INLINE,274. recovery:verify,CANDIDATO_BRUTO_NO_CANONIZADO,recovery:verify,2,recovery:verify,recovery:verify,recovery verify,True
recovery:drill,recovery:drill,ENG,ENG-076,ENG-076-RECOVERABILITY_ENGINEERING.md,2615,CODIGO_INLINE,275. recovery:drill,CANDIDATO_BRUTO_NO_CANONIZADO,recovery:drill,2,recovery:drill,recovery:drill,recovery drill,True
recovery:diagnose,recovery:diagnose,ENG,ENG-076,ENG-076-RECOVERABILITY_ENGINEERING.md,2621,CODIGO_INLINE,276. recovery:diagnose,CANDIDATO_BRUTO_NO_CANONIZADO,recovery:diagnose,2,recovery:diagnose,recovery:diagnose,recovery diagnose,True
Principio Rector,Principio Rector,ENG,ENG-076,ENG-076-RECOVERABILITY_ENGINEERING.md,3557,ENCABEZADO,322. Principio Rector,CANDIDATO_BRUTO_NO_CANONIZADO,principio rector,102,Principio Rector,principio rector,principio rector,True
durability:requirements,durability:requirements,ENG,ENG-077,ENG-077-DURABILITY_ENGINEERING.md,2370,CODIGO_INLINE,258. durability:requirements,CANDIDATO_BRUTO_NO_CANONIZADO,durability:requirements,2,durability:requirements,durability:requirements,durability requirement,True
durability:state,durability:state,ENG,ENG-077,ENG-077-DURABILITY_ENGINEERING.md,2384,CODIGO_INLINE,259. durability:state,CANDIDATO_BRUTO_NO_CANONIZADO,durability:state,2,durability:state,durability:state,durability state,True
durability:replication,durability:replication,ENG,ENG-077,ENG-077-DURABILITY_ENGINEERING.md,2398,CODIGO_INLINE,260. durability:replication,CANDIDATO_BRUTO_NO_CANONIZADO,durability:replication,2,durability:replication,durability:replication,durability replication,True
durability:quorum,durability:quorum,ENG,ENG-077,ENG-077-DURABILITY_ENGINEERING.md,2411,CODIGO_INLINE,261. durability:quorum,CANDIDATO_BRUTO_NO_CANONIZADO,durability:quorum,2,durability:quorum,durability:quorum,durability quorum,True
durability:lag,durability:lag,ENG,ENG-077,ENG-077-DURABILITY_ENGINEERING.md,2423,CODIGO_INLINE,262. durability:lag,CANDIDATO_BRUTO_NO_CANONIZADO,durability:lag,2,durability:lag,durability:lag,durability lag,True
durability:retention,durability:retention,ENG,ENG-077,ENG-077-DURABILITY_ENGINEERING.md,2429,CODIGO_INLINE,263. durability:retention,CANDIDATO_BRUTO_NO_CANONIZADO,durability:retention,2,durability:retention,durability:retention,durability retention,True
durability:verify,durability:verify,ENG,ENG-077,ENG-077-DURABILITY_ENGINEERING.md,2442,CODIGO_INLINE,264. durability:verify,CANDIDATO_BRUTO_NO_CANONIZADO,durability:verify,2,durability:verify,durability:verify,durability verify,True
durability:test,durability:test,ENG,ENG-077,ENG-077-DURABILITY_ENGINEERING.md,2448,CODIGO_INLINE,265. durability:test,CANDIDATO_BRUTO_NO_CANONIZADO,durability:test,2,durability:test,durability:test,durability test,True
durability:diagnose,durability:diagnose,ENG,ENG-077,ENG-077-DURABILITY_ENGINEERING.md,2454,CODIGO_INLINE,266. durability:diagnose,CANDIDATO_BRUTO_NO_CANONIZADO,durability:diagnose,2,durability:diagnose,durability:diagnose,durability diagnose,True
Principio Rector,Principio Rector,ENG,ENG-077,ENG-077-DURABILITY_ENGINEERING.md,3337,ENCABEZADO,313. Principio Rector,CANDIDATO_BRUTO_NO_CANONIZADO,principio rector,102,Principio Rector,principio rector,principio rector,True
consistency:requirements,consistency:requirements,ENG,ENG-078,ENG-078-CONSISTENCY_ENGINEERING.md,2434,CODIGO_INLINE,272. consistency:requirements,CANDIDATO_BRUTO_NO_CANONIZADO,consistency:requirements,2,consistency:requirements,consistency:requirements,consistency requirement,True
consistency:state,consistency:state,ENG,ENG-078,ENG-078-CONSISTENCY_ENGINEERING.md,2449,CODIGO_INLINE,273. consistency:state,CANDIDATO_BRUTO_NO_CANONIZADO,consistency:state,2,consistency:state,consistency:state,consistency state,True
consistency:replicas,consistency:replicas,ENG,ENG-078,ENG-078-CONSISTENCY_ENGINEERING.md,2464,CODIGO_INLINE,274. consistency:replicas,CANDIDATO_BRUTO_NO_CANONIZADO,consistency:replicas,2,consistency:replicas,consistency:replicas,consistency replica,True
consistency:staleness,consistency:staleness,ENG,ENG-078,ENG-078-CONSISTENCY_ENGINEERING.md,2478,CODIGO_INLINE,275. consistency:staleness,CANDIDATO_BRUTO_NO_CANONIZADO,consistency:staleness,2,consistency:staleness,consistency:staleness,consistency staleness,True
consistency:conflicts,consistency:conflicts,ENG,ENG-078,ENG-078-CONSISTENCY_ENGINEERING.md,2484,CODIGO_INLINE,276. consistency:conflicts,CANDIDATO_BRUTO_NO_CANONIZADO,consistency:conflicts,2,consistency:conflicts,consistency:conflicts,consistency conflict,True
consistency:authority,consistency:authority,ENG,ENG-078,ENG-078-CONSISTENCY_ENGINEERING.md,2498,CODIGO_INLINE,277. consistency:authority,CANDIDATO_BRUTO_NO_CANONIZADO,consistency:authority,2,consistency:authority,consistency:authority,consistency authority,True
consistency:verify,consistency:verify,ENG,ENG-078,ENG-078-CONSISTENCY_ENGINEERING.md,2504,CODIGO_INLINE,278. consistency:verify,CANDIDATO_BRUTO_NO_CANONIZADO,consistency:verify,2,consistency:verify,consistency:verify,consistency verify,True
consistency:test,consistency:test,ENG,ENG-078,ENG-078-CONSISTENCY_ENGINEERING.md,2510,CODIGO_INLINE,279. consistency:test,CANDIDATO_BRUTO_NO_CANONIZADO,consistency:test,2,consistency:test,consistency:test,consistency test,True
consistency:diagnose,consistency:diagnose,ENG,ENG-078,ENG-078-CONSISTENCY_ENGINEERING.md,2516,CODIGO_INLINE,280. consistency:diagnose,CANDIDATO_BRUTO_NO_CANONIZADO,consistency:diagnose,2,consistency:diagnose,consistency:diagnose,consistency diagnose,True
Principio Rector,Principio Rector,ENG,ENG-078,ENG-078-CONSISTENCY_ENGINEERING.md,3398,ENCABEZADO,322. Principio Rector,CANDIDATO_BRUTO_NO_CANONIZADO,principio rector,102,Principio Rector,principio rector,principio rector,True
Marcar como duplicado un Record legítimamente distinto también,Marcar como duplicado un Record legítimamente distinto también,ENG,ENG-079,ENG-079-DATA_INTEGRITY_ENGINEERING.md,740,DEFINICION_EXPLICITA,Marcar como duplicado un Record legítimamente distinto también constituye Failure.,CANDIDATO_BRUTO_NO_CANONIZADO,marcar como duplicado un record legítimamente distinto también,1,Marcar como duplicado un Record legítimamente distinto también,marcar como duplicado un record legitimamente distinto tambien,marcar como duplicado un record legitimamente distinto tambien,True
integrity:requirements,integrity:requirements,ENG,ENG-079,ENG-079-DATA_INTEGRITY_ENGINEERING.md,2640,CODIGO_INLINE,288. integrity:requirements,CANDIDATO_BRUTO_NO_CANONIZADO,integrity:requirements,2,integrity:requirements,integrity:requirements,integrity requirement,True
integrity:verify,integrity:verify,ENG,ENG-079,ENG-079-DATA_INTEGRITY_ENGINEERING.md,2655,CODIGO_INLINE,289. integrity:verify,CANDIDATO_BRUTO_NO_CANONIZADO,integrity:verify,2,integrity:verify,integrity:verify,integrity verify,True
integrity:constraints,integrity:constraints,ENG,ENG-079,ENG-079-DATA_INTEGRITY_ENGINEERING.md,2661,CODIGO_INLINE,290. integrity:constraints,CANDIDATO_BRUTO_NO_CANONIZADO,integrity:constraints,2,integrity:constraints,integrity:constraints,integrity constraint,True
integrity:orphans,integrity:orphans,ENG,ENG-079,ENG-079-DATA_INTEGRITY_ENGINEERING.md,2667,CODIGO_INLINE,291. integrity:orphans,CANDIDATO_BRUTO_NO_CANONIZADO,integrity:orphans,2,integrity:orphans,integrity:orphans,integrity orphan,True
integrity:duplicates,integrity:duplicates,ENG,ENG-079,ENG-079-DATA_INTEGRITY_ENGINEERING.md,2673,CODIGO_INLINE,292. integrity:duplicates,CANDIDATO_BRUTO_NO_CANONIZADO,integrity:duplicates,2,integrity:duplicates,integrity:duplicates,integrity duplicat,True
integrity:reconcile,integrity:reconcile,ENG,ENG-079,ENG-079-DATA_INTEGRITY_ENGINEERING.md,2679,CODIGO_INLINE,293. integrity:reconcile,CANDIDATO_BRUTO_NO_CANONIZADO,integrity:reconcile,2,integrity:reconcile,integrity:reconcile,integrity reconcile,True
integrity:repair,integrity:repair,ENG,ENG-079,ENG-079-DATA_INTEGRITY_ENGINEERING.md,2685,CODIGO_INLINE,294. integrity:repair,CANDIDATO_BRUTO_NO_CANONIZADO,integrity:repair,2,integrity:repair,integrity:repair,integrity repair,True
integrity:lineage,integrity:lineage,ENG,ENG-079,ENG-079-DATA_INTEGRITY_ENGINEERING.md,2697,CODIGO_INLINE,295. integrity:lineage,CANDIDATO_BRUTO_NO_CANONIZADO,integrity:lineage,2,integrity:lineage,integrity:lineage,integrity lineage,True
integrity:diagnose,integrity:diagnose,ENG,ENG-079,ENG-079-DATA_INTEGRITY_ENGINEERING.md,2703,CODIGO_INLINE,296. integrity:diagnose,CANDIDATO_BRUTO_NO_CANONIZADO,integrity:diagnose,2,integrity:diagnose,integrity:diagnose,integrity diagnose,True
Principio Rector,Principio Rector,ENG,ENG-079,ENG-079-DATA_INTEGRITY_ENGINEERING.md,3634,ENCABEZADO,343. Principio Rector,CANDIDATO_BRUTO_NO_CANONIZADO,principio rector,102,Principio Rector,principio rector,principio rector,True
quality:requirements,quality:requirements,ENG,ENG-080,ENG-080-DATA_QUALITY_ENGINEERING.md,2748,CODIGO_INLINE,287. quality:requirements,CANDIDATO_BRUTO_NO_CANONIZADO,quality:requirements,2,quality:requirements,quality:requirements,quality requirement,True
quality:profile,quality:profile,ENG,ENG-080,ENG-080-DATA_QUALITY_ENGINEERING.md,2763,CODIGO_INLINE,288. quality:profile,CANDIDATO_BRUTO_NO_CANONIZADO,quality:profile,2,quality:profile,quality:profile,quality profile,True
quality:score,quality:score,ENG,ENG-080,ENG-080-DATA_QUALITY_ENGINEERING.md,2777,CODIGO_INLINE,289. quality:score,CANDIDATO_BRUTO_NO_CANONIZADO,quality:score,2,quality:score,quality:score,quality score,True
quality:rules,quality:rules,ENG,ENG-080,ENG-080-DATA_QUALITY_ENGINEERING.md,2783,CODIGO_INLINE,290. quality:rules,CANDIDATO_BRUTO_NO_CANONIZADO,quality:rules,2,quality:rules,quality:rules,quality rule,True
quality:issues,quality:issues,ENG,ENG-080,ENG-080-DATA_QUALITY_ENGINEERING.md,2789,CODIGO_INLINE,291. quality:issues,CANDIDATO_BRUTO_NO_CANONIZADO,quality:issues,2,quality:issues,quality:issues,quality issu,True
quality:drift,quality:drift,ENG,ENG-080,ENG-080-DATA_QUALITY_ENGINEERING.md,2795,CODIGO_INLINE,292. quality:drift,CANDIDATO_BRUTO_NO_CANONIZADO,quality:drift,2,quality:drift,quality:drift,quality drift,True
quality:gate,quality:gate,ENG,ENG-080,ENG-080-DATA_QUALITY_ENGINEERING.md,2801,CODIGO_INLINE,293. quality:gate,CANDIDATO_BRUTO_NO_CANONIZADO,quality:gate,2,quality:gate,quality:gate,quality gate,True
quality:quarantine,quality:quarantine,ENG,ENG-080,ENG-080-DATA_QUALITY_ENGINEERING.md,2807,CODIGO_INLINE,294. quality:quarantine,CANDIDATO_BRUTO_NO_CANONIZADO,quality:quarantine,2,quality:quarantine,quality:quarantine,quality quarantine,True
quality:diagnose,quality:diagnose,ENG,ENG-080,ENG-080-DATA_QUALITY_ENGINEERING.md,2813,CODIGO_INLINE,295. quality:diagnose,CANDIDATO_BRUTO_NO_CANONIZADO,quality:diagnose,2,quality:diagnose,quality:diagnose,quality diagnose,True
Principio Rector,Principio Rector,ENG,ENG-080,ENG-080-DATA_QUALITY_ENGINEERING.md,3683,ENCABEZADO,334. Principio Rector,CANDIDATO_BRUTO_NO_CANONIZADO,principio rector,102,Principio Rector,principio rector,principio rector,True
Podrá existir Policy para determinar si Secondary Purpose,Podrá existir Policy para determinar si Secondary Purpose,ENG,ENG-081,ENG-081-DATA_GOVERNANCE_ENGINEERING.md,1296,DEFINICION_EXPLICITA,Podrá existir Policy para determinar si Secondary Purpose es compatible.,CANDIDATO_BRUTO_NO_CANONIZADO,podrá existir policy para determinar si secondary purpose,1,Podrá existir Policy para determinar si Secondary Purpose,podra existir policy para determinar si secondary purpose,podra existir policy para determinar si secondary purpose,True
Governance Policy Must Not Weaken Security,Governance Policy Must Not Weaken Security,ENG,ENG-081,ENG-081-DATA_GOVERNANCE_ENGINEERING.md,2658,ENCABEZADO,255. Governance Policy Must Not Weaken Security,CANDIDATO_BRUTO_NO_CANONIZADO,governance policy must not weaken security,1,Governance Policy Must Not Weaken Security,governance policy must not weaken security,governance policy must not weaken security,True
governance:assets,governance:assets,ENG,ENG-081,ENG-081-DATA_GOVERNANCE_ENGINEERING.md,3248,CODIGO_INLINE,313. governance:assets,CANDIDATO_BRUTO_NO_CANONIZADO,governance:assets,2,governance:assets,governance:assets,governance asset,True
governance:catalog,governance:catalog,ENG,ENG-081,ENG-081-DATA_GOVERNANCE_ENGINEERING.md,3254,CODIGO_INLINE,314. governance:catalog,CANDIDATO_BRUTO_NO_CANONIZADO,governance:catalog,2,governance:catalog,governance:catalog,governance catalog,True
governance:owners,governance:owners,ENG,ENG-081,ENG-081-DATA_GOVERNANCE_ENGINEERING.md,3260,CODIGO_INLINE,315. governance:owners,CANDIDATO_BRUTO_NO_CANONIZADO,governance:owners,2,governance:owners,governance:owners,governance owner,True
governance:classify,governance:classify,ENG,ENG-081,ENG-081-DATA_GOVERNANCE_ENGINEERING.md,3272,CODIGO_INLINE,316. governance:classify,CANDIDATO_BRUTO_NO_CANONIZADO,governance:classify,2,governance:classify,governance:classify,governance classify,True
governance:policies,governance:policies,ENG,ENG-081,ENG-081-DATA_GOVERNANCE_ENGINEERING.md,3278,CODIGO_INLINE,317. governance:policies,CANDIDATO_BRUTO_NO_CANONIZADO,governance:policies,2,governance:policies,governance:policies,governance policy,True
governance:purposes,governance:purposes,ENG,ENG-081,ENG-081-DATA_GOVERNANCE_ENGINEERING.md,3284,CODIGO_INLINE,318. governance:purposes,CANDIDATO_BRUTO_NO_CANONIZADO,governance:purposes,2,governance:purposes,governance:purposes,governance purpose,True
governance:retention,governance:retention,ENG,ENG-081,ENG-081-DATA_GOVERNANCE_ENGINEERING.md,3290,CODIGO_INLINE,319. governance:retention,CANDIDATO_BRUTO_NO_CANONIZADO,governance:retention,2,governance:retention,governance:retention,governance retention,True
governance:residency,governance:residency,ENG,ENG-081,ENG-081-DATA_GOVERNANCE_ENGINEERING.md,3304,CODIGO_INLINE,320. governance:residency,CANDIDATO_BRUTO_NO_CANONIZADO,governance:residency,2,governance:residency,governance:residency,governance residency,True
governance:sharing,governance:sharing,ENG,ENG-081,ENG-081-DATA_GOVERNANCE_ENGINEERING.md,3310,CODIGO_INLINE,321. governance:sharing,CANDIDATO_BRUTO_NO_CANONIZADO,governance:sharing,2,governance:sharing,governance:sharing,governance sharing,True
governance:exceptions,governance:exceptions,ENG,ENG-081,ENG-081-DATA_GOVERNANCE_ENGINEERING.md,3316,CODIGO_INLINE,322. governance:exceptions,CANDIDATO_BRUTO_NO_CANONIZADO,governance:exceptions,2,governance:exceptions,governance:exceptions,governance exception,True
governance:review,governance:review,ENG,ENG-081,ENG-081-DATA_GOVERNANCE_ENGINEERING.md,3322,CODIGO_INLINE,323. governance:review,CANDIDATO_BRUTO_NO_CANONIZADO,governance:review,2,governance:review,governance:review,governance review,True
governance:diagnose,governance:diagnose,ENG,ENG-081,ENG-081-DATA_GOVERNANCE_ENGINEERING.md,3328,CODIGO_INLINE,324. governance:diagnose,CANDIDATO_BRUTO_NO_CANONIZADO,governance:diagnose,2,governance:diagnose,governance:diagnose,governance diagnose,True
Principio Rector,Principio Rector,ENG,ENG-081,ENG-081-DATA_GOVERNANCE_ENGINEERING.md,4294,ENCABEZADO,368. Principio Rector,CANDIDATO_BRUTO_NO_CANONIZADO,principio rector,102,Principio Rector,principio rector,principio rector,True
privacy:inventory,privacy:inventory,ENG,ENG-082,ENG-082-DATA_PRIVACY_ENGINEERING.md,2358,CODIGO_INLINE,236. privacy:inventory,CANDIDATO_BRUTO_NO_CANONIZADO,privacy:inventory,2,privacy:inventory,privacy:inventory,privacy inventory,True
privacy:processing,privacy:processing,ENG,ENG-082,ENG-082-DATA_PRIVACY_ENGINEERING.md,2364,CODIGO_INLINE,237. privacy:processing,CANDIDATO_BRUTO_NO_CANONIZADO,privacy:processing,2,privacy:processing,privacy:processing,privacy processing,True
privacy:purposes,privacy:purposes,ENG,ENG-082,ENG-082-DATA_PRIVACY_ENGINEERING.md,2379,CODIGO_INLINE,238. privacy:purposes,CANDIDATO_BRUTO_NO_CANONIZADO,privacy:purposes,2,privacy:purposes,privacy:purposes,privacy purpose,True
privacy:consents,privacy:consents,ENG,ENG-082,ENG-082-DATA_PRIVACY_ENGINEERING.md,2385,CODIGO_INLINE,239. privacy:consents,CANDIDATO_BRUTO_NO_CANONIZADO,privacy:consents,2,privacy:consents,privacy:consents,privacy consent,True
privacy:rights,privacy:rights,ENG,ENG-082,ENG-082-DATA_PRIVACY_ENGINEERING.md,2391,CODIGO_INLINE,240. privacy:rights,CANDIDATO_BRUTO_NO_CANONIZADO,privacy:rights,2,privacy:rights,privacy:rights,privacy right,True
privacy:retention,privacy:retention,ENG,ENG-082,ENG-082-DATA_PRIVACY_ENGINEERING.md,2397,CODIGO_INLINE,241. privacy:retention,CANDIDATO_BRUTO_NO_CANONIZADO,privacy:retention,2,privacy:retention,privacy:retention,privacy retention,True
privacy:third-parties,privacy:third-parties,ENG,ENG-082,ENG-082-DATA_PRIVACY_ENGINEERING.md,2403,CODIGO_INLINE,242. privacy:third-parties,CANDIDATO_BRUTO_NO_CANONIZADO,privacy:third-parties,2,privacy:third-parties,privacy:third-parties,privacy third-party,True
privacy:assess,privacy:assess,ENG,ENG-082,ENG-082-DATA_PRIVACY_ENGINEERING.md,2409,CODIGO_INLINE,243. privacy:assess,CANDIDATO_BRUTO_NO_CANONIZADO,privacy:assess,2,privacy:assess,privacy:assess,privacy assess,True
privacy:diagnose,privacy:diagnose,ENG,ENG-082,ENG-082-DATA_PRIVACY_ENGINEERING.md,2415,CODIGO_INLINE,244. privacy:diagnose,CANDIDATO_BRUTO_NO_CANONIZADO,privacy:diagnose,2,privacy:diagnose,privacy:diagnose,privacy diagnose,True
Principio Rector,Principio Rector,ENG,ENG-082,ENG-082-DATA_PRIVACY_ENGINEERING.md,3189,ENCABEZADO,280. Principio Rector,CANDIDATO_BRUTO_NO_CANONIZADO,principio rector,102,Principio Rector,principio rector,principio rector,True
compliance:profiles,compliance:profiles,ENG,ENG-083,ENG-083-DATA_COMPLIANCE_ENGINEERING.md,2056,CODIGO_INLINE,186. compliance:profiles,CANDIDATO_BRUTO_NO_CANONIZADO,compliance:profiles,2,compliance:profiles,compliance:profiles,compliance profil,True
compliance:obligations,compliance:obligations,ENG,ENG-083,ENG-083-DATA_COMPLIANCE_ENGINEERING.md,2062,CODIGO_INLINE,187. compliance:obligations,CANDIDATO_BRUTO_NO_CANONIZADO,compliance:obligations,2,compliance:obligations,compliance:obligations,compliance obligation,True
compliance:requirements,compliance:requirements,ENG,ENG-083,ENG-083-DATA_COMPLIANCE_ENGINEERING.md,2075,CODIGO_INLINE,188. compliance:requirements,CANDIDATO_BRUTO_NO_CANONIZADO,compliance:requirements,2,compliance:requirements,compliance:requirements,compliance requirement,True
compliance:controls,compliance:controls,ENG,ENG-083,ENG-083-DATA_COMPLIANCE_ENGINEERING.md,2081,CODIGO_INLINE,189. compliance:controls,CANDIDATO_BRUTO_NO_CANONIZADO,compliance:controls,2,compliance:controls,compliance:controls,compliance control,True
compliance:evidence,compliance:evidence,ENG,ENG-083,ENG-083-DATA_COMPLIANCE_ENGINEERING.md,2095,CODIGO_INLINE,190. compliance:evidence,CANDIDATO_BRUTO_NO_CANONIZADO,compliance:evidence,2,compliance:evidence,compliance:evidence,compliance evidence,True
compliance:assess,compliance:assess,ENG,ENG-083,ENG-083-DATA_COMPLIANCE_ENGINEERING.md,2109,CODIGO_INLINE,191. compliance:assess,CANDIDATO_BRUTO_NO_CANONIZADO,compliance:assess,2,compliance:assess,compliance:assess,compliance assess,True
compliance:findings,compliance:findings,ENG,ENG-083,ENG-083-DATA_COMPLIANCE_ENGINEERING.md,2115,CODIGO_INLINE,192. compliance:findings,CANDIDATO_BRUTO_NO_CANONIZADO,compliance:findings,2,compliance:findings,compliance:findings,compliance finding,True
compliance:exceptions,compliance:exceptions,ENG,ENG-083,ENG-083-DATA_COMPLIANCE_ENGINEERING.md,2121,CODIGO_INLINE,193. compliance:exceptions,CANDIDATO_BRUTO_NO_CANONIZADO,compliance:exceptions,2,compliance:exceptions,compliance:exceptions,compliance exception,True
compliance:remediation,compliance:remediation,ENG,ENG-083,ENG-083-DATA_COMPLIANCE_ENGINEERING.md,2135,CODIGO_INLINE,194. compliance:remediation,CANDIDATO_BRUTO_NO_CANONIZADO,compliance:remediation,2,compliance:remediation,compliance:remediation,compliance remediation,True
compliance:diagnose,compliance:diagnose,ENG,ENG-083,ENG-083-DATA_COMPLIANCE_ENGINEERING.md,2141,CODIGO_INLINE,195. compliance:diagnose,CANDIDATO_BRUTO_NO_CANONIZADO,compliance:diagnose,2,compliance:diagnose,compliance:diagnose,compliance diagnose,True
Principio Rector,Principio Rector,ENG,ENG-083,ENG-083-DATA_COMPLIANCE_ENGINEERING.md,3003,ENCABEZADO,229. Principio Rector,CANDIDATO_BRUTO_NO_CANONIZADO,principio rector,102,Principio Rector,principio rector,principio rector,True
ethics:principles,ethics:principles,ENG,ENG-084,ENG-084-DATA_ETHICS_ENGINEERING.md,2546,CODIGO_INLINE,242. ethics:principles,CANDIDATO_BRUTO_NO_CANONIZADO,ethics:principles,2,ethics:principles,ethics:principles,ethic principl,True
ethics:requirements,ethics:requirements,ENG,ENG-084,ENG-084-DATA_ETHICS_ENGINEERING.md,2552,CODIGO_INLINE,243. ethics:requirements,CANDIDATO_BRUTO_NO_CANONIZADO,ethics:requirements,2,ethics:requirements,ethics:requirements,ethic requirement,True
ethics:assess,ethics:assess,ENG,ENG-084,ENG-084-DATA_ETHICS_ENGINEERING.md,2558,CODIGO_INLINE,244. ethics:assess,CANDIDATO_BRUTO_NO_CANONIZADO,ethics:assess,2,ethics:assess,ethics:assess,ethic assess,True
ethics:risks,ethics:risks,ENG,ENG-084,ENG-084-DATA_ETHICS_ENGINEERING.md,2564,CODIGO_INLINE,245. ethics:risks,CANDIDATO_BRUTO_NO_CANONIZADO,ethics:risks,2,ethics:risks,ethics:risks,ethic risk,True
ethics:fairness,ethics:fairness,ENG,ENG-084,ENG-084-DATA_ETHICS_ENGINEERING.md,2579,CODIGO_INLINE,246. ethics:fairness,CANDIDATO_BRUTO_NO_CANONIZADO,ethics:fairness,2,ethics:fairness,ethics:fairness,ethic fairness,True
ethics:bias,ethics:bias,ENG,ENG-084,ENG-084-DATA_ETHICS_ENGINEERING.md,2585,CODIGO_INLINE,247. ethics:bias,CANDIDATO_BRUTO_NO_CANONIZADO,ethics:bias,2,ethics:bias,ethics:bias,ethic bias,True
ethics:oversight,ethics:oversight,ENG,ENG-084,ENG-084-DATA_ETHICS_ENGINEERING.md,2591,CODIGO_INLINE,248. ethics:oversight,CANDIDATO_BRUTO_NO_CANONIZADO,ethics:oversight,2,ethics:oversight,ethics:oversight,ethic oversight,True
ethics:appeals,ethics:appeals,ENG,ENG-084,ENG-084-DATA_ETHICS_ENGINEERING.md,2597,CODIGO_INLINE,249. ethics:appeals,CANDIDATO_BRUTO_NO_CANONIZADO,ethics:appeals,2,ethics:appeals,ethics:appeals,ethic appeal,True
ethics:decisions,ethics:decisions,ENG,ENG-084,ENG-084-DATA_ETHICS_ENGINEERING.md,2603,CODIGO_INLINE,250. ethics:decisions,CANDIDATO_BRUTO_NO_CANONIZADO,ethics:decisions,2,ethics:decisions,ethics:decisions,ethic decision,True
ethics:incidents,ethics:incidents,ENG,ENG-084,ENG-084-DATA_ETHICS_ENGINEERING.md,2617,CODIGO_INLINE,251. ethics:incidents,CANDIDATO_BRUTO_NO_CANONIZADO,ethics:incidents,2,ethics:incidents,ethics:incidents,ethic incident,True
ethics:diagnose,ethics:diagnose,ENG,ENG-084,ENG-084-DATA_ETHICS_ENGINEERING.md,2623,CODIGO_INLINE,252. ethics:diagnose,CANDIDATO_BRUTO_NO_CANONIZADO,ethics:diagnose,2,ethics:diagnose,ethics:diagnose,ethic diagnose,True
Principio Rector,Principio Rector,ENG,ENG-084,ENG-084-DATA_ETHICS_ENGINEERING.md,3258,ENCABEZADO,272. Principio Rector,CANDIDATO_BRUTO_NO_CANONIZADO,principio rector,102,Principio Rector,principio rector,principio rector,True
Derived Data Trust ≠ Minimum Source Trust Automatically,Derived Data Trust ≠ Minimum Source Trust Automatically,ENG,ENG-085,ENG-085-DATA_TRUST_ENGINEERING.md,999,ENCABEZADO,78. Derived Data Trust ≠ Minimum Source Trust Automatically,CANDIDATO_BRUTO_NO_CANONIZADO,derived data trust ≠ minimum source trust automatically,1,Derived Data Trust ≠ Minimum Source Trust Automatically,derived data trust = minimum source trust automatically,derived data trust minimum source trust automatically,True
trust:requirements,trust:requirements,ENG,ENG-085,ENG-085-DATA_TRUST_ENGINEERING.md,2655,CODIGO_INLINE,244. trust:requirements,CANDIDATO_BRUTO_NO_CANONIZADO,trust:requirements,2,trust:requirements,trust:requirements,trust requirement,True
trust:objects,trust:objects,ENG,ENG-085,ENG-085-DATA_TRUST_ENGINEERING.md,2669,CODIGO_INLINE,245. trust:objects,CANDIDATO_BRUTO_NO_CANONIZADO,trust:objects,2,trust:objects,trust:objects,trust object,True
trust:evidence,trust:evidence,ENG,ENG-085,ENG-085-DATA_TRUST_ENGINEERING.md,2675,CODIGO_INLINE,246. trust:evidence,CANDIDATO_BRUTO_NO_CANONIZADO,trust:evidence,2,trust:evidence,trust:evidence,trust evidence,True
trust:claims,trust:claims,ENG,ENG-085,ENG-085-DATA_TRUST_ENGINEERING.md,2690,CODIGO_INLINE,247. trust:claims,CANDIDATO_BRUTO_NO_CANONIZADO,trust:claims,2,trust:claims,trust:claims,trust claim,True
trust:attestations,trust:attestations,ENG,ENG-085,ENG-085-DATA_TRUST_ENGINEERING.md,2696,CODIGO_INLINE,248. trust:attestations,CANDIDATO_BRUTO_NO_CANONIZADO,trust:attestations,2,trust:attestations,trust:attestations,trust attestation,True
trust:authorities,trust:authorities,ENG,ENG-085,ENG-085-DATA_TRUST_ENGINEERING.md,2709,CODIGO_INLINE,249. trust:authorities,CANDIDATO_BRUTO_NO_CANONIZADO,trust:authorities,2,trust:authorities,trust:authorities,trust authority,True
trust:evaluate,trust:evaluate,ENG,ENG-085,ENG-085-DATA_TRUST_ENGINEERING.md,2715,CODIGO_INLINE,250. trust:evaluate,CANDIDATO_BRUTO_NO_CANONIZADO,trust:evaluate,2,trust:evaluate,trust:evaluate,trust evaluate,True
trust:revoke,trust:revoke,ENG,ENG-085,ENG-085-DATA_TRUST_ENGINEERING.md,2725,CODIGO_INLINE,251. trust:revoke,CANDIDATO_BRUTO_NO_CANONIZADO,trust:revoke,2,trust:revoke,trust:revoke,trust revoke,True
trust:gates,trust:gates,ENG,ENG-085,ENG-085-DATA_TRUST_ENGINEERING.md,2731,CODIGO_INLINE,252. trust:gates,CANDIDATO_BRUTO_NO_CANONIZADO,trust:gates,2,trust:gates,trust:gates,trust gate,True
trust:diagnose,trust:diagnose,ENG,ENG-085,ENG-085-DATA_TRUST_ENGINEERING.md,2737,CODIGO_INLINE,253. trust:diagnose,CANDIDATO_BRUTO_NO_CANONIZADO,trust:diagnose,2,trust:diagnose,trust:diagnose,trust diagnose,True
Principio Rector,Principio Rector,ENG,ENG-085,ENG-085-DATA_TRUST_ENGINEERING.md,3341,ENCABEZADO,276. Principio Rector,CANDIDATO_BRUTO_NO_CANONIZADO,principio rector,102,Principio Rector,principio rector,principio rector,True
Principio Rector,Principio Rector,ENG,ENG-086,ENG-086-DATA_PRODUCT_ENGINEERING.md,1645,ENCABEZADO,50. Principio Rector,CANDIDATO_BRUTO_NO_CANONIZADO,principio rector,102,Principio Rector,principio rector,principio rector,True
Principio Rector,Principio Rector,ENG,ENG-087,ENG-087-DATA_EXCHANGE_SHARING_ENGINEERING.md,1329,ENCABEZADO,49. Principio Rector,CANDIDATO_BRUTO_NO_CANONIZADO,principio rector,102,Principio Rector,principio rector,principio rector,True
Principio Rector,Principio Rector,ENG,ENG-088,ENG-088-DATA_FEDERATION_ENGINEERING.md,1938,ENCABEZADO,93. Principio Rector,CANDIDATO_BRUTO_NO_CANONIZADO,principio rector,102,Principio Rector,principio rector,principio rector,True
Principio Rector,Principio Rector,ENG,ENG-089,ENG-089-DATA_LINEAGE_PROVENANCE_ENGINEERING.md,1116,ENCABEZADO,41. Principio Rector,CANDIDATO_BRUTO_NO_CANONIZADO,principio rector,102,Principio Rector,principio rector,principio rector,True
Principio Rector,Principio Rector,ENG,ENG-090,ENG-090-DATA_CATALOG_ENGINEERING.md,1972,ENCABEZADO,97. Principio Rector,CANDIDATO_BRUTO_NO_CANONIZADO,principio rector,102,Principio Rector,principio rector,principio rector,True
Principio Rector,Principio Rector,ENG,ENG-091,ENG-091-DATA_DISCOVERY_CLASSIFICATION_ENGINEERING.md,1959,ENCABEZADO,99. Principio Rector,CANDIDATO_BRUTO_NO_CANONIZADO,principio rector,102,Principio Rector,principio rector,principio rector,True
Principio Rector,Principio Rector,ENG,ENG-092,ENG-092-DATA_RETENTION_DISPOSAL_ENGINEERING.md,1896,ENCABEZADO,103. Principio Rector,CANDIDATO_BRUTO_NO_CANONIZADO,principio rector,102,Principio Rector,principio rector,principio rector,True
Principio Rector,Principio Rector,ENG,ENG-093,ENG-093-DATA_ARCHIVAL_PRESERVATION_ENGINEERING.md,1356,ENCABEZADO,102. Principio Rector,CANDIDATO_BRUTO_NO_CANONIZADO,principio rector,102,Principio Rector,principio rector,principio rector,True
Principio Rector,Principio Rector,ENG,ENG-094,ENG-094-DATA_PORTABILITY_ENGINEERING.md,1861,ENCABEZADO,102. Principio Rector,CANDIDATO_BRUTO_NO_CANONIZADO,principio rector,102,Principio Rector,principio rector,principio rector,True
Principio Rector,Principio Rector,ENG,ENG-100,ENG-100-DATA_LIFECYCLE_ORCHESTRATION_ENGINEERING.md,1051,ENCABEZADO,35. Principio Rector,CANDIDATO_BRUTO_NO_CANONIZADO,principio rector,102,Principio Rector,principio rector,principio rector,True
Framework modular para el desarrollo de aplicaciones empresariales,Framework modular para el desarrollo de aplicaciones empresariales,FND,FND-000,FND-000-Carta_del_Proyecto.md,47,TERMINO_DESTACADO,"MEF es un Framework modular para el desarrollo de aplicaciones empresariales , diseñado para facilitar la construcción de soluciones escalables, mantenibles y extensibles mediante una arquitectura basada en módulos, contratos y servicios compartidos.",CANDIDATO_BRUTO_NO_CANONIZADO,framework modular para el desarrollo de aplicaciones empresariales,1,Framework modular para el desarrollo de aplicaciones empresariales,framework modular para el desarrollo de aplicaciones empresariales,framework modular para el desarrollo de aplicacion empresarial,True
Principio Rector,Principio Rector,FND,FND-002,FND-02-MISION.md,154,ENCABEZADO,10. Principio Rector,CANDIDATO_BRUTO_NO_CANONIZADO,principio rector,102,Principio Rector,principio rector,principio rector,True
