termino_eng_only,decision_11_3,estado_11_3,mef_v3_id,justificacion
Accuracy,MANTENER_DIFERIDO,FUERA_DE_RESOLUCION_ALIAS,,No existe autoridad FND/ARQ ni relación alias→V3 demostrada en 11.3.
Acknowledgement,MANTENER_DIFERIDO,FUERA_DE_RESOLUCION_ALIAS,,No existe autoridad FND/ARQ ni relación alias→V3 demostrada en 11.3.
Action,MANTENER_DIFERIDO,FUERA_DE_RESOLUCION_ALIAS,,No existe autoridad FND/ARQ ni relación alias→V3 demostrada en 11.3.
Activation,MANTENER_DIFERIDO,FUERA_DE_RESOLUCION_ALIAS,,No existe autoridad FND/ARQ ni relación alias→V3 demostrada en 11.3.
Activation Failure,MANTENER_DIFERIDO,FUERA_DE_RESOLUCION_ALIAS,,No existe autoridad FND/ARQ ni relación alias→V3 demostrada en 11.3.
Activation Preconditions,MANTENER_DIFERIDO,FUERA_DE_RESOLUCION_ALIAS,,No existe autoridad FND/ARQ ni relación alias→V3 demostrada en 11.3.
Active,MANTENER_DIFERIDO,FUERA_DE_RESOLUCION_ALIAS,,No existe autoridad FND/ARQ ni relación alias→V3 demostrada en 11.3.
Actor,MANTENER_DIFERIDO,FUERA_DE_RESOLUCION_ALIAS,,No existe autoridad FND/ARQ ni relación alias→V3 demostrada en 11.3.
Administrative Permissions,MANTENER_DIFERIDO,FUERA_DE_RESOLUCION_ALIAS,,No existe autoridad FND/ARQ ni relación alias→V3 demostrada en 11.3.
Admission Control,MANTENER_DIFERIDO,FUERA_DE_RESOLUCION_ALIAS,,No existe autoridad FND/ARQ ni relación alias→V3 demostrada en 11.3.
Advice,MANTENER_DIFERIDO,FUERA_DE_RESOLUCION_ALIAS,,No existe autoridad FND/ARQ ni relación alias→V3 demostrada en 11.3.
Aggregate,MANTENER_DIFERIDO,FUERA_DE_RESOLUCION_ALIAS,,No existe autoridad FND/ARQ ni relación alias→V3 demostrada en 11.3.
Aggregation,MANTENER_DIFERIDO,FUERA_DE_RESOLUCION_ALIAS,,No existe autoridad FND/ARQ ni relación alias→V3 demostrada en 11.3.
Alerting,MANTENER_DIFERIDO,FUERA_DE_RESOLUCION_ALIAS,,No existe autoridad FND/ARQ ni relación alias→V3 demostrada en 11.3.
ALLOW,MANTENER_DIFERIDO,FUERA_DE_RESOLUCION_ALIAS,,No existe autoridad FND/ARQ ni relación alias→V3 demostrada en 11.3.
Annotation,MANTENER_DIFERIDO,FUERA_DE_RESOLUCION_ALIAS,,No existe autoridad FND/ARQ ni relación alias→V3 demostrada en 11.3.
API Compatibility,MANTENER_DIFERIDO,FUERA_DE_RESOLUCION_ALIAS,,No existe autoridad FND/ARQ ni relación alias→V3 demostrada en 11.3.
API Engineering,MANTENER_DIFERIDO,FUERA_DE_RESOLUCION_ALIAS,,No existe autoridad FND/ARQ ni relación alias→V3 demostrada en 11.3.
API Integration,MANTENER_DIFERIDO,FUERA_DE_RESOLUCION_ALIAS,,No existe autoridad FND/ARQ ni relación alias→V3 demostrada en 11.3.
API Key,MANTENER_DIFERIDO,FUERA_DE_RESOLUCION_ALIAS,,No existe autoridad FND/ARQ ni relación alias→V3 demostrada en 11.3.
API Key in URL,MANTENER_DIFERIDO,FUERA_DE_RESOLUCION_ALIAS,,No existe autoridad FND/ARQ ni relación alias→V3 demostrada en 11.3.
API Validation,MANTENER_DIFERIDO,FUERA_DE_RESOLUCION_ALIAS,,No existe autoridad FND/ARQ ni relación alias→V3 demostrada en 11.3.
Application,MANTENER_DIFERIDO,FUERA_DE_RESOLUCION_ALIAS,,No existe autoridad FND/ARQ ni relación alias→V3 demostrada en 11.3.
Application Health,MANTENER_DIFERIDO,FUERA_DE_RESOLUCION_ALIAS,,No existe autoridad FND/ARQ ni relación alias→V3 demostrada en 11.3.
Application Integration,MANTENER_DIFERIDO,FUERA_DE_RESOLUCION_ALIAS,,No existe autoridad FND/ARQ ni relación alias→V3 demostrada en 11.3.
Application Layer,MANTENER_DIFERIDO,FUERA_DE_RESOLUCION_ALIAS,,No existe autoridad FND/ARQ ni relación alias→V3 demostrada en 11.3.
Application Lifecycle,MANTENER_DIFERIDO,FUERA_DE_RESOLUCION_ALIAS,,No existe autoridad FND/ARQ ni relación alias→V3 demostrada en 11.3.
Application Precondition,MANTENER_DIFERIDO,FUERA_DE_RESOLUCION_ALIAS,,No existe autoridad FND/ARQ ni relación alias→V3 demostrada en 11.3.
Approval,MANTENER_DIFERIDO,FUERA_DE_RESOLUCION_ALIAS,,No existe autoridad FND/ARQ ni relación alias→V3 demostrada en 11.3.
Approved,MANTENER_DIFERIDO,FUERA_DE_RESOLUCION_ALIAS,,No existe autoridad FND/ARQ ni relación alias→V3 demostrada en 11.3.
Architectural Fitness Functions,MANTENER_DIFERIDO,FUERA_DE_RESOLUCION_ALIAS,,No existe autoridad FND/ARQ ni relación alias→V3 demostrada en 11.3.
Architectural State Machine,MANTENER_DIFERIDO,FUERA_DE_RESOLUCION_ALIAS,,No existe autoridad FND/ARQ ni relación alias→V3 demostrada en 11.3.
architecture graph,MANTENER_DIFERIDO,FUERA_DE_RESOLUCION_ALIAS,,No existe autoridad FND/ARQ ni relación alias→V3 demostrada en 11.3.
Architecture Test,MANTENER_DIFERIDO,FUERA_DE_RESOLUCION_ALIAS,,No existe autoridad FND/ARQ ni relación alias→V3 demostrada en 11.3.
Arquitectura Recomendada,MANTENER_DIFERIDO,FUERA_DE_RESOLUCION_ALIAS,,No existe autoridad FND/ARQ ni relación alias→V3 demostrada en 11.3.
Artifact Identity,MANTENER_DIFERIDO,FUERA_DE_RESOLUCION_ALIAS,,No existe autoridad FND/ARQ ni relación alias→V3 demostrada en 11.3.
Artifact Promotion,MANTENER_DIFERIDO,FUERA_DE_RESOLUCION_ALIAS,,No existe autoridad FND/ARQ ni relación alias→V3 demostrada en 11.3.
At-Least-Once,MANTENER_DIFERIDO,FUERA_DE_RESOLUCION_ALIAS,,No existe autoridad FND/ARQ ni relación alias→V3 demostrada en 11.3.
At-Most-Once,MANTENER_DIFERIDO,FUERA_DE_RESOLUCION_ALIAS,,No existe autoridad FND/ARQ ni relación alias→V3 demostrada en 11.3.
Atomicity,MANTENER_DIFERIDO,FUERA_DE_RESOLUCION_ALIAS,,No existe autoridad FND/ARQ ni relación alias→V3 demostrada en 11.3.
Audit,MANTENER_DIFERIDO,FUERA_DE_RESOLUCION_ALIAS,,No existe autoridad FND/ARQ ni relación alias→V3 demostrada en 11.3.
Audit Events,MANTENER_DIFERIDO,FUERA_DE_RESOLUCION_ALIAS,,No existe autoridad FND/ARQ ni relación alias→V3 demostrada en 11.3.
Audit Record,MANTENER_DIFERIDO,FUERA_DE_RESOLUCION_ALIAS,,No existe autoridad FND/ARQ ni relación alias→V3 demostrada en 11.3.
Authentication,MANTENER_DIFERIDO,FUERA_DE_RESOLUCION_ALIAS,,No existe autoridad FND/ARQ ni relación alias→V3 demostrada en 11.3.
Authentication ≠ Authorization,MANTENER_DIFERIDO,FUERA_DE_RESOLUCION_ALIAS,,No existe autoridad FND/ARQ ni relación alias→V3 demostrada en 11.3.
Authentication Engineering,MANTENER_DIFERIDO,FUERA_DE_RESOLUCION_ALIAS,,No existe autoridad FND/ARQ ni relación alias→V3 demostrada en 11.3.
Authentication Integration,MANTENER_DIFERIDO,FUERA_DE_RESOLUCION_ALIAS,,No existe autoridad FND/ARQ ni relación alias→V3 demostrada en 11.3.
Authenticity,MANTENER_DIFERIDO,FUERA_DE_RESOLUCION_ALIAS,,No existe autoridad FND/ARQ ni relación alias→V3 demostrada en 11.3.
Authority Scope,MANTENER_DIFERIDO,FUERA_DE_RESOLUCION_ALIAS,,No existe autoridad FND/ARQ ni relación alias→V3 demostrada en 11.3.
Authorization,MANTENER_DIFERIDO,FUERA_DE_RESOLUCION_ALIAS,,No existe autoridad FND/ARQ ni relación alias→V3 demostrada en 11.3.
Authorization Engineering,MANTENER_DIFERIDO,FUERA_DE_RESOLUCION_ALIAS,,No existe autoridad FND/ARQ ni relación alias→V3 demostrada en 11.3.
Authorization Error,MANTENER_DIFERIDO,FUERA_DE_RESOLUCION_ALIAS,,No existe autoridad FND/ARQ ni relación alias→V3 demostrada en 11.3.
Authorization Failure,MANTENER_DIFERIDO,FUERA_DE_RESOLUCION_ALIAS,,No existe autoridad FND/ARQ ni relación alias→V3 demostrada en 11.3.
Authorization Integration,MANTENER_DIFERIDO,FUERA_DE_RESOLUCION_ALIAS,,No existe autoridad FND/ARQ ni relación alias→V3 demostrada en 11.3.
Authorization Test,MANTENER_DIFERIDO,FUERA_DE_RESOLUCION_ALIAS,,No existe autoridad FND/ARQ ni relación alias→V3 demostrada en 11.3.
Automatic Rollback,MANTENER_DIFERIDO,FUERA_DE_RESOLUCION_ALIAS,,No existe autoridad FND/ARQ ni relación alias→V3 demostrada en 11.3.
Availability,MANTENER_DIFERIDO,FUERA_DE_RESOLUCION_ALIAS,,No existe autoridad FND/ARQ ni relación alias→V3 demostrada en 11.3.
Availability Engineering,MANTENER_DIFERIDO,FUERA_DE_RESOLUCION_ALIAS,,No existe autoridad FND/ARQ ni relación alias→V3 demostrada en 11.3.
Background Work,MANTENER_DIFERIDO,FUERA_DE_RESOLUCION_ALIAS,,No existe autoridad FND/ARQ ni relación alias→V3 demostrada en 11.3.
Backoff,MANTENER_DIFERIDO,FUERA_DE_RESOLUCION_ALIAS,,No existe autoridad FND/ARQ ni relación alias→V3 demostrada en 11.3.
Backpressure,MANTENER_DIFERIDO,FUERA_DE_RESOLUCION_ALIAS,,No existe autoridad FND/ARQ ni relación alias→V3 demostrada en 11.3.
Backpressure Test,MANTENER_DIFERIDO,FUERA_DE_RESOLUCION_ALIAS,,No existe autoridad FND/ARQ ni relación alias→V3 demostrada en 11.3.
Backup,MANTENER_DIFERIDO,FUERA_DE_RESOLUCION_ALIAS,,No existe autoridad FND/ARQ ni relación alias→V3 demostrada en 11.3.
Backward Compatibility,MANTENER_DIFERIDO,FUERA_DE_RESOLUCION_ALIAS,,No existe autoridad FND/ARQ ni relación alias→V3 demostrada en 11.3.
Baggage,MANTENER_DIFERIDO,FUERA_DE_RESOLUCION_ALIAS,,No existe autoridad FND/ARQ ni relación alias→V3 demostrada en 11.3.
Baseline Conditions,MANTENER_DIFERIDO,FUERA_DE_RESOLUCION_ALIAS,,No existe autoridad FND/ARQ ni relación alias→V3 demostrada en 11.3.
Batch Size,MANTENER_DIFERIDO,FUERA_DE_RESOLUCION_ALIAS,,No existe autoridad FND/ARQ ni relación alias→V3 demostrada en 11.3.
Behavioral Compatibility,MANTENER_DIFERIDO,FUERA_DE_RESOLUCION_ALIAS,,No existe autoridad FND/ARQ ni relación alias→V3 demostrada en 11.3.
Benchmark,MANTENER_DIFERIDO,FUERA_DE_RESOLUCION_ALIAS,,No existe autoridad FND/ARQ ni relación alias→V3 demostrada en 11.3.
Binding,MANTENER_DIFERIDO,FUERA_DE_RESOLUCION_ALIAS,,No existe autoridad FND/ARQ ni relación alias→V3 demostrada en 11.3.
Blast Radius,MANTENER_DIFERIDO,FUERA_DE_RESOLUCION_ALIAS,,No existe autoridad FND/ARQ ni relación alias→V3 demostrada en 11.3.
Bootstrap,MANTENER_DIFERIDO,FUERA_DE_RESOLUCION_ALIAS,,No existe autoridad FND/ARQ ni relación alias→V3 demostrada en 11.3.
Bootstrap Events,MANTENER_DIFERIDO,FUERA_DE_RESOLUCION_ALIAS,,No existe autoridad FND/ARQ ni relación alias→V3 demostrada en 11.3.
Bootstrap Failure,MANTENER_DIFERIDO,FUERA_DE_RESOLUCION_ALIAS,,No existe autoridad FND/ARQ ni relación alias→V3 demostrada en 11.3.
Bootstrap Flow,MANTENER_DIFERIDO,FUERA_DE_RESOLUCION_ALIAS,,No existe autoridad FND/ARQ ni relación alias→V3 demostrada en 11.3.
Boundary Ownership,MANTENER_DIFERIDO,FUERA_DE_RESOLUCION_ALIAS,,No existe autoridad FND/ARQ ni relación alias→V3 demostrada en 11.3.
Boundary Validation,MANTENER_DIFERIDO,FUERA_DE_RESOLUCION_ALIAS,,No existe autoridad FND/ARQ ni relación alias→V3 demostrada en 11.3.
Breaking Change,MANTENER_DIFERIDO,FUERA_DE_RESOLUCION_ALIAS,,No existe autoridad FND/ARQ ni relación alias→V3 demostrada en 11.3.
Buffering,MANTENER_DIFERIDO,FUERA_DE_RESOLUCION_ALIAS,,No existe autoridad FND/ARQ ni relación alias→V3 demostrada en 11.3.
Build Environment,MANTENER_DIFERIDO,FUERA_DE_RESOLUCION_ALIAS,,No existe autoridad FND/ARQ ni relación alias→V3 demostrada en 11.3.
Build Gate,MANTENER_DIFERIDO,FUERA_DE_RESOLUCION_ALIAS,,No existe autoridad FND/ARQ ni relación alias→V3 demostrada en 11.3.
Build Integration,MANTENER_DIFERIDO,FUERA_DE_RESOLUCION_ALIAS,,No existe autoridad FND/ARQ ni relación alias→V3 demostrada en 11.3.
Build Pipeline,MANTENER_DIFERIDO,FUERA_DE_RESOLUCION_ALIAS,,No existe autoridad FND/ARQ ni relación alias→V3 demostrada en 11.3.
Build System,MANTENER_DIFERIDO,FUERA_DE_RESOLUCION_ALIAS,,No existe autoridad FND/ARQ ni relación alias→V3 demostrada en 11.3.
Bulkhead,MANTENER_DIFERIDO,FUERA_DE_RESOLUCION_ALIAS,,No existe autoridad FND/ARQ ni relación alias→V3 demostrada en 11.3.
Business Rule,MANTENER_DIFERIDO,FUERA_DE_RESOLUCION_ALIAS,,No existe autoridad FND/ARQ ni relación alias→V3 demostrada en 11.3.
Cache,MANTENER_DIFERIDO,FUERA_DE_RESOLUCION_ALIAS,,No existe autoridad FND/ARQ ni relación alias→V3 demostrada en 11.3.
Cache Integration,MANTENER_DIFERIDO,FUERA_DE_RESOLUCION_ALIAS,,No existe autoridad FND/ARQ ni relación alias→V3 demostrada en 11.3.
Cache Invalidation,MANTENER_DIFERIDO,FUERA_DE_RESOLUCION_ALIAS,,No existe autoridad FND/ARQ ni relación alias→V3 demostrada en 11.3.
Cache Key,MANTENER_DIFERIDO,FUERA_DE_RESOLUCION_ALIAS,,No existe autoridad FND/ARQ ni relación alias→V3 demostrada en 11.3.
Cache Poisoning,MANTENER_DIFERIDO,FUERA_DE_RESOLUCION_ALIAS,,No existe autoridad FND/ARQ ni relación alias→V3 demostrada en 11.3.
Cache Stampede,MANTENER_DIFERIDO,FUERA_DE_RESOLUCION_ALIAS,,No existe autoridad FND/ARQ ni relación alias→V3 demostrada en 11.3.
Cache Test,MANTENER_DIFERIDO,FUERA_DE_RESOLUCION_ALIAS,,No existe autoridad FND/ARQ ni relación alias→V3 demostrada en 11.3.
CacheStore,MANTENER_DIFERIDO,FUERA_DE_RESOLUCION_ALIAS,,No existe autoridad FND/ARQ ni relación alias→V3 demostrada en 11.3.
Cancellation,MANTENER_DIFERIDO,FUERA_DE_RESOLUCION_ALIAS,,No existe autoridad FND/ARQ ni relación alias→V3 demostrada en 11.3.
Cancellation Safety,MANTENER_DIFERIDO,FUERA_DE_RESOLUCION_ALIAS,,No existe autoridad FND/ARQ ni relación alias→V3 demostrada en 11.3.
Cancellation Test,MANTENER_DIFERIDO,FUERA_DE_RESOLUCION_ALIAS,,No existe autoridad FND/ARQ ni relación alias→V3 demostrada en 11.3.
Candidate,MANTENER_DIFERIDO,FUERA_DE_RESOLUCION_ALIAS,,No existe autoridad FND/ARQ ni relación alias→V3 demostrada en 11.3.
Canonicalization,MANTENER_DIFERIDO,FUERA_DE_RESOLUCION_ALIAS,,No existe autoridad FND/ARQ ni relación alias→V3 demostrada en 11.3.
Capability,MANTENER_DIFERIDO,FUERA_DE_RESOLUCION_ALIAS,,No existe autoridad FND/ARQ ni relación alias→V3 demostrada en 11.3.
Capability Declaration,MANTENER_DIFERIDO,FUERA_DE_RESOLUCION_ALIAS,,No existe autoridad FND/ARQ ni relación alias→V3 demostrada en 11.3.
Capability Registry,MANTENER_DIFERIDO,FUERA_DE_RESOLUCION_ALIAS,,No existe autoridad FND/ARQ ni relación alias→V3 demostrada en 11.3.
Capability Requirement,MANTENER_DIFERIDO,FUERA_DE_RESOLUCION_ALIAS,,No existe autoridad FND/ARQ ni relación alias→V3 demostrada en 11.3.
Capability Validation,MANTENER_DIFERIDO,FUERA_DE_RESOLUCION_ALIAS,,No existe autoridad FND/ARQ ni relación alias→V3 demostrada en 11.3.
Capacidades,MANTENER_DIFERIDO,FUERA_DE_RESOLUCION_ALIAS,,No existe autoridad FND/ARQ ni relación alias→V3 demostrada en 11.3.
Capacity,MANTENER_DIFERIDO,FUERA_DE_RESOLUCION_ALIAS,,No existe autoridad FND/ARQ ni relación alias→V3 demostrada en 11.3.
Capacity Engineering,MANTENER_DIFERIDO,FUERA_DE_RESOLUCION_ALIAS,,No existe autoridad FND/ARQ ni relación alias→V3 demostrada en 11.3.
Capacity Limit,MANTENER_DIFERIDO,FUERA_DE_RESOLUCION_ALIAS,,No existe autoridad FND/ARQ ni relación alias→V3 demostrada en 11.3.
Capacity Planning,MANTENER_DIFERIDO,FUERA_DE_RESOLUCION_ALIAS,,No existe autoridad FND/ARQ ni relación alias→V3 demostrada en 11.3.
Capacity Test,MANTENER_DIFERIDO,FUERA_DE_RESOLUCION_ALIAS,,No existe autoridad FND/ARQ ni relación alias→V3 demostrada en 11.3.
Captive Dependency,MANTENER_DIFERIDO,FUERA_DE_RESOLUCION_ALIAS,,No existe autoridad FND/ARQ ni relación alias→V3 demostrada en 11.3.
Cardinality,MANTENER_DIFERIDO,FUERA_DE_RESOLUCION_ALIAS,,No existe autoridad FND/ARQ ni relación alias→V3 demostrada en 11.3.
Case Sensitivity,MANTENER_DIFERIDO,FUERA_DE_RESOLUCION_ALIAS,,No existe autoridad FND/ARQ ni relación alias→V3 demostrada en 11.3.
Catalog Integration,MANTENER_DIFERIDO,FUERA_DE_RESOLUCION_ALIAS,,No existe autoridad FND/ARQ ni relación alias→V3 demostrada en 11.3.
category,MANTENER_DIFERIDO,FUERA_DE_RESOLUCION_ALIAS,,No existe autoridad FND/ARQ ni relación alias→V3 demostrada en 11.3.
Causation,MANTENER_DIFERIDO,FUERA_DE_RESOLUCION_ALIAS,,No existe autoridad FND/ARQ ni relación alias→V3 demostrada en 11.3.
Changelog,MANTENER_DIFERIDO,FUERA_DE_RESOLUCION_ALIAS,,No existe autoridad FND/ARQ ni relación alias→V3 demostrada en 11.3.
Checkpoint,MANTENER_DIFERIDO,FUERA_DE_RESOLUCION_ALIAS,,No existe autoridad FND/ARQ ni relación alias→V3 demostrada en 11.3.
Checksum,MANTENER_DIFERIDO,FUERA_DE_RESOLUCION_ALIAS,,No existe autoridad FND/ARQ ni relación alias→V3 demostrada en 11.3.
CI Integration,MANTENER_DIFERIDO,FUERA_DE_RESOLUCION_ALIAS,,No existe autoridad FND/ARQ ni relación alias→V3 demostrada en 11.3.
Circuit Breaker,MANTENER_DIFERIDO,FUERA_DE_RESOLUCION_ALIAS,,No existe autoridad FND/ARQ ni relación alias→V3 demostrada en 11.3.
Circular Dependency,MANTENER_DIFERIDO,FUERA_DE_RESOLUCION_ALIAS,,No existe autoridad FND/ARQ ni relación alias→V3 demostrada en 11.3.
Cleanup Failure,MANTENER_DIFERIDO,FUERA_DE_RESOLUCION_ALIAS,,No existe autoridad FND/ARQ ni relación alias→V3 demostrada en 11.3.
CLI,MANTENER_DIFERIDO,FUERA_DE_RESOLUCION_ALIAS,,No existe autoridad FND/ARQ ni relación alias→V3 demostrada en 11.3.
CLI Integration,MANTENER_DIFERIDO,FUERA_DE_RESOLUCION_ALIAS,,No existe autoridad FND/ARQ ni relación alias→V3 demostrada en 11.3.
Clock,MANTENER_DIFERIDO,FUERA_DE_RESOLUCION_ALIAS,,No existe autoridad FND/ARQ ni relación alias→V3 demostrada en 11.3.
Clock Skew,MANTENER_DIFERIDO,FUERA_DE_RESOLUCION_ALIAS,,No existe autoridad FND/ARQ ni relación alias→V3 demostrada en 11.3.
Commands,MANTENER_DIFERIDO,FUERA_DE_RESOLUCION_ALIAS,,No existe autoridad FND/ARQ ni relación alias→V3 demostrada en 11.3.
Commit,MANTENER_DIFERIDO,FUERA_DE_RESOLUCION_ALIAS,,No existe autoridad FND/ARQ ni relación alias→V3 demostrada en 11.3.
Compare-And-Swap,MANTENER_DIFERIDO,FUERA_DE_RESOLUCION_ALIAS,,No existe autoridad FND/ARQ ni relación alias→V3 demostrada en 11.3.
Compatibility,MANTENER_DIFERIDO,FUERA_DE_RESOLUCION_ALIAS,,No existe autoridad FND/ARQ ni relación alias→V3 demostrada en 11.3.
Compatibility Gate,MANTENER_DIFERIDO,FUERA_DE_RESOLUCION_ALIAS,,No existe autoridad FND/ARQ ni relación alias→V3 demostrada en 11.3.
Compatibility Integration,MANTENER_DIFERIDO,FUERA_DE_RESOLUCION_ALIAS,,No existe autoridad FND/ARQ ni relación alias→V3 demostrada en 11.3.
Compatibility Matrix,MANTENER_DIFERIDO,FUERA_DE_RESOLUCION_ALIAS,,No existe autoridad FND/ARQ ni relación alias→V3 demostrada en 11.3.
Compatibility Requirement,MANTENER_DIFERIDO,FUERA_DE_RESOLUCION_ALIAS,,No existe autoridad FND/ARQ ni relación alias→V3 demostrada en 11.3.
Compatibility Test,MANTENER_DIFERIDO,FUERA_DE_RESOLUCION_ALIAS,,No existe autoridad FND/ARQ ni relación alias→V3 demostrada en 11.3.
Compatibility Validation,MANTENER_DIFERIDO,FUERA_DE_RESOLUCION_ALIAS,,No existe autoridad FND/ARQ ni relación alias→V3 demostrada en 11.3.
Compensation,MANTENER_DIFERIDO,FUERA_DE_RESOLUCION_ALIAS,,No existe autoridad FND/ARQ ni relación alias→V3 demostrada en 11.3.
Compensation ≠ Rollback,MANTENER_DIFERIDO,FUERA_DE_RESOLUCION_ALIAS,,No existe autoridad FND/ARQ ni relación alias→V3 demostrada en 11.3.
Completeness,MANTENER_DIFERIDO,FUERA_DE_RESOLUCION_ALIAS,,No existe autoridad FND/ARQ ni relación alias→V3 demostrada en 11.3.
Compliance,MANTENER_DIFERIDO,FUERA_DE_RESOLUCION_ALIAS,,No existe autoridad FND/ARQ ni relación alias→V3 demostrada en 11.3.
Compliance Control,MANTENER_DIFERIDO,FUERA_DE_RESOLUCION_ALIAS,,No existe autoridad FND/ARQ ni relación alias→V3 demostrada en 11.3.
Compliance Evidence,MANTENER_DIFERIDO,FUERA_DE_RESOLUCION_ALIAS,,No existe autoridad FND/ARQ ni relación alias→V3 demostrada en 11.3.
Compliance Exception,MANTENER_DIFERIDO,FUERA_DE_RESOLUCION_ALIAS,,No existe autoridad FND/ARQ ni relación alias→V3 demostrada en 11.3.
Compliance Finding,MANTENER_DIFERIDO,FUERA_DE_RESOLUCION_ALIAS,,No existe autoridad FND/ARQ ni relación alias→V3 demostrada en 11.3.
Compliance Requirement,MANTENER_DIFERIDO,FUERA_DE_RESOLUCION_ALIAS,,No existe autoridad FND/ARQ ni relación alias→V3 demostrada en 11.3.
COMPLIANT,MANTENER_DIFERIDO,FUERA_DE_RESOLUCION_ALIAS,,No existe autoridad FND/ARQ ni relación alias→V3 demostrada en 11.3.
Composition Tests,MANTENER_DIFERIDO,FUERA_DE_RESOLUCION_ALIAS,,No existe autoridad FND/ARQ ni relación alias→V3 demostrada en 11.3.
Compression,MANTENER_DIFERIDO,FUERA_DE_RESOLUCION_ALIAS,,No existe autoridad FND/ARQ ni relación alias→V3 demostrada en 11.3.
Conceptos Fundamentales,MANTENER_DIFERIDO,FUERA_DE_RESOLUCION_ALIAS,,No existe autoridad FND/ARQ ni relación alias→V3 demostrada en 11.3.
Conceptual Directory Structure,MANTENER_DIFERIDO,FUERA_DE_RESOLUCION_ALIAS,,No existe autoridad FND/ARQ ni relación alias→V3 demostrada en 11.3.
Concurrency,MANTENER_DIFERIDO,FUERA_DE_RESOLUCION_ALIAS,,No existe autoridad FND/ARQ ni relación alias→V3 demostrada en 11.3.
Concurrency Conflict,MANTENER_DIFERIDO,FUERA_DE_RESOLUCION_ALIAS,,No existe autoridad FND/ARQ ni relación alias→V3 demostrada en 11.3.
Concurrency Engineering,MANTENER_DIFERIDO,FUERA_DE_RESOLUCION_ALIAS,,No existe autoridad FND/ARQ ni relación alias→V3 demostrada en 11.3.
Concurrency Integration,MANTENER_DIFERIDO,FUERA_DE_RESOLUCION_ALIAS,,No existe autoridad FND/ARQ ni relación alias→V3 demostrada en 11.3.
Concurrency Limit,MANTENER_DIFERIDO,FUERA_DE_RESOLUCION_ALIAS,,No existe autoridad FND/ARQ ni relación alias→V3 demostrada en 11.3.
Concurrency Test,MANTENER_DIFERIDO,FUERA_DE_RESOLUCION_ALIAS,,No existe autoridad FND/ARQ ni relación alias→V3 demostrada en 11.3.
Confidence,MANTENER_DIFERIDO,FUERA_DE_RESOLUCION_ALIAS,,No existe autoridad FND/ARQ ni relación alias→V3 demostrada en 11.3.
Configuration Cache,MANTENER_DIFERIDO,FUERA_DE_RESOLUCION_ALIAS,,No existe autoridad FND/ARQ ni relación alias→V3 demostrada en 11.3.
Configuration Compatibility,MANTENER_DIFERIDO,FUERA_DE_RESOLUCION_ALIAS,,No existe autoridad FND/ARQ ni relación alias→V3 demostrada en 11.3.
Configuration Injection,MANTENER_DIFERIDO,FUERA_DE_RESOLUCION_ALIAS,,No existe autoridad FND/ARQ ni relación alias→V3 demostrada en 11.3.
Configuration Integration,MANTENER_DIFERIDO,FUERA_DE_RESOLUCION_ALIAS,,No existe autoridad FND/ARQ ni relación alias→V3 demostrada en 11.3.
Configuration Lifecycle,MANTENER_DIFERIDO,FUERA_DE_RESOLUCION_ALIAS,,No existe autoridad FND/ARQ ni relación alias→V3 demostrada en 11.3.
Configuration Management Engineering,MANTENER_DIFERIDO,FUERA_DE_RESOLUCION_ALIAS,,No existe autoridad FND/ARQ ni relación alias→V3 demostrada en 11.3.
Configuration Namespace,MANTENER_DIFERIDO,FUERA_DE_RESOLUCION_ALIAS,,No existe autoridad FND/ARQ ni relación alias→V3 demostrada en 11.3.
Configuration Reload,MANTENER_DIFERIDO,FUERA_DE_RESOLUCION_ALIAS,,No existe autoridad FND/ARQ ni relación alias→V3 demostrada en 11.3.
Configuration Resolution,MANTENER_DIFERIDO,FUERA_DE_RESOLUCION_ALIAS,,No existe autoridad FND/ARQ ni relación alias→V3 demostrada en 11.3.
Configuration Schema,MANTENER_DIFERIDO,FUERA_DE_RESOLUCION_ALIAS,,No existe autoridad FND/ARQ ni relación alias→V3 demostrada en 11.3.
Configuration Secrets,MANTENER_DIFERIDO,FUERA_DE_RESOLUCION_ALIAS,,No existe autoridad FND/ARQ ni relación alias→V3 demostrada en 11.3.
Configuration Source,MANTENER_DIFERIDO,FUERA_DE_RESOLUCION_ALIAS,,No existe autoridad FND/ARQ ni relación alias→V3 demostrada en 11.3.
Configuration Validation,MANTENER_DIFERIDO,FUERA_DE_RESOLUCION_ALIAS,,No existe autoridad FND/ARQ ni relación alias→V3 demostrada en 11.3.
Conflict,MANTENER_DIFERIDO,FUERA_DE_RESOLUCION_ALIAS,,No existe autoridad FND/ARQ ni relación alias→V3 demostrada en 11.3.
Conflict Detection,MANTENER_DIFERIDO,FUERA_DE_RESOLUCION_ALIAS,,No existe autoridad FND/ARQ ni relación alias→V3 demostrada en 11.3.
Conflict Resolution,MANTENER_DIFERIDO,FUERA_DE_RESOLUCION_ALIAS,,No existe autoridad FND/ARQ ni relación alias→V3 demostrada en 11.3.
Conflict Test,MANTENER_DIFERIDO,FUERA_DE_RESOLUCION_ALIAS,,No existe autoridad FND/ARQ ni relación alias→V3 demostrada en 11.3.
Connection,MANTENER_DIFERIDO,FUERA_DE_RESOLUCION_ALIAS,,No existe autoridad FND/ARQ ni relación alias→V3 demostrada en 11.3.
Connection Leak,MANTENER_DIFERIDO,FUERA_DE_RESOLUCION_ALIAS,,No existe autoridad FND/ARQ ni relación alias→V3 demostrada en 11.3.
Connection Pool,MANTENER_DIFERIDO,FUERA_DE_RESOLUCION_ALIAS,,No existe autoridad FND/ARQ ni relación alias→V3 demostrada en 11.3.
Consent,MANTENER_DIFERIDO,FUERA_DE_RESOLUCION_ALIAS,,No existe autoridad FND/ARQ ni relación alias→V3 demostrada en 11.3.
Consistency,MANTENER_DIFERIDO,FUERA_DE_RESOLUCION_ALIAS,,No existe autoridad FND/ARQ ni relación alias→V3 demostrada en 11.3.
Consistency Engineering,MANTENER_DIFERIDO,FUERA_DE_RESOLUCION_ALIAS,,No existe autoridad FND/ARQ ni relación alias→V3 demostrada en 11.3.
Consistency Model,MANTENER_DIFERIDO,FUERA_DE_RESOLUCION_ALIAS,,No existe autoridad FND/ARQ ni relación alias→V3 demostrada en 11.3.
Consistency Requirement,MANTENER_DIFERIDO,FUERA_DE_RESOLUCION_ALIAS,,No existe autoridad FND/ARQ ni relación alias→V3 demostrada en 11.3.
Consumer,MANTENER_DIFERIDO,FUERA_DE_RESOLUCION_ALIAS,,No existe autoridad FND/ARQ ni relación alias→V3 demostrada en 11.3.
Consumer Responsibility,MANTENER_DIFERIDO,FUERA_DE_RESOLUCION_ALIAS,,No existe autoridad FND/ARQ ni relación alias→V3 demostrada en 11.3.
Container Integration,MANTENER_DIFERIDO,FUERA_DE_RESOLUCION_ALIAS,,No existe autoridad FND/ARQ ni relación alias→V3 demostrada en 11.3.
Content Negotiation,MANTENER_DIFERIDO,FUERA_DE_RESOLUCION_ALIAS,,No existe autoridad FND/ARQ ni relación alias→V3 demostrada en 11.3.
Content Type,MANTENER_DIFERIDO,FUERA_DE_RESOLUCION_ALIAS,,No existe autoridad FND/ARQ ni relación alias→V3 demostrada en 11.3.
Contention Test,MANTENER_DIFERIDO,FUERA_DE_RESOLUCION_ALIAS,,No existe autoridad FND/ARQ ni relación alias→V3 demostrada en 11.3.
Context,MANTENER_DIFERIDO,FUERA_DE_RESOLUCION_ALIAS,,No existe autoridad FND/ARQ ni relación alias→V3 demostrada en 11.3.
Context Injection,MANTENER_DIFERIDO,FUERA_DE_RESOLUCION_ALIAS,,No existe autoridad FND/ARQ ni relación alias→V3 demostrada en 11.3.
Context Management Engineering,MANTENER_DIFERIDO,FUERA_DE_RESOLUCION_ALIAS,,No existe autoridad FND/ARQ ni relación alias→V3 demostrada en 11.3.
Context Minimality,MANTENER_DIFERIDO,FUERA_DE_RESOLUCION_ALIAS,,No existe autoridad FND/ARQ ni relación alias→V3 demostrada en 11.3.
Context Propagation,MANTENER_DIFERIDO,FUERA_DE_RESOLUCION_ALIAS,,No existe autoridad FND/ARQ ni relación alias→V3 demostrada en 11.3.
Continuidad de Invariantes,MANTENER_DIFERIDO,FUERA_DE_RESOLUCION_ALIAS,,No existe autoridad FND/ARQ ni relación alias→V3 demostrada en 11.3.
Contract Compatibility,MANTENER_DIFERIDO,FUERA_DE_RESOLUCION_ALIAS,,No existe autoridad FND/ARQ ni relación alias→V3 demostrada en 11.3.
contract consumers,MANTENER_DIFERIDO,FUERA_DE_RESOLUCION_ALIAS,,No existe autoridad FND/ARQ ni relación alias→V3 demostrada en 11.3.
Contract Diff,MANTENER_DIFERIDO,FUERA_DE_RESOLUCION_ALIAS,,No existe autoridad FND/ARQ ni relación alias→V3 demostrada en 11.3.
Contract Error,MANTENER_DIFERIDO,FUERA_DE_RESOLUCION_ALIAS,,No existe autoridad FND/ARQ ni relación alias→V3 demostrada en 11.3.
Contract Integration,MANTENER_DIFERIDO,FUERA_DE_RESOLUCION_ALIAS,,No existe autoridad FND/ARQ ni relación alias→V3 demostrada en 11.3.
Contract Ownership,MANTENER_DIFERIDO,FUERA_DE_RESOLUCION_ALIAS,,No existe autoridad FND/ARQ ni relación alias→V3 demostrada en 11.3.
Contract Provider,MANTENER_DIFERIDO,FUERA_DE_RESOLUCION_ALIAS,,No existe autoridad FND/ARQ ni relación alias→V3 demostrada en 11.3.
Contract Requirements,MANTENER_DIFERIDO,FUERA_DE_RESOLUCION_ALIAS,,No existe autoridad FND/ARQ ni relación alias→V3 demostrada en 11.3.
Contract Tests,MANTENER_DIFERIDO,FUERA_DE_RESOLUCION_ALIAS,,No existe autoridad FND/ARQ ni relación alias→V3 demostrada en 11.3.
Contract Validation,MANTENER_DIFERIDO,FUERA_DE_RESOLUCION_ALIAS,,No existe autoridad FND/ARQ ni relación alias→V3 demostrada en 11.3.
Convenciones,MANTENER_DIFERIDO,FUERA_DE_RESOLUCION_ALIAS,,No existe autoridad FND/ARQ ni relación alias→V3 demostrada en 11.3.
Correlation,MANTENER_DIFERIDO,FUERA_DE_RESOLUCION_ALIAS,,No existe autoridad FND/ARQ ni relación alias→V3 demostrada en 11.3.
Correlation ID,MANTENER_DIFERIDO,FUERA_DE_RESOLUCION_ALIAS,,No existe autoridad FND/ARQ ni relación alias→V3 demostrada en 11.3.
Correlation Propagation,MANTENER_DIFERIDO,FUERA_DE_RESOLUCION_ALIAS,,No existe autoridad FND/ARQ ni relación alias→V3 demostrada en 11.3.
Correlation Tests,MANTENER_DIFERIDO,FUERA_DE_RESOLUCION_ALIAS,,No existe autoridad FND/ARQ ni relación alias→V3 demostrada en 11.3.
correlationId,MANTENER_DIFERIDO,FUERA_DE_RESOLUCION_ALIAS,,No existe autoridad FND/ARQ ni relación alias→V3 demostrada en 11.3.
Credentials,MANTENER_DIFERIDO,FUERA_DE_RESOLUCION_ALIAS,,No existe autoridad FND/ARQ ni relación alias→V3 demostrada en 11.3.
Credential Logging,MANTENER_DIFERIDO,FUERA_DE_RESOLUCION_ALIAS,,No existe autoridad FND/ARQ ni relación alias→V3 demostrada en 11.3.
Criteria,MANTENER_DIFERIDO,FUERA_DE_RESOLUCION_ALIAS,,No existe autoridad FND/ARQ ni relación alias→V3 demostrada en 11.3.
Criterios de Conformidad,MANTENER_DIFERIDO,FUERA_DE_RESOLUCION_ALIAS,,No existe autoridad FND/ARQ ni relación alias→V3 demostrada en 11.3.
Critical Component,MANTENER_DIFERIDO,FUERA_DE_RESOLUCION_ALIAS,,No existe autoridad FND/ARQ ni relación alias→V3 demostrada en 11.3.
Critical Dependency,MANTENER_DIFERIDO,FUERA_DE_RESOLUCION_ALIAS,,No existe autoridad FND/ARQ ni relación alias→V3 demostrada en 11.3.
Critical Section,MANTENER_DIFERIDO,FUERA_DE_RESOLUCION_ALIAS,,No existe autoridad FND/ARQ ni relación alias→V3 demostrada en 11.3.
Cross-Tenant Access,MANTENER_DIFERIDO,FUERA_DE_RESOLUCION_ALIAS,,No existe autoridad FND/ARQ ni relación alias→V3 demostrada en 11.3.
Cross-Tenant Query,MANTENER_DIFERIDO,FUERA_DE_RESOLUCION_ALIAS,,No existe autoridad FND/ARQ ni relación alias→V3 demostrada en 11.3.
Cross-Tenant Test,MANTENER_DIFERIDO,FUERA_DE_RESOLUCION_ALIAS,,No existe autoridad FND/ARQ ni relación alias→V3 demostrada en 11.3.
CSRF,MANTENER_DIFERIDO,FUERA_DE_RESOLUCION_ALIAS,,No existe autoridad FND/ARQ ni relación alias→V3 demostrada en 11.3.
Cycle Detection,MANTENER_DIFERIDO,FUERA_DE_RESOLUCION_ALIAS,,No existe autoridad FND/ARQ ni relación alias→V3 demostrada en 11.3.
Data,MANTENER_DIFERIDO,FUERA_DE_RESOLUCION_ALIAS,,No existe autoridad FND/ARQ ni relación alias→V3 demostrada en 11.3.
Data Access,MANTENER_DIFERIDO,FUERA_DE_RESOLUCION_ALIAS,,No existe autoridad FND/ARQ ni relación alias→V3 demostrada en 11.3.
Data Access Engineering,MANTENER_DIFERIDO,FUERA_DE_RESOLUCION_ALIAS,,No existe autoridad FND/ARQ ni relación alias→V3 demostrada en 11.3.
Data Access Integration,MANTENER_DIFERIDO,FUERA_DE_RESOLUCION_ALIAS,,No existe autoridad FND/ARQ ni relación alias→V3 demostrada en 11.3.
Data Archival,MANTENER_DIFERIDO,FUERA_DE_RESOLUCION_ALIAS,,No existe autoridad FND/ARQ ni relación alias→V3 demostrada en 11.3.
Data Archival & Preservation Engineering,MANTENER_DIFERIDO,FUERA_DE_RESOLUCION_ALIAS,,No existe autoridad FND/ARQ ni relación alias→V3 demostrada en 11.3.
Data Catalog,MANTENER_DIFERIDO,FUERA_DE_RESOLUCION_ALIAS,,No existe autoridad FND/ARQ ni relación alias→V3 demostrada en 11.3.
Data Classification,MANTENER_DIFERIDO,FUERA_DE_RESOLUCION_ALIAS,,No existe autoridad FND/ARQ ni relación alias→V3 demostrada en 11.3.
Data Compliance Engineering,MANTENER_DIFERIDO,FUERA_DE_RESOLUCION_ALIAS,,No existe autoridad FND/ARQ ni relación alias→V3 demostrada en 11.3.
Data Discovery,MANTENER_DIFERIDO,FUERA_DE_RESOLUCION_ALIAS,,No existe autoridad FND/ARQ ni relación alias→V3 demostrada en 11.3.
Data Disposal,MANTENER_DIFERIDO,FUERA_DE_RESOLUCION_ALIAS,,No existe autoridad FND/ARQ ni relación alias→V3 demostrada en 11.3.
Data Ethics,MANTENER_DIFERIDO,FUERA_DE_RESOLUCION_ALIAS,,No existe autoridad FND/ARQ ni relación alias→V3 demostrada en 11.3.
Data Ethics Engineering,MANTENER_DIFERIDO,FUERA_DE_RESOLUCION_ALIAS,,No existe autoridad FND/ARQ ni relación alias→V3 demostrada en 11.3.
Data Exchange,MANTENER_DIFERIDO,FUERA_DE_RESOLUCION_ALIAS,,No existe autoridad FND/ARQ ni relación alias→V3 demostrada en 11.3.
Data Federation,MANTENER_DIFERIDO,FUERA_DE_RESOLUCION_ALIAS,,No existe autoridad FND/ARQ ni relación alias→V3 demostrada en 11.3.
Data Governance,MANTENER_DIFERIDO,FUERA_DE_RESOLUCION_ALIAS,,No existe autoridad FND/ARQ ni relación alias→V3 demostrada en 11.3.
Data Governance Engineering,MANTENER_DIFERIDO,FUERA_DE_RESOLUCION_ALIAS,,No existe autoridad FND/ARQ ni relación alias→V3 demostrada en 11.3.
Data Integrity,MANTENER_DIFERIDO,FUERA_DE_RESOLUCION_ALIAS,,No existe autoridad FND/ARQ ni relación alias→V3 demostrada en 11.3.
Data Integrity Engineering,MANTENER_DIFERIDO,FUERA_DE_RESOLUCION_ALIAS,,No existe autoridad FND/ARQ ni relación alias→V3 demostrada en 11.3.
Data Lineage,MANTENER_DIFERIDO,FUERA_DE_RESOLUCION_ALIAS,,No existe autoridad FND/ARQ ni relación alias→V3 demostrada en 11.3.
Data Locality,MANTENER_DIFERIDO,FUERA_DE_RESOLUCION_ALIAS,,No existe autoridad FND/ARQ ni relación alias→V3 demostrada en 11.3.
Data Mapper,MANTENER_DIFERIDO,FUERA_DE_RESOLUCION_ALIAS,,No existe autoridad FND/ARQ ni relación alias→V3 demostrada en 11.3.
Data Masking,MANTENER_DIFERIDO,FUERA_DE_RESOLUCION_ALIAS,,No existe autoridad FND/ARQ ni relación alias→V3 demostrada en 11.3.
Data Migration,MANTENER_DIFERIDO,FUERA_DE_RESOLUCION_ALIAS,,No existe autoridad FND/ARQ ni relación alias→V3 demostrada en 11.3.
Data Minimization,MANTENER_DIFERIDO,FUERA_DE_RESOLUCION_ALIAS,,No existe autoridad FND/ARQ ni relación alias→V3 demostrada en 11.3.
Data Ownership,MANTENER_DIFERIDO,FUERA_DE_RESOLUCION_ALIAS,,No existe autoridad FND/ARQ ni relación alias→V3 demostrada en 11.3.
Data Pipeline Engineering,MANTENER_DIFERIDO,FUERA_DE_RESOLUCION_ALIAS,,No existe autoridad FND/ARQ ni relación alias→V3 demostrada en 11.3.
Data Portability,MANTENER_DIFERIDO,FUERA_DE_RESOLUCION_ALIAS,,No existe autoridad FND/ARQ ni relación alias→V3 demostrada en 11.3.
Data Preservation,MANTENER_DIFERIDO,FUERA_DE_RESOLUCION_ALIAS,,No existe autoridad FND/ARQ ni relación alias→V3 demostrada en 11.3.
Data Privacy Engineering,MANTENER_DIFERIDO,FUERA_DE_RESOLUCION_ALIAS,,No existe autoridad FND/ARQ ni relación alias→V3 demostrada en 11.3.
Data Product,MANTENER_DIFERIDO,FUERA_DE_RESOLUCION_ALIAS,,No existe autoridad FND/ARQ ni relación alias→V3 demostrada en 11.3.
Data Product Integration,MANTENER_DIFERIDO,FUERA_DE_RESOLUCION_ALIAS,,No existe autoridad FND/ARQ ni relación alias→V3 demostrada en 11.3.
Data Provenance,MANTENER_DIFERIDO,FUERA_DE_RESOLUCION_ALIAS,,No existe autoridad FND/ARQ ni relación alias→V3 demostrada en 11.3.
Data Quality,MANTENER_DIFERIDO,FUERA_DE_RESOLUCION_ALIAS,,No existe autoridad FND/ARQ ni relación alias→V3 demostrada en 11.3.
Data Quality Engineering,MANTENER_DIFERIDO,FUERA_DE_RESOLUCION_ALIAS,,No existe autoridad FND/ARQ ni relación alias→V3 demostrada en 11.3.
Data Retention,MANTENER_DIFERIDO,FUERA_DE_RESOLUCION_ALIAS,,No existe autoridad FND/ARQ ni relación alias→V3 demostrada en 11.3.
Data Retention & Disposal Engineering,MANTENER_DIFERIDO,FUERA_DE_RESOLUCION_ALIAS,,No existe autoridad FND/ARQ ni relación alias→V3 demostrada en 11.3.
Data Sharing,MANTENER_DIFERIDO,FUERA_DE_RESOLUCION_ALIAS,,No existe autoridad FND/ARQ ni relación alias→V3 demostrada en 11.3.
Data Transformation Engineering,MANTENER_DIFERIDO,FUERA_DE_RESOLUCION_ALIAS,,No existe autoridad FND/ARQ ni relación alias→V3 demostrada en 11.3.
Data Trust,MANTENER_DIFERIDO,FUERA_DE_RESOLUCION_ALIAS,,No existe autoridad FND/ARQ ni relación alias→V3 demostrada en 11.3.
Data Trust Engineering,MANTENER_DIFERIDO,FUERA_DE_RESOLUCION_ALIAS,,No existe autoridad FND/ARQ ni relación alias→V3 demostrada en 11.3.
Database as API,MANTENER_DIFERIDO,FUERA_DE_RESOLUCION_ALIAS,,No existe autoridad FND/ARQ ni relación alias→V3 demostrada en 11.3.
Database Constraint,MANTENER_DIFERIDO,FUERA_DE_RESOLUCION_ALIAS,,No existe autoridad FND/ARQ ni relación alias→V3 demostrada en 11.3.
Database Strategy,MANTENER_DIFERIDO,FUERA_DE_RESOLUCION_ALIAS,,No existe autoridad FND/ARQ ni relación alias→V3 demostrada en 11.3.
Dead Letter,MANTENER_DIFERIDO,FUERA_DE_RESOLUCION_ALIAS,,No existe autoridad FND/ARQ ni relación alias→V3 demostrada en 11.3.
Deadline,MANTENER_DIFERIDO,FUERA_DE_RESOLUCION_ALIAS,,No existe autoridad FND/ARQ ni relación alias→V3 demostrada en 11.3.
Deadline Propagation,MANTENER_DIFERIDO,FUERA_DE_RESOLUCION_ALIAS,,No existe autoridad FND/ARQ ni relación alias→V3 demostrada en 11.3.
Deadlock,MANTENER_DIFERIDO,FUERA_DE_RESOLUCION_ALIAS,,No existe autoridad FND/ARQ ni relación alias→V3 demostrada en 11.3.
Deadlock Retry,MANTENER_DIFERIDO,FUERA_DE_RESOLUCION_ALIAS,,No existe autoridad FND/ARQ ni relación alias→V3 demostrada en 11.3.
Deduplication,MANTENER_DIFERIDO,FUERA_DE_RESOLUCION_ALIAS,,No existe autoridad FND/ARQ ni relación alias→V3 demostrada en 11.3.
Defaults,MANTENER_DIFERIDO,FUERA_DE_RESOLUCION_ALIAS,,No existe autoridad FND/ARQ ni relación alias→V3 demostrada en 11.3.
Default Value,MANTENER_DIFERIDO,FUERA_DE_RESOLUCION_ALIAS,,No existe autoridad FND/ARQ ni relación alias→V3 demostrada en 11.3.
Defense in Depth,MANTENER_DIFERIDO,FUERA_DE_RESOLUCION_ALIAS,,No existe autoridad FND/ARQ ni relación alias→V3 demostrada en 11.3.
Definition Test,MANTENER_DIFERIDO,FUERA_DE_RESOLUCION_ALIAS,,No existe autoridad FND/ARQ ni relación alias→V3 demostrada en 11.3.
DEGRADED,MANTENER_DIFERIDO,FUERA_DE_RESOLUCION_ALIAS,,No existe autoridad FND/ARQ ni relación alias→V3 demostrada en 11.3.
Delegated Authority,MANTENER_DIFERIDO,FUERA_DE_RESOLUCION_ALIAS,,No existe autoridad FND/ARQ ni relación alias→V3 demostrada en 11.3.
Delete,MANTENER_DIFERIDO,FUERA_DE_RESOLUCION_ALIAS,,No existe autoridad FND/ARQ ni relación alias→V3 demostrada en 11.3.
Delivery,MANTENER_DIFERIDO,FUERA_DE_RESOLUCION_ALIAS,,No existe autoridad FND/ARQ ni relación alias→V3 demostrada en 11.3.
Delivery Semantics,MANTENER_DIFERIDO,FUERA_DE_RESOLUCION_ALIAS,,No existe autoridad FND/ARQ ni relación alias→V3 demostrada en 11.3.
Dependencias Opcionales,MANTENER_DIFERIDO,FUERA_DE_RESOLUCION_ALIAS,,No existe autoridad FND/ARQ ni relación alias→V3 demostrada en 11.3.
Dependency Confusion,MANTENER_DIFERIDO,FUERA_DE_RESOLUCION_ALIAS,,No existe autoridad FND/ARQ ni relación alias→V3 demostrada en 11.3.
Dependency Cycle,MANTENER_DIFERIDO,FUERA_DE_RESOLUCION_ALIAS,,No existe autoridad FND/ARQ ni relación alias→V3 demostrada en 11.3.
Dependency Direction,MANTENER_DIFERIDO,FUERA_DE_RESOLUCION_ALIAS,,No existe autoridad FND/ARQ ni relación alias→V3 demostrada en 11.3.
Dependency Drift,MANTENER_DIFERIDO,FUERA_DE_RESOLUCION_ALIAS,,No existe autoridad FND/ARQ ni relación alias→V3 demostrada en 11.3.
Dependency Failure,MANTENER_DIFERIDO,FUERA_DE_RESOLUCION_ALIAS,,No existe autoridad FND/ARQ ni relación alias→V3 demostrada en 11.3.
Dependency Graph,MANTENER_DIFERIDO,FUERA_DE_RESOLUCION_ALIAS,,No existe autoridad FND/ARQ ni relación alias→V3 demostrada en 11.3.
Dependency Injection Integration,MANTENER_DIFERIDO,FUERA_DE_RESOLUCION_ALIAS,,No existe autoridad FND/ARQ ni relación alias→V3 demostrada en 11.3.
Dependency Lock,MANTENER_DIFERIDO,FUERA_DE_RESOLUCION_ALIAS,,No existe autoridad FND/ARQ ni relación alias→V3 demostrada en 11.3.
Dependency Test,MANTENER_DIFERIDO,FUERA_DE_RESOLUCION_ALIAS,,No existe autoridad FND/ARQ ni relación alias→V3 demostrada en 11.3.
Dependency Validation,MANTENER_DIFERIDO,FUERA_DE_RESOLUCION_ALIAS,,No existe autoridad FND/ARQ ni relación alias→V3 demostrada en 11.3.
Deployment,MANTENER_DIFERIDO,FUERA_DE_RESOLUCION_ALIAS,,No existe autoridad FND/ARQ ni relación alias→V3 demostrada en 11.3.
Deployment Engineering,MANTENER_DIFERIDO,FUERA_DE_RESOLUCION_ALIAS,,No existe autoridad FND/ARQ ni relación alias→V3 demostrada en 11.3.
Deployment Integration,MANTENER_DIFERIDO,FUERA_DE_RESOLUCION_ALIAS,,No existe autoridad FND/ARQ ni relación alias→V3 demostrada en 11.3.
Deprecation,MANTENER_DIFERIDO,FUERA_DE_RESOLUCION_ALIAS,,No existe autoridad FND/ARQ ni relación alias→V3 demostrada en 11.3.
Deprecation Metadata,MANTENER_DIFERIDO,FUERA_DE_RESOLUCION_ALIAS,,No existe autoridad FND/ARQ ni relación alias→V3 demostrada en 11.3.
Deprovisioning,MANTENER_DIFERIDO,FUERA_DE_RESOLUCION_ALIAS,,No existe autoridad FND/ARQ ni relación alias→V3 demostrada en 11.3.
Derived State,MANTENER_DIFERIDO,FUERA_DE_RESOLUCION_ALIAS,,No existe autoridad FND/ARQ ni relación alias→V3 demostrada en 11.3.
Deserialization,MANTENER_DIFERIDO,FUERA_DE_RESOLUCION_ALIAS,,No existe autoridad FND/ARQ ni relación alias→V3 demostrada en 11.3.
Deserialization Security,MANTENER_DIFERIDO,FUERA_DE_RESOLUCION_ALIAS,,No existe autoridad FND/ARQ ni relación alias→V3 demostrada en 11.3.
Destination,MANTENER_DIFERIDO,FUERA_DE_RESOLUCION_ALIAS,,No existe autoridad FND/ARQ ni relación alias→V3 demostrada en 11.3.
Destroy,MANTENER_DIFERIDO,FUERA_DE_RESOLUCION_ALIAS,,No existe autoridad FND/ARQ ni relación alias→V3 demostrada en 11.3.
Determinism,MANTENER_DIFERIDO,FUERA_DE_RESOLUCION_ALIAS,,No existe autoridad FND/ARQ ni relación alias→V3 demostrada en 11.3.
Determinism Test,MANTENER_DIFERIDO,FUERA_DE_RESOLUCION_ALIAS,,No existe autoridad FND/ARQ ni relación alias→V3 demostrada en 11.3.
Determinismo,MANTENER_DIFERIDO,FUERA_DE_RESOLUCION_ALIAS,,No existe autoridad FND/ARQ ni relación alias→V3 demostrada en 11.3.
DI,MANTENER_DIFERIDO,FUERA_DE_RESOLUCION_ALIAS,,No existe autoridad FND/ARQ ni relación alias→V3 demostrada en 11.3.
DI Integration,MANTENER_DIFERIDO,FUERA_DE_RESOLUCION_ALIAS,,No existe autoridad FND/ARQ ni relación alias→V3 demostrada en 11.3.
Diagnosability,MANTENER_DIFERIDO,FUERA_DE_RESOLUCION_ALIAS,,No existe autoridad FND/ARQ ni relación alias→V3 demostrada en 11.3.
Diagnostics,MANTENER_DIFERIDO,FUERA_DE_RESOLUCION_ALIAS,,No existe autoridad FND/ARQ ni relación alias→V3 demostrada en 11.3.
Dirty Read,MANTENER_DIFERIDO,FUERA_DE_RESOLUCION_ALIAS,,No existe autoridad FND/ARQ ni relación alias→V3 demostrada en 11.3.
Discovery,MANTENER_DIFERIDO,FUERA_DE_RESOLUCION_ALIAS,,No existe autoridad FND/ARQ ni relación alias→V3 demostrada en 11.3.
Discovery Determinism,MANTENER_DIFERIDO,FUERA_DE_RESOLUCION_ALIAS,,No existe autoridad FND/ARQ ni relación alias→V3 demostrada en 11.3.
Discovery Engineering,MANTENER_DIFERIDO,FUERA_DE_RESOLUCION_ALIAS,,No existe autoridad FND/ARQ ni relación alias→V3 demostrada en 11.3.
Discovery Sources,MANTENER_DIFERIDO,FUERA_DE_RESOLUCION_ALIAS,,No existe autoridad FND/ARQ ni relación alias→V3 demostrada en 11.3.
Discovery Source,MANTENER_DIFERIDO,FUERA_DE_RESOLUCION_ALIAS,,No existe autoridad FND/ARQ ni relación alias→V3 demostrada en 11.3.
Discovery Target,MANTENER_DIFERIDO,FUERA_DE_RESOLUCION_ALIAS,,No existe autoridad FND/ARQ ni relación alias→V3 demostrada en 11.3.
Dispatch,MANTENER_DIFERIDO,FUERA_DE_RESOLUCION_ALIAS,,No existe autoridad FND/ARQ ni relación alias→V3 demostrada en 11.3.
Disposal Idempotency,MANTENER_DIFERIDO,FUERA_DE_RESOLUCION_ALIAS,,No existe autoridad FND/ARQ ni relación alias→V3 demostrada en 11.3.
Distributed Lock,MANTENER_DIFERIDO,FUERA_DE_RESOLUCION_ALIAS,,No existe autoridad FND/ARQ ni relación alias→V3 demostrada en 11.3.
Distributed Transaction,MANTENER_DIFERIDO,FUERA_DE_RESOLUCION_ALIAS,,No existe autoridad FND/ARQ ni relación alias→V3 demostrada en 11.3.
Distribution Integrity,MANTENER_DIFERIDO,FUERA_DE_RESOLUCION_ALIAS,,No existe autoridad FND/ARQ ni relación alias→V3 demostrada en 11.3.
DLQ Test,MANTENER_DIFERIDO,FUERA_DE_RESOLUCION_ALIAS,,No existe autoridad FND/ARQ ni relación alias→V3 demostrada en 11.3.
Documentation,MANTENER_DIFERIDO,FUERA_DE_RESOLUCION_ALIAS,,No existe autoridad FND/ARQ ni relación alias→V3 demostrada en 11.3.
Documentation Generation,MANTENER_DIFERIDO,FUERA_DE_RESOLUCION_ALIAS,,No existe autoridad FND/ARQ ni relación alias→V3 demostrada en 11.3.
Domain,MANTENER_DIFERIDO,FUERA_DE_RESOLUCION_ALIAS,,No existe autoridad FND/ARQ ni relación alias→V3 demostrada en 11.3.
Domain Boundary,MANTENER_DIFERIDO,FUERA_DE_RESOLUCION_ALIAS,,No existe autoridad FND/ARQ ni relación alias→V3 demostrada en 11.3.
Domain Engineering,MANTENER_DIFERIDO,FUERA_DE_RESOLUCION_ALIAS,,No existe autoridad FND/ARQ ni relación alias→V3 demostrada en 11.3.
Domain Error,MANTENER_DIFERIDO,FUERA_DE_RESOLUCION_ALIAS,,No existe autoridad FND/ARQ ni relación alias→V3 demostrada en 11.3.
Domain Event,MANTENER_DIFERIDO,FUERA_DE_RESOLUCION_ALIAS,,No existe autoridad FND/ARQ ni relación alias→V3 demostrada en 11.3.
Domain Integration,MANTENER_DIFERIDO,FUERA_DE_RESOLUCION_ALIAS,,No existe autoridad FND/ARQ ni relación alias→V3 demostrada en 11.3.
Domain Invariant,MANTENER_DIFERIDO,FUERA_DE_RESOLUCION_ALIAS,,No existe autoridad FND/ARQ ni relación alias→V3 demostrada en 11.3.
Domain Model,MANTENER_DIFERIDO,FUERA_DE_RESOLUCION_ALIAS,,No existe autoridad FND/ARQ ni relación alias→V3 demostrada en 11.3.
Downcasting,MANTENER_DIFERIDO,FUERA_DE_RESOLUCION_ALIAS,,No existe autoridad FND/ARQ ni relación alias→V3 demostrada en 11.3.
Draft,MANTENER_DIFERIDO,FUERA_DE_RESOLUCION_ALIAS,,No existe autoridad FND/ARQ ni relación alias→V3 demostrada en 11.3.
Drain,MANTENER_DIFERIDO,FUERA_DE_RESOLUCION_ALIAS,,No existe autoridad FND/ARQ ni relación alias→V3 demostrada en 11.3.
Drift Detection,MANTENER_DIFERIDO,FUERA_DE_RESOLUCION_ALIAS,,No existe autoridad FND/ARQ ni relación alias→V3 demostrada en 11.3.
Drift Examples,MANTENER_DIFERIDO,FUERA_DE_RESOLUCION_ALIAS,,No existe autoridad FND/ARQ ni relación alias→V3 demostrada en 11.3.
Drift Test,MANTENER_DIFERIDO,FUERA_DE_RESOLUCION_ALIAS,,No existe autoridad FND/ARQ ni relación alias→V3 demostrada en 11.3.
Dry Run,MANTENER_DIFERIDO,FUERA_DE_RESOLUCION_ALIAS,,No existe autoridad FND/ARQ ni relación alias→V3 demostrada en 11.3.
DTO,MANTENER_DIFERIDO,FUERA_DE_RESOLUCION_ALIAS,,No existe autoridad FND/ARQ ni relación alias→V3 demostrada en 11.3.
Dual Write,MANTENER_DIFERIDO,FUERA_DE_RESOLUCION_ALIAS,,No existe autoridad FND/ARQ ni relación alias→V3 demostrada en 11.3.
Duplicate Registration,MANTENER_DIFERIDO,FUERA_DE_RESOLUCION_ALIAS,,No existe autoridad FND/ARQ ni relación alias→V3 demostrada en 11.3.
Duplicate Test,MANTENER_DIFERIDO,FUERA_DE_RESOLUCION_ALIAS,,No existe autoridad FND/ARQ ni relación alias→V3 demostrada en 11.3.
Durability,MANTENER_DIFERIDO,FUERA_DE_RESOLUCION_ALIAS,,No existe autoridad FND/ARQ ni relación alias→V3 demostrada en 11.3.
Durability Engineering,MANTENER_DIFERIDO,FUERA_DE_RESOLUCION_ALIAS,,No existe autoridad FND/ARQ ni relación alias→V3 demostrada en 11.3.
Duration,MANTENER_DIFERIDO,FUERA_DE_RESOLUCION_ALIAS,,No existe autoridad FND/ARQ ni relación alias→V3 demostrada en 11.3.
Dynamic Configuration,MANTENER_DIFERIDO,FUERA_DE_RESOLUCION_ALIAS,,No existe autoridad FND/ARQ ni relación alias→V3 demostrada en 11.3.
Eager Validation,MANTENER_DIFERIDO,FUERA_DE_RESOLUCION_ALIAS,,No existe autoridad FND/ARQ ni relación alias→V3 demostrada en 11.3.
Effective Configuration,MANTENER_DIFERIDO,FUERA_DE_RESOLUCION_ALIAS,,No existe autoridad FND/ARQ ni relación alias→V3 demostrada en 11.3.
Efficiency,MANTENER_DIFERIDO,FUERA_DE_RESOLUCION_ALIAS,,No existe autoridad FND/ARQ ni relación alias→V3 demostrada en 11.3.
El Contract,MANTENER_DIFERIDO,FUERA_DE_RESOLUCION_ALIAS,,No existe autoridad FND/ARQ ni relación alias→V3 demostrada en 11.3.
El Manifest,MANTENER_DIFERIDO,FUERA_DE_RESOLUCION_ALIAS,,No existe autoridad FND/ARQ ni relación alias→V3 demostrada en 11.3.
El objetivo,MANTENER_DIFERIDO,FUERA_DE_RESOLUCION_ALIAS,,No existe autoridad FND/ARQ ni relación alias→V3 demostrada en 11.3.
El Registry,MANTENER_DIFERIDO,FUERA_DE_RESOLUCION_ALIAS,,No existe autoridad FND/ARQ ni relación alias→V3 demostrada en 11.3.
Encryption,MANTENER_DIFERIDO,FUERA_DE_RESOLUCION_ALIAS,,No existe autoridad FND/ARQ ni relación alias→V3 demostrada en 11.3.
Encryption at Rest,MANTENER_DIFERIDO,FUERA_DE_RESOLUCION_ALIAS,,No existe autoridad FND/ARQ ni relación alias→V3 demostrada en 11.3.
Endpoint,MANTENER_DIFERIDO,FUERA_DE_RESOLUCION_ALIAS,,No existe autoridad FND/ARQ ni relación alias→V3 demostrada en 11.3.
ENG-001,MANTENER_DIFERIDO,FUERA_DE_RESOLUCION_ALIAS,,No existe autoridad FND/ARQ ni relación alias→V3 demostrada en 11.3.
ENG-002,MANTENER_DIFERIDO,FUERA_DE_RESOLUCION_ALIAS,,No existe autoridad FND/ARQ ni relación alias→V3 demostrada en 11.3.
ENG-003,MANTENER_DIFERIDO,FUERA_DE_RESOLUCION_ALIAS,,No existe autoridad FND/ARQ ni relación alias→V3 demostrada en 11.3.
ENG-003 — Manifest,MANTENER_DIFERIDO,FUERA_DE_RESOLUCION_ALIAS,,No existe autoridad FND/ARQ ni relación alias→V3 demostrada en 11.3.
ENG-005 — Nomenclatura,MANTENER_DIFERIDO,FUERA_DE_RESOLUCION_ALIAS,,No existe autoridad FND/ARQ ni relación alias→V3 demostrada en 11.3.
ENG-006 — Estructura de Directorios,MANTENER_DIFERIDO,FUERA_DE_RESOLUCION_ALIAS,,No existe autoridad FND/ARQ ni relación alias→V3 demostrada en 11.3.
ENG-007 — CLI,MANTENER_DIFERIDO,FUERA_DE_RESOLUCION_ALIAS,,No existe autoridad FND/ARQ ni relación alias→V3 demostrada en 11.3.
ENG-009 — Testing,MANTENER_DIFERIDO,FUERA_DE_RESOLUCION_ALIAS,,No existe autoridad FND/ARQ ni relación alias→V3 demostrada en 11.3.
ENG-010,MANTENER_DIFERIDO,FUERA_DE_RESOLUCION_ALIAS,,No existe autoridad FND/ARQ ni relación alias→V3 demostrada en 11.3.
ENG-011,MANTENER_DIFERIDO,FUERA_DE_RESOLUCION_ALIAS,,No existe autoridad FND/ARQ ni relación alias→V3 demostrada en 11.3.
ENG-014 — Versionado,MANTENER_DIFERIDO,FUERA_DE_RESOLUCION_ALIAS,,No existe autoridad FND/ARQ ni relación alias→V3 demostrada en 11.3.
ENG-015,MANTENER_DIFERIDO,FUERA_DE_RESOLUCION_ALIAS,,No existe autoridad FND/ARQ ni relación alias→V3 demostrada en 11.3.
ENG-018,MANTENER_DIFERIDO,FUERA_DE_RESOLUCION_ALIAS,,No existe autoridad FND/ARQ ni relación alias→V3 demostrada en 11.3.
ENG-021,MANTENER_DIFERIDO,FUERA_DE_RESOLUCION_ALIAS,,No existe autoridad FND/ARQ ni relación alias→V3 demostrada en 11.3.
ENG-022,MANTENER_DIFERIDO,FUERA_DE_RESOLUCION_ALIAS,,No existe autoridad FND/ARQ ni relación alias→V3 demostrada en 11.3.
ENG-024,MANTENER_DIFERIDO,FUERA_DE_RESOLUCION_ALIAS,,No existe autoridad FND/ARQ ni relación alias→V3 demostrada en 11.3.
ENG-027,MANTENER_DIFERIDO,FUERA_DE_RESOLUCION_ALIAS,,No existe autoridad FND/ARQ ni relación alias→V3 demostrada en 11.3.
ENG-028,MANTENER_DIFERIDO,FUERA_DE_RESOLUCION_ALIAS,,No existe autoridad FND/ARQ ni relación alias→V3 demostrada en 11.3.
ENG-029,MANTENER_DIFERIDO,FUERA_DE_RESOLUCION_ALIAS,,No existe autoridad FND/ARQ ni relación alias→V3 demostrada en 11.3.
ENG-031,MANTENER_DIFERIDO,FUERA_DE_RESOLUCION_ALIAS,,No existe autoridad FND/ARQ ni relación alias→V3 demostrada en 11.3.
ENG-032,MANTENER_DIFERIDO,FUERA_DE_RESOLUCION_ALIAS,,No existe autoridad FND/ARQ ni relación alias→V3 demostrada en 11.3.
ENG-033,MANTENER_DIFERIDO,FUERA_DE_RESOLUCION_ALIAS,,No existe autoridad FND/ARQ ni relación alias→V3 demostrada en 11.3.
ENG-040,MANTENER_DIFERIDO,FUERA_DE_RESOLUCION_ALIAS,,No existe autoridad FND/ARQ ni relación alias→V3 demostrada en 11.3.
ENG-041,MANTENER_DIFERIDO,FUERA_DE_RESOLUCION_ALIAS,,No existe autoridad FND/ARQ ni relación alias→V3 demostrada en 11.3.
ENG-042,MANTENER_DIFERIDO,FUERA_DE_RESOLUCION_ALIAS,,No existe autoridad FND/ARQ ni relación alias→V3 demostrada en 11.3.
ENG-044,MANTENER_DIFERIDO,FUERA_DE_RESOLUCION_ALIAS,,No existe autoridad FND/ARQ ni relación alias→V3 demostrada en 11.3.
ENG-053,MANTENER_DIFERIDO,FUERA_DE_RESOLUCION_ALIAS,,No existe autoridad FND/ARQ ni relación alias→V3 demostrada en 11.3.
ENG-054,MANTENER_DIFERIDO,FUERA_DE_RESOLUCION_ALIAS,,No existe autoridad FND/ARQ ni relación alias→V3 demostrada en 11.3.
ENG-055,MANTENER_DIFERIDO,FUERA_DE_RESOLUCION_ALIAS,,No existe autoridad FND/ARQ ni relación alias→V3 demostrada en 11.3.
ENG-055 --- Lifecycle Management Engineering,MANTENER_DIFERIDO,FUERA_DE_RESOLUCION_ALIAS,,No existe autoridad FND/ARQ ni relación alias→V3 demostrada en 11.3.
ENG-057,MANTENER_DIFERIDO,FUERA_DE_RESOLUCION_ALIAS,,No existe autoridad FND/ARQ ni relación alias→V3 demostrada en 11.3.
ENG-058 --- Discovery Engineering,MANTENER_DIFERIDO,FUERA_DE_RESOLUCION_ALIAS,,No existe autoridad FND/ARQ ni relación alias→V3 demostrada en 11.3.
ENG-059 --- Resolution Engineering,MANTENER_DIFERIDO,FUERA_DE_RESOLUCION_ALIAS,,No existe autoridad FND/ARQ ni relación alias→V3 demostrada en 11.3.
ENG-061,MANTENER_DIFERIDO,FUERA_DE_RESOLUCION_ALIAS,,No existe autoridad FND/ARQ ni relación alias→V3 demostrada en 11.3.
ENG-062,MANTENER_DIFERIDO,FUERA_DE_RESOLUCION_ALIAS,,No existe autoridad FND/ARQ ni relación alias→V3 demostrada en 11.3.
ENG-070,MANTENER_DIFERIDO,FUERA_DE_RESOLUCION_ALIAS,,No existe autoridad FND/ARQ ni relación alias→V3 demostrada en 11.3.
ENG-077,MANTENER_DIFERIDO,FUERA_DE_RESOLUCION_ALIAS,,No existe autoridad FND/ARQ ni relación alias→V3 demostrada en 11.3.
ENG-081,MANTENER_DIFERIDO,FUERA_DE_RESOLUCION_ALIAS,,No existe autoridad FND/ARQ ni relación alias→V3 demostrada en 11.3.
ENG-085,MANTENER_DIFERIDO,FUERA_DE_RESOLUCION_ALIAS,,No existe autoridad FND/ARQ ni relación alias→V3 demostrada en 11.3.
ENG-100,MANTENER_DIFERIDO,FUERA_DE_RESOLUCION_ALIAS,,No existe autoridad FND/ARQ ni relación alias→V3 demostrada en 11.3.
Entities,MANTENER_DIFERIDO,FUERA_DE_RESOLUCION_ALIAS,,No existe autoridad FND/ARQ ni relación alias→V3 demostrada en 11.3.
Enum Evolution,MANTENER_DIFERIDO,FUERA_DE_RESOLUCION_ALIAS,,No existe autoridad FND/ARQ ni relación alias→V3 demostrada en 11.3.
Envelope,MANTENER_DIFERIDO,FUERA_DE_RESOLUCION_ALIAS,,No existe autoridad FND/ARQ ni relación alias→V3 demostrada en 11.3.
Environment,MANTENER_DIFERIDO,FUERA_DE_RESOLUCION_ALIAS,,No existe autoridad FND/ARQ ni relación alias→V3 demostrada en 11.3.
Environment Configuration,MANTENER_DIFERIDO,FUERA_DE_RESOLUCION_ALIAS,,No existe autoridad FND/ARQ ni relación alias→V3 demostrada en 11.3.
Environment Detection,MANTENER_DIFERIDO,FUERA_DE_RESOLUCION_ALIAS,,No existe autoridad FND/ARQ ni relación alias→V3 demostrada en 11.3.
Environment Engineering,MANTENER_DIFERIDO,FUERA_DE_RESOLUCION_ALIAS,,No existe autoridad FND/ARQ ni relación alias→V3 demostrada en 11.3.
Environment Health,MANTENER_DIFERIDO,FUERA_DE_RESOLUCION_ALIAS,,No existe autoridad FND/ARQ ni relación alias→V3 demostrada en 11.3.
Environment Isolation,MANTENER_DIFERIDO,FUERA_DE_RESOLUCION_ALIAS,,No existe autoridad FND/ARQ ni relación alias→V3 demostrada en 11.3.
Environment Variables,MANTENER_DIFERIDO,FUERA_DE_RESOLUCION_ALIAS,,No existe autoridad FND/ARQ ni relación alias→V3 demostrada en 11.3.
Erase,MANTENER_DIFERIDO,FUERA_DE_RESOLUCION_ALIAS,,No existe autoridad FND/ARQ ni relación alias→V3 demostrada en 11.3.
Error,MANTENER_DIFERIDO,FUERA_DE_RESOLUCION_ALIAS,,No existe autoridad FND/ARQ ni relación alias→V3 demostrada en 11.3.
Error Codes,MANTENER_DIFERIDO,FUERA_DE_RESOLUCION_ALIAS,,No existe autoridad FND/ARQ ni relación alias→V3 demostrada en 11.3.
Error Handling,MANTENER_DIFERIDO,FUERA_DE_RESOLUCION_ALIAS,,No existe autoridad FND/ARQ ni relación alias→V3 demostrada en 11.3.
Error Namespace,MANTENER_DIFERIDO,FUERA_DE_RESOLUCION_ALIAS,,No existe autoridad FND/ARQ ni relación alias→V3 demostrada en 11.3.
Error Taxonomy,MANTENER_DIFERIDO,FUERA_DE_RESOLUCION_ALIAS,,No existe autoridad FND/ARQ ni relación alias→V3 demostrada en 11.3.
Error Translation,MANTENER_DIFERIDO,FUERA_DE_RESOLUCION_ALIAS,,No existe autoridad FND/ARQ ni relación alias→V3 demostrada en 11.3.
Esta,MANTENER_DIFERIDO,FUERA_DE_RESOLUCION_ALIAS,,No existe autoridad FND/ARQ ni relación alias→V3 demostrada en 11.3.
Esto,MANTENER_DIFERIDO,FUERA_DE_RESOLUCION_ALIAS,,No existe autoridad FND/ARQ ni relación alias→V3 demostrada en 11.3.
Estos nombres,MANTENER_DIFERIDO,FUERA_DE_RESOLUCION_ALIAS,,No existe autoridad FND/ARQ ni relación alias→V3 demostrada en 11.3.
Estructura Conceptual,MANTENER_DIFERIDO,FUERA_DE_RESOLUCION_ALIAS,,No existe autoridad FND/ARQ ni relación alias→V3 demostrada en 11.3.
Estructura Conceptual de Directorios,MANTENER_DIFERIDO,FUERA_DE_RESOLUCION_ALIAS,,No existe autoridad FND/ARQ ni relación alias→V3 demostrada en 11.3.
Ethics,MANTENER_DIFERIDO,FUERA_DE_RESOLUCION_ALIAS,,No existe autoridad FND/ARQ ni relación alias→V3 demostrada en 11.3.
Ethics Decision,MANTENER_DIFERIDO,FUERA_DE_RESOLUCION_ALIAS,,No existe autoridad FND/ARQ ni relación alias→V3 demostrada en 11.3.
Events,MANTENER_DIFERIDO,FUERA_DE_RESOLUCION_ALIAS,,No existe autoridad FND/ARQ ni relación alias→V3 demostrada en 11.3.
Event Bus,MANTENER_DIFERIDO,FUERA_DE_RESOLUCION_ALIAS,,No existe autoridad FND/ARQ ni relación alias→V3 demostrada en 11.3.
Event Bus Integration,MANTENER_DIFERIDO,FUERA_DE_RESOLUCION_ALIAS,,No existe autoridad FND/ARQ ni relación alias→V3 demostrada en 11.3.
Event Identity,MANTENER_DIFERIDO,FUERA_DE_RESOLUCION_ALIAS,,No existe autoridad FND/ARQ ni relación alias→V3 demostrada en 11.3.
Event Immutability,MANTENER_DIFERIDO,FUERA_DE_RESOLUCION_ALIAS,,No existe autoridad FND/ARQ ni relación alias→V3 demostrada en 11.3.
Event Integration,MANTENER_DIFERIDO,FUERA_DE_RESOLUCION_ALIAS,,No existe autoridad FND/ARQ ni relación alias→V3 demostrada en 11.3.
Event Loop,MANTENER_DIFERIDO,FUERA_DE_RESOLUCION_ALIAS,,No existe autoridad FND/ARQ ni relación alias→V3 demostrada en 11.3.
Event Naming,MANTENER_DIFERIDO,FUERA_DE_RESOLUCION_ALIAS,,No existe autoridad FND/ARQ ni relación alias→V3 demostrada en 11.3.
Event Ordering,MANTENER_DIFERIDO,FUERA_DE_RESOLUCION_ALIAS,,No existe autoridad FND/ARQ ni relación alias→V3 demostrada en 11.3.
Event Payload,MANTENER_DIFERIDO,FUERA_DE_RESOLUCION_ALIAS,,No existe autoridad FND/ARQ ni relación alias→V3 demostrada en 11.3.
Event Replay,MANTENER_DIFERIDO,FUERA_DE_RESOLUCION_ALIAS,,No existe autoridad FND/ARQ ni relación alias→V3 demostrada en 11.3.
Event Schema,MANTENER_DIFERIDO,FUERA_DE_RESOLUCION_ALIAS,,No existe autoridad FND/ARQ ni relación alias→V3 demostrada en 11.3.
Event Spoofing,MANTENER_DIFERIDO,FUERA_DE_RESOLUCION_ALIAS,,No existe autoridad FND/ARQ ni relación alias→V3 demostrada en 11.3.
event subscribers,MANTENER_DIFERIDO,FUERA_DE_RESOLUCION_ALIAS,,No existe autoridad FND/ARQ ni relación alias→V3 demostrada en 11.3.
Event Version,MANTENER_DIFERIDO,FUERA_DE_RESOLUCION_ALIAS,,No existe autoridad FND/ARQ ni relación alias→V3 demostrada en 11.3.
Eventual Consistency,MANTENER_DIFERIDO,FUERA_DE_RESOLUCION_ALIAS,,No existe autoridad FND/ARQ ni relación alias→V3 demostrada en 11.3.
Evidence Integrity,MANTENER_DIFERIDO,FUERA_DE_RESOLUCION_ALIAS,,No existe autoridad FND/ARQ ni relación alias→V3 demostrada en 11.3.
Evidence Retention,MANTENER_DIFERIDO,FUERA_DE_RESOLUCION_ALIAS,,No existe autoridad FND/ARQ ni relación alias→V3 demostrada en 11.3.
Exactly Once,MANTENER_DIFERIDO,FUERA_DE_RESOLUCION_ALIAS,,No existe autoridad FND/ARQ ni relación alias→V3 demostrada en 11.3.
Exactly-Once,MANTENER_DIFERIDO,FUERA_DE_RESOLUCION_ALIAS,,No existe autoridad FND/ARQ ni relación alias→V3 demostrada en 11.3.
Examples,MANTENER_DIFERIDO,FUERA_DE_RESOLUCION_ALIAS,,No existe autoridad FND/ARQ ni relación alias→V3 demostrada en 11.3.
Example,MANTENER_DIFERIDO,FUERA_DE_RESOLUCION_ALIAS,,No existe autoridad FND/ARQ ni relación alias→V3 demostrada en 11.3.
Excepciones,MANTENER_DIFERIDO,FUERA_DE_RESOLUCION_ALIAS,,No existe autoridad FND/ARQ ni relación alias→V3 demostrada en 11.3.
Exception,MANTENER_DIFERIDO,FUERA_DE_RESOLUCION_ALIAS,,No existe autoridad FND/ARQ ni relación alias→V3 demostrada en 11.3.
Exception Requirement,MANTENER_DIFERIDO,FUERA_DE_RESOLUCION_ALIAS,,No existe autoridad FND/ARQ ni relación alias→V3 demostrada en 11.3.
Exchange Integration,MANTENER_DIFERIDO,FUERA_DE_RESOLUCION_ALIAS,,No existe autoridad FND/ARQ ni relación alias→V3 demostrada en 11.3.
Exchange Package,MANTENER_DIFERIDO,FUERA_DE_RESOLUCION_ALIAS,,No existe autoridad FND/ARQ ni relación alias→V3 demostrada en 11.3.
EXEMPTED,MANTENER_DIFERIDO,FUERA_DE_RESOLUCION_ALIAS,,No existe autoridad FND/ARQ ni relación alias→V3 demostrada en 11.3.
Exit Codes,MANTENER_DIFERIDO,FUERA_DE_RESOLUCION_ALIAS,,No existe autoridad FND/ARQ ni relación alias→V3 demostrada en 11.3.
Expiration Policy,MANTENER_DIFERIDO,FUERA_DE_RESOLUCION_ALIAS,,No existe autoridad FND/ARQ ni relación alias→V3 demostrada en 11.3.
Explain Output,MANTENER_DIFERIDO,FUERA_DE_RESOLUCION_ALIAS,,No existe autoridad FND/ARQ ni relación alias→V3 demostrada en 11.3.
Export,MANTENER_DIFERIDO,FUERA_DE_RESOLUCION_ALIAS,,No existe autoridad FND/ARQ ni relación alias→V3 demostrada en 11.3.
Extension,MANTENER_DIFERIDO,FUERA_DE_RESOLUCION_ALIAS,,No existe autoridad FND/ARQ ni relación alias→V3 demostrada en 11.3.
Extension Point,MANTENER_DIFERIDO,FUERA_DE_RESOLUCION_ALIAS,,No existe autoridad FND/ARQ ni relación alias→V3 demostrada en 11.3.
Extension Registration,MANTENER_DIFERIDO,FUERA_DE_RESOLUCION_ALIAS,,No existe autoridad FND/ARQ ni relación alias→V3 demostrada en 11.3.
External Sharing,MANTENER_DIFERIDO,FUERA_DE_RESOLUCION_ALIAS,,No existe autoridad FND/ARQ ni relación alias→V3 demostrada en 11.3.
External Systems,MANTENER_DIFERIDO,FUERA_DE_RESOLUCION_ALIAS,,No existe autoridad FND/ARQ ni relación alias→V3 demostrada en 11.3.
Factory,MANTENER_DIFERIDO,FUERA_DE_RESOLUCION_ALIAS,,No existe autoridad FND/ARQ ni relación alias→V3 demostrada en 11.3.
Fail Closed,MANTENER_DIFERIDO,FUERA_DE_RESOLUCION_ALIAS,,No existe autoridad FND/ARQ ni relación alias→V3 demostrada en 11.3.
Fail Fast,MANTENER_DIFERIDO,FUERA_DE_RESOLUCION_ALIAS,,No existe autoridad FND/ARQ ni relación alias→V3 demostrada en 11.3.
Fail Open,MANTENER_DIFERIDO,FUERA_DE_RESOLUCION_ALIAS,,No existe autoridad FND/ARQ ni relación alias→V3 demostrada en 11.3.
Failed,MANTENER_DIFERIDO,FUERA_DE_RESOLUCION_ALIAS,,No existe autoridad FND/ARQ ni relación alias→V3 demostrada en 11.3.
Failure,MANTENER_DIFERIDO,FUERA_DE_RESOLUCION_ALIAS,,No existe autoridad FND/ARQ ni relación alias→V3 demostrada en 11.3.
Failure Classification,MANTENER_DIFERIDO,FUERA_DE_RESOLUCION_ALIAS,,No existe autoridad FND/ARQ ni relación alias→V3 demostrada en 11.3.
Failure Domain,MANTENER_DIFERIDO,FUERA_DE_RESOLUCION_ALIAS,,No existe autoridad FND/ARQ ni relación alias→V3 demostrada en 11.3.
Failure Propagation,MANTENER_DIFERIDO,FUERA_DE_RESOLUCION_ALIAS,,No existe autoridad FND/ARQ ni relación alias→V3 demostrada en 11.3.
Fallback,MANTENER_DIFERIDO,FUERA_DE_RESOLUCION_ALIAS,,No existe autoridad FND/ARQ ni relación alias→V3 demostrada en 11.3.
False Negative,MANTENER_DIFERIDO,FUERA_DE_RESOLUCION_ALIAS,,No existe autoridad FND/ARQ ni relación alias→V3 demostrada en 11.3.
False Positive,MANTENER_DIFERIDO,FUERA_DE_RESOLUCION_ALIAS,,No existe autoridad FND/ARQ ni relación alias→V3 demostrada en 11.3.
FATAL,MANTENER_DIFERIDO,FUERA_DE_RESOLUCION_ALIAS,,No existe autoridad FND/ARQ ni relación alias→V3 demostrada en 11.3.
Fatal Failure,MANTENER_DIFERIDO,FUERA_DE_RESOLUCION_ALIAS,,No existe autoridad FND/ARQ ni relación alias→V3 demostrada en 11.3.
Fault Injection,MANTENER_DIFERIDO,FUERA_DE_RESOLUCION_ALIAS,,No existe autoridad FND/ARQ ni relación alias→V3 demostrada en 11.3.
Feature Configuration,MANTENER_DIFERIDO,FUERA_DE_RESOLUCION_ALIAS,,No existe autoridad FND/ARQ ni relación alias→V3 demostrada en 11.3.
Feature Flags,MANTENER_DIFERIDO,FUERA_DE_RESOLUCION_ALIAS,,No existe autoridad FND/ARQ ni relación alias→V3 demostrada en 11.3.
Feature Integration,MANTENER_DIFERIDO,FUERA_DE_RESOLUCION_ALIAS,,No existe autoridad FND/ARQ ni relación alias→V3 demostrada en 11.3.
Feature Management Engineering,MANTENER_DIFERIDO,FUERA_DE_RESOLUCION_ALIAS,,No existe autoridad FND/ARQ ni relación alias→V3 demostrada en 11.3.
Federated Schema,MANTENER_DIFERIDO,FUERA_DE_RESOLUCION_ALIAS,,No existe autoridad FND/ARQ ni relación alias→V3 demostrada en 11.3.
Federation Domain,MANTENER_DIFERIDO,FUERA_DE_RESOLUCION_ALIAS,,No existe autoridad FND/ARQ ni relación alias→V3 demostrada en 11.3.
Fencing,MANTENER_DIFERIDO,FUERA_DE_RESOLUCION_ALIAS,,No existe autoridad FND/ARQ ni relación alias→V3 demostrada en 11.3.
Fencing Token,MANTENER_DIFERIDO,FUERA_DE_RESOLUCION_ALIAS,,No existe autoridad FND/ARQ ni relación alias→V3 demostrada en 11.3.
Fidelity,MANTENER_DIFERIDO,FUERA_DE_RESOLUCION_ALIAS,,No existe autoridad FND/ARQ ni relación alias→V3 demostrada en 11.3.
Field Removal,MANTENER_DIFERIDO,FUERA_DE_RESOLUCION_ALIAS,,No existe autoridad FND/ARQ ni relación alias→V3 demostrada en 11.3.
Filter Test,MANTENER_DIFERIDO,FUERA_DE_RESOLUCION_ALIAS,,No existe autoridad FND/ARQ ni relación alias→V3 demostrada en 11.3.
Filtering,MANTENER_DIFERIDO,FUERA_DE_RESOLUCION_ALIAS,,No existe autoridad FND/ARQ ni relación alias→V3 demostrada en 11.3.
First Implementation,MANTENER_DIFERIDO,FUERA_DE_RESOLUCION_ALIAS,,No existe autoridad FND/ARQ ni relación alias→V3 demostrada en 11.3.
First Implementation Components,MANTENER_DIFERIDO,FUERA_DE_RESOLUCION_ALIAS,,No existe autoridad FND/ARQ ni relación alias→V3 demostrada en 11.3.
First Implementation Constraints,MANTENER_DIFERIDO,FUERA_DE_RESOLUCION_ALIAS,,No existe autoridad FND/ARQ ni relación alias→V3 demostrada en 11.3.
First Version Non-Goals,MANTENER_DIFERIDO,FUERA_DE_RESOLUCION_ALIAS,,No existe autoridad FND/ARQ ni relación alias→V3 demostrada en 11.3.
Fixity,MANTENER_DIFERIDO,FUERA_DE_RESOLUCION_ALIAS,,No existe autoridad FND/ARQ ni relación alias→V3 demostrada en 11.3.
Fixtures,MANTENER_DIFERIDO,FUERA_DE_RESOLUCION_ALIAS,,No existe autoridad FND/ARQ ni relación alias→V3 demostrada en 11.3.
Flush,MANTENER_DIFERIDO,FUERA_DE_RESOLUCION_ALIAS,,No existe autoridad FND/ARQ ni relación alias→V3 demostrada en 11.3.
Force,MANTENER_DIFERIDO,FUERA_DE_RESOLUCION_ALIAS,,No existe autoridad FND/ARQ ni relación alias→V3 demostrada en 11.3.
Forced Shutdown,MANTENER_DIFERIDO,FUERA_DE_RESOLUCION_ALIAS,,No existe autoridad FND/ARQ ni relación alias→V3 demostrada en 11.3.
Format,MANTENER_DIFERIDO,FUERA_DE_RESOLUCION_ALIAS,,No existe autoridad FND/ARQ ni relación alias→V3 demostrada en 11.3.
Forward Compatibility,MANTENER_DIFERIDO,FUERA_DE_RESOLUCION_ALIAS,,No existe autoridad FND/ARQ ni relación alias→V3 demostrada en 11.3.
Freshness,MANTENER_DIFERIDO,FUERA_DE_RESOLUCION_ALIAS,,No existe autoridad FND/ARQ ni relación alias→V3 demostrada en 11.3.
Fronteras conceptuales,MANTENER_DIFERIDO,FUERA_DE_RESOLUCION_ALIAS,,No existe autoridad FND/ARQ ni relación alias→V3 demostrada en 11.3.
Frozen Registry,MANTENER_DIFERIDO,FUERA_DE_RESOLUCION_ALIAS,,No existe autoridad FND/ARQ ni relación alias→V3 demostrada en 11.3.
Full Compatibility,MANTENER_DIFERIDO,FUERA_DE_RESOLUCION_ALIAS,,No existe autoridad FND/ARQ ni relación alias→V3 demostrada en 11.3.
Fuzz Testing,MANTENER_DIFERIDO,FUERA_DE_RESOLUCION_ALIAS,,No existe autoridad FND/ARQ ni relación alias→V3 demostrada en 11.3.
Gate Failure,MANTENER_DIFERIDO,FUERA_DE_RESOLUCION_ALIAS,,No existe autoridad FND/ARQ ni relación alias→V3 demostrada en 11.3.
Gate Inputs,MANTENER_DIFERIDO,FUERA_DE_RESOLUCION_ALIAS,,No existe autoridad FND/ARQ ni relación alias→V3 demostrada en 11.3.
Gate Override,MANTENER_DIFERIDO,FUERA_DE_RESOLUCION_ALIAS,,No existe autoridad FND/ARQ ni relación alias→V3 demostrada en 11.3.
Gate Result,MANTENER_DIFERIDO,FUERA_DE_RESOLUCION_ALIAS,,No existe autoridad FND/ARQ ni relación alias→V3 demostrada en 11.3.
Gate Threshold,MANTENER_DIFERIDO,FUERA_DE_RESOLUCION_ALIAS,,No existe autoridad FND/ARQ ni relación alias→V3 demostrada en 11.3.
Generated Artifacts,MANTENER_DIFERIDO,FUERA_DE_RESOLUCION_ALIAS,,No existe autoridad FND/ARQ ni relación alias→V3 demostrada en 11.3.
Generated Code,MANTENER_DIFERIDO,FUERA_DE_RESOLUCION_ALIAS,,No existe autoridad FND/ARQ ni relación alias→V3 demostrada en 11.3.
Generated Documentation,MANTENER_DIFERIDO,FUERA_DE_RESOLUCION_ALIAS,,No existe autoridad FND/ARQ ni relación alias→V3 demostrada en 11.3.
Generated Index,MANTENER_DIFERIDO,FUERA_DE_RESOLUCION_ALIAS,,No existe autoridad FND/ARQ ni relación alias→V3 demostrada en 11.3.
Generated Metadata,MANTENER_DIFERIDO,FUERA_DE_RESOLUCION_ALIAS,,No existe autoridad FND/ARQ ni relación alias→V3 demostrada en 11.3.
get,MANTENER_DIFERIDO,FUERA_DE_RESOLUCION_ALIAS,,No existe autoridad FND/ARQ ni relación alias→V3 demostrada en 11.3.
Global State,MANTENER_DIFERIDO,FUERA_DE_RESOLUCION_ALIAS,,No existe autoridad FND/ARQ ni relación alias→V3 demostrada en 11.3.
God Module,MANTENER_DIFERIDO,FUERA_DE_RESOLUCION_ALIAS,,No existe autoridad FND/ARQ ni relación alias→V3 demostrada en 11.3.
Governance,MANTENER_DIFERIDO,FUERA_DE_RESOLUCION_ALIAS,,No existe autoridad FND/ARQ ni relación alias→V3 demostrada en 11.3.
Governance Exception,MANTENER_DIFERIDO,FUERA_DE_RESOLUCION_ALIAS,,No existe autoridad FND/ARQ ni relación alias→V3 demostrada en 11.3.
Graceful Degradation,MANTENER_DIFERIDO,FUERA_DE_RESOLUCION_ALIAS,,No existe autoridad FND/ARQ ni relación alias→V3 demostrada en 11.3.
Graceful Shutdown,MANTENER_DIFERIDO,FUERA_DE_RESOLUCION_ALIAS,,No existe autoridad FND/ARQ ni relación alias→V3 demostrada en 11.3.
Graph Validation,MANTENER_DIFERIDO,FUERA_DE_RESOLUCION_ALIAS,,No existe autoridad FND/ARQ ni relación alias→V3 demostrada en 11.3.
Handle,MANTENER_DIFERIDO,FUERA_DE_RESOLUCION_ALIAS,,No existe autoridad FND/ARQ ni relación alias→V3 demostrada en 11.3.
Handler,MANTENER_DIFERIDO,FUERA_DE_RESOLUCION_ALIAS,,No existe autoridad FND/ARQ ni relación alias→V3 demostrada en 11.3.
Handler Resolution,MANTENER_DIFERIDO,FUERA_DE_RESOLUCION_ALIAS,,No existe autoridad FND/ARQ ni relación alias→V3 demostrada en 11.3.
Handler Unit Test,MANTENER_DIFERIDO,FUERA_DE_RESOLUCION_ALIAS,,No existe autoridad FND/ARQ ni relación alias→V3 demostrada en 11.3.
Headroom,MANTENER_DIFERIDO,FUERA_DE_RESOLUCION_ALIAS,,No existe autoridad FND/ARQ ni relación alias→V3 demostrada en 11.3.
Health,MANTENER_DIFERIDO,FUERA_DE_RESOLUCION_ALIAS,,No existe autoridad FND/ARQ ni relación alias→V3 demostrada en 11.3.
Health Aggregation,MANTENER_DIFERIDO,FUERA_DE_RESOLUCION_ALIAS,,No existe autoridad FND/ARQ ni relación alias→V3 demostrada en 11.3.
Health Check,MANTENER_DIFERIDO,FUERA_DE_RESOLUCION_ALIAS,,No existe autoridad FND/ARQ ni relación alias→V3 demostrada en 11.3.
Health Gate,MANTENER_DIFERIDO,FUERA_DE_RESOLUCION_ALIAS,,No existe autoridad FND/ARQ ni relación alias→V3 demostrada en 11.3.
Health Integration,MANTENER_DIFERIDO,FUERA_DE_RESOLUCION_ALIAS,,No existe autoridad FND/ARQ ni relación alias→V3 demostrada en 11.3.
Health & Readiness Engineering,MANTENER_DIFERIDO,FUERA_DE_RESOLUCION_ALIAS,,No existe autoridad FND/ARQ ni relación alias→V3 demostrada en 11.3.
HEALTHY,MANTENER_DIFERIDO,FUERA_DE_RESOLUCION_ALIAS,,No existe autoridad FND/ARQ ni relación alias→V3 demostrada en 11.3.
Hidden Dependency,MANTENER_DIFERIDO,FUERA_DE_RESOLUCION_ALIAS,,No existe autoridad FND/ARQ ni relación alias→V3 demostrada en 11.3.
Hidden I/O,MANTENER_DIFERIDO,FUERA_DE_RESOLUCION_ALIAS,,No existe autoridad FND/ARQ ni relación alias→V3 demostrada en 11.3.
High Cardinality,MANTENER_DIFERIDO,FUERA_DE_RESOLUCION_ALIAS,,No existe autoridad FND/ARQ ni relación alias→V3 demostrada en 11.3.
Host,MANTENER_DIFERIDO,FUERA_DE_RESOLUCION_ALIAS,,No existe autoridad FND/ARQ ni relación alias→V3 demostrada en 11.3.
Hot Partition,MANTENER_DIFERIDO,FUERA_DE_RESOLUCION_ALIAS,,No existe autoridad FND/ARQ ni relación alias→V3 demostrada en 11.3.
Hot Path,MANTENER_DIFERIDO,FUERA_DE_RESOLUCION_ALIAS,,No existe autoridad FND/ARQ ni relación alias→V3 demostrada en 11.3.
Human Readability,MANTENER_DIFERIDO,FUERA_DE_RESOLUCION_ALIAS,,No existe autoridad FND/ARQ ni relación alias→V3 demostrada en 11.3.
Human Review,MANTENER_DIFERIDO,FUERA_DE_RESOLUCION_ALIAS,,No existe autoridad FND/ARQ ni relación alias→V3 demostrada en 11.3.
IAM Integration,MANTENER_DIFERIDO,FUERA_DE_RESOLUCION_ALIAS,,No existe autoridad FND/ARQ ni relación alias→V3 demostrada en 11.3.
Idempotency,MANTENER_DIFERIDO,FUERA_DE_RESOLUCION_ALIAS,,No existe autoridad FND/ARQ ni relación alias→V3 demostrada en 11.3.
Idempotency Expiration,MANTENER_DIFERIDO,FUERA_DE_RESOLUCION_ALIAS,,No existe autoridad FND/ARQ ni relación alias→V3 demostrada en 11.3.
Idempotency Key,MANTENER_DIFERIDO,FUERA_DE_RESOLUCION_ALIAS,,No existe autoridad FND/ARQ ni relación alias→V3 demostrada en 11.3.
Idempotency Scope,MANTENER_DIFERIDO,FUERA_DE_RESOLUCION_ALIAS,,No existe autoridad FND/ARQ ni relación alias→V3 demostrada en 11.3.
Idempotency Store,MANTENER_DIFERIDO,FUERA_DE_RESOLUCION_ALIAS,,No existe autoridad FND/ARQ ni relación alias→V3 demostrada en 11.3.
Idempotency Test,MANTENER_DIFERIDO,FUERA_DE_RESOLUCION_ALIAS,,No existe autoridad FND/ARQ ni relación alias→V3 demostrada en 11.3.
Identidad,MANTENER_DIFERIDO,FUERA_DE_RESOLUCION_ALIAS,,No existe autoridad FND/ARQ ni relación alias→V3 demostrada en 11.3.
Identity,MANTENER_DIFERIDO,FUERA_DE_RESOLUCION_ALIAS,,No existe autoridad FND/ARQ ni relación alias→V3 demostrada en 11.3.
Identity Map,MANTENER_DIFERIDO,FUERA_DE_RESOLUCION_ALIAS,,No existe autoridad FND/ARQ ni relación alias→V3 demostrada en 11.3.
Identity Types,MANTENER_DIFERIDO,FUERA_DE_RESOLUCION_ALIAS,,No existe autoridad FND/ARQ ni relación alias→V3 demostrada en 11.3.
Immediate Retry,MANTENER_DIFERIDO,FUERA_DE_RESOLUCION_ALIAS,,No existe autoridad FND/ARQ ni relación alias→V3 demostrada en 11.3.
Impact Analysis,MANTENER_DIFERIDO,FUERA_DE_RESOLUCION_ALIAS,,No existe autoridad FND/ARQ ni relación alias→V3 demostrada en 11.3.
Impersonation,MANTENER_DIFERIDO,FUERA_DE_RESOLUCION_ALIAS,,No existe autoridad FND/ARQ ni relación alias→V3 demostrada en 11.3.
implementations,MANTENER_DIFERIDO,FUERA_DE_RESOLUCION_ALIAS,,No existe autoridad FND/ARQ ni relación alias→V3 demostrada en 11.3.
Implementation Independence,MANTENER_DIFERIDO,FUERA_DE_RESOLUCION_ALIAS,,No existe autoridad FND/ARQ ni relación alias→V3 demostrada en 11.3.
Inbox Pattern,MANTENER_DIFERIDO,FUERA_DE_RESOLUCION_ALIAS,,No existe autoridad FND/ARQ ni relación alias→V3 demostrada en 11.3.
Infinite Retry,MANTENER_DIFERIDO,FUERA_DE_RESOLUCION_ALIAS,,No existe autoridad FND/ARQ ni relación alias→V3 demostrada en 11.3.
Instrumentation,MANTENER_DIFERIDO,FUERA_DE_RESOLUCION_ALIAS,,No existe autoridad FND/ARQ ni relación alias→V3 demostrada en 11.3.
Integration,MANTENER_DIFERIDO,FUERA_DE_RESOLUCION_ALIAS,,No existe autoridad FND/ARQ ni relación alias→V3 demostrada en 11.3.
Integration Event,MANTENER_DIFERIDO,FUERA_DE_RESOLUCION_ALIAS,,No existe autoridad FND/ARQ ni relación alias→V3 demostrada en 11.3.
Integration Test,MANTENER_DIFERIDO,FUERA_DE_RESOLUCION_ALIAS,,No existe autoridad FND/ARQ ni relación alias→V3 demostrada en 11.3.
Integrity,MANTENER_DIFERIDO,FUERA_DE_RESOLUCION_ALIAS,,No existe autoridad FND/ARQ ni relación alias→V3 demostrada en 11.3.
Integrity Verification,MANTENER_DIFERIDO,FUERA_DE_RESOLUCION_ALIAS,,No existe autoridad FND/ARQ ni relación alias→V3 demostrada en 11.3.
Interface,MANTENER_DIFERIDO,FUERA_DE_RESOLUCION_ALIAS,,No existe autoridad FND/ARQ ni relación alias→V3 demostrada en 11.3.
Internal Event,MANTENER_DIFERIDO,FUERA_DE_RESOLUCION_ALIAS,,No existe autoridad FND/ARQ ni relación alias→V3 demostrada en 11.3.
Interoperability,MANTENER_DIFERIDO,FUERA_DE_RESOLUCION_ALIAS,,No existe autoridad FND/ARQ ni relación alias→V3 demostrada en 11.3.
Interoperability Engineering,MANTENER_DIFERIDO,FUERA_DE_RESOLUCION_ALIAS,,No existe autoridad FND/ARQ ni relación alias→V3 demostrada en 11.3.
Invalid Transition,MANTENER_DIFERIDO,FUERA_DE_RESOLUCION_ALIAS,,No existe autoridad FND/ARQ ni relación alias→V3 demostrada en 11.3.
Invariant,MANTENER_DIFERIDO,FUERA_DE_RESOLUCION_ALIAS,,No existe autoridad FND/ARQ ni relación alias→V3 demostrada en 11.3.
Invariantes de Ingeniería,MANTENER_DIFERIDO,FUERA_DE_RESOLUCION_ALIAS,,No existe autoridad FND/ARQ ni relación alias→V3 demostrada en 11.3.
Isolation,MANTENER_DIFERIDO,FUERA_DE_RESOLUCION_ALIAS,,No existe autoridad FND/ARQ ni relación alias→V3 demostrada en 11.3.
Isolation Level,MANTENER_DIFERIDO,FUERA_DE_RESOLUCION_ALIAS,,No existe autoridad FND/ARQ ni relación alias→V3 demostrada en 11.3.
Isolation Test,MANTENER_DIFERIDO,FUERA_DE_RESOLUCION_ALIAS,,No existe autoridad FND/ARQ ni relación alias→V3 demostrada en 11.3.
Jitter,MANTENER_DIFERIDO,FUERA_DE_RESOLUCION_ALIAS,,No existe autoridad FND/ARQ ni relación alias→V3 demostrada en 11.3.
Job,MANTENER_DIFERIDO,FUERA_DE_RESOLUCION_ALIAS,,No existe autoridad FND/ARQ ni relación alias→V3 demostrada en 11.3.
JSON,MANTENER_DIFERIDO,FUERA_DE_RESOLUCION_ALIAS,,No existe autoridad FND/ARQ ni relación alias→V3 demostrada en 11.3.
Key Rotation,MANTENER_DIFERIDO,FUERA_DE_RESOLUCION_ALIAS,,No existe autoridad FND/ARQ ni relación alias→V3 demostrada en 11.3.
Kill Switch,MANTENER_DIFERIDO,FUERA_DE_RESOLUCION_ALIAS,,No existe autoridad FND/ARQ ni relación alias→V3 demostrada en 11.3.
La Ingeniería,MANTENER_DIFERIDO,FUERA_DE_RESOLUCION_ALIAS,,No existe autoridad FND/ARQ ni relación alias→V3 demostrada en 11.3.
Latency,MANTENER_DIFERIDO,FUERA_DE_RESOLUCION_ALIAS,,No existe autoridad FND/ARQ ni relación alias→V3 demostrada en 11.3.
Later Components,MANTENER_DIFERIDO,FUERA_DE_RESOLUCION_ALIAS,,No existe autoridad FND/ARQ ni relación alias→V3 demostrada en 11.3.
latest,MANTENER_DIFERIDO,FUERA_DE_RESOLUCION_ALIAS,,No existe autoridad FND/ARQ ni relación alias→V3 demostrada en 11.3.
Lazy Loading,MANTENER_DIFERIDO,FUERA_DE_RESOLUCION_ALIAS,,No existe autoridad FND/ARQ ni relación alias→V3 demostrada en 11.3.
Lease,MANTENER_DIFERIDO,FUERA_DE_RESOLUCION_ALIAS,,No existe autoridad FND/ARQ ni relación alias→V3 demostrada en 11.3.
Lease Expiration,MANTENER_DIFERIDO,FUERA_DE_RESOLUCION_ALIAS,,No existe autoridad FND/ARQ ni relación alias→V3 demostrada en 11.3.
Lease Renewal,MANTENER_DIFERIDO,FUERA_DE_RESOLUCION_ALIAS,,No existe autoridad FND/ARQ ni relación alias→V3 demostrada en 11.3.
Least Privilege,MANTENER_DIFERIDO,FUERA_DE_RESOLUCION_ALIAS,,No existe autoridad FND/ARQ ni relación alias→V3 demostrada en 11.3.
Lifecycle,MANTENER_DIFERIDO,FUERA_DE_RESOLUCION_ALIAS,,No existe autoridad FND/ARQ ni relación alias→V3 demostrada en 11.3.
Lifecycle Context,MANTENER_DIFERIDO,FUERA_DE_RESOLUCION_ALIAS,,No existe autoridad FND/ARQ ni relación alias→V3 demostrada en 11.3.
Lifecycle Hooks,MANTENER_DIFERIDO,FUERA_DE_RESOLUCION_ALIAS,,No existe autoridad FND/ARQ ni relación alias→V3 demostrada en 11.3.
Lifecycle Integration,MANTENER_DIFERIDO,FUERA_DE_RESOLUCION_ALIAS,,No existe autoridad FND/ARQ ni relación alias→V3 demostrada en 11.3.
Lifecycle Management Engineering,MANTENER_DIFERIDO,FUERA_DE_RESOLUCION_ALIAS,,No existe autoridad FND/ARQ ni relación alias→V3 demostrada en 11.3.
Lifecycle Orchestration,MANTENER_DIFERIDO,FUERA_DE_RESOLUCION_ALIAS,,No existe autoridad FND/ARQ ni relación alias→V3 demostrada en 11.3.
Lifecycle State,MANTENER_DIFERIDO,FUERA_DE_RESOLUCION_ALIAS,,No existe autoridad FND/ARQ ni relación alias→V3 demostrada en 11.3.
Lifecycle Test,MANTENER_DIFERIDO,FUERA_DE_RESOLUCION_ALIAS,,No existe autoridad FND/ARQ ni relación alias→V3 demostrada en 11.3.
Lifecycle Transition,MANTENER_DIFERIDO,FUERA_DE_RESOLUCION_ALIAS,,No existe autoridad FND/ARQ ni relación alias→V3 demostrada en 11.3.
Lineage,MANTENER_DIFERIDO,FUERA_DE_RESOLUCION_ALIAS,,No existe autoridad FND/ARQ ni relación alias→V3 demostrada en 11.3.
Lineage Activity,MANTENER_DIFERIDO,FUERA_DE_RESOLUCION_ALIAS,,No existe autoridad FND/ARQ ni relación alias→V3 demostrada en 11.3.
Lineage Agent,MANTENER_DIFERIDO,FUERA_DE_RESOLUCION_ALIAS,,No existe autoridad FND/ARQ ni relación alias→V3 demostrada en 11.3.
Lineage Entity,MANTENER_DIFERIDO,FUERA_DE_RESOLUCION_ALIAS,,No existe autoridad FND/ARQ ni relación alias→V3 demostrada en 11.3.
Lineage Graph,MANTENER_DIFERIDO,FUERA_DE_RESOLUCION_ALIAS,,No existe autoridad FND/ARQ ni relación alias→V3 demostrada en 11.3.
Lineage Integration,MANTENER_DIFERIDO,FUERA_DE_RESOLUCION_ALIAS,,No existe autoridad FND/ARQ ni relación alias→V3 demostrada en 11.3.
Lineage Path,MANTENER_DIFERIDO,FUERA_DE_RESOLUCION_ALIAS,,No existe autoridad FND/ARQ ni relación alias→V3 demostrada en 11.3.
Liveness,MANTENER_DIFERIDO,FUERA_DE_RESOLUCION_ALIAS,,No existe autoridad FND/ARQ ni relación alias→V3 demostrada en 11.3.
Load Shedding,MANTENER_DIFERIDO,FUERA_DE_RESOLUCION_ALIAS,,No existe autoridad FND/ARQ ni relación alias→V3 demostrada en 11.3.
Load Test,MANTENER_DIFERIDO,FUERA_DE_RESOLUCION_ALIAS,,No existe autoridad FND/ARQ ni relación alias→V3 demostrada en 11.3.
Locale,MANTENER_DIFERIDO,FUERA_DE_RESOLUCION_ALIAS,,No existe autoridad FND/ARQ ni relación alias→V3 demostrada en 11.3.
Localization,MANTENER_DIFERIDO,FUERA_DE_RESOLUCION_ALIAS,,No existe autoridad FND/ARQ ni relación alias→V3 demostrada en 11.3.
Localization & Residency,MANTENER_DIFERIDO,FUERA_DE_RESOLUCION_ALIAS,,No existe autoridad FND/ARQ ni relación alias→V3 demostrada en 11.3.
Lock,MANTENER_DIFERIDO,FUERA_DE_RESOLUCION_ALIAS,,No existe autoridad FND/ARQ ni relación alias→V3 demostrada en 11.3.
Lock Scope,MANTENER_DIFERIDO,FUERA_DE_RESOLUCION_ALIAS,,No existe autoridad FND/ARQ ni relación alias→V3 demostrada en 11.3.
Lock Timeout,MANTENER_DIFERIDO,FUERA_DE_RESOLUCION_ALIAS,,No existe autoridad FND/ARQ ni relación alias→V3 demostrada en 11.3.
Logging,MANTENER_DIFERIDO,FUERA_DE_RESOLUCION_ALIAS,,No existe autoridad FND/ARQ ni relación alias→V3 demostrada en 11.3.
Logging Integration,MANTENER_DIFERIDO,FUERA_DE_RESOLUCION_ALIAS,,No existe autoridad FND/ARQ ni relación alias→V3 demostrada en 11.3.
Logical Isolation,MANTENER_DIFERIDO,FUERA_DE_RESOLUCION_ALIAS,,No existe autoridad FND/ARQ ni relación alias→V3 demostrada en 11.3.
Logs,MANTENER_DIFERIDO,FUERA_DE_RESOLUCION_ALIAS,,No existe autoridad FND/ARQ ni relación alias→V3 demostrada en 11.3.
Long Transaction,MANTENER_DIFERIDO,FUERA_DE_RESOLUCION_ALIAS,,No existe autoridad FND/ARQ ni relación alias→V3 demostrada en 11.3.
Lost Update,MANTENER_DIFERIDO,FUERA_DE_RESOLUCION_ALIAS,,No existe autoridad FND/ARQ ni relación alias→V3 demostrada en 11.3.
Machine Output,MANTENER_DIFERIDO,FUERA_DE_RESOLUCION_ALIAS,,No existe autoridad FND/ARQ ni relación alias→V3 demostrada en 11.3.
Machine Readability,MANTENER_DIFERIDO,FUERA_DE_RESOLUCION_ALIAS,,No existe autoridad FND/ARQ ni relación alias→V3 demostrada en 11.3.
Maintainability,MANTENER_DIFERIDO,FUERA_DE_RESOLUCION_ALIAS,,No existe autoridad FND/ARQ ni relación alias→V3 demostrada en 11.3.
Maintainability Engineering,MANTENER_DIFERIDO,FUERA_DE_RESOLUCION_ALIAS,,No existe autoridad FND/ARQ ni relación alias→V3 demostrada en 11.3.
Maintenance Test,MANTENER_DIFERIDO,FUERA_DE_RESOLUCION_ALIAS,,No existe autoridad FND/ARQ ni relación alias→V3 demostrada en 11.3.
Manifest Integration,MANTENER_DIFERIDO,FUERA_DE_RESOLUCION_ALIAS,,No existe autoridad FND/ARQ ni relación alias→V3 demostrada en 11.3.
Manifest Schema,MANTENER_DIFERIDO,FUERA_DE_RESOLUCION_ALIAS,,No existe autoridad FND/ARQ ni relación alias→V3 demostrada en 11.3.
Manifest Test,MANTENER_DIFERIDO,FUERA_DE_RESOLUCION_ALIAS,,No existe autoridad FND/ARQ ni relación alias→V3 demostrada en 11.3.
Manifest Validation,MANTENER_DIFERIDO,FUERA_DE_RESOLUCION_ALIAS,,No existe autoridad FND/ARQ ni relación alias→V3 demostrada en 11.3.
Mapping,MANTENER_DIFERIDO,FUERA_DE_RESOLUCION_ALIAS,,No existe autoridad FND/ARQ ni relación alias→V3 demostrada en 11.3.
Mass Assignment,MANTENER_DIFERIDO,FUERA_DE_RESOLUCION_ALIAS,,No existe autoridad FND/ARQ ni relación alias→V3 demostrada en 11.3.
mef health,MANTENER_DIFERIDO,FUERA_DE_RESOLUCION_ALIAS,,No existe autoridad FND/ARQ ni relación alias→V3 demostrada en 11.3.
Memory,MANTENER_DIFERIDO,FUERA_DE_RESOLUCION_ALIAS,,No existe autoridad FND/ARQ ni relación alias→V3 demostrada en 11.3.
Message,MANTENER_DIFERIDO,FUERA_DE_RESOLUCION_ALIAS,,No existe autoridad FND/ARQ ni relación alias→V3 demostrada en 11.3.
Messaging,MANTENER_DIFERIDO,FUERA_DE_RESOLUCION_ALIAS,,No existe autoridad FND/ARQ ni relación alias→V3 demostrada en 11.3.
Messaging Engineering,MANTENER_DIFERIDO,FUERA_DE_RESOLUCION_ALIAS,,No existe autoridad FND/ARQ ni relación alias→V3 demostrada en 11.3.
Messaging Integration,MANTENER_DIFERIDO,FUERA_DE_RESOLUCION_ALIAS,,No existe autoridad FND/ARQ ni relación alias→V3 demostrada en 11.3.
Metadata,MANTENER_DIFERIDO,FUERA_DE_RESOLUCION_ALIAS,,No existe autoridad FND/ARQ ni relación alias→V3 demostrada en 11.3.
Metadata Conflict,MANTENER_DIFERIDO,FUERA_DE_RESOLUCION_ALIAS,,No existe autoridad FND/ARQ ni relación alias→V3 demostrada en 11.3.
Metadata Engineering,MANTENER_DIFERIDO,FUERA_DE_RESOLUCION_ALIAS,,No existe autoridad FND/ARQ ni relación alias→V3 demostrada en 11.3.
Metadata Integration,MANTENER_DIFERIDO,FUERA_DE_RESOLUCION_ALIAS,,No existe autoridad FND/ARQ ni relación alias→V3 demostrada en 11.3.
Metadata Query,MANTENER_DIFERIDO,FUERA_DE_RESOLUCION_ALIAS,,No existe autoridad FND/ARQ ni relación alias→V3 demostrada en 11.3.
Metadata Registry,MANTENER_DIFERIDO,FUERA_DE_RESOLUCION_ALIAS,,No existe autoridad FND/ARQ ni relación alias→V3 demostrada en 11.3.
Metadata Validation,MANTENER_DIFERIDO,FUERA_DE_RESOLUCION_ALIAS,,No existe autoridad FND/ARQ ni relación alias→V3 demostrada en 11.3.
Metrics,MANTENER_DIFERIDO,FUERA_DE_RESOLUCION_ALIAS,,No existe autoridad FND/ARQ ni relación alias→V3 demostrada en 11.3.
Metric Cardinality,MANTENER_DIFERIDO,FUERA_DE_RESOLUCION_ALIAS,,No existe autoridad FND/ARQ ni relación alias→V3 demostrada en 11.3.
Metric Dimensions,MANTENER_DIFERIDO,FUERA_DE_RESOLUCION_ALIAS,,No existe autoridad FND/ARQ ni relación alias→V3 demostrada en 11.3.
Metric Labels,MANTENER_DIFERIDO,FUERA_DE_RESOLUCION_ALIAS,,No existe autoridad FND/ARQ ni relación alias→V3 demostrada en 11.3.
MFA,MANTENER_DIFERIDO,FUERA_DE_RESOLUCION_ALIAS,,No existe autoridad FND/ARQ ni relación alias→V3 demostrada en 11.3.
Migration,MANTENER_DIFERIDO,FUERA_DE_RESOLUCION_ALIAS,,No existe autoridad FND/ARQ ni relación alias→V3 demostrada en 11.3.
Migration Checksum,MANTENER_DIFERIDO,FUERA_DE_RESOLUCION_ALIAS,,No existe autoridad FND/ARQ ni relación alias→V3 demostrada en 11.3.
Migration Compatibility,MANTENER_DIFERIDO,FUERA_DE_RESOLUCION_ALIAS,,No existe autoridad FND/ARQ ni relación alias→V3 demostrada en 11.3.
Migration Engineering,MANTENER_DIFERIDO,FUERA_DE_RESOLUCION_ALIAS,,No existe autoridad FND/ARQ ni relación alias→V3 demostrada en 11.3.
Migration Failure,MANTENER_DIFERIDO,FUERA_DE_RESOLUCION_ALIAS,,No existe autoridad FND/ARQ ni relación alias→V3 demostrada en 11.3.
Migration Integration,MANTENER_DIFERIDO,FUERA_DE_RESOLUCION_ALIAS,,No existe autoridad FND/ARQ ni relación alias→V3 demostrada en 11.3.
Migration Lock,MANTENER_DIFERIDO,FUERA_DE_RESOLUCION_ALIAS,,No existe autoridad FND/ARQ ni relación alias→V3 demostrada en 11.3.
Migration Ordering,MANTENER_DIFERIDO,FUERA_DE_RESOLUCION_ALIAS,,No existe autoridad FND/ARQ ni relación alias→V3 demostrada en 11.3.
Migration Ownership,MANTENER_DIFERIDO,FUERA_DE_RESOLUCION_ALIAS,,No existe autoridad FND/ARQ ni relación alias→V3 demostrada en 11.3.
Migration Plan,MANTENER_DIFERIDO,FUERA_DE_RESOLUCION_ALIAS,,No existe autoridad FND/ARQ ni relación alias→V3 demostrada en 11.3.
Migration Rollback,MANTENER_DIFERIDO,FUERA_DE_RESOLUCION_ALIAS,,No existe autoridad FND/ARQ ni relación alias→V3 demostrada en 11.3.
migration status,MANTENER_DIFERIDO,FUERA_DE_RESOLUCION_ALIAS,,No existe autoridad FND/ARQ ni relación alias→V3 demostrada en 11.3.
Migration Test,MANTENER_DIFERIDO,FUERA_DE_RESOLUCION_ALIAS,,No existe autoridad FND/ARQ ni relación alias→V3 demostrada en 11.3.
Migration Validation,MANTENER_DIFERIDO,FUERA_DE_RESOLUCION_ALIAS,,No existe autoridad FND/ARQ ni relación alias→V3 demostrada en 11.3.
Minimal Implementation,MANTENER_DIFERIDO,FUERA_DE_RESOLUCION_ALIAS,,No existe autoridad FND/ARQ ni relación alias→V3 demostrada en 11.3.
Misfire,MANTENER_DIFERIDO,FUERA_DE_RESOLUCION_ALIAS,,No existe autoridad FND/ARQ ni relación alias→V3 demostrada en 11.3.
Missing Dependency,MANTENER_DIFERIDO,FUERA_DE_RESOLUCION_ALIAS,,No existe autoridad FND/ARQ ni relación alias→V3 demostrada en 11.3.
Modelos Conceptuales,MANTENER_DIFERIDO,FUERA_DE_RESOLUCION_ALIAS,,No existe autoridad FND/ARQ ni relación alias→V3 demostrada en 11.3.
Modelo General,MANTENER_DIFERIDO,FUERA_DE_RESOLUCION_ALIAS,,No existe autoridad FND/ARQ ni relación alias→V3 demostrada en 11.3.
Module Boundary,MANTENER_DIFERIDO,FUERA_DE_RESOLUCION_ALIAS,,No existe autoridad FND/ARQ ni relación alias→V3 demostrada en 11.3.
Module Capabilities,MANTENER_DIFERIDO,FUERA_DE_RESOLUCION_ALIAS,,No existe autoridad FND/ARQ ni relación alias→V3 demostrada en 11.3.
Module Compatibility,MANTENER_DIFERIDO,FUERA_DE_RESOLUCION_ALIAS,,No existe autoridad FND/ARQ ni relación alias→V3 demostrada en 11.3.
Module Configuration,MANTENER_DIFERIDO,FUERA_DE_RESOLUCION_ALIAS,,No existe autoridad FND/ARQ ni relación alias→V3 demostrada en 11.3.
Module Contract,MANTENER_DIFERIDO,FUERA_DE_RESOLUCION_ALIAS,,No existe autoridad FND/ARQ ni relación alias→V3 demostrada en 11.3.
Module Engineering,MANTENER_DIFERIDO,FUERA_DE_RESOLUCION_ALIAS,,No existe autoridad FND/ARQ ni relación alias→V3 demostrada en 11.3.
Module Graph,MANTENER_DIFERIDO,FUERA_DE_RESOLUCION_ALIAS,,No existe autoridad FND/ARQ ni relación alias→V3 demostrada en 11.3.
Module Identity,MANTENER_DIFERIDO,FUERA_DE_RESOLUCION_ALIAS,,No existe autoridad FND/ARQ ni relación alias→V3 demostrada en 11.3.
module inspect,MANTENER_DIFERIDO,FUERA_DE_RESOLUCION_ALIAS,,No existe autoridad FND/ARQ ni relación alias→V3 demostrada en 11.3.
Module Integration,MANTENER_DIFERIDO,FUERA_DE_RESOLUCION_ALIAS,,No existe autoridad FND/ARQ ni relación alias→V3 demostrada en 11.3.
Module Isolation,MANTENER_DIFERIDO,FUERA_DE_RESOLUCION_ALIAS,,No existe autoridad FND/ARQ ni relación alias→V3 demostrada en 11.3.
Module Lifecycle,MANTENER_DIFERIDO,FUERA_DE_RESOLUCION_ALIAS,,No existe autoridad FND/ARQ ni relación alias→V3 demostrada en 11.3.
Module Manifest,MANTENER_DIFERIDO,FUERA_DE_RESOLUCION_ALIAS,,No existe autoridad FND/ARQ ni relación alias→V3 demostrada en 11.3.
Module Metadata,MANTENER_DIFERIDO,FUERA_DE_RESOLUCION_ALIAS,,No existe autoridad FND/ARQ ni relación alias→V3 demostrada en 11.3.
Module Scope,MANTENER_DIFERIDO,FUERA_DE_RESOLUCION_ALIAS,,No existe autoridad FND/ARQ ni relación alias→V3 demostrada en 11.3.
Module Unload,MANTENER_DIFERIDO,FUERA_DE_RESOLUCION_ALIAS,,No existe autoridad FND/ARQ ni relación alias→V3 demostrada en 11.3.
Module Upgrade,MANTENER_DIFERIDO,FUERA_DE_RESOLUCION_ALIAS,,No existe autoridad FND/ARQ ni relación alias→V3 demostrada en 11.3.
module validate,MANTENER_DIFERIDO,FUERA_DE_RESOLUCION_ALIAS,,No existe autoridad FND/ARQ ni relación alias→V3 demostrada en 11.3.
Money,MANTENER_DIFERIDO,FUERA_DE_RESOLUCION_ALIAS,,No existe autoridad FND/ARQ ni relación alias→V3 demostrada en 11.3.
MTTR,MANTENER_DIFERIDO,FUERA_DE_RESOLUCION_ALIAS,,No existe autoridad FND/ARQ ni relación alias→V3 demostrada en 11.3.
Multi-Tenancy,MANTENER_DIFERIDO,FUERA_DE_RESOLUCION_ALIAS,,No existe autoridad FND/ARQ ni relación alias→V3 demostrada en 11.3.
Multi-Tenancy Engineering,MANTENER_DIFERIDO,FUERA_DE_RESOLUCION_ALIAS,,No existe autoridad FND/ARQ ni relación alias→V3 demostrada en 11.3.
Multi-Tenancy Integration,MANTENER_DIFERIDO,FUERA_DE_RESOLUCION_ALIAS,,No existe autoridad FND/ARQ ni relación alias→V3 demostrada en 11.3.
Multiple Providers,MANTENER_DIFERIDO,FUERA_DE_RESOLUCION_ALIAS,,No existe autoridad FND/ARQ ni relación alias→V3 demostrada en 11.3.
Multiple Sources of Truth,MANTENER_DIFERIDO,FUERA_DE_RESOLUCION_ALIAS,,No existe autoridad FND/ARQ ni relación alias→V3 demostrada en 11.3.
Mutation Testing,MANTENER_DIFERIDO,FUERA_DE_RESOLUCION_ALIAS,,No existe autoridad FND/ARQ ni relación alias→V3 demostrada en 11.3.
N+1,MANTENER_DIFERIDO,FUERA_DE_RESOLUCION_ALIAS,,No existe autoridad FND/ARQ ni relación alias→V3 demostrada en 11.3.
N+1 Queries,MANTENER_DIFERIDO,FUERA_DE_RESOLUCION_ALIAS,,No existe autoridad FND/ARQ ni relación alias→V3 demostrada en 11.3.
Namespace Collision,MANTENER_DIFERIDO,FUERA_DE_RESOLUCION_ALIAS,,No existe autoridad FND/ARQ ni relación alias→V3 demostrada en 11.3.
Namespace Ownership,MANTENER_DIFERIDO,FUERA_DE_RESOLUCION_ALIAS,,No existe autoridad FND/ARQ ni relación alias→V3 demostrada en 11.3.
Negative Cache,MANTENER_DIFERIDO,FUERA_DE_RESOLUCION_ALIAS,,No existe autoridad FND/ARQ ni relación alias→V3 demostrada en 11.3.
No todo Service,MANTENER_DIFERIDO,FUERA_DE_RESOLUCION_ALIAS,,No existe autoridad FND/ARQ ni relación alias→V3 demostrada en 11.3.
Noisy Neighbor,MANTENER_DIFERIDO,FUERA_DE_RESOLUCION_ALIAS,,No existe autoridad FND/ARQ ni relación alias→V3 demostrada en 11.3.
NON COMPLIANT,MANTENER_DIFERIDO,FUERA_DE_RESOLUCION_ALIAS,,No existe autoridad FND/ARQ ni relación alias→V3 demostrada en 11.3.
Non-Repeatable Read,MANTENER_DIFERIDO,FUERA_DE_RESOLUCION_ALIAS,,No existe autoridad FND/ARQ ni relación alias→V3 demostrada en 11.3.
none,MANTENER_DIFERIDO,FUERA_DE_RESOLUCION_ALIAS,,No existe autoridad FND/ARQ ni relación alias→V3 demostrada en 11.3.
Normalization,MANTENER_DIFERIDO,FUERA_DE_RESOLUCION_ALIAS,,No existe autoridad FND/ARQ ni relación alias→V3 demostrada en 11.3.
Normalmente,MANTENER_DIFERIDO,FUERA_DE_RESOLUCION_ALIAS,,No existe autoridad FND/ARQ ni relación alias→V3 demostrada en 11.3.
NOT APPLICABLE,MANTENER_DIFERIDO,FUERA_DE_RESOLUCION_ALIAS,,No existe autoridad FND/ARQ ni relación alias→V3 demostrada en 11.3.
Obligation,MANTENER_DIFERIDO,FUERA_DE_RESOLUCION_ALIAS,,No existe autoridad FND/ARQ ni relación alias→V3 demostrada en 11.3.
Observability,MANTENER_DIFERIDO,FUERA_DE_RESOLUCION_ALIAS,,No existe autoridad FND/ARQ ni relación alias→V3 demostrada en 11.3.
Observability Integration,MANTENER_DIFERIDO,FUERA_DE_RESOLUCION_ALIAS,,No existe autoridad FND/ARQ ni relación alias→V3 demostrada en 11.3.
Operation ID,MANTENER_DIFERIDO,FUERA_DE_RESOLUCION_ALIAS,,No existe autoridad FND/ARQ ni relación alias→V3 demostrada en 11.3.
Optimistic Concurrency,MANTENER_DIFERIDO,FUERA_DE_RESOLUCION_ALIAS,,No existe autoridad FND/ARQ ni relación alias→V3 demostrada en 11.3.
Optional Capability,MANTENER_DIFERIDO,FUERA_DE_RESOLUCION_ALIAS,,No existe autoridad FND/ARQ ni relación alias→V3 demostrada en 11.3.
Optional Component,MANTENER_DIFERIDO,FUERA_DE_RESOLUCION_ALIAS,,No existe autoridad FND/ARQ ni relación alias→V3 demostrada en 11.3.
Optional Dependency,MANTENER_DIFERIDO,FUERA_DE_RESOLUCION_ALIAS,,No existe autoridad FND/ARQ ni relación alias→V3 demostrada en 11.3.
Optional Field,MANTENER_DIFERIDO,FUERA_DE_RESOLUCION_ALIAS,,No existe autoridad FND/ARQ ni relación alias→V3 demostrada en 11.3.
Optional Initial Components,MANTENER_DIFERIDO,FUERA_DE_RESOLUCION_ALIAS,,No existe autoridad FND/ARQ ni relación alias→V3 demostrada en 11.3.
Ordering,MANTENER_DIFERIDO,FUERA_DE_RESOLUCION_ALIAS,,No existe autoridad FND/ARQ ni relación alias→V3 demostrada en 11.3.
Ordering Test,MANTENER_DIFERIDO,FUERA_DE_RESOLUCION_ALIAS,,No existe autoridad FND/ARQ ni relación alias→V3 demostrada en 11.3.
Origin,MANTENER_DIFERIDO,FUERA_DE_RESOLUCION_ALIAS,,No existe autoridad FND/ARQ ni relación alias→V3 demostrada en 11.3.
Outbox,MANTENER_DIFERIDO,FUERA_DE_RESOLUCION_ALIAS,,No existe autoridad FND/ARQ ni relación alias→V3 demostrada en 11.3.
output,MANTENER_DIFERIDO,FUERA_DE_RESOLUCION_ALIAS,,No existe autoridad FND/ARQ ni relación alias→V3 demostrada en 11.3.
Override,MANTENER_DIFERIDO,FUERA_DE_RESOLUCION_ALIAS,,No existe autoridad FND/ARQ ni relación alias→V3 demostrada en 11.3.
Owner Responsibility,MANTENER_DIFERIDO,FUERA_DE_RESOLUCION_ALIAS,,No existe autoridad FND/ARQ ni relación alias→V3 demostrada en 11.3.
Ownership,MANTENER_DIFERIDO,FUERA_DE_RESOLUCION_ALIAS,,No existe autoridad FND/ARQ ni relación alias→V3 demostrada en 11.3.
Package Discovery,MANTENER_DIFERIDO,FUERA_DE_RESOLUCION_ALIAS,,No existe autoridad FND/ARQ ni relación alias→V3 demostrada en 11.3.
Package Integration,MANTENER_DIFERIDO,FUERA_DE_RESOLUCION_ALIAS,,No existe autoridad FND/ARQ ni relación alias→V3 demostrada en 11.3.
Package Manager,MANTENER_DIFERIDO,FUERA_DE_RESOLUCION_ALIAS,,No existe autoridad FND/ARQ ni relación alias→V3 demostrada en 11.3.
Package Manager Integration,MANTENER_DIFERIDO,FUERA_DE_RESOLUCION_ALIAS,,No existe autoridad FND/ARQ ni relación alias→V3 demostrada en 11.3.
Package Trust,MANTENER_DIFERIDO,FUERA_DE_RESOLUCION_ALIAS,,No existe autoridad FND/ARQ ni relación alias→V3 demostrada en 11.3.
Pagination,MANTENER_DIFERIDO,FUERA_DE_RESOLUCION_ALIAS,,No existe autoridad FND/ARQ ni relación alias→V3 demostrada en 11.3.
Parallelism,MANTENER_DIFERIDO,FUERA_DE_RESOLUCION_ALIAS,,No existe autoridad FND/ARQ ni relación alias→V3 demostrada en 11.3.
Partial Failure,MANTENER_DIFERIDO,FUERA_DE_RESOLUCION_ALIAS,,No existe autoridad FND/ARQ ni relación alias→V3 demostrada en 11.3.
Partial Success,MANTENER_DIFERIDO,FUERA_DE_RESOLUCION_ALIAS,,No existe autoridad FND/ARQ ni relación alias→V3 demostrada en 11.3.
Partition Key,MANTENER_DIFERIDO,FUERA_DE_RESOLUCION_ALIAS,,No existe autoridad FND/ARQ ni relación alias→V3 demostrada en 11.3.
Partition Ordering,MANTENER_DIFERIDO,FUERA_DE_RESOLUCION_ALIAS,,No existe autoridad FND/ARQ ni relación alias→V3 demostrada en 11.3.
Partition Test,MANTENER_DIFERIDO,FUERA_DE_RESOLUCION_ALIAS,,No existe autoridad FND/ARQ ni relación alias→V3 demostrada en 11.3.
Partitioning,MANTENER_DIFERIDO,FUERA_DE_RESOLUCION_ALIAS,,No existe autoridad FND/ARQ ni relación alias→V3 demostrada en 11.3.
PATCH,MANTENER_DIFERIDO,FUERA_DE_RESOLUCION_ALIAS,,No existe autoridad FND/ARQ ni relación alias→V3 demostrada en 11.3.
Path Traversal,MANTENER_DIFERIDO,FUERA_DE_RESOLUCION_ALIAS,,No existe autoridad FND/ARQ ni relación alias→V3 demostrada en 11.3.
Pause,MANTENER_DIFERIDO,FUERA_DE_RESOLUCION_ALIAS,,No existe autoridad FND/ARQ ni relación alias→V3 demostrada en 11.3.
Payload,MANTENER_DIFERIDO,FUERA_DE_RESOLUCION_ALIAS,,No existe autoridad FND/ARQ ni relación alias→V3 demostrada en 11.3.
Payload Logging,MANTENER_DIFERIDO,FUERA_DE_RESOLUCION_ALIAS,,No existe autoridad FND/ARQ ni relación alias→V3 demostrada en 11.3.
Payload Size,MANTENER_DIFERIDO,FUERA_DE_RESOLUCION_ALIAS,,No existe autoridad FND/ARQ ni relación alias→V3 demostrada en 11.3.
Performance,MANTENER_DIFERIDO,FUERA_DE_RESOLUCION_ALIAS,,No existe autoridad FND/ARQ ni relación alias→V3 demostrada en 11.3.
Performance Baseline,MANTENER_DIFERIDO,FUERA_DE_RESOLUCION_ALIAS,,No existe autoridad FND/ARQ ni relación alias→V3 demostrada en 11.3.
Performance Budget,MANTENER_DIFERIDO,FUERA_DE_RESOLUCION_ALIAS,,No existe autoridad FND/ARQ ni relación alias→V3 demostrada en 11.3.
Performance Engineering,MANTENER_DIFERIDO,FUERA_DE_RESOLUCION_ALIAS,,No existe autoridad FND/ARQ ni relación alias→V3 demostrada en 11.3.
Performance Gate,MANTENER_DIFERIDO,FUERA_DE_RESOLUCION_ALIAS,,No existe autoridad FND/ARQ ni relación alias→V3 demostrada en 11.3.
Performance Integration,MANTENER_DIFERIDO,FUERA_DE_RESOLUCION_ALIAS,,No existe autoridad FND/ARQ ni relación alias→V3 demostrada en 11.3.
Performance Optimization,MANTENER_DIFERIDO,FUERA_DE_RESOLUCION_ALIAS,,No existe autoridad FND/ARQ ni relación alias→V3 demostrada en 11.3.
performance profile,MANTENER_DIFERIDO,FUERA_DE_RESOLUCION_ALIAS,,No existe autoridad FND/ARQ ni relación alias→V3 demostrada en 11.3.
performance status,MANTENER_DIFERIDO,FUERA_DE_RESOLUCION_ALIAS,,No existe autoridad FND/ARQ ni relación alias→V3 demostrada en 11.3.
Performance Test,MANTENER_DIFERIDO,FUERA_DE_RESOLUCION_ALIAS,,No existe autoridad FND/ARQ ni relación alias→V3 demostrada en 11.3.
Permanent Failure,MANTENER_DIFERIDO,FUERA_DE_RESOLUCION_ALIAS,,No existe autoridad FND/ARQ ni relación alias→V3 demostrada en 11.3.
Permission,MANTENER_DIFERIDO,FUERA_DE_RESOLUCION_ALIAS,,No existe autoridad FND/ARQ ni relación alias→V3 demostrada en 11.3.
Persistence,MANTENER_DIFERIDO,FUERA_DE_RESOLUCION_ALIAS,,No existe autoridad FND/ARQ ni relación alias→V3 demostrada en 11.3.
Persistence Constraint,MANTENER_DIFERIDO,FUERA_DE_RESOLUCION_ALIAS,,No existe autoridad FND/ARQ ni relación alias→V3 demostrada en 11.3.
Persistence Engineering,MANTENER_DIFERIDO,FUERA_DE_RESOLUCION_ALIAS,,No existe autoridad FND/ARQ ni relación alias→V3 demostrada en 11.3.
Persistence Integration,MANTENER_DIFERIDO,FUERA_DE_RESOLUCION_ALIAS,,No existe autoridad FND/ARQ ni relación alias→V3 demostrada en 11.3.
Pessimistic Concurrency,MANTENER_DIFERIDO,FUERA_DE_RESOLUCION_ALIAS,,No existe autoridad FND/ARQ ni relación alias→V3 demostrada en 11.3.
Phantom Read,MANTENER_DIFERIDO,FUERA_DE_RESOLUCION_ALIAS,,No existe autoridad FND/ARQ ni relación alias→V3 demostrada en 11.3.
Pipeline,MANTENER_DIFERIDO,FUERA_DE_RESOLUCION_ALIAS,,No existe autoridad FND/ARQ ni relación alias→V3 demostrada en 11.3.
Plugin Migration,MANTENER_DIFERIDO,FUERA_DE_RESOLUCION_ALIAS,,No existe autoridad FND/ARQ ni relación alias→V3 demostrada en 11.3.
Plugin Upgrade,MANTENER_DIFERIDO,FUERA_DE_RESOLUCION_ALIAS,,No existe autoridad FND/ARQ ni relación alias→V3 demostrada en 11.3.
Point of No Return,MANTENER_DIFERIDO,FUERA_DE_RESOLUCION_ALIAS,,No existe autoridad FND/ARQ ni relación alias→V3 demostrada en 11.3.
Poison Message,MANTENER_DIFERIDO,FUERA_DE_RESOLUCION_ALIAS,,No existe autoridad FND/ARQ ni relación alias→V3 demostrada en 11.3.
Policy,MANTENER_DIFERIDO,FUERA_DE_RESOLUCION_ALIAS,,No existe autoridad FND/ARQ ni relación alias→V3 demostrada en 11.3.
Policy Conflict,MANTENER_DIFERIDO,FUERA_DE_RESOLUCION_ALIAS,,No existe autoridad FND/ARQ ni relación alias→V3 demostrada en 11.3.
Policy Decision,MANTENER_DIFERIDO,FUERA_DE_RESOLUCION_ALIAS,,No existe autoridad FND/ARQ ni relación alias→V3 demostrada en 11.3.
Policy Decision Point,MANTENER_DIFERIDO,FUERA_DE_RESOLUCION_ALIAS,,No existe autoridad FND/ARQ ni relación alias→V3 demostrada en 11.3.
Policy Enforcement Point,MANTENER_DIFERIDO,FUERA_DE_RESOLUCION_ALIAS,,No existe autoridad FND/ARQ ni relación alias→V3 demostrada en 11.3.
Policy Engineering,MANTENER_DIFERIDO,FUERA_DE_RESOLUCION_ALIAS,,No existe autoridad FND/ARQ ni relación alias→V3 demostrada en 11.3.
Policy Integration,MANTENER_DIFERIDO,FUERA_DE_RESOLUCION_ALIAS,,No existe autoridad FND/ARQ ni relación alias→V3 demostrada en 11.3.
Policy Scope,MANTENER_DIFERIDO,FUERA_DE_RESOLUCION_ALIAS,,No existe autoridad FND/ARQ ni relación alias→V3 demostrada en 11.3.
Policy Tampering,MANTENER_DIFERIDO,FUERA_DE_RESOLUCION_ALIAS,,No existe autoridad FND/ARQ ni relación alias→V3 demostrada en 11.3.
Policy Versioning,MANTENER_DIFERIDO,FUERA_DE_RESOLUCION_ALIAS,,No existe autoridad FND/ARQ ni relación alias→V3 demostrada en 11.3.
Posición Arquitectónica,MANTENER_DIFERIDO,FUERA_DE_RESOLUCION_ALIAS,,No existe autoridad FND/ARQ ni relación alias→V3 demostrada en 11.3.
Preflight,MANTENER_DIFERIDO,FUERA_DE_RESOLUCION_ALIAS,,No existe autoridad FND/ARQ ni relación alias→V3 demostrada en 11.3.
Premature Optimization,MANTENER_DIFERIDO,FUERA_DE_RESOLUCION_ALIAS,,No existe autoridad FND/ARQ ni relación alias→V3 demostrada en 11.3.
Preservation Object,MANTENER_DIFERIDO,FUERA_DE_RESOLUCION_ALIAS,,No existe autoridad FND/ARQ ni relación alias→V3 demostrada en 11.3.
Primera Implementación Recomendada,MANTENER_DIFERIDO,FUERA_DE_RESOLUCION_ALIAS,,No existe autoridad FND/ARQ ni relación alias→V3 demostrada en 11.3.
Primitive Obsession,MANTENER_DIFERIDO,FUERA_DE_RESOLUCION_ALIAS,,No existe autoridad FND/ARQ ni relación alias→V3 demostrada en 11.3.
Principal,MANTENER_DIFERIDO,FUERA_DE_RESOLUCION_ALIAS,,No existe autoridad FND/ARQ ni relación alias→V3 demostrada en 11.3.
Priority,MANTENER_DIFERIDO,FUERA_DE_RESOLUCION_ALIAS,,No existe autoridad FND/ARQ ni relación alias→V3 demostrada en 11.3.
Privacy,MANTENER_DIFERIDO,FUERA_DE_RESOLUCION_ALIAS,,No existe autoridad FND/ARQ ni relación alias→V3 demostrada en 11.3.
Process Isolation,MANTENER_DIFERIDO,FUERA_DE_RESOLUCION_ALIAS,,No existe autoridad FND/ARQ ni relación alias→V3 demostrada en 11.3.
producer,MANTENER_DIFERIDO,FUERA_DE_RESOLUCION_ALIAS,,No existe autoridad FND/ARQ ni relación alias→V3 demostrada en 11.3.
Producer Responsibility,MANTENER_DIFERIDO,FUERA_DE_RESOLUCION_ALIAS,,No existe autoridad FND/ARQ ni relación alias→V3 demostrada en 11.3.
Production Profiling,MANTENER_DIFERIDO,FUERA_DE_RESOLUCION_ALIAS,,No existe autoridad FND/ARQ ni relación alias→V3 demostrada en 11.3.
Profiling,MANTENER_DIFERIDO,FUERA_DE_RESOLUCION_ALIAS,,No existe autoridad FND/ARQ ni relación alias→V3 demostrada en 11.3.
Projection,MANTENER_DIFERIDO,FUERA_DE_RESOLUCION_ALIAS,,No existe autoridad FND/ARQ ni relación alias→V3 demostrada en 11.3.
Property-Based Testing,MANTENER_DIFERIDO,FUERA_DE_RESOLUCION_ALIAS,,No existe autoridad FND/ARQ ni relación alias→V3 demostrada en 11.3.
Protocol,MANTENER_DIFERIDO,FUERA_DE_RESOLUCION_ALIAS,,No existe autoridad FND/ARQ ni relación alias→V3 demostrada en 11.3.
Provenance,MANTENER_DIFERIDO,FUERA_DE_RESOLUCION_ALIAS,,No existe autoridad FND/ARQ ni relación alias→V3 demostrada en 11.3.
Provider,MANTENER_DIFERIDO,FUERA_DE_RESOLUCION_ALIAS,,No existe autoridad FND/ARQ ni relación alias→V3 demostrada en 11.3.
Provider Registration,MANTENER_DIFERIDO,FUERA_DE_RESOLUCION_ALIAS,,No existe autoridad FND/ARQ ni relación alias→V3 demostrada en 11.3.
Public,MANTENER_DIFERIDO,FUERA_DE_RESOLUCION_ALIAS,,No existe autoridad FND/ARQ ni relación alias→V3 demostrada en 11.3.
Public Surface,MANTENER_DIFERIDO,FUERA_DE_RESOLUCION_ALIAS,,No existe autoridad FND/ARQ ni relación alias→V3 demostrada en 11.3.
Publication,MANTENER_DIFERIDO,FUERA_DE_RESOLUCION_ALIAS,,No existe autoridad FND/ARQ ni relación alias→V3 demostrada en 11.3.
Published,MANTENER_DIFERIDO,FUERA_DE_RESOLUCION_ALIAS,,No existe autoridad FND/ARQ ni relación alias→V3 demostrada en 11.3.
Purpose Limitation,MANTENER_DIFERIDO,FUERA_DE_RESOLUCION_ALIAS,,No existe autoridad FND/ARQ ni relación alias→V3 demostrada en 11.3.
Quality Drift,MANTENER_DIFERIDO,FUERA_DE_RESOLUCION_ALIAS,,No existe autoridad FND/ARQ ni relación alias→V3 demostrada en 11.3.
Quality Gate,MANTENER_DIFERIDO,FUERA_DE_RESOLUCION_ALIAS,,No existe autoridad FND/ARQ ni relación alias→V3 demostrada en 11.3.
Quality Score,MANTENER_DIFERIDO,FUERA_DE_RESOLUCION_ALIAS,,No existe autoridad FND/ARQ ni relación alias→V3 demostrada en 11.3.
Quarantine,MANTENER_DIFERIDO,FUERA_DE_RESOLUCION_ALIAS,,No existe autoridad FND/ARQ ni relación alias→V3 demostrada en 11.3.
Quarantine Test,MANTENER_DIFERIDO,FUERA_DE_RESOLUCION_ALIAS,,No existe autoridad FND/ARQ ni relación alias→V3 demostrada en 11.3.
Queries,MANTENER_DIFERIDO,FUERA_DE_RESOLUCION_ALIAS,,No existe autoridad FND/ARQ ni relación alias→V3 demostrada en 11.3.
Query Side Effects,MANTENER_DIFERIDO,FUERA_DE_RESOLUCION_ALIAS,,No existe autoridad FND/ARQ ni relación alias→V3 demostrada en 11.3.
Queue,MANTENER_DIFERIDO,FUERA_DE_RESOLUCION_ALIAS,,No existe autoridad FND/ARQ ni relación alias→V3 demostrada en 11.3.
Queue Capacity,MANTENER_DIFERIDO,FUERA_DE_RESOLUCION_ALIAS,,No existe autoridad FND/ARQ ni relación alias→V3 demostrada en 11.3.
Quota,MANTENER_DIFERIDO,FUERA_DE_RESOLUCION_ALIAS,,No existe autoridad FND/ARQ ni relación alias→V3 demostrada en 11.3.
Race Condition,MANTENER_DIFERIDO,FUERA_DE_RESOLUCION_ALIAS,,No existe autoridad FND/ARQ ni relación alias→V3 demostrada en 11.3.
Randomness,MANTENER_DIFERIDO,FUERA_DE_RESOLUCION_ALIAS,,No existe autoridad FND/ARQ ni relación alias→V3 demostrada en 11.3.
Rate Limiting,MANTENER_DIFERIDO,FUERA_DE_RESOLUCION_ALIAS,,No existe autoridad FND/ARQ ni relación alias→V3 demostrada en 11.3.
Read Model,MANTENER_DIFERIDO,FUERA_DE_RESOLUCION_ALIAS,,No existe autoridad FND/ARQ ni relación alias→V3 demostrada en 11.3.
Readiness,MANTENER_DIFERIDO,FUERA_DE_RESOLUCION_ALIAS,,No existe autoridad FND/ARQ ni relación alias→V3 demostrada en 11.3.
Readiness Gate,MANTENER_DIFERIDO,FUERA_DE_RESOLUCION_ALIAS,,No existe autoridad FND/ARQ ni relación alias→V3 demostrada en 11.3.
Readiness Test,MANTENER_DIFERIDO,FUERA_DE_RESOLUCION_ALIAS,,No existe autoridad FND/ARQ ni relación alias→V3 demostrada en 11.3.
Ready,MANTENER_DIFERIDO,FUERA_DE_RESOLUCION_ALIAS,,No existe autoridad FND/ARQ ni relación alias→V3 demostrada en 11.3.
Recipient,MANTENER_DIFERIDO,FUERA_DE_RESOLUCION_ALIAS,,No existe autoridad FND/ARQ ni relación alias→V3 demostrada en 11.3.
Reconciliation,MANTENER_DIFERIDO,FUERA_DE_RESOLUCION_ALIAS,,No existe autoridad FND/ARQ ni relación alias→V3 demostrada en 11.3.
Reconciliation Test,MANTENER_DIFERIDO,FUERA_DE_RESOLUCION_ALIAS,,No existe autoridad FND/ARQ ni relación alias→V3 demostrada en 11.3.
Recoverability,MANTENER_DIFERIDO,FUERA_DE_RESOLUCION_ALIAS,,No existe autoridad FND/ARQ ni relación alias→V3 demostrada en 11.3.
Recoverability Engineering,MANTENER_DIFERIDO,FUERA_DE_RESOLUCION_ALIAS,,No existe autoridad FND/ARQ ni relación alias→V3 demostrada en 11.3.
Recovery,MANTENER_DIFERIDO,FUERA_DE_RESOLUCION_ALIAS,,No existe autoridad FND/ARQ ni relación alias→V3 demostrada en 11.3.
Recovery Idempotency,MANTENER_DIFERIDO,FUERA_DE_RESOLUCION_ALIAS,,No existe autoridad FND/ARQ ni relación alias→V3 demostrada en 11.3.
Recovery Strategy,MANTENER_DIFERIDO,FUERA_DE_RESOLUCION_ALIAS,,No existe autoridad FND/ARQ ni relación alias→V3 demostrada en 11.3.
Recovery Test,MANTENER_DIFERIDO,FUERA_DE_RESOLUCION_ALIAS,,No existe autoridad FND/ARQ ni relación alias→V3 demostrada en 11.3.
Redundancy,MANTENER_DIFERIDO,FUERA_DE_RESOLUCION_ALIAS,,No existe autoridad FND/ARQ ni relación alias→V3 demostrada en 11.3.
Refactoring,MANTENER_DIFERIDO,FUERA_DE_RESOLUCION_ALIAS,,No existe autoridad FND/ARQ ni relación alias→V3 demostrada en 11.3.
Referential Integrity,MANTENER_DIFERIDO,FUERA_DE_RESOLUCION_ALIAS,,No existe autoridad FND/ARQ ni relación alias→V3 demostrada en 11.3.
Registration,MANTENER_DIFERIDO,FUERA_DE_RESOLUCION_ALIAS,,No existe autoridad FND/ARQ ni relación alias→V3 demostrada en 11.3.
Registration Phase,MANTENER_DIFERIDO,FUERA_DE_RESOLUCION_ALIAS,,No existe autoridad FND/ARQ ni relación alias→V3 demostrada en 11.3.
Registry,MANTENER_DIFERIDO,FUERA_DE_RESOLUCION_ALIAS,,No existe autoridad FND/ARQ ni relación alias→V3 demostrada en 11.3.
Registry Entry,MANTENER_DIFERIDO,FUERA_DE_RESOLUCION_ALIAS,,No existe autoridad FND/ARQ ni relación alias→V3 demostrada en 11.3.
Registry Freeze,MANTENER_DIFERIDO,FUERA_DE_RESOLUCION_ALIAS,,No existe autoridad FND/ARQ ni relación alias→V3 demostrada en 11.3.
registry graph,MANTENER_DIFERIDO,FUERA_DE_RESOLUCION_ALIAS,,No existe autoridad FND/ARQ ni relación alias→V3 demostrada en 11.3.
Registry Integration,MANTENER_DIFERIDO,FUERA_DE_RESOLUCION_ALIAS,,No existe autoridad FND/ARQ ni relación alias→V3 demostrada en 11.3.
Regression Examples,MANTENER_DIFERIDO,FUERA_DE_RESOLUCION_ALIAS,,No existe autoridad FND/ARQ ni relación alias→V3 demostrada en 11.3.
Regression Test,MANTENER_DIFERIDO,FUERA_DE_RESOLUCION_ALIAS,,No existe autoridad FND/ARQ ni relación alias→V3 demostrada en 11.3.
Rejected,MANTENER_DIFERIDO,FUERA_DE_RESOLUCION_ALIAS,,No existe autoridad FND/ARQ ni relación alias→V3 demostrada en 11.3.
Relación con CLI,MANTENER_DIFERIDO,FUERA_DE_RESOLUCION_ALIAS,,No existe autoridad FND/ARQ ni relación alias→V3 demostrada en 11.3.
Relación con ENG-003,MANTENER_DIFERIDO,FUERA_DE_RESOLUCION_ALIAS,,No existe autoridad FND/ARQ ni relación alias→V3 demostrada en 11.3.
Relación con ENG-011,MANTENER_DIFERIDO,FUERA_DE_RESOLUCION_ALIAS,,No existe autoridad FND/ARQ ni relación alias→V3 demostrada en 11.3.
Relación con ENG-013,MANTENER_DIFERIDO,FUERA_DE_RESOLUCION_ALIAS,,No existe autoridad FND/ARQ ni relación alias→V3 demostrada en 11.3.
Relación con ENG-015,MANTENER_DIFERIDO,FUERA_DE_RESOLUCION_ALIAS,,No existe autoridad FND/ARQ ni relación alias→V3 demostrada en 11.3.
Relación con ENG-016,MANTENER_DIFERIDO,FUERA_DE_RESOLUCION_ALIAS,,No existe autoridad FND/ARQ ni relación alias→V3 demostrada en 11.3.
Relación con ENG-017,MANTENER_DIFERIDO,FUERA_DE_RESOLUCION_ALIAS,,No existe autoridad FND/ARQ ni relación alias→V3 demostrada en 11.3.
Relación con ENG-018,MANTENER_DIFERIDO,FUERA_DE_RESOLUCION_ALIAS,,No existe autoridad FND/ARQ ni relación alias→V3 demostrada en 11.3.
Relación con ENG-019,MANTENER_DIFERIDO,FUERA_DE_RESOLUCION_ALIAS,,No existe autoridad FND/ARQ ni relación alias→V3 demostrada en 11.3.
Relación con ENG-020,MANTENER_DIFERIDO,FUERA_DE_RESOLUCION_ALIAS,,No existe autoridad FND/ARQ ni relación alias→V3 demostrada en 11.3.
Relación con ENG-021,MANTENER_DIFERIDO,FUERA_DE_RESOLUCION_ALIAS,,No existe autoridad FND/ARQ ni relación alias→V3 demostrada en 11.3.
Relación con ENG-022,MANTENER_DIFERIDO,FUERA_DE_RESOLUCION_ALIAS,,No existe autoridad FND/ARQ ni relación alias→V3 demostrada en 11.3.
Relación con ENG-023,MANTENER_DIFERIDO,FUERA_DE_RESOLUCION_ALIAS,,No existe autoridad FND/ARQ ni relación alias→V3 demostrada en 11.3.
Relación con ENG-024,MANTENER_DIFERIDO,FUERA_DE_RESOLUCION_ALIAS,,No existe autoridad FND/ARQ ni relación alias→V3 demostrada en 11.3.
Relación con ENG-025,MANTENER_DIFERIDO,FUERA_DE_RESOLUCION_ALIAS,,No existe autoridad FND/ARQ ni relación alias→V3 demostrada en 11.3.
Relación con ENG-026,MANTENER_DIFERIDO,FUERA_DE_RESOLUCION_ALIAS,,No existe autoridad FND/ARQ ni relación alias→V3 demostrada en 11.3.
Relación con ENG-027,MANTENER_DIFERIDO,FUERA_DE_RESOLUCION_ALIAS,,No existe autoridad FND/ARQ ni relación alias→V3 demostrada en 11.3.
Relación con ENG-028,MANTENER_DIFERIDO,FUERA_DE_RESOLUCION_ALIAS,,No existe autoridad FND/ARQ ni relación alias→V3 demostrada en 11.3.
Relación con ENG-029,MANTENER_DIFERIDO,FUERA_DE_RESOLUCION_ALIAS,,No existe autoridad FND/ARQ ni relación alias→V3 demostrada en 11.3.
Relación con ENG-030,MANTENER_DIFERIDO,FUERA_DE_RESOLUCION_ALIAS,,No existe autoridad FND/ARQ ni relación alias→V3 demostrada en 11.3.
Relación con ENG-031,MANTENER_DIFERIDO,FUERA_DE_RESOLUCION_ALIAS,,No existe autoridad FND/ARQ ni relación alias→V3 demostrada en 11.3.
Relación con ENG-032,MANTENER_DIFERIDO,FUERA_DE_RESOLUCION_ALIAS,,No existe autoridad FND/ARQ ni relación alias→V3 demostrada en 11.3.
Relación con ENG-033,MANTENER_DIFERIDO,FUERA_DE_RESOLUCION_ALIAS,,No existe autoridad FND/ARQ ni relación alias→V3 demostrada en 11.3.
Relación con ENG-034,MANTENER_DIFERIDO,FUERA_DE_RESOLUCION_ALIAS,,No existe autoridad FND/ARQ ni relación alias→V3 demostrada en 11.3.
Relación con ENG-035,MANTENER_DIFERIDO,FUERA_DE_RESOLUCION_ALIAS,,No existe autoridad FND/ARQ ni relación alias→V3 demostrada en 11.3.
Relación con ENG-036,MANTENER_DIFERIDO,FUERA_DE_RESOLUCION_ALIAS,,No existe autoridad FND/ARQ ni relación alias→V3 demostrada en 11.3.
Relación con ENG-037,MANTENER_DIFERIDO,FUERA_DE_RESOLUCION_ALIAS,,No existe autoridad FND/ARQ ni relación alias→V3 demostrada en 11.3.
Relación con ENG-038,MANTENER_DIFERIDO,FUERA_DE_RESOLUCION_ALIAS,,No existe autoridad FND/ARQ ni relación alias→V3 demostrada en 11.3.
Relación con ENG-039,MANTENER_DIFERIDO,FUERA_DE_RESOLUCION_ALIAS,,No existe autoridad FND/ARQ ni relación alias→V3 demostrada en 11.3.
Relación con ENG-040,MANTENER_DIFERIDO,FUERA_DE_RESOLUCION_ALIAS,,No existe autoridad FND/ARQ ni relación alias→V3 demostrada en 11.3.
Relación con ENG-041,MANTENER_DIFERIDO,FUERA_DE_RESOLUCION_ALIAS,,No existe autoridad FND/ARQ ni relación alias→V3 demostrada en 11.3.
Relación con ENG-042,MANTENER_DIFERIDO,FUERA_DE_RESOLUCION_ALIAS,,No existe autoridad FND/ARQ ni relación alias→V3 demostrada en 11.3.
Relación con ENG-043,MANTENER_DIFERIDO,FUERA_DE_RESOLUCION_ALIAS,,No existe autoridad FND/ARQ ni relación alias→V3 demostrada en 11.3.
Relación con ENG-044,MANTENER_DIFERIDO,FUERA_DE_RESOLUCION_ALIAS,,No existe autoridad FND/ARQ ni relación alias→V3 demostrada en 11.3.
Relación con ENG-045,MANTENER_DIFERIDO,FUERA_DE_RESOLUCION_ALIAS,,No existe autoridad FND/ARQ ni relación alias→V3 demostrada en 11.3.
Relación con ENG-046,MANTENER_DIFERIDO,FUERA_DE_RESOLUCION_ALIAS,,No existe autoridad FND/ARQ ni relación alias→V3 demostrada en 11.3.
Relación con ENG-047,MANTENER_DIFERIDO,FUERA_DE_RESOLUCION_ALIAS,,No existe autoridad FND/ARQ ni relación alias→V3 demostrada en 11.3.
Relación con ENG-048,MANTENER_DIFERIDO,FUERA_DE_RESOLUCION_ALIAS,,No existe autoridad FND/ARQ ni relación alias→V3 demostrada en 11.3.
Relación con ENG-049,MANTENER_DIFERIDO,FUERA_DE_RESOLUCION_ALIAS,,No existe autoridad FND/ARQ ni relación alias→V3 demostrada en 11.3.
Relación con ENG-050,MANTENER_DIFERIDO,FUERA_DE_RESOLUCION_ALIAS,,No existe autoridad FND/ARQ ni relación alias→V3 demostrada en 11.3.
Relación con ENG-051,MANTENER_DIFERIDO,FUERA_DE_RESOLUCION_ALIAS,,No existe autoridad FND/ARQ ni relación alias→V3 demostrada en 11.3.
Relación con ENG-052,MANTENER_DIFERIDO,FUERA_DE_RESOLUCION_ALIAS,,No existe autoridad FND/ARQ ni relación alias→V3 demostrada en 11.3.
Relación con ENG-053,MANTENER_DIFERIDO,FUERA_DE_RESOLUCION_ALIAS,,No existe autoridad FND/ARQ ni relación alias→V3 demostrada en 11.3.
Relación con ENG-054,MANTENER_DIFERIDO,FUERA_DE_RESOLUCION_ALIAS,,No existe autoridad FND/ARQ ni relación alias→V3 demostrada en 11.3.
Relación con ENG-055,MANTENER_DIFERIDO,FUERA_DE_RESOLUCION_ALIAS,,No existe autoridad FND/ARQ ni relación alias→V3 demostrada en 11.3.
Relación con ENG-056,MANTENER_DIFERIDO,FUERA_DE_RESOLUCION_ALIAS,,No existe autoridad FND/ARQ ni relación alias→V3 demostrada en 11.3.
Relación con ENG-057,MANTENER_DIFERIDO,FUERA_DE_RESOLUCION_ALIAS,,No existe autoridad FND/ARQ ni relación alias→V3 demostrada en 11.3.
Relación con ENG-058,MANTENER_DIFERIDO,FUERA_DE_RESOLUCION_ALIAS,,No existe autoridad FND/ARQ ni relación alias→V3 demostrada en 11.3.
Relación con ENG-059,MANTENER_DIFERIDO,FUERA_DE_RESOLUCION_ALIAS,,No existe autoridad FND/ARQ ni relación alias→V3 demostrada en 11.3.
Relación con ENG-060,MANTENER_DIFERIDO,FUERA_DE_RESOLUCION_ALIAS,,No existe autoridad FND/ARQ ni relación alias→V3 demostrada en 11.3.
Relación con ENG-061,MANTENER_DIFERIDO,FUERA_DE_RESOLUCION_ALIAS,,No existe autoridad FND/ARQ ni relación alias→V3 demostrada en 11.3.
Relación con ENG-062,MANTENER_DIFERIDO,FUERA_DE_RESOLUCION_ALIAS,,No existe autoridad FND/ARQ ni relación alias→V3 demostrada en 11.3.
Relación con ENG-063,MANTENER_DIFERIDO,FUERA_DE_RESOLUCION_ALIAS,,No existe autoridad FND/ARQ ni relación alias→V3 demostrada en 11.3.
Relación con ENG-064,MANTENER_DIFERIDO,FUERA_DE_RESOLUCION_ALIAS,,No existe autoridad FND/ARQ ni relación alias→V3 demostrada en 11.3.
Relación con ENG-065,MANTENER_DIFERIDO,FUERA_DE_RESOLUCION_ALIAS,,No existe autoridad FND/ARQ ni relación alias→V3 demostrada en 11.3.
Relación con ENG-066,MANTENER_DIFERIDO,FUERA_DE_RESOLUCION_ALIAS,,No existe autoridad FND/ARQ ni relación alias→V3 demostrada en 11.3.
Relación con ENG-067,MANTENER_DIFERIDO,FUERA_DE_RESOLUCION_ALIAS,,No existe autoridad FND/ARQ ni relación alias→V3 demostrada en 11.3.
Relación con ENG-068,MANTENER_DIFERIDO,FUERA_DE_RESOLUCION_ALIAS,,No existe autoridad FND/ARQ ni relación alias→V3 demostrada en 11.3.
Relación con ENG-069,MANTENER_DIFERIDO,FUERA_DE_RESOLUCION_ALIAS,,No existe autoridad FND/ARQ ni relación alias→V3 demostrada en 11.3.
Relación con ENG-070,MANTENER_DIFERIDO,FUERA_DE_RESOLUCION_ALIAS,,No existe autoridad FND/ARQ ni relación alias→V3 demostrada en 11.3.
Relación con ENG-071,MANTENER_DIFERIDO,FUERA_DE_RESOLUCION_ALIAS,,No existe autoridad FND/ARQ ni relación alias→V3 demostrada en 11.3.
Relación con ENG-072,MANTENER_DIFERIDO,FUERA_DE_RESOLUCION_ALIAS,,No existe autoridad FND/ARQ ni relación alias→V3 demostrada en 11.3.
Relación con ENG-073,MANTENER_DIFERIDO,FUERA_DE_RESOLUCION_ALIAS,,No existe autoridad FND/ARQ ni relación alias→V3 demostrada en 11.3.
Relación con ENG-074,MANTENER_DIFERIDO,FUERA_DE_RESOLUCION_ALIAS,,No existe autoridad FND/ARQ ni relación alias→V3 demostrada en 11.3.
Relación con ENG-076,MANTENER_DIFERIDO,FUERA_DE_RESOLUCION_ALIAS,,No existe autoridad FND/ARQ ni relación alias→V3 demostrada en 11.3.
Relación con ENG-077,MANTENER_DIFERIDO,FUERA_DE_RESOLUCION_ALIAS,,No existe autoridad FND/ARQ ni relación alias→V3 demostrada en 11.3.
Relación con ENG-078,MANTENER_DIFERIDO,FUERA_DE_RESOLUCION_ALIAS,,No existe autoridad FND/ARQ ni relación alias→V3 demostrada en 11.3.
Relación con ENG-079,MANTENER_DIFERIDO,FUERA_DE_RESOLUCION_ALIAS,,No existe autoridad FND/ARQ ni relación alias→V3 demostrada en 11.3.
Relación con ENG-080,MANTENER_DIFERIDO,FUERA_DE_RESOLUCION_ALIAS,,No existe autoridad FND/ARQ ni relación alias→V3 demostrada en 11.3.
Relación con ENG-081,MANTENER_DIFERIDO,FUERA_DE_RESOLUCION_ALIAS,,No existe autoridad FND/ARQ ni relación alias→V3 demostrada en 11.3.
Relación con ENG-082,MANTENER_DIFERIDO,FUERA_DE_RESOLUCION_ALIAS,,No existe autoridad FND/ARQ ni relación alias→V3 demostrada en 11.3.
Relación con ENG-086,MANTENER_DIFERIDO,FUERA_DE_RESOLUCION_ALIAS,,No existe autoridad FND/ARQ ni relación alias→V3 demostrada en 11.3.
Release,MANTENER_DIFERIDO,FUERA_DE_RESOLUCION_ALIAS,,No existe autoridad FND/ARQ ni relación alias→V3 demostrada en 11.3.
Release Artifact,MANTENER_DIFERIDO,FUERA_DE_RESOLUCION_ALIAS,,No existe autoridad FND/ARQ ni relación alias→V3 demostrada en 11.3.
Release Candidate,MANTENER_DIFERIDO,FUERA_DE_RESOLUCION_ALIAS,,No existe autoridad FND/ARQ ni relación alias→V3 demostrada en 11.3.
Release Gate,MANTENER_DIFERIDO,FUERA_DE_RESOLUCION_ALIAS,,No existe autoridad FND/ARQ ni relación alias→V3 demostrada en 11.3.
Release Integration,MANTENER_DIFERIDO,FUERA_DE_RESOLUCION_ALIAS,,No existe autoridad FND/ARQ ni relación alias→V3 demostrada en 11.3.
Release Notes,MANTENER_DIFERIDO,FUERA_DE_RESOLUCION_ALIAS,,No existe autoridad FND/ARQ ni relación alias→V3 demostrada en 11.3.
Reliability,MANTENER_DIFERIDO,FUERA_DE_RESOLUCION_ALIAS,,No existe autoridad FND/ARQ ni relación alias→V3 demostrada en 11.3.
Reliability Engineering,MANTENER_DIFERIDO,FUERA_DE_RESOLUCION_ALIAS,,No existe autoridad FND/ARQ ni relación alias→V3 demostrada en 11.3.
Remote Failure,MANTENER_DIFERIDO,FUERA_DE_RESOLUCION_ALIAS,,No existe autoridad FND/ARQ ni relación alias→V3 demostrada en 11.3.
Repair,MANTENER_DIFERIDO,FUERA_DE_RESOLUCION_ALIAS,,No existe autoridad FND/ARQ ni relación alias→V3 demostrada en 11.3.
Replay Test,MANTENER_DIFERIDO,FUERA_DE_RESOLUCION_ALIAS,,No existe autoridad FND/ARQ ni relación alias→V3 demostrada en 11.3.
Replication,MANTENER_DIFERIDO,FUERA_DE_RESOLUCION_ALIAS,,No existe autoridad FND/ARQ ni relación alias→V3 demostrada en 11.3.
Repository,MANTENER_DIFERIDO,FUERA_DE_RESOLUCION_ALIAS,,No existe autoridad FND/ARQ ni relación alias→V3 demostrada en 11.3.
Repository Contract,MANTENER_DIFERIDO,FUERA_DE_RESOLUCION_ALIAS,,No existe autoridad FND/ARQ ni relación alias→V3 demostrada en 11.3.
Repository Language,MANTENER_DIFERIDO,FUERA_DE_RESOLUCION_ALIAS,,No existe autoridad FND/ARQ ni relación alias→V3 demostrada en 11.3.
Reproducibility,MANTENER_DIFERIDO,FUERA_DE_RESOLUCION_ALIAS,,No existe autoridad FND/ARQ ni relación alias→V3 demostrada en 11.3.
Request,MANTENER_DIFERIDO,FUERA_DE_RESOLUCION_ALIAS,,No existe autoridad FND/ARQ ni relación alias→V3 demostrada en 11.3.
Required Capability,MANTENER_DIFERIDO,FUERA_DE_RESOLUCION_ALIAS,,No existe autoridad FND/ARQ ni relación alias→V3 demostrada en 11.3.
Required Dependency,MANTENER_DIFERIDO,FUERA_DE_RESOLUCION_ALIAS,,No existe autoridad FND/ARQ ni relación alias→V3 demostrada en 11.3.
Required Field,MANTENER_DIFERIDO,FUERA_DE_RESOLUCION_ALIAS,,No existe autoridad FND/ARQ ni relación alias→V3 demostrada en 11.3.
Required Field Addition,MANTENER_DIFERIDO,FUERA_DE_RESOLUCION_ALIAS,,No existe autoridad FND/ARQ ni relación alias→V3 demostrada en 11.3.
Reserved Namespace,MANTENER_DIFERIDO,FUERA_DE_RESOLUCION_ALIAS,,No existe autoridad FND/ARQ ni relación alias→V3 demostrada en 11.3.
Resilience,MANTENER_DIFERIDO,FUERA_DE_RESOLUCION_ALIAS,,No existe autoridad FND/ARQ ni relación alias→V3 demostrada en 11.3.
Resilience Engineering,MANTENER_DIFERIDO,FUERA_DE_RESOLUCION_ALIAS,,No existe autoridad FND/ARQ ni relación alias→V3 demostrada en 11.3.
Resilience Integration,MANTENER_DIFERIDO,FUERA_DE_RESOLUCION_ALIAS,,No existe autoridad FND/ARQ ni relación alias→V3 demostrada en 11.3.
Resolution,MANTENER_DIFERIDO,FUERA_DE_RESOLUCION_ALIAS,,No existe autoridad FND/ARQ ni relación alias→V3 demostrada en 11.3.
Resolution Context,MANTENER_DIFERIDO,FUERA_DE_RESOLUCION_ALIAS,,No existe autoridad FND/ARQ ni relación alias→V3 demostrada en 11.3.
Resolution Determinism,MANTENER_DIFERIDO,FUERA_DE_RESOLUCION_ALIAS,,No existe autoridad FND/ARQ ni relación alias→V3 demostrada en 11.3.
Resolution Engineering,MANTENER_DIFERIDO,FUERA_DE_RESOLUCION_ALIAS,,No existe autoridad FND/ARQ ni relación alias→V3 demostrada en 11.3.
Resolution Inputs,MANTENER_DIFERIDO,FUERA_DE_RESOLUCION_ALIAS,,No existe autoridad FND/ARQ ni relación alias→V3 demostrada en 11.3.
Resolution Path,MANTENER_DIFERIDO,FUERA_DE_RESOLUCION_ALIAS,,No existe autoridad FND/ARQ ni relación alias→V3 demostrada en 11.3.
Resolution Policy,MANTENER_DIFERIDO,FUERA_DE_RESOLUCION_ALIAS,,No existe autoridad FND/ARQ ni relación alias→V3 demostrada en 11.3.
Resolution Result,MANTENER_DIFERIDO,FUERA_DE_RESOLUCION_ALIAS,,No existe autoridad FND/ARQ ni relación alias→V3 demostrada en 11.3.
Resolution Test,MANTENER_DIFERIDO,FUERA_DE_RESOLUCION_ALIAS,,No existe autoridad FND/ARQ ni relación alias→V3 demostrada en 11.3.
Resource,MANTENER_DIFERIDO,FUERA_DE_RESOLUCION_ALIAS,,No existe autoridad FND/ARQ ni relación alias→V3 demostrada en 11.3.
Resource Capacity,MANTENER_DIFERIDO,FUERA_DE_RESOLUCION_ALIAS,,No existe autoridad FND/ARQ ni relación alias→V3 demostrada en 11.3.
Resource Cleanup,MANTENER_DIFERIDO,FUERA_DE_RESOLUCION_ALIAS,,No existe autoridad FND/ARQ ni relación alias→V3 demostrada en 11.3.
Resource Exhaustion,MANTENER_DIFERIDO,FUERA_DE_RESOLUCION_ALIAS,,No existe autoridad FND/ARQ ni relación alias→V3 demostrada en 11.3.
Resource Exhaustion Attack,MANTENER_DIFERIDO,FUERA_DE_RESOLUCION_ALIAS,,No existe autoridad FND/ARQ ni relación alias→V3 demostrada en 11.3.
Resource Integration,MANTENER_DIFERIDO,FUERA_DE_RESOLUCION_ALIAS,,No existe autoridad FND/ARQ ni relación alias→V3 demostrada en 11.3.
Resource Limits,MANTENER_DIFERIDO,FUERA_DE_RESOLUCION_ALIAS,,No existe autoridad FND/ARQ ni relación alias→V3 demostrada en 11.3.
Resource Management Engineering,MANTENER_DIFERIDO,FUERA_DE_RESOLUCION_ALIAS,,No existe autoridad FND/ARQ ni relación alias→V3 demostrada en 11.3.
Resource Quota,MANTENER_DIFERIDO,FUERA_DE_RESOLUCION_ALIAS,,No existe autoridad FND/ARQ ni relación alias→V3 demostrada en 11.3.
Resource Usage,MANTENER_DIFERIDO,FUERA_DE_RESOLUCION_ALIAS,,No existe autoridad FND/ARQ ni relación alias→V3 demostrada en 11.3.
Response,MANTENER_DIFERIDO,FUERA_DE_RESOLUCION_ALIAS,,No existe autoridad FND/ARQ ni relación alias→V3 demostrada en 11.3.
Restart Required,MANTENER_DIFERIDO,FUERA_DE_RESOLUCION_ALIAS,,No existe autoridad FND/ARQ ni relación alias→V3 demostrada en 11.3.
Restore,MANTENER_DIFERIDO,FUERA_DE_RESOLUCION_ALIAS,,No existe autoridad FND/ARQ ni relación alias→V3 demostrada en 11.3.
Result,MANTENER_DIFERIDO,FUERA_DE_RESOLUCION_ALIAS,,No existe autoridad FND/ARQ ni relación alias→V3 demostrada en 11.3.
Resume,MANTENER_DIFERIDO,FUERA_DE_RESOLUCION_ALIAS,,No existe autoridad FND/ARQ ni relación alias→V3 demostrada en 11.3.
Resume Test,MANTENER_DIFERIDO,FUERA_DE_RESOLUCION_ALIAS,,No existe autoridad FND/ARQ ni relación alias→V3 demostrada en 11.3.
Resume Validation,MANTENER_DIFERIDO,FUERA_DE_RESOLUCION_ALIAS,,No existe autoridad FND/ARQ ni relación alias→V3 demostrada en 11.3.
Retention,MANTENER_DIFERIDO,FUERA_DE_RESOLUCION_ALIAS,,No existe autoridad FND/ARQ ni relación alias→V3 demostrada en 11.3.
Retention Test,MANTENER_DIFERIDO,FUERA_DE_RESOLUCION_ALIAS,,No existe autoridad FND/ARQ ni relación alias→V3 demostrada en 11.3.
Retry,MANTENER_DIFERIDO,FUERA_DE_RESOLUCION_ALIAS,,No existe autoridad FND/ARQ ni relación alias→V3 demostrada en 11.3.
Retry Amplification,MANTENER_DIFERIDO,FUERA_DE_RESOLUCION_ALIAS,,No existe autoridad FND/ARQ ni relación alias→V3 demostrada en 11.3.
Retry Backoff,MANTENER_DIFERIDO,FUERA_DE_RESOLUCION_ALIAS,,No existe autoridad FND/ARQ ni relación alias→V3 demostrada en 11.3.
Retry Budget,MANTENER_DIFERIDO,FUERA_DE_RESOLUCION_ALIAS,,No existe autoridad FND/ARQ ni relación alias→V3 demostrada en 11.3.
Retry Classification,MANTENER_DIFERIDO,FUERA_DE_RESOLUCION_ALIAS,,No existe autoridad FND/ARQ ni relación alias→V3 demostrada en 11.3.
Retry Everything,MANTENER_DIFERIDO,FUERA_DE_RESOLUCION_ALIAS,,No existe autoridad FND/ARQ ni relación alias→V3 demostrada en 11.3.
Retry Exhausted,MANTENER_DIFERIDO,FUERA_DE_RESOLUCION_ALIAS,,No existe autoridad FND/ARQ ni relación alias→V3 demostrada en 11.3.
Retry Limit,MANTENER_DIFERIDO,FUERA_DE_RESOLUCION_ALIAS,,No existe autoridad FND/ARQ ni relación alias→V3 demostrada en 11.3.
Retry Metrics,MANTENER_DIFERIDO,FUERA_DE_RESOLUCION_ALIAS,,No existe autoridad FND/ARQ ni relación alias→V3 demostrada en 11.3.
Retry Ownership,MANTENER_DIFERIDO,FUERA_DE_RESOLUCION_ALIAS,,No existe autoridad FND/ARQ ni relación alias→V3 demostrada en 11.3.
Retry Policy,MANTENER_DIFERIDO,FUERA_DE_RESOLUCION_ALIAS,,No existe autoridad FND/ARQ ni relación alias→V3 demostrada en 11.3.
Retry Safety,MANTENER_DIFERIDO,FUERA_DE_RESOLUCION_ALIAS,,No existe autoridad FND/ARQ ni relación alias→V3 demostrada en 11.3.
Retry Storm,MANTENER_DIFERIDO,FUERA_DE_RESOLUCION_ALIAS,,No existe autoridad FND/ARQ ni relación alias→V3 demostrada en 11.3.
Retry Test,MANTENER_DIFERIDO,FUERA_DE_RESOLUCION_ALIAS,,No existe autoridad FND/ARQ ni relación alias→V3 demostrada en 11.3.
Retry-After,MANTENER_DIFERIDO,FUERA_DE_RESOLUCION_ALIAS,,No existe autoridad FND/ARQ ni relación alias→V3 demostrada en 11.3.
Revocation,MANTENER_DIFERIDO,FUERA_DE_RESOLUCION_ALIAS,,No existe autoridad FND/ARQ ni relación alias→V3 demostrada en 11.3.
Riesgos,MANTENER_DIFERIDO,FUERA_DE_RESOLUCION_ALIAS,,No existe autoridad FND/ARQ ni relación alias→V3 demostrada en 11.3.
Role,MANTENER_DIFERIDO,FUERA_DE_RESOLUCION_ALIAS,,No existe autoridad FND/ARQ ni relación alias→V3 demostrada en 11.3.
Rollback,MANTENER_DIFERIDO,FUERA_DE_RESOLUCION_ALIAS,,No existe autoridad FND/ARQ ni relación alias→V3 demostrada en 11.3.
Rollback Compatibility,MANTENER_DIFERIDO,FUERA_DE_RESOLUCION_ALIAS,,No existe autoridad FND/ARQ ni relación alias→V3 demostrada en 11.3.
Rollback Test,MANTENER_DIFERIDO,FUERA_DE_RESOLUCION_ALIAS,,No existe autoridad FND/ARQ ni relación alias→V3 demostrada en 11.3.
Rollforward,MANTENER_DIFERIDO,FUERA_DE_RESOLUCION_ALIAS,,No existe autoridad FND/ARQ ni relación alias→V3 demostrada en 11.3.
Rolling Deployment,MANTENER_DIFERIDO,FUERA_DE_RESOLUCION_ALIAS,,No existe autoridad FND/ARQ ni relación alias→V3 demostrada en 11.3.
Root Cause,MANTENER_DIFERIDO,FUERA_DE_RESOLUCION_ALIAS,,No existe autoridad FND/ARQ ni relación alias→V3 demostrada en 11.3.
Round-Trip Test,MANTENER_DIFERIDO,FUERA_DE_RESOLUCION_ALIAS,,No existe autoridad FND/ARQ ni relación alias→V3 demostrada en 11.3.
Row-Level Security,MANTENER_DIFERIDO,FUERA_DE_RESOLUCION_ALIAS,,No existe autoridad FND/ARQ ni relación alias→V3 demostrada en 11.3.
Rule Ordering,MANTENER_DIFERIDO,FUERA_DE_RESOLUCION_ALIAS,,No existe autoridad FND/ARQ ni relación alias→V3 demostrada en 11.3.
Running,MANTENER_DIFERIDO,FUERA_DE_RESOLUCION_ALIAS,,No existe autoridad FND/ARQ ni relación alias→V3 demostrada en 11.3.
Runtime,MANTENER_DIFERIDO,FUERA_DE_RESOLUCION_ALIAS,,No existe autoridad FND/ARQ ni relación alias→V3 demostrada en 11.3.
Runtime Compatibility,MANTENER_DIFERIDO,FUERA_DE_RESOLUCION_ALIAS,,No existe autoridad FND/ARQ ni relación alias→V3 demostrada en 11.3.
Runtime Diagnostics,MANTENER_DIFERIDO,FUERA_DE_RESOLUCION_ALIAS,,No existe autoridad FND/ARQ ni relación alias→V3 demostrada en 11.3.
Runtime Health,MANTENER_DIFERIDO,FUERA_DE_RESOLUCION_ALIAS,,No existe autoridad FND/ARQ ni relación alias→V3 demostrada en 11.3.
Runtime Integration,MANTENER_DIFERIDO,FUERA_DE_RESOLUCION_ALIAS,,No existe autoridad FND/ARQ ni relación alias→V3 demostrada en 11.3.
Runtime Lifecycle,MANTENER_DIFERIDO,FUERA_DE_RESOLUCION_ALIAS,,No existe autoridad FND/ARQ ni relación alias→V3 demostrada en 11.3.
Runtime Readiness,MANTENER_DIFERIDO,FUERA_DE_RESOLUCION_ALIAS,,No existe autoridad FND/ARQ ni relación alias→V3 demostrada en 11.3.
Runtime Shutdown,MANTENER_DIFERIDO,FUERA_DE_RESOLUCION_ALIAS,,No existe autoridad FND/ARQ ni relación alias→V3 demostrada en 11.3.
Runtime State,MANTENER_DIFERIDO,FUERA_DE_RESOLUCION_ALIAS,,No existe autoridad FND/ARQ ni relación alias→V3 demostrada en 11.3.
Runtime Upgrade,MANTENER_DIFERIDO,FUERA_DE_RESOLUCION_ALIAS,,No existe autoridad FND/ARQ ni relación alias→V3 demostrada en 11.3.
Saga,MANTENER_DIFERIDO,FUERA_DE_RESOLUCION_ALIAS,,No existe autoridad FND/ARQ ni relación alias→V3 demostrada en 11.3.
Sampling,MANTENER_DIFERIDO,FUERA_DE_RESOLUCION_ALIAS,,No existe autoridad FND/ARQ ni relación alias→V3 demostrada en 11.3.
Saturation,MANTENER_DIFERIDO,FUERA_DE_RESOLUCION_ALIAS,,No existe autoridad FND/ARQ ni relación alias→V3 demostrada en 11.3.
Savepoint,MANTENER_DIFERIDO,FUERA_DE_RESOLUCION_ALIAS,,No existe autoridad FND/ARQ ni relación alias→V3 demostrada en 11.3.
SBOM,MANTENER_DIFERIDO,FUERA_DE_RESOLUCION_ALIAS,,No existe autoridad FND/ARQ ni relación alias→V3 demostrada en 11.3.
Scalability,MANTENER_DIFERIDO,FUERA_DE_RESOLUCION_ALIAS,,No existe autoridad FND/ARQ ni relación alias→V3 demostrada en 11.3.
Scalability Engineering,MANTENER_DIFERIDO,FUERA_DE_RESOLUCION_ALIAS,,No existe autoridad FND/ARQ ni relación alias→V3 demostrada en 11.3.
Scalability Test,MANTENER_DIFERIDO,FUERA_DE_RESOLUCION_ALIAS,,No existe autoridad FND/ARQ ni relación alias→V3 demostrada en 11.3.
Scaling Efficiency,MANTENER_DIFERIDO,FUERA_DE_RESOLUCION_ALIAS,,No existe autoridad FND/ARQ ni relación alias→V3 demostrada en 11.3.
Scheduling & Background Jobs Engineering,MANTENER_DIFERIDO,FUERA_DE_RESOLUCION_ALIAS,,No existe autoridad FND/ARQ ni relación alias→V3 demostrada en 11.3.
Scheduling Integration,MANTENER_DIFERIDO,FUERA_DE_RESOLUCION_ALIAS,,No existe autoridad FND/ARQ ni relación alias→V3 demostrada en 11.3.
Schema,MANTENER_DIFERIDO,FUERA_DE_RESOLUCION_ALIAS,,No existe autoridad FND/ARQ ni relación alias→V3 demostrada en 11.3.
Schema Compatibility,MANTENER_DIFERIDO,FUERA_DE_RESOLUCION_ALIAS,,No existe autoridad FND/ARQ ni relación alias→V3 demostrada en 11.3.
Schema Diff,MANTENER_DIFERIDO,FUERA_DE_RESOLUCION_ALIAS,,No existe autoridad FND/ARQ ni relación alias→V3 demostrada en 11.3.
Schema Drift,MANTENER_DIFERIDO,FUERA_DE_RESOLUCION_ALIAS,,No existe autoridad FND/ARQ ni relación alias→V3 demostrada en 11.3.
Schema Engineering,MANTENER_DIFERIDO,FUERA_DE_RESOLUCION_ALIAS,,No existe autoridad FND/ARQ ni relación alias→V3 demostrada en 11.3.
Schema Evolution,MANTENER_DIFERIDO,FUERA_DE_RESOLUCION_ALIAS,,No existe autoridad FND/ARQ ni relación alias→V3 demostrada en 11.3.
Schema Integration,MANTENER_DIFERIDO,FUERA_DE_RESOLUCION_ALIAS,,No existe autoridad FND/ARQ ni relación alias→V3 demostrada en 11.3.
schema list,MANTENER_DIFERIDO,FUERA_DE_RESOLUCION_ALIAS,,No existe autoridad FND/ARQ ni relación alias→V3 demostrada en 11.3.
Schema Ownership,MANTENER_DIFERIDO,FUERA_DE_RESOLUCION_ALIAS,,No existe autoridad FND/ARQ ni relación alias→V3 demostrada en 11.3.
Schema Registry,MANTENER_DIFERIDO,FUERA_DE_RESOLUCION_ALIAS,,No existe autoridad FND/ARQ ni relación alias→V3 demostrada en 11.3.
Schema Test,MANTENER_DIFERIDO,FUERA_DE_RESOLUCION_ALIAS,,No existe autoridad FND/ARQ ni relación alias→V3 demostrada en 11.3.
schema validate,MANTENER_DIFERIDO,FUERA_DE_RESOLUCION_ALIAS,,No existe autoridad FND/ARQ ni relación alias→V3 demostrada en 11.3.
Schema Validation,MANTENER_DIFERIDO,FUERA_DE_RESOLUCION_ALIAS,,No existe autoridad FND/ARQ ni relación alias→V3 demostrada en 11.3.
Schema Version,MANTENER_DIFERIDO,FUERA_DE_RESOLUCION_ALIAS,,No existe autoridad FND/ARQ ni relación alias→V3 demostrada en 11.3.
Scope Leakage,MANTENER_DIFERIDO,FUERA_DE_RESOLUCION_ALIAS,,No existe autoridad FND/ARQ ni relación alias→V3 demostrada en 11.3.
Scope ≠ Lifetime,MANTENER_DIFERIDO,FUERA_DE_RESOLUCION_ALIAS,,No existe autoridad FND/ARQ ni relación alias→V3 demostrada en 11.3.
Scope Test,MANTENER_DIFERIDO,FUERA_DE_RESOLUCION_ALIAS,,No existe autoridad FND/ARQ ni relación alias→V3 demostrada en 11.3.
Second Phase,MANTENER_DIFERIDO,FUERA_DE_RESOLUCION_ALIAS,,No existe autoridad FND/ARQ ni relación alias→V3 demostrada en 11.3.
Secrets,MANTENER_DIFERIDO,FUERA_DE_RESOLUCION_ALIAS,,No existe autoridad FND/ARQ ni relación alias→V3 demostrada en 11.3.
Secret Access,MANTENER_DIFERIDO,FUERA_DE_RESOLUCION_ALIAS,,No existe autoridad FND/ARQ ni relación alias→V3 demostrada en 11.3.
Secret Leakage,MANTENER_DIFERIDO,FUERA_DE_RESOLUCION_ALIAS,,No existe autoridad FND/ARQ ni relación alias→V3 demostrada en 11.3.
Secret Lifetime,MANTENER_DIFERIDO,FUERA_DE_RESOLUCION_ALIAS,,No existe autoridad FND/ARQ ni relación alias→V3 demostrada en 11.3.
Secret Logging,MANTENER_DIFERIDO,FUERA_DE_RESOLUCION_ALIAS,,No existe autoridad FND/ARQ ni relación alias→V3 demostrada en 11.3.
Secret Provider,MANTENER_DIFERIDO,FUERA_DE_RESOLUCION_ALIAS,,No existe autoridad FND/ARQ ni relación alias→V3 demostrada en 11.3.
Secret Resolution,MANTENER_DIFERIDO,FUERA_DE_RESOLUCION_ALIAS,,No existe autoridad FND/ARQ ni relación alias→V3 demostrada en 11.3.
Secret Rotation,MANTENER_DIFERIDO,FUERA_DE_RESOLUCION_ALIAS,,No existe autoridad FND/ARQ ni relación alias→V3 demostrada en 11.3.
Secure Defaults,MANTENER_DIFERIDO,FUERA_DE_RESOLUCION_ALIAS,,No existe autoridad FND/ARQ ni relación alias→V3 demostrada en 11.3.
Security,MANTENER_DIFERIDO,FUERA_DE_RESOLUCION_ALIAS,,No existe autoridad FND/ARQ ni relación alias→V3 demostrada en 11.3.
Security Architecture,MANTENER_DIFERIDO,FUERA_DE_RESOLUCION_ALIAS,,No existe autoridad FND/ARQ ni relación alias→V3 demostrada en 11.3.
Security Boundary,MANTENER_DIFERIDO,FUERA_DE_RESOLUCION_ALIAS,,No existe autoridad FND/ARQ ni relación alias→V3 demostrada en 11.3.
security capabilities,MANTENER_DIFERIDO,FUERA_DE_RESOLUCION_ALIAS,,No existe autoridad FND/ARQ ni relación alias→V3 demostrada en 11.3.
Security Context,MANTENER_DIFERIDO,FUERA_DE_RESOLUCION_ALIAS,,No existe autoridad FND/ARQ ni relación alias→V3 demostrada en 11.3.
Security Exception,MANTENER_DIFERIDO,FUERA_DE_RESOLUCION_ALIAS,,No existe autoridad FND/ARQ ni relación alias→V3 demostrada en 11.3.
Security Failure,MANTENER_DIFERIDO,FUERA_DE_RESOLUCION_ALIAS,,No existe autoridad FND/ARQ ni relación alias→V3 demostrada en 11.3.
Security Gate,MANTENER_DIFERIDO,FUERA_DE_RESOLUCION_ALIAS,,No existe autoridad FND/ARQ ni relación alias→V3 demostrada en 11.3.
Security Integration,MANTENER_DIFERIDO,FUERA_DE_RESOLUCION_ALIAS,,No existe autoridad FND/ARQ ni relación alias→V3 demostrada en 11.3.
Security Review,MANTENER_DIFERIDO,FUERA_DE_RESOLUCION_ALIAS,,No existe autoridad FND/ARQ ni relación alias→V3 demostrada en 11.3.
Security Test,MANTENER_DIFERIDO,FUERA_DE_RESOLUCION_ALIAS,,No existe autoridad FND/ARQ ni relación alias→V3 demostrada en 11.3.
Security Validation,MANTENER_DIFERIDO,FUERA_DE_RESOLUCION_ALIAS,,No existe autoridad FND/ARQ ni relación alias→V3 demostrada en 11.3.
Segunda Fase,MANTENER_DIFERIDO,FUERA_DE_RESOLUCION_ALIAS,,No existe autoridad FND/ARQ ni relación alias→V3 demostrada en 11.3.
Self-Approval,MANTENER_DIFERIDO,FUERA_DE_RESOLUCION_ALIAS,,No existe autoridad FND/ARQ ni relación alias→V3 demostrada en 11.3.
Semantic Compatibility,MANTENER_DIFERIDO,FUERA_DE_RESOLUCION_ALIAS,,No existe autoridad FND/ARQ ni relación alias→V3 demostrada en 11.3.
Sender,MANTENER_DIFERIDO,FUERA_DE_RESOLUCION_ALIAS,,No existe autoridad FND/ARQ ni relación alias→V3 demostrada en 11.3.
Sensitive Audit,MANTENER_DIFERIDO,FUERA_DE_RESOLUCION_ALIAS,,No existe autoridad FND/ARQ ni relación alias→V3 demostrada en 11.3.
Sensitive Configuration,MANTENER_DIFERIDO,FUERA_DE_RESOLUCION_ALIAS,,No existe autoridad FND/ARQ ni relación alias→V3 demostrada en 11.3.
Sensitive Context,MANTENER_DIFERIDO,FUERA_DE_RESOLUCION_ALIAS,,No existe autoridad FND/ARQ ni relación alias→V3 demostrada en 11.3.
Sensitive Data,MANTENER_DIFERIDO,FUERA_DE_RESOLUCION_ALIAS,,No existe autoridad FND/ARQ ni relación alias→V3 demostrada en 11.3.
Sensitive Explain,MANTENER_DIFERIDO,FUERA_DE_RESOLUCION_ALIAS,,No existe autoridad FND/ARQ ni relación alias→V3 demostrada en 11.3.
Sensitive Metadata,MANTENER_DIFERIDO,FUERA_DE_RESOLUCION_ALIAS,,No existe autoridad FND/ARQ ni relación alias→V3 demostrada en 11.3.
Separation of Duties,MANTENER_DIFERIDO,FUERA_DE_RESOLUCION_ALIAS,,No existe autoridad FND/ARQ ni relación alias→V3 demostrada en 11.3.
Serialization,MANTENER_DIFERIDO,FUERA_DE_RESOLUCION_ALIAS,,No existe autoridad FND/ARQ ni relación alias→V3 demostrada en 11.3.
Serialization Test,MANTENER_DIFERIDO,FUERA_DE_RESOLUCION_ALIAS,,No existe autoridad FND/ARQ ni relación alias→V3 demostrada en 11.3.
Serializer,MANTENER_DIFERIDO,FUERA_DE_RESOLUCION_ALIAS,,No existe autoridad FND/ARQ ni relación alias→V3 demostrada en 11.3.
Service Container,MANTENER_DIFERIDO,FUERA_DE_RESOLUCION_ALIAS,,No existe autoridad FND/ARQ ni relación alias→V3 demostrada en 11.3.
Service Container Integration,MANTENER_DIFERIDO,FUERA_DE_RESOLUCION_ALIAS,,No existe autoridad FND/ARQ ni relación alias→V3 demostrada en 11.3.
Session Fixation,MANTENER_DIFERIDO,FUERA_DE_RESOLUCION_ALIAS,,No existe autoridad FND/ARQ ni relación alias→V3 demostrada en 11.3.
Severity,MANTENER_DIFERIDO,FUERA_DE_RESOLUCION_ALIAS,,No existe autoridad FND/ARQ ni relación alias→V3 demostrada en 11.3.
Shared Credential,MANTENER_DIFERIDO,FUERA_DE_RESOLUCION_ALIAS,,No existe autoridad FND/ARQ ni relación alias→V3 demostrada en 11.3.
Shared Database,MANTENER_DIFERIDO,FUERA_DE_RESOLUCION_ALIAS,,No existe autoridad FND/ARQ ni relación alias→V3 demostrada en 11.3.
Shared Kernel,MANTENER_DIFERIDO,FUERA_DE_RESOLUCION_ALIAS,,No existe autoridad FND/ARQ ni relación alias→V3 demostrada en 11.3.
Shared State,MANTENER_DIFERIDO,FUERA_DE_RESOLUCION_ALIAS,,No existe autoridad FND/ARQ ni relación alias→V3 demostrada en 11.3.
Shutdown,MANTENER_DIFERIDO,FUERA_DE_RESOLUCION_ALIAS,,No existe autoridad FND/ARQ ni relación alias→V3 demostrada en 11.3.
Shutdown Deadline,MANTENER_DIFERIDO,FUERA_DE_RESOLUCION_ALIAS,,No existe autoridad FND/ARQ ni relación alias→V3 demostrada en 11.3.
Shutdown Ordering,MANTENER_DIFERIDO,FUERA_DE_RESOLUCION_ALIAS,,No existe autoridad FND/ARQ ni relación alias→V3 demostrada en 11.3.
Shutdown Test,MANTENER_DIFERIDO,FUERA_DE_RESOLUCION_ALIAS,,No existe autoridad FND/ARQ ni relación alias→V3 demostrada en 11.3.
Shutdown Timeout,MANTENER_DIFERIDO,FUERA_DE_RESOLUCION_ALIAS,,No existe autoridad FND/ARQ ni relación alias→V3 demostrada en 11.3.
Si,MANTENER_DIFERIDO,FUERA_DE_RESOLUCION_ALIAS,,No existe autoridad FND/ARQ ni relación alias→V3 demostrada en 11.3.
Side Effects,MANTENER_DIFERIDO,FUERA_DE_RESOLUCION_ALIAS,,No existe autoridad FND/ARQ ni relación alias→V3 demostrada en 11.3.
Silent Breaking Change,MANTENER_DIFERIDO,FUERA_DE_RESOLUCION_ALIAS,,No existe autoridad FND/ARQ ni relación alias→V3 demostrada en 11.3.
Silent Corruption,MANTENER_DIFERIDO,FUERA_DE_RESOLUCION_ALIAS,,No existe autoridad FND/ARQ ni relación alias→V3 demostrada en 11.3.
Silent Override,MANTENER_DIFERIDO,FUERA_DE_RESOLUCION_ALIAS,,No existe autoridad FND/ARQ ni relación alias→V3 demostrada en 11.3.
Singleton,MANTENER_DIFERIDO,FUERA_DE_RESOLUCION_ALIAS,,No existe autoridad FND/ARQ ni relación alias→V3 demostrada en 11.3.
SLI,MANTENER_DIFERIDO,FUERA_DE_RESOLUCION_ALIAS,,No existe autoridad FND/ARQ ni relación alias→V3 demostrada en 11.3.
SLO,MANTENER_DIFERIDO,FUERA_DE_RESOLUCION_ALIAS,,No existe autoridad FND/ARQ ni relación alias→V3 demostrada en 11.3.
Snapshot,MANTENER_DIFERIDO,FUERA_DE_RESOLUCION_ALIAS,,No existe autoridad FND/ARQ ni relación alias→V3 demostrada en 11.3.
Snapshot Consistency,MANTENER_DIFERIDO,FUERA_DE_RESOLUCION_ALIAS,,No existe autoridad FND/ARQ ni relación alias→V3 demostrada en 11.3.
Snapshot Identity,MANTENER_DIFERIDO,FUERA_DE_RESOLUCION_ALIAS,,No existe autoridad FND/ARQ ni relación alias→V3 demostrada en 11.3.
Snapshot Immutability,MANTENER_DIFERIDO,FUERA_DE_RESOLUCION_ALIAS,,No existe autoridad FND/ARQ ni relación alias→V3 demostrada en 11.3.
Snapshot Test,MANTENER_DIFERIDO,FUERA_DE_RESOLUCION_ALIAS,,No existe autoridad FND/ARQ ni relación alias→V3 demostrada en 11.3.
Soak Test,MANTENER_DIFERIDO,FUERA_DE_RESOLUCION_ALIAS,,No existe autoridad FND/ARQ ni relación alias→V3 demostrada en 11.3.
Source,MANTENER_DIFERIDO,FUERA_DE_RESOLUCION_ALIAS,,No existe autoridad FND/ARQ ni relación alias→V3 demostrada en 11.3.
Source Adapter,MANTENER_DIFERIDO,FUERA_DE_RESOLUCION_ALIAS,,No existe autoridad FND/ARQ ni relación alias→V3 demostrada en 11.3.
Source Identity,MANTENER_DIFERIDO,FUERA_DE_RESOLUCION_ALIAS,,No existe autoridad FND/ARQ ni relación alias→V3 demostrada en 11.3.
Source of Truth,MANTENER_DIFERIDO,FUERA_DE_RESOLUCION_ALIAS,,No existe autoridad FND/ARQ ni relación alias→V3 demostrada en 11.3.
Specification,MANTENER_DIFERIDO,FUERA_DE_RESOLUCION_ALIAS,,No existe autoridad FND/ARQ ni relación alias→V3 demostrada en 11.3.
Split Brain,MANTENER_DIFERIDO,FUERA_DE_RESOLUCION_ALIAS,,No existe autoridad FND/ARQ ni relación alias→V3 demostrada en 11.3.
SQL Injection,MANTENER_DIFERIDO,FUERA_DE_RESOLUCION_ALIAS,,No existe autoridad FND/ARQ ni relación alias→V3 demostrada en 11.3.
Stable,MANTENER_DIFERIDO,FUERA_DE_RESOLUCION_ALIAS,,No existe autoridad FND/ARQ ni relación alias→V3 demostrada en 11.3.
Stable Identity,MANTENER_DIFERIDO,FUERA_DE_RESOLUCION_ALIAS,,No existe autoridad FND/ARQ ni relación alias→V3 demostrada en 11.3.
Stack Trace,MANTENER_DIFERIDO,FUERA_DE_RESOLUCION_ALIAS,,No existe autoridad FND/ARQ ni relación alias→V3 demostrada en 11.3.
Stage,MANTENER_DIFERIDO,FUERA_DE_RESOLUCION_ALIAS,,No existe autoridad FND/ARQ ni relación alias→V3 demostrada en 11.3.
Startup,MANTENER_DIFERIDO,FUERA_DE_RESOLUCION_ALIAS,,No existe autoridad FND/ARQ ni relación alias→V3 demostrada en 11.3.
Startup Failure,MANTENER_DIFERIDO,FUERA_DE_RESOLUCION_ALIAS,,No existe autoridad FND/ARQ ni relación alias→V3 demostrada en 11.3.
Starvation,MANTENER_DIFERIDO,FUERA_DE_RESOLUCION_ALIAS,,No existe autoridad FND/ARQ ni relación alias→V3 demostrada en 11.3.
State,MANTENER_DIFERIDO,FUERA_DE_RESOLUCION_ALIAS,,No existe autoridad FND/ARQ ni relación alias→V3 demostrada en 11.3.
State Integration,MANTENER_DIFERIDO,FUERA_DE_RESOLUCION_ALIAS,,No existe autoridad FND/ARQ ni relación alias→V3 demostrada en 11.3.
State Machine,MANTENER_DIFERIDO,FUERA_DE_RESOLUCION_ALIAS,,No existe autoridad FND/ARQ ni relación alias→V3 demostrada en 11.3.
State Machine Integration,MANTENER_DIFERIDO,FUERA_DE_RESOLUCION_ALIAS,,No existe autoridad FND/ARQ ni relación alias→V3 demostrada en 11.3.
State Management Engineering,MANTENER_DIFERIDO,FUERA_DE_RESOLUCION_ALIAS,,No existe autoridad FND/ARQ ni relación alias→V3 demostrada en 11.3.
State Migration,MANTENER_DIFERIDO,FUERA_DE_RESOLUCION_ALIAS,,No existe autoridad FND/ARQ ni relación alias→V3 demostrada en 11.3.
State Persistence,MANTENER_DIFERIDO,FUERA_DE_RESOLUCION_ALIAS,,No existe autoridad FND/ARQ ni relación alias→V3 demostrada en 11.3.
State Recovery,MANTENER_DIFERIDO,FUERA_DE_RESOLUCION_ALIAS,,No existe autoridad FND/ARQ ni relación alias→V3 demostrada en 11.3.
State Snapshot,MANTENER_DIFERIDO,FUERA_DE_RESOLUCION_ALIAS,,No existe autoridad FND/ARQ ni relación alias→V3 demostrada en 11.3.
State Transition,MANTENER_DIFERIDO,FUERA_DE_RESOLUCION_ALIAS,,No existe autoridad FND/ARQ ni relación alias→V3 demostrada en 11.3.
State Version,MANTENER_DIFERIDO,FUERA_DE_RESOLUCION_ALIAS,,No existe autoridad FND/ARQ ni relación alias→V3 demostrada en 11.3.
Static Analysis,MANTENER_DIFERIDO,FUERA_DE_RESOLUCION_ALIAS,,No existe autoridad FND/ARQ ni relación alias→V3 demostrada en 11.3.
Static Validation,MANTENER_DIFERIDO,FUERA_DE_RESOLUCION_ALIAS,,No existe autoridad FND/ARQ ni relación alias→V3 demostrada en 11.3.
Step Ordering,MANTENER_DIFERIDO,FUERA_DE_RESOLUCION_ALIAS,,No existe autoridad FND/ARQ ni relación alias→V3 demostrada en 11.3.
Stopped,MANTENER_DIFERIDO,FUERA_DE_RESOLUCION_ALIAS,,No existe autoridad FND/ARQ ni relación alias→V3 demostrada en 11.3.
Stopping,MANTENER_DIFERIDO,FUERA_DE_RESOLUCION_ALIAS,,No existe autoridad FND/ARQ ni relación alias→V3 demostrada en 11.3.
Streaming,MANTENER_DIFERIDO,FUERA_DE_RESOLUCION_ALIAS,,No existe autoridad FND/ARQ ni relación alias→V3 demostrada en 11.3.
Stress Test,MANTENER_DIFERIDO,FUERA_DE_RESOLUCION_ALIAS,,No existe autoridad FND/ARQ ni relación alias→V3 demostrada en 11.3.
Strict Mode,MANTENER_DIFERIDO,FUERA_DE_RESOLUCION_ALIAS,,No existe autoridad FND/ARQ ni relación alias→V3 demostrada en 11.3.
Strong Consistency,MANTENER_DIFERIDO,FUERA_DE_RESOLUCION_ALIAS,,No existe autoridad FND/ARQ ni relación alias→V3 demostrada en 11.3.
Structural Validation,MANTENER_DIFERIDO,FUERA_DE_RESOLUCION_ALIAS,,No existe autoridad FND/ARQ ni relación alias→V3 demostrada en 11.3.
Structured Logging,MANTENER_DIFERIDO,FUERA_DE_RESOLUCION_ALIAS,,No existe autoridad FND/ARQ ni relación alias→V3 demostrada en 11.3.
Su objetivo,MANTENER_DIFERIDO,FUERA_DE_RESOLUCION_ALIAS,,No existe autoridad FND/ARQ ni relación alias→V3 demostrada en 11.3.
Subject,MANTENER_DIFERIDO,FUERA_DE_RESOLUCION_ALIAS,,No existe autoridad FND/ARQ ni relación alias→V3 demostrada en 11.3.
Subscriber,MANTENER_DIFERIDO,FUERA_DE_RESOLUCION_ALIAS,,No existe autoridad FND/ARQ ni relación alias→V3 demostrada en 11.3.
Subscription,MANTENER_DIFERIDO,FUERA_DE_RESOLUCION_ALIAS,,No existe autoridad FND/ARQ ni relación alias→V3 demostrada en 11.3.
Supply Chain Security,MANTENER_DIFERIDO,FUERA_DE_RESOLUCION_ALIAS,,No existe autoridad FND/ARQ ni relación alias→V3 demostrada en 11.3.
Synchronization,MANTENER_DIFERIDO,FUERA_DE_RESOLUCION_ALIAS,,No existe autoridad FND/ARQ ni relación alias→V3 demostrada en 11.3.
Syntax Validation,MANTENER_DIFERIDO,FUERA_DE_RESOLUCION_ALIAS,,No existe autoridad FND/ARQ ni relación alias→V3 demostrada en 11.3.
Tail Latency,MANTENER_DIFERIDO,FUERA_DE_RESOLUCION_ALIAS,,No existe autoridad FND/ARQ ni relación alias→V3 demostrada en 11.3.
Taxonomía de Errores,MANTENER_DIFERIDO,FUERA_DE_RESOLUCION_ALIAS,,No existe autoridad FND/ARQ ni relación alias→V3 demostrada en 11.3.
Technology Independence,MANTENER_DIFERIDO,FUERA_DE_RESOLUCION_ALIAS,,No existe autoridad FND/ARQ ni relación alias→V3 demostrada en 11.3.
Technology Neutrality,MANTENER_DIFERIDO,FUERA_DE_RESOLUCION_ALIAS,,No existe autoridad FND/ARQ ni relación alias→V3 demostrada en 11.3.
Telemetry,MANTENER_DIFERIDO,FUERA_DE_RESOLUCION_ALIAS,,No existe autoridad FND/ARQ ni relación alias→V3 demostrada en 11.3.
Tenant,MANTENER_DIFERIDO,FUERA_DE_RESOLUCION_ALIAS,,No existe autoridad FND/ARQ ni relación alias→V3 demostrada en 11.3.
Tenant Context,MANTENER_DIFERIDO,FUERA_DE_RESOLUCION_ALIAS,,No existe autoridad FND/ARQ ni relación alias→V3 demostrada en 11.3.
Tenant Isolation,MANTENER_DIFERIDO,FUERA_DE_RESOLUCION_ALIAS,,No existe autoridad FND/ARQ ni relación alias→V3 demostrada en 11.3.
Tenant Isolation Test,MANTENER_DIFERIDO,FUERA_DE_RESOLUCION_ALIAS,,No existe autoridad FND/ARQ ni relación alias→V3 demostrada en 11.3.
Tenant Membership,MANTENER_DIFERIDO,FUERA_DE_RESOLUCION_ALIAS,,No existe autoridad FND/ARQ ni relación alias→V3 demostrada en 11.3.
Tenant Override,MANTENER_DIFERIDO,FUERA_DE_RESOLUCION_ALIAS,,No existe autoridad FND/ARQ ni relación alias→V3 demostrada en 11.3.
Tenant Spoofing,MANTENER_DIFERIDO,FUERA_DE_RESOLUCION_ALIAS,,No existe autoridad FND/ARQ ni relación alias→V3 demostrada en 11.3.
Tenant Test,MANTENER_DIFERIDO,FUERA_DE_RESOLUCION_ALIAS,,No existe autoridad FND/ARQ ni relación alias→V3 demostrada en 11.3.
TenantContext,MANTENER_DIFERIDO,FUERA_DE_RESOLUCION_ALIAS,,No existe autoridad FND/ARQ ni relación alias→V3 demostrada en 11.3.
Tercera Fase,MANTENER_DIFERIDO,FUERA_DE_RESOLUCION_ALIAS,,No existe autoridad FND/ARQ ni relación alias→V3 demostrada en 11.3.
Test Data,MANTENER_DIFERIDO,FUERA_DE_RESOLUCION_ALIAS,,No existe autoridad FND/ARQ ni relación alias→V3 demostrada en 11.3.
Test Isolation,MANTENER_DIFERIDO,FUERA_DE_RESOLUCION_ALIAS,,No existe autoridad FND/ARQ ni relación alias→V3 demostrada en 11.3.
Testing,MANTENER_DIFERIDO,FUERA_DE_RESOLUCION_ALIAS,,No existe autoridad FND/ARQ ni relación alias→V3 demostrada en 11.3.
Testing Integration,MANTENER_DIFERIDO,FUERA_DE_RESOLUCION_ALIAS,,No existe autoridad FND/ARQ ni relación alias→V3 demostrada en 11.3.
Third Phase,MANTENER_DIFERIDO,FUERA_DE_RESOLUCION_ALIAS,,No existe autoridad FND/ARQ ni relación alias→V3 demostrada en 11.3.
Thread Safety,MANTENER_DIFERIDO,FUERA_DE_RESOLUCION_ALIAS,,No existe autoridad FND/ARQ ni relación alias→V3 demostrada en 11.3.
Throughput,MANTENER_DIFERIDO,FUERA_DE_RESOLUCION_ALIAS,,No existe autoridad FND/ARQ ni relación alias→V3 demostrada en 11.3.
Time To Live,MANTENER_DIFERIDO,FUERA_DE_RESOLUCION_ALIAS,,No existe autoridad FND/ARQ ni relación alias→V3 demostrada en 11.3.
Timeout,MANTENER_DIFERIDO,FUERA_DE_RESOLUCION_ALIAS,,No existe autoridad FND/ARQ ni relación alias→V3 demostrada en 11.3.
Timeout Budget,MANTENER_DIFERIDO,FUERA_DE_RESOLUCION_ALIAS,,No existe autoridad FND/ARQ ni relación alias→V3 demostrada en 11.3.
Timeout Test,MANTENER_DIFERIDO,FUERA_DE_RESOLUCION_ALIAS,,No existe autoridad FND/ARQ ni relación alias→V3 demostrada en 11.3.
Timezone,MANTENER_DIFERIDO,FUERA_DE_RESOLUCION_ALIAS,,No existe autoridad FND/ARQ ni relación alias→V3 demostrada en 11.3.
Tipo,MANTENER_DIFERIDO,FUERA_DE_RESOLUCION_ALIAS,,No existe autoridad FND/ARQ ni relación alias→V3 demostrada en 11.3.
TOCTOU,MANTENER_DIFERIDO,FUERA_DE_RESOLUCION_ALIAS,,No existe autoridad FND/ARQ ni relación alias→V3 demostrada en 11.3.
Tombstone,MANTENER_DIFERIDO,FUERA_DE_RESOLUCION_ALIAS,,No existe autoridad FND/ARQ ni relación alias→V3 demostrada en 11.3.
Trace,MANTENER_DIFERIDO,FUERA_DE_RESOLUCION_ALIAS,,No existe autoridad FND/ARQ ni relación alias→V3 demostrada en 11.3.
Trace Context,MANTENER_DIFERIDO,FUERA_DE_RESOLUCION_ALIAS,,No existe autoridad FND/ARQ ni relación alias→V3 demostrada en 11.3.
Tracing,MANTENER_DIFERIDO,FUERA_DE_RESOLUCION_ALIAS,,No existe autoridad FND/ARQ ni relación alias→V3 demostrada en 11.3.
Transaction,MANTENER_DIFERIDO,FUERA_DE_RESOLUCION_ALIAS,,No existe autoridad FND/ARQ ni relación alias→V3 demostrada en 11.3.
Transaction Boundary,MANTENER_DIFERIDO,FUERA_DE_RESOLUCION_ALIAS,,No existe autoridad FND/ARQ ni relación alias→V3 demostrada en 11.3.
Transaction Engineering,MANTENER_DIFERIDO,FUERA_DE_RESOLUCION_ALIAS,,No existe autoridad FND/ARQ ni relación alias→V3 demostrada en 11.3.
Transaction Integration,MANTENER_DIFERIDO,FUERA_DE_RESOLUCION_ALIAS,,No existe autoridad FND/ARQ ni relación alias→V3 demostrada en 11.3.
Transaction Scope,MANTENER_DIFERIDO,FUERA_DE_RESOLUCION_ALIAS,,No existe autoridad FND/ARQ ni relación alias→V3 demostrada en 11.3.
Transactional Outbox,MANTENER_DIFERIDO,FUERA_DE_RESOLUCION_ALIAS,,No existe autoridad FND/ARQ ni relación alias→V3 demostrada en 11.3.
Transfer,MANTENER_DIFERIDO,FUERA_DE_RESOLUCION_ALIAS,,No existe autoridad FND/ARQ ni relación alias→V3 demostrada en 11.3.
Transformation,MANTENER_DIFERIDO,FUERA_DE_RESOLUCION_ALIAS,,No existe autoridad FND/ARQ ni relación alias→V3 demostrada en 11.3.
Transformation Integration,MANTENER_DIFERIDO,FUERA_DE_RESOLUCION_ALIAS,,No existe autoridad FND/ARQ ni relación alias→V3 demostrada en 11.3.
Transition Atomicity,MANTENER_DIFERIDO,FUERA_DE_RESOLUCION_ALIAS,,No existe autoridad FND/ARQ ni relación alias→V3 demostrada en 11.3.
Transition Validation,MANTENER_DIFERIDO,FUERA_DE_RESOLUCION_ALIAS,,No existe autoridad FND/ARQ ni relación alias→V3 demostrada en 11.3.
Transitive Dependency,MANTENER_DIFERIDO,FUERA_DE_RESOLUCION_ALIAS,,No existe autoridad FND/ARQ ni relación alias→V3 demostrada en 11.3.
Transport,MANTENER_DIFERIDO,FUERA_DE_RESOLUCION_ALIAS,,No existe autoridad FND/ARQ ni relación alias→V3 demostrada en 11.3.
Trust,MANTENER_DIFERIDO,FUERA_DE_RESOLUCION_ALIAS,,No existe autoridad FND/ARQ ni relación alias→V3 demostrada en 11.3.
Trust Boundary,MANTENER_DIFERIDO,FUERA_DE_RESOLUCION_ALIAS,,No existe autoridad FND/ARQ ni relación alias→V3 demostrada en 11.3.
Trust Gate,MANTENER_DIFERIDO,FUERA_DE_RESOLUCION_ALIAS,,No existe autoridad FND/ARQ ni relación alias→V3 demostrada en 11.3.
Trust Levels,MANTENER_DIFERIDO,FUERA_DE_RESOLUCION_ALIAS,,No existe autoridad FND/ARQ ni relación alias→V3 demostrada en 11.3.
Trust Metadata,MANTENER_DIFERIDO,FUERA_DE_RESOLUCION_ALIAS,,No existe autoridad FND/ARQ ni relación alias→V3 demostrada en 11.3.
TTL,MANTENER_DIFERIDO,FUERA_DE_RESOLUCION_ALIAS,,No existe autoridad FND/ARQ ni relación alias→V3 demostrada en 11.3.
Typed Configuration,MANTENER_DIFERIDO,FUERA_DE_RESOLUCION_ALIAS,,No existe autoridad FND/ARQ ni relación alias→V3 demostrada en 11.3.
Un Command,MANTENER_DIFERIDO,FUERA_DE_RESOLUCION_ALIAS,,No existe autoridad FND/ARQ ni relación alias→V3 demostrada en 11.3.
Un Deadline,MANTENER_DIFERIDO,FUERA_DE_RESOLUCION_ALIAS,,No existe autoridad FND/ARQ ni relación alias→V3 demostrada en 11.3.
Un Domain Event,MANTENER_DIFERIDO,FUERA_DE_RESOLUCION_ALIAS,,No existe autoridad FND/ARQ ni relación alias→V3 demostrada en 11.3.
Un DTO,MANTENER_DIFERIDO,FUERA_DE_RESOLUCION_ALIAS,,No existe autoridad FND/ARQ ni relación alias→V3 demostrada en 11.3.
Un Endpoint,MANTENER_DIFERIDO,FUERA_DE_RESOLUCION_ALIAS,,No existe autoridad FND/ARQ ni relación alias→V3 demostrada en 11.3.
Un Event,MANTENER_DIFERIDO,FUERA_DE_RESOLUCION_ALIAS,,No existe autoridad FND/ARQ ni relación alias→V3 demostrada en 11.3.
Un Extension Point,MANTENER_DIFERIDO,FUERA_DE_RESOLUCION_ALIAS,,No existe autoridad FND/ARQ ni relación alias→V3 demostrada en 11.3.
Un Job,MANTENER_DIFERIDO,FUERA_DE_RESOLUCION_ALIAS,,No existe autoridad FND/ARQ ni relación alias→V3 demostrada en 11.3.
Un Package,MANTENER_DIFERIDO,FUERA_DE_RESOLUCION_ALIAS,,No existe autoridad FND/ARQ ni relación alias→V3 demostrada en 11.3.
Un Plugin,MANTENER_DIFERIDO,FUERA_DE_RESOLUCION_ALIAS,,No existe autoridad FND/ARQ ni relación alias→V3 demostrada en 11.3.
Un Resource,MANTENER_DIFERIDO,FUERA_DE_RESOLUCION_ALIAS,,No existe autoridad FND/ARQ ni relación alias→V3 demostrada en 11.3.
Un Schema,MANTENER_DIFERIDO,FUERA_DE_RESOLUCION_ALIAS,,No existe autoridad FND/ARQ ni relación alias→V3 demostrada en 11.3.
Un Snapshot,MANTENER_DIFERIDO,FUERA_DE_RESOLUCION_ALIAS,,No existe autoridad FND/ARQ ni relación alias→V3 demostrada en 11.3.
Una Action,MANTENER_DIFERIDO,FUERA_DE_RESOLUCION_ALIAS,,No existe autoridad FND/ARQ ni relación alias→V3 demostrada en 11.3.
Una Capability,MANTENER_DIFERIDO,FUERA_DE_RESOLUCION_ALIAS,,No existe autoridad FND/ARQ ni relación alias→V3 demostrada en 11.3.
Una Extension,MANTENER_DIFERIDO,FUERA_DE_RESOLUCION_ALIAS,,No existe autoridad FND/ARQ ni relación alias→V3 demostrada en 11.3.
Una Identity,MANTENER_DIFERIDO,FUERA_DE_RESOLUCION_ALIAS,,No existe autoridad FND/ARQ ni relación alias→V3 demostrada en 11.3.
Una Interface,MANTENER_DIFERIDO,FUERA_DE_RESOLUCION_ALIAS,,No existe autoridad FND/ARQ ni relación alias→V3 demostrada en 11.3.
Una Migration,MANTENER_DIFERIDO,FUERA_DE_RESOLUCION_ALIAS,,No existe autoridad FND/ARQ ni relación alias→V3 demostrada en 11.3.
Una Permission,MANTENER_DIFERIDO,FUERA_DE_RESOLUCION_ALIAS,,No existe autoridad FND/ARQ ni relación alias→V3 demostrada en 11.3.
Una Policy,MANTENER_DIFERIDO,FUERA_DE_RESOLUCION_ALIAS,,No existe autoridad FND/ARQ ni relación alias→V3 demostrada en 11.3.
Una Query,MANTENER_DIFERIDO,FUERA_DE_RESOLUCION_ALIAS,,No existe autoridad FND/ARQ ni relación alias→V3 demostrada en 11.3.
Una Specification,MANTENER_DIFERIDO,FUERA_DE_RESOLUCION_ALIAS,,No existe autoridad FND/ARQ ni relación alias→V3 demostrada en 11.3.
Una Transaction,MANTENER_DIFERIDO,FUERA_DE_RESOLUCION_ALIAS,,No existe autoridad FND/ARQ ni relación alias→V3 demostrada en 11.3.
Unbounded Buffer,MANTENER_DIFERIDO,FUERA_DE_RESOLUCION_ALIAS,,No existe autoridad FND/ARQ ni relación alias→V3 demostrada en 11.3.
Unbounded Pool,MANTENER_DIFERIDO,FUERA_DE_RESOLUCION_ALIAS,,No existe autoridad FND/ARQ ni relación alias→V3 demostrada en 11.3.
Unbounded Queue,MANTENER_DIFERIDO,FUERA_DE_RESOLUCION_ALIAS,,No existe autoridad FND/ARQ ni relación alias→V3 demostrada en 11.3.
UNHEALTHY,MANTENER_DIFERIDO,FUERA_DE_RESOLUCION_ALIAS,,No existe autoridad FND/ARQ ni relación alias→V3 demostrada en 11.3.
Unique Constraint,MANTENER_DIFERIDO,FUERA_DE_RESOLUCION_ALIAS,,No existe autoridad FND/ARQ ni relación alias→V3 demostrada en 11.3.
Units,MANTENER_DIFERIDO,FUERA_DE_RESOLUCION_ALIAS,,No existe autoridad FND/ARQ ni relación alias→V3 demostrada en 11.3.
Unit of Work,MANTENER_DIFERIDO,FUERA_DE_RESOLUCION_ALIAS,,No existe autoridad FND/ARQ ni relación alias→V3 demostrada en 11.3.
Unit Tests,MANTENER_DIFERIDO,FUERA_DE_RESOLUCION_ALIAS,,No existe autoridad FND/ARQ ni relación alias→V3 demostrada en 11.3.
UNKNOWN,MANTENER_DIFERIDO,FUERA_DE_RESOLUCION_ALIAS,,No existe autoridad FND/ARQ ni relación alias→V3 demostrada en 11.3.
UNKNOWN ≠ COMPLIANT,MANTENER_DIFERIDO,FUERA_DE_RESOLUCION_ALIAS,,No existe autoridad FND/ARQ ni relación alias→V3 demostrada en 11.3.
Unknown Fields,MANTENER_DIFERIDO,FUERA_DE_RESOLUCION_ALIAS,,No existe autoridad FND/ARQ ni relación alias→V3 demostrada en 11.3.
Unknown Outcome,MANTENER_DIFERIDO,FUERA_DE_RESOLUCION_ALIAS,,No existe autoridad FND/ARQ ni relación alias→V3 demostrada en 11.3.
Unsafe Deserialization,MANTENER_DIFERIDO,FUERA_DE_RESOLUCION_ALIAS,,No existe autoridad FND/ARQ ni relación alias→V3 demostrada en 11.3.
Upcaster,MANTENER_DIFERIDO,FUERA_DE_RESOLUCION_ALIAS,,No existe autoridad FND/ARQ ni relación alias→V3 demostrada en 11.3.
Upgrade,MANTENER_DIFERIDO,FUERA_DE_RESOLUCION_ALIAS,,No existe autoridad FND/ARQ ni relación alias→V3 demostrada en 11.3.
Upgrade Engineering,MANTENER_DIFERIDO,FUERA_DE_RESOLUCION_ALIAS,,No existe autoridad FND/ARQ ni relación alias→V3 demostrada en 11.3.
Upgrade Integration,MANTENER_DIFERIDO,FUERA_DE_RESOLUCION_ALIAS,,No existe autoridad FND/ARQ ni relación alias→V3 demostrada en 11.3.
Use Case,MANTENER_DIFERIDO,FUERA_DE_RESOLUCION_ALIAS,,No existe autoridad FND/ARQ ni relación alias→V3 demostrada en 11.3.
Vague Requirement,MANTENER_DIFERIDO,FUERA_DE_RESOLUCION_ALIAS,,No existe autoridad FND/ARQ ni relación alias→V3 demostrada en 11.3.
Validate,MANTENER_DIFERIDO,FUERA_DE_RESOLUCION_ALIAS,,No existe autoridad FND/ARQ ni relación alias→V3 demostrada en 11.3.
Validated,MANTENER_DIFERIDO,FUERA_DE_RESOLUCION_ALIAS,,No existe autoridad FND/ARQ ni relación alias→V3 demostrada en 11.3.
Validation,MANTENER_DIFERIDO,FUERA_DE_RESOLUCION_ALIAS,,No existe autoridad FND/ARQ ni relación alias→V3 demostrada en 11.3.
Validation Error,MANTENER_DIFERIDO,FUERA_DE_RESOLUCION_ALIAS,,No existe autoridad FND/ARQ ni relación alias→V3 demostrada en 11.3.
Validation Failure,MANTENER_DIFERIDO,FUERA_DE_RESOLUCION_ALIAS,,No existe autoridad FND/ARQ ni relación alias→V3 demostrada en 11.3.
Validation Integration,MANTENER_DIFERIDO,FUERA_DE_RESOLUCION_ALIAS,,No existe autoridad FND/ARQ ni relación alias→V3 demostrada en 11.3.
Validation Layers,MANTENER_DIFERIDO,FUERA_DE_RESOLUCION_ALIAS,,No existe autoridad FND/ARQ ni relación alias→V3 demostrada en 11.3.
Validator,MANTENER_DIFERIDO,FUERA_DE_RESOLUCION_ALIAS,,No existe autoridad FND/ARQ ni relación alias→V3 demostrada en 11.3.
Value Objects,MANTENER_DIFERIDO,FUERA_DE_RESOLUCION_ALIAS,,No existe autoridad FND/ARQ ni relación alias→V3 demostrada en 11.3.
Vendor Leakage,MANTENER_DIFERIDO,FUERA_DE_RESOLUCION_ALIAS,,No existe autoridad FND/ARQ ni relación alias→V3 demostrada en 11.3.
Vendor Lock-in,MANTENER_DIFERIDO,FUERA_DE_RESOLUCION_ALIAS,,No existe autoridad FND/ARQ ni relación alias→V3 demostrada en 11.3.
Versioning Integration,MANTENER_DIFERIDO,FUERA_DE_RESOLUCION_ALIAS,,No existe autoridad FND/ARQ ni relación alias→V3 demostrada en 11.3.
VIOLATED,MANTENER_DIFERIDO,FUERA_DE_RESOLUCION_ALIAS,,No existe autoridad FND/ARQ ni relación alias→V3 demostrada en 11.3.
Visibility,MANTENER_DIFERIDO,FUERA_DE_RESOLUCION_ALIAS,,No existe autoridad FND/ARQ ni relación alias→V3 demostrada en 11.3.
Warm-Up,MANTENER_DIFERIDO,FUERA_DE_RESOLUCION_ALIAS,,No existe autoridad FND/ARQ ni relación alias→V3 demostrada en 11.3.
WARN,MANTENER_DIFERIDO,FUERA_DE_RESOLUCION_ALIAS,,No existe autoridad FND/ARQ ni relación alias→V3 demostrada en 11.3.
Warning,MANTENER_DIFERIDO,FUERA_DE_RESOLUCION_ALIAS,,No existe autoridad FND/ARQ ni relación alias→V3 demostrada en 11.3.
Why,MANTENER_DIFERIDO,FUERA_DE_RESOLUCION_ALIAS,,No existe autoridad FND/ARQ ni relación alias→V3 demostrada en 11.3.
Wire Model,MANTENER_DIFERIDO,FUERA_DE_RESOLUCION_ALIAS,,No existe autoridad FND/ARQ ni relación alias→V3 demostrada en 11.3.
Worker Pool,MANTENER_DIFERIDO,FUERA_DE_RESOLUCION_ALIAS,,No existe autoridad FND/ARQ ni relación alias→V3 demostrada en 11.3.
Workflow,MANTENER_DIFERIDO,FUERA_DE_RESOLUCION_ALIAS,,No existe autoridad FND/ARQ ni relación alias→V3 demostrada en 11.3.
Workflow Engineering,MANTENER_DIFERIDO,FUERA_DE_RESOLUCION_ALIAS,,No existe autoridad FND/ARQ ni relación alias→V3 demostrada en 11.3.
Workflow State,MANTENER_DIFERIDO,FUERA_DE_RESOLUCION_ALIAS,,No existe autoridad FND/ARQ ni relación alias→V3 demostrada en 11.3.
Write Skew,MANTENER_DIFERIDO,FUERA_DE_RESOLUCION_ALIAS,,No existe autoridad FND/ARQ ni relación alias→V3 demostrada en 11.3.
